{
	"scenario1":{
		"Deaths":[
			1.6687242651880846e4
		],
		"PCR Confirmed":[
			7.284196035345698e5
		],
		"Population Infected":[
			0.1561972113703899
		],
		"Fatality Rate":[
			2.2908832451663818e-2
		],
		"Date Contained":"Not Contained",
		"Date ICU Over Capacity":"Thu 16 Apr 2020 02:41:22"
	},
	"scenario2":{
		"Deaths":[
			1.7182064667629962e4
		],
		"PCR Confirmed":[
			9.040195536424365e5
		],
		"Population Infected":[
			0.19385163800928892
		],
		"Fatality Rate":[
			1.9006297594339337e-2
		],
		"Date Contained":"Not Contained",
		"Date ICU Over Capacity":"Wed 15 Jul 2020 10:01:24"
	},
	"scenario3":{
		"Deaths":[
			2.4149049592975938e4
		],
		"PCR Confirmed":[
			9.767626851309562e5
		],
		"Population Infected":[
			0.20945016697490473
		],
		"Fatality Rate":[
			2.4723558711436888e-2
		],
		"Date Contained":"Not Contained",
		"Date ICU Over Capacity":"Sat 11 Jul 2020 21:44:04"
	},
	"scenario4":{
		"Deaths":[
			2.455799840681709e4
		],
		"PCR Confirmed":[
			9.79831618621877e5
		],
		"Population Infected":[
			0.21010824763450944
		],
		"Fatality Rate":[
			2.5063488399524866e-2
		],
		"Date Contained":"Not Contained",
		"Date ICU Over Capacity":"Sat 4 Apr 2020 13:40:23"
	}
}