{
	"distancingLevel":0.7,
	"id":"scenario8",
	"distancingDays":590,
	"maintain":false,
	"name":"relaxed restrictions",
	"gradual":false,
	"events":{
		"icu":{
			"eventName":"icu",
			"day":2.2571971891612085e2,
			"thresholdCrossed":1.2346103939253706e-4
		}
	},
	"summary":{
		"totalProjectedDeaths":1.739046165987087e4,
		"totalProjectedPCRConfirmed":2.970488299273296e5,
		"totalProjectedInfected":1.7687892805349848e6,
		"totalInfectedFraction":0.17595404322071312,
		"fatalityRate":9.831844782896346e-3,
		"fatalityRateSymptomatic":1.4045492546994783e-2,
		"fatalityRatePCR":5.854411769312572e-2,
		"fractionOfSymptomaticHospitalized":6.0353197446618205e-2,
		"fractionOfSymptomaticHospitalizedOrICU":8.393684692356278e-2,
		"fractionOfPCRHospitalized":0.19967773451746237,
		"fractionOfPCRHospitalizedOrICU":0.27770391868733013,
		"fractionHospitalizedInICU":0.28096897061693377,
		"fractionOfDeathInICU":0.7156604393173419,
		"fractionDeathOfHospitalizedOrICU":0.17024224265423343,
		"fractionOfInfectionsPCRConfirmed":0.16793907176861947,
		"fractionOfDeathsReported":0.7955209879037144,
		"fractionOfHospitalizationsReported":0.793748770486404,
		"dateContained":"",
		"dateICUOverCapacity":"Wed 12 Aug 2020 17:16:23",
		"dateHospitalsOverCapacity":""
	},
	"summaryAug1":{
		"totalProjectedDeaths":4.808856916273804e3,
		"totalProjectedPCRConfirmed":1.0078135435891029e5,
		"totalProjectedInfected":6.761264112195345e5,
		"totalInfectedFraction":6.72591003866809e-2,
		"fatalityRate":7.112363659334105e-3,
		"fatalityRateSymptomatic":1.0160519513334436e-2,
		"fatalityRatePCR":4.771574014721149e-2,
		"fractionOfSymptomaticHospitalized":5.036021500559829e-2,
		"fractionOfSymptomaticHospitalizedOrICU":7.003900102726822e-2,
		"fractionOfPCRHospitalized":0.18606763533583975,
		"fractionOfPCRHospitalizedOrICU":0.25877552947261134,
		"fractionHospitalizedInICU":0.2809689706169338,
		"fractionOfDeathInICU":0.7058704444461232,
		"fractionDeathOfHospitalizedOrICU":0.17024224265423343,
		"fractionOfInfectionsPCRConfirmed":0.14905697024485434,
		"fractionOfDeathsReported":0.7915834197817933,
		"fractionOfHospitalizationsReported":0.7867513779252006,
		"dateContained":"",
		"dateICUOverCapacity":"Wed 12 Aug 2020 17:16:23",
		"dateHospitalsOverCapacity":""
	}
}