{
	"distancingLevel":0.5396039589285715,
	"id":"scenario1",
	"distancingDays":90,
	"maintain":true,
	"name":"Current",
	"gradual":false,
	"events":{
		"herd":{
			"eventName":"herd",
			"day":2.6407273985034226e2,
			"thresholdCrossed":0.6999999999996982
		},
		"icu":{
			"eventName":"icu",
			"day":9.166367500598507e1,
			"thresholdCrossed":1.352630340204521e-4
		},
		"hospital":{
			"eventName":"hospital",
			"day":2.579008121272663e2,
			"thresholdCrossed":8.771942643502765e-4
		}
	},
	"summary":{
		"totalProjectedDeaths":2.7307240604781953e4,
		"totalProjectedPCRConfirmed":6.073258997621681e5,
		"totalProjectedInfected":2.408935883421088e6,
		"totalInfectedFraction":0.6701768333040536,
		"fatalityRate":1.133581046831398e-2,
		"fatalityRateSymptomatic":1.6194014954734257e-2,
		"fatalityRatePCR":4.496307602800343e-2,
		"fractionOfSymptomaticHospitalized":6.382195588818919e-2,
		"fractionOfSymptomaticHospitalizedOrICU":8.907771349081982e-2,
		"fractionOfPCRHospitalized":0.14640386557557192,
		"fractionOfPCRHospitalizedOrICU":0.20433910885677983,
		"fractionHospitalizedInICU":0.28352498748447824,
		"fractionOfDeathInICU":0.7325914328854314,
		"fractionDeathOfHospitalizedOrICU":0.17088124687111958,
		"fractionOfInfectionsPCRConfirmed":0.25211376688850046,
		"fractionOfDeathsReported":0.8268251928604374,
		"fractionOfHospitalizationsReported":0.8261919434111611,
		"dateContained":"",
		"dateICUOverCapacity":"Tue 31 Mar 2020 15:55:41",
		"dateHospitalsOverCapacity":"Sun 13 Sep 2020 21:37:10"
	},
	"summaryAug1":{
		"totalProjectedDeaths":1.114866338281302e4,
		"totalProjectedPCRConfirmed":1.7681477655181498e5,
		"totalProjectedInfected":1.0139210774201407e6,
		"totalInfectedFraction":0.2820774191468527,
		"fatalityRate":1.0995592883008313e-2,
		"fatalityRateSymptomatic":1.570798983286902e-2,
		"fatalityRatePCR":6.305278099619654e-2,
		"fractionOfSymptomaticHospitalized":6.29534539799056e-2,
		"fractionOfSymptomaticHospitalizedOrICU":8.786552619452555e-2,
		"fractionOfPCRHospitalized":0.20845840426408574,
		"fractionOfPCRHospitalizedOrICU":0.2909499991244561,
		"fractionHospitalizedInICU":0.2835249874844783,
		"fractionOfDeathInICU":0.7314230998855897,
		"fractionDeathOfHospitalizedOrICU":0.17088124687111958,
		"fractionOfInfectionsPCRConfirmed":0.1743871199538619,
		"fractionOfDeathsReported":0.8264428390344252,
		"fractionOfHospitalizationsReported":0.8249283161173848,
		"dateContained":"",
		"dateICUOverCapacity":"Tue 31 Mar 2020 15:55:41",
		"dateHospitalsOverCapacity":"Sun 13 Sep 2020 21:37:10"
	}
}