{
	"distancingLevel":0.49714285714285716,
	"id":"scenario1",
	"distancingDays":90,
	"maintain":true,
	"name":"Current",
	"gradual":false,
	"events":{},
	"summary":{
		"totalProjectedDeaths":3.7682171103699366e4,
		"totalProjectedPCRConfirmed":8.530979547673095e5,
		"totalProjectedInfected":2.8978382780112717e6,
		"totalInfectedFraction":0.8061916856943544,
		"fatalityRate":1.3003545225291138e-2,
		"fatalityRateSymptomatic":1.8576493178987342e-2,
		"fatalityRatePCR":4.417097813108406e-2,
		"fractionOfSymptomaticHospitalized":7.858673672272752e-2,
		"fractionOfPCRHospitalized":0.2467120200332485,
		"fractionHospitalizedInICU":0.2843358113810671,
		"fractionDeathOfHospitalized":0.12813152444062811,
		"fractionOfInfectionsPCRConfirmed":0.2943911539993783,
		"dateContained":"Tue 15 Dec 2020 00:00:00",
		"dateICUOverCapacity":"",
		"dateHospitalsOverCapacity":""
	},
	"summaryAug1":{
		"totalProjectedDeaths":1.4913954891821159e4,
		"totalProjectedPCRConfirmed":2.880108989335519e5,
		"totalProjectedInfected":1.2694184443467495e6,
		"totalInfectedFraction":0.3531579395803089,
		"fatalityRate":1.1748651485441406e-2,
		"fatalityRateSymptomatic":1.6783787836344866e-2,
		"fatalityRatePCR":5.178260596055433e-2,
		"fractionOfSymptomaticHospitalized":7.438294775591078e-2,
		"fractionOfPCRHospitalized":0.24841734771610063,
		"fractionHospitalizedInICU":0.28433581138106745,
		"fractionDeathOfHospitalized":0.14918022843431294,
		"fractionOfInfectionsPCRConfirmed":0.22688412967070454,
		"dateContained":"Tue 15 Dec 2020 00:00:00",
		"dateICUOverCapacity":"",
		"dateHospitalsOverCapacity":""
	}
}