{
	"distancingLevel":0.5519047619047619,
	"id":"scenario1",
	"distancingDays":90,
	"maintain":true,
	"name":"Current",
	"gradual":false,
	"events":{
		"herd":{
			"eventName":"herd",
			"day":2.472728052681928e2,
			"thresholdCrossed":0.6999999999999996
		},
		"icu":{
			"eventName":"icu",
			"day":8.959389058422185e1,
			"thresholdCrossed":1.1139308684041883e-4
		},
		"hospital":{
			"eventName":"hospital",
			"day":2.6941801935443937e2,
			"thresholdCrossed":8.771942643502765e-4
		}
	},
	"summary":{
		"totalProjectedDeaths":2.9664406174373926e4,
		"totalProjectedPCRConfirmed":4.029778237698659e5,
		"totalProjectedInfected":2.616875631253637e6,
		"totalInfectedFraction":0.7280266094975785,
		"fatalityRate":1.133581046805917e-2,
		"fatalityRateSymptomatic":1.6194014954370242e-2,
		"fatalityRatePCR":7.361299908978314e-2,
		"fractionOfSymptomaticHospitalized":6.382195588773919e-2,
		"fractionOfSymptomaticHospitalizedOrICU":8.907771349019175e-2,
		"fractionOfPCRHospitalized":0.239727482051737,
		"fractionOfPCRHospitalizedOrICU":0.3345929416436469,
		"fractionHospitalizedInICU":0.28352498748447846,
		"fractionOfDeathInICU":0.7325868802457213,
		"fractionDeathOfHospitalizedOrICU":0.1708812468711196,
		"fractionOfInfectionsPCRConfirmed":0.153991966204682,
		"fractionOfDeathsReported":0.8268707411259159,
		"fractionOfHospitalizationsReported":0.8263189994942194,
		"dateContained":"",
		"dateICUOverCapacity":"Sun 29 Mar 2020 14:15:12",
		"dateHospitalsOverCapacity":"Fri 25 Sep 2020 10:01:56"
	},
	"summaryAug1":{
		"totalProjectedDeaths":1.4095433098917907e4,
		"totalProjectedPCRConfirmed":1.6388854705148377e5,
		"totalProjectedInfected":1.2957746614568443e6,
		"totalInfectedFraction":0.3604903581150989,
		"fatalityRate":1.087799716894476e-2,
		"fatalityRateSymptomatic":1.553999595563537e-2,
		"fatalityRatePCR":8.600621185866016e-2,
		"fractionOfSymptomaticHospitalized":6.266856754269495e-2,
		"fractionOfSymptomaticHospitalizedOrICU":8.746790390172514e-2,
		"fractionOfPCRHospitalized":0.28631794458597365,
		"fractionOfPCRHospitalizedOrICU":0.39962027926238514,
		"fractionHospitalizedInICU":0.2835249874844784,
		"fractionOfDeathInICU":0.7309428827929446,
		"fractionDeathOfHospitalizedOrICU":0.1708812468711196,
		"fractionOfInfectionsPCRConfirmed":0.1264792034652254,
		"fractionOfDeathsReported":0.826629666369205,
		"fractionOfHospitalizationsReported":0.8255053299558381,
		"dateContained":"",
		"dateICUOverCapacity":"Sun 29 Mar 2020 14:15:12",
		"dateHospitalsOverCapacity":"Fri 25 Sep 2020 10:01:56"
	}
}