{
	"distancingLevel":0.5961904761904762,
	"id":"scenario1",
	"distancingDays":90,
	"maintain":true,
	"name":"Current",
	"gradual":false,
	"events":{
		"herd":{
			"eventName":"herd",
			"day":2.9471365746868713e2,
			"thresholdCrossed":0.7000000000000005
		},
		"icu":{
			"eventName":"icu",
			"day":8.619836367455028e1,
			"thresholdCrossed":1.1139308684042532e-4
		},
		"hospital":{
			"eventName":"hospital",
			"day":2.7808122422769185e2,
			"thresholdCrossed":8.771942643502711e-4
		}
	},
	"summary":{
		"totalProjectedDeaths":2.7888205386338723e4,
		"totalProjectedPCRConfirmed":3.921964770288331e5,
		"totalProjectedInfected":2.4601862805420663e6,
		"totalInfectedFraction":0.6844349250550612,
		"fatalityRate":1.133581046561806e-2,
		"fatalityRateSymptomatic":1.6194014950882945e-2,
		"fatalityRatePCR":7.11077406855148e-2,
		"fractionOfSymptomaticHospitalized":6.382195588320018e-2,
		"fractionOfSymptomaticHospitalizedOrICU":8.90777134838566e-2,
		"fractionOfPCRHospitalized":0.2303564740105734,
		"fractionOfPCRHospitalizedOrICU":0.32151361873989026,
		"fractionHospitalizedInICU":0.2835249874844786,
		"fractionOfDeathInICU":0.7327413940017291,
		"fractionDeathOfHospitalizedOrICU":0.17088124687111964,
		"fractionOfInfectionsPCRConfirmed":0.15941739051663123,
		"fractionOfDeathsReported":0.8253419678986555,
		"fractionOfHospitalizationsReported":0.8219927154532349,
		"dateContained":"",
		"dateICUOverCapacity":"Thu 26 Mar 2020 04:45:38",
		"dateHospitalsOverCapacity":"Sun 4 Oct 2020 01:56:57"
	},
	"summaryAug1":{
		"totalProjectedDeaths":6.949791500623178e3,
		"totalProjectedPCRConfirmed":6.296366776712243e4,
		"totalProjectedInfected":6.303749677228727e5,
		"totalInfectedFraction":0.1753731606433181,
		"fatalityRate":1.1024853232558031e-2,
		"fatalityRateSymptomatic":1.5749790332225757e-2,
		"fatalityRatePCR":0.11037780591702016,
		"fractionOfSymptomaticHospitalized":6.296477831503262e-2,
		"fractionOfSymptomaticHospitalizedOrICU":8.788133181918688e-2,
		"fractionOfPCRHospitalized":0.356073676719391,
		"fractionOfPCRHospitalizedOrICU":0.496979895320044,
		"fractionHospitalizedInICU":0.2835249874844784,
		"fractionOfDeathInICU":0.7322917454179736,
		"fractionDeathOfHospitalizedOrICU":0.1708812468711196,
		"fractionOfInfectionsPCRConfirmed":9.988288081071567e-2,
		"fractionOfDeathsReported":0.8200784915559762,
		"fractionOfHospitalizationsReported":0.8069287887915914,
		"dateContained":"",
		"dateICUOverCapacity":"Thu 26 Mar 2020 04:45:38",
		"dateHospitalsOverCapacity":"Sun 4 Oct 2020 01:56:57"
	}
}