{
	"distancingLevel":0.5396039589285715,
	"id":"scenario1",
	"distancingDays":90,
	"maintain":true,
	"name":"Current",
	"gradual":false,
	"events":{
		"herd":{
			"eventName":"herd",
			"day":2.640722693637392e2,
			"thresholdCrossed":0.699999999999974
		},
		"icu":{
			"eventName":"icu",
			"day":9.166367910551577e1,
			"thresholdCrossed":1.3526303402045295e-4
		},
		"hospital":{
			"eventName":"hospital",
			"day":2.5790038947037124e2,
			"thresholdCrossed":8.771942643343931e-4
		}
	},
	"summary":{
		"totalProjectedDeaths":2.730722373088752e4,
		"totalProjectedPCRConfirmed":6.062239700765061e5,
		"totalProjectedInfected":2.408934395047327e6,
		"totalInfectedFraction":0.6701764192317569,
		"fatalityRate":1.1335810467495537e-2,
		"fatalityRateSymptomatic":1.6194014953565056e-2,
		"fatalityRatePCR":4.5044777308032406e-2,
		"fractionOfSymptomaticHospitalized":6.382195588661295e-2,
		"fractionOfSymptomaticHospitalizedOrICU":8.907771348861986e-2,
		"fractionOfPCRHospitalized":0.14666989239227543,
		"fractionOfPCRHospitalizedOrICU":0.20471040836067964,
		"fractionHospitalizedInICU":0.2835249874844784,
		"fractionOfDeathInICU":0.732591432878677,
		"fractionDeathOfHospitalizedOrICU":0.1708812468711196,
		"fractionOfInfectionsPCRConfirmed":0.25165648816459196,
		"fractionOfDeathsReported":0.8268251928633799,
		"fractionOfHospitalizationsReported":0.8261919434679068,
		"dateContained":"",
		"dateICUOverCapacity":"Tue 31 Mar 2020 15:55:41",
		"dateHospitalsOverCapacity":"Sun 13 Sep 2020 21:36:33"
	},
	"summaryAug1":{
		"totalProjectedDeaths":1.1148681445851844e4,
		"totalProjectedPCRConfirmed":1.7571386974491482e5,
		"totalProjectedInfected":1.0139227005130708e6,
		"totalInfectedFraction":0.28207787069863016,
		"fatalityRate":1.0995593096209729e-2,
		"fatalityRateSymptomatic":1.570799013744247e-2,
		"fatalityRatePCR":6.344793078677552e-2,
		"fractionOfSymptomaticHospitalized":6.295345874585952e-2,
		"fractionOfSymptomaticHospitalizedOrICU":8.786553284647278e-2,
		"fractionOfPCRHospitalized":0.20976481961986684,
		"fractionOfPCRHospitalizedOrICU":0.292773391891769,
		"fractionHospitalizedInICU":0.28352498748447874,
		"fractionOfDeathInICU":0.7314230925374334,
		"fractionDeathOfHospitalizedOrICU":0.1708812468711197,
		"fractionOfInfectionsPCRConfirmed":0.17330105111168645,
		"fractionOfDeathsReported":0.8264428404878046,
		"fractionOfHospitalizationsReported":0.8249283212115162,
		"dateContained":"",
		"dateICUOverCapacity":"Tue 31 Mar 2020 15:55:41",
		"dateHospitalsOverCapacity":"Sun 13 Sep 2020 21:36:33"
	}
}