{
	"distancingLevel":0.7604761904761904,
	"id":"scenario1",
	"distancingDays":90,
	"maintain":true,
	"name":"Current",
	"gradual":false,
	"events":{
		"herd":{
			"eventName":"herd",
			"day":1.78564957429789e2,
			"thresholdCrossed":0.7000000000000001
		},
		"icu":{
			"eventName":"icu",
			"day":1.2992214324729716e2,
			"thresholdCrossed":1.662580139325939e-4
		},
		"hospital":{
			"eventName":"hospital",
			"day":1.4945865527089217e2,
			"thresholdCrossed":1.408090843414665e-3
		}
	},
	"summary":{
		"totalProjectedDeaths":3.782849326205301e4,
		"totalProjectedPCRConfirmed":5.93835941301031e5,
		"totalProjectedInfected":3.8881137084414344e6,
		"totalInfectedFraction":0.587824009374889,
		"fatalityRate":9.729266194022064e-3,
		"fatalityRateSymptomatic":1.3898951705745809e-2,
		"fatalityRatePCR":6.370192612318956e-2,
		"fractionOfSymptomaticHospitalized":5.960379225122692e-2,
		"fractionOfSymptomaticHospitalizedOrICU":8.277914363914286e-2,
		"fractionOfPCRHospitalized":0.21381122760525834,
		"fractionOfPCRHospitalizedOrICU":0.2969460440872004,
		"fractionHospitalizedInICU":0.2799660683727739,
		"fractionOfDeathInICU":0.7290022362826984,
		"fractionDeathOfHospitalizedOrICU":0.16999151709319346,
		"fractionOfInfectionsPCRConfirmed":0.15273111483642088,
		"fractionOfDeathsReported":0.7832417474583422,
		"fractionOfHospitalizationsReported":0.7826833524535546,
		"dateContained":"",
		"dateICUOverCapacity":"Fri 8 May 2020 22:07:53",
		"dateHospitalsOverCapacity":"Thu 28 May 2020 11:00:27"
	},
	"summaryAug1":{
		"totalProjectedDeaths":2.9985131823889533e4,
		"totalProjectedPCRConfirmed":4.9802818011577957e5,
		"totalProjectedInfected":3.365131586115775e6,
		"totalInfectedFraction":0.5087570193047635,
		"fatalityRate":8.910537688215654e-3,
		"fatalityRateSymptomatic":1.2729339554593792e-2,
		"fatalityRatePCR":6.020770113233093e-2,
		"fractionOfSymptomaticHospitalized":5.75002235325228e-2,
		"fractionOfSymptomaticHospitalizedOrICU":7.985765810032919e-2,
		"fractionOfPCRHospitalized":0.2128182270430187,
		"fractionOfPCRHospitalizedOrICU":0.29556694163296526,
		"fractionHospitalizedInICU":0.2799660683727742,
		"fractionOfDeathInICU":0.7247668015642161,
		"fractionDeathOfHospitalizedOrICU":0.16999151709319354,
		"fractionOfInfectionsPCRConfirmed":0.1479966436292115,
		"fractionOfDeathsReported":0.7831660987217415,
		"fractionOfHospitalizationsReported":0.7825157978403717,
		"dateContained":"",
		"dateICUOverCapacity":"Fri 8 May 2020 22:07:53",
		"dateHospitalsOverCapacity":"Thu 28 May 2020 11:00:27"
	}
}