{
	"distancingLevel":0.7859785400000001,
	"id":"scenario1",
	"distancingDays":90,
	"maintain":true,
	"name":"Current",
	"events":{
		"herd":{
			"eventName":"herd",
			"day":1.6870484842298626e2,
			"thresholdCrossed":0.7000000000004417
		},
		"icu":{
			"eventName":"icu",
			"day":1.1204862038406907e2,
			"thresholdCrossed":2.375114484751343e-4
		},
		"hospital":{
			"eventName":"hospital",
			"day":1.2303693091414493e2,
			"thresholdCrossed":1.4080908434146657e-3
		}
	},
	"summary":{
		"totalProjectedDeaths":5.047436010800554e4,
		"totalProjectedPCRConfirmed":1.2158955938462268e6,
		"totalProjectedInfected":4.616297190316146e6,
		"totalInfectedFraction":0.6979143426248758,
		"fatalityRate":1.0933949446298283e-2,
		"fatalityRateSymptomatic":1.5619927780426118e-2,
		"fatalityRatePCR":4.1512084066643126e-2,
		"fractionOfSymptomaticHospitalized":7.339390644328773e-2,
		"fractionOfPCRHospitalized":0.23845578106108092,
		"fractionHospitalizedInICU":0.28077070293244855,
		"fractionDeathOfHospitalized":0.12520856869229346,
		"fractionOfInfectionsPCRConfirmed":0.2633919662704724,
		"dateContained":"Tue 23 Feb 2021 00:00:00",
		"dateICUOverCapacity":"Tue 21 Apr 2020 01:10:00",
		"dateHospitalsOverCapacity":"Sat 2 May 2020 00:53:10"
	},
	"summaryAug1":{
		"totalProjectedDeaths":3.4024454719627196e4,
		"totalProjectedPCRConfirmed":7.981177740948886e5,
		"totalProjectedInfected":3.3435349754301403e6,
		"totalInfectedFraction":0.5054919382824219,
		"fatalityRate":1.0176192254501542e-2,
		"fatalityRateSymptomatic":1.4537417506430773e-2,
		"fatalityRatePCR":4.263086955833415e-2,
		"fractionOfSymptomaticHospitalized":7.118428226188753e-2,
		"fractionOfPCRHospitalized":0.23859073003330192,
		"fractionHospitalizedInICU":0.28077070293244893,
		"fractionDeathOfHospitalized":0.12851031698314308,
		"fractionOfInfectionsPCRConfirmed":0.23870477801483503,
		"dateContained":"Tue 23 Feb 2021 00:00:00",
		"dateICUOverCapacity":"Tue 21 Apr 2020 01:10:00",
		"dateHospitalsOverCapacity":"Sat 2 May 2020 00:53:10"
	}
}