{
	"distancingLevel":0.7604761904761904,
	"id":"scenario1",
	"distancingDays":90,
	"maintain":true,
	"name":"Current",
	"gradual":false,
	"events":{},
	"summary":{
		"totalProjectedDeaths":3.856068723989808e4,
		"totalProjectedPCRConfirmed":6.225752321855619e5,
		"totalProjectedInfected":3.9632495632456425e6,
		"totalInfectedFraction":0.5991834146625814,
		"fatalityRate":9.729563234549226e-3,
		"fatalityRateSymptomatic":1.3899376049356038e-2,
		"fatalityRatePCR":6.1937393661694616e-2,
		"fractionOfSymptomaticHospitalized":5.960474821253092e-2,
		"fractionOfSymptomaticHospitalizedOrICU":8.278047130060723e-2,
		"fractionOfPCRHospitalized":0.20753871118312286,
		"fractionOfPCRHospitalizedOrICU":0.28823462626837615,
		"fractionHospitalizedInICU":0.27996606837277443,
		"fractionOfDeathInICU":0.7290556623062125,
		"fractionDeathOfHospitalizedOrICU":0.1699915170931936,
		"fractionOfInfectionsPCRConfirmed":0.15708706258601426,
		"fractionOfDeathsReported":0.7827384605739326,
		"fractionOfHospitalizationsReported":0.7813770232915295,
		"dateContained":"",
		"dateICUOverCapacity":"",
		"dateHospitalsOverCapacity":""
	},
	"summaryAug1":{
		"totalProjectedDeaths":1.445197996240349e4,
		"totalProjectedPCRConfirmed":2.4678994893622978e5,
		"totalProjectedInfected":1.7924614134277746e6,
		"totalInfectedFraction":0.2709930659700936,
		"fatalityRate":8.06264494964305e-3,
		"fatalityRateSymptomatic":1.1518064213775787e-2,
		"fatalityRatePCR":5.8559840158392606e-2,
		"fractionOfSymptomaticHospitalized":5.422196418643186e-2,
		"fractionOfSymptomaticHospitalizedOrICU":7.530473468645298e-2,
		"fractionOfPCRHospitalized":0.21455579919080622,
		"fractionOfPCRHospitalizedOrICU":0.29798012255606526,
		"fractionHospitalizedInICU":0.27996606837277416,
		"fractionOfDeathInICU":0.7222184521348318,
		"fractionDeathOfHospitalizedOrICU":0.16999151709319354,
		"fractionOfInfectionsPCRConfirmed":0.13768215432001205,
		"fractionOfDeathsReported":0.7814164307381198,
		"fractionOfHospitalizationsReported":0.778295688253162,
		"dateContained":"",
		"dateICUOverCapacity":"",
		"dateHospitalsOverCapacity":""
	}
}