{
	"distancingLevel":0.7057142857142856,
	"id":"scenario7",
	"distancingDays":60,
	"maintain":true,
	"name":"Open Gradual May 10",
	"gradual":true,
	"events":{
		"herd":{
			"eventName":"herd",
			"day":2.0012839438953495e2,
			"thresholdCrossed":0.7000000000000003
		},
		"icu":{
			"eventName":"icu",
			"day":1.6514517137113452e2,
			"thresholdCrossed":1.4878842840725933e-4
		},
		"hospital":{
			"eventName":"hospital",
			"day":1.8146071284315596e2,
			"thresholdCrossed":1.3340159359733065e-3
		}
	},
	"summary":{
		"totalProjectedDeaths":4.598177580166873e4,
		"totalProjectedPCRConfirmed":7.384885491664783e5,
		"totalProjectedInfected":4.275431595709635e6,
		"totalInfectedFraction":0.7418481024937349,
		"fatalityRate":1.0754885155410067e-2,
		"fatalityRateSymptomatic":1.536412165058581e-2,
		"fatalityRatePCR":6.226471060867188e-2,
		"fractionOfSymptomaticHospitalized":6.226819487548862e-2,
		"fractionOfSymptomaticHospitalizedOrICU":8.692805695331682e-2,
		"fractionOfPCRHospitalized":0.20402501331724854,
		"fractionOfPCRHospitalizedOrICU":0.2848243475341926,
		"fractionHospitalizedInICU":0.2836812755526256,
		"fractionOfDeathInICU":0.7354147994462654,
		"fractionDeathOfHospitalizedOrICU":0.17092031888815643,
		"fractionOfInfectionsPCRConfirmed":0.17272842112771639,
		"fractionOfDeathsReported":0.8086287234401428,
		"fractionOfHospitalizationsReported":0.8085053577241235,
		"dateContained":"",
		"dateICUOverCapacity":"Sat 13 Jun 2020 03:29:02",
		"dateHospitalsOverCapacity":"Mon 29 Jun 2020 11:03:25"
	},
	"summaryAug1":{
		"totalProjectedDeaths":2.4904446494304284e4,
		"totalProjectedPCRConfirmed":6.085064966467404e5,
		"totalProjectedInfected":3.893288082047882e6,
		"totalInfectedFraction":0.6755407755855596,
		"fatalityRate":6.3967643722897755e-3,
		"fatalityRateSymptomatic":9.138234817556823e-3,
		"fatalityRatePCR":4.092716615441857e-2,
		"fractionOfSymptomaticHospitalized":4.9330477867175704e-2,
		"fractionOfSymptomaticHospitalizedOrICU":6.886665974735363e-2,
		"fractionOfPCRHospitalized":0.1786114641315449,
		"fractionOfPCRHospitalizedOrICU":0.24934635663662164,
		"fractionHospitalizedInICU":0.28368127555262557,
		"fractionOfDeathInICU":0.714013778890965,
		"fractionDeathOfHospitalizedOrICU":0.1709203188881564,
		"fractionOfInfectionsPCRConfirmed":0.15629629347301316,
		"fractionOfDeathsReported":0.8085770545705047,
		"fractionOfHospitalizationsReported":0.8084341429049283,
		"dateContained":"",
		"dateICUOverCapacity":"Sat 13 Jun 2020 03:29:02",
		"dateHospitalsOverCapacity":"Mon 29 Jun 2020 11:03:25"
	}
}