{
	"distancingLevel":0.588095238095238,
	"id":"scenario7",
	"distancingDays":60,
	"maintain":true,
	"postDistancingLevel":1,
	"name":"Open Gradual May 1",
	"gradual":true,
	"events":{},
	"summary":{
		"totalProjectedDeaths":5.7250371150798244e4,
		"totalProjectedPCRConfirmed":1.4863747398971282e6,
		"totalProjectedInfected":4.670858448566875e6,
		"totalInfectedFraction":0.8104602774052886,
		"fatalityRate":1.2256927025558643e-2,
		"fatalityRateSymptomatic":1.750989575079806e-2,
		"fatalityRatePCR":3.851678154511731e-2,
		"fractionOfSymptomaticHospitalized":7.667352354070128e-2,
		"fractionOfPCRHospitalized":0.23972655033187587,
		"fractionHospitalizedInICU":0.2844923689290485,
		"fractionDeathOfHospitalized":0.11496036246995442,
		"fractionOfInfectionsPCRConfirmed":0.3182230325034109,
		"dateContained":"Mon 28 Sep 2020 00:00:00",
		"dateICUOverCapacity":"",
		"dateHospitalsOverCapacity":""
	},
	"summaryAug1":{
		"totalProjectedDeaths":4.973514935879407e4,
		"totalProjectedPCRConfirmed":1.456997737977847e6,
		"totalProjectedInfected":4.637253418413838e6,
		"totalInfectedFraction":0.804629327407564,
		"fatalityRate":1.0725130777046439e-2,
		"fatalityRateSymptomatic":1.5321615395780629e-2,
		"fatalityRatePCR":3.41353648412804e-2,
		"fractionOfSymptomaticHospitalized":7.46250320848826e-2,
		"fractionOfPCRHospitalized":0.23611546029483504,
		"fractionHospitalizedInICU":0.2844923689290486,
		"fractionDeathOfHospitalized":0.10344140109601054,
		"fractionOfInfectionsPCRConfirmed":0.3141941158946214,
		"dateContained":"Mon 28 Sep 2020 00:00:00",
		"dateICUOverCapacity":"",
		"dateHospitalsOverCapacity":""
	}
}