{
	"distancingLevel":0.6342857142857142,
	"id":"scenario7",
	"distancingDays":60,
	"maintain":true,
	"postDistancingLevel":1,
	"name":"Open Gradual May 1",
	"gradual":true,
	"events":{
		"herd":{
			"eventName":"herd",
			"day":1.9685242406567494e2,
			"thresholdCrossed":0.7000000000001129
		},
		"icu":{
			"eventName":"icu",
			"day":1.634040503107706e2,
			"thresholdCrossed":1.4878842840725928e-4
		},
		"hospital":{
			"eventName":"hospital",
			"day":1.776513242281737e2,
			"thresholdCrossed":1.3340159359646173e-3
		}
	},
	"summary":{
		"totalProjectedDeaths":4.174234730289975e4,
		"totalProjectedPCRConfirmed":6.690210543138374e5,
		"totalProjectedInfected":3.8812452852605353e6,
		"totalInfectedFraction":0.6734511793084549,
		"fatalityRate":1.075488515539613e-2,
		"fatalityRateSymptomatic":1.5364121650565901e-2,
		"fatalityRatePCR":6.2393174375822306e-2,
		"fractionOfSymptomaticHospitalized":6.2268194875469716e-2,
		"fractionOfSymptomaticHospitalizedOrICU":8.692805695329045e-2,
		"fractionOfPCRHospitalized":0.20445230017487154,
		"fractionOfPCRHospitalizedOrICU":0.28542085135719764,
		"fractionHospitalizedInICU":0.2836812755526258,
		"fractionOfDeathInICU":0.735413886172146,
		"fractionDeathOfHospitalizedOrICU":0.17092031888815645,
		"fractionOfInfectionsPCRConfirmed":0.17237278376981738,
		"fractionOfDeathsReported":0.8086384281601754,
		"fractionOfHospitalizationsReported":0.8085304498380067,
		"dateContained":"",
		"dateICUOverCapacity":"Thu 11 Jun 2020 09:41:49",
		"dateHospitalsOverCapacity":"Thu 25 Jun 2020 15:37:54"
	},
	"summaryAug1":{
		"totalProjectedDeaths":2.6714101704114302e4,
		"totalProjectedPCRConfirmed":5.867982602718726e5,
		"totalProjectedInfected":3.644116472493755e6,
		"totalInfectedFraction":0.6323059625368531,
		"fatalityRate":7.3307485931790786e-3,
		"fatalityRateSymptomatic":1.0472497990255828e-2,
		"fatalityRatePCR":4.552518900062391e-2,
		"fractionOfSymptomaticHospitalized":5.2982317102938124e-2,
		"fractionOfSymptomaticHospitalizedOrICU":7.396472449301521e-2,
		"fractionOfPCRHospitalized":0.18621182454696097,
		"fractionOfPCRHospitalizedOrICU":0.25995666201608736,
		"fractionHospitalizedInICU":0.2836812755526255,
		"fractionOfDeathInICU":0.718608724325881,
		"fractionDeathOfHospitalizedOrICU":0.1709203188881564,
		"fractionOfInfectionsPCRConfirmed":0.16102620887699365,
		"fractionOfDeathsReported":0.8086095430711213,
		"fractionOfHospitalizationsReported":0.8084903415338123,
		"dateContained":"",
		"dateICUOverCapacity":"Thu 11 Jun 2020 09:41:49",
		"dateHospitalsOverCapacity":"Thu 25 Jun 2020 15:37:54"
	}
}