{
	"distancingLevel":1,
	"id":"scenario4",
	"distancingDays":90,
	"maintain":false,
	"name":"Normal",
	"gradual":false,
	"events":{},
	"summary":{
		"totalProjectedDeaths":3.995451408034999e4,
		"totalProjectedPCRConfirmed":1.0267286474536429e6,
		"totalProjectedInfected":3.8720317792554046e6,
		"totalInfectedFraction":0.7122262939309887,
		"fatalityRate":1.0318746425173525e-2,
		"fatalityRateSymptomatic":1.4741066321676466e-2,
		"fatalityRatePCR":3.891438519752995e-2,
		"fractionOfSymptomaticHospitalized":7.033721096266163e-2,
		"fractionOfSymptomaticHospitalizedOrICU":9.630584689897931e-2,
		"fractionOfPCRHospitalized":0.1443310959946009,
		"fractionOfPCRHospitalizedOrICU":0.19761841908967168,
		"fractionHospitalizedInICU":0.2696475527966403,
		"fractionOfDeathInICU":0.6723382441150851,
		"fractionDeathOfHospitalizedOrICU":0.16741188819916009,
		"fractionOfInfectionsPCRConfirmed":0.2651653462542303,
		"fractionOfDeathsReported":0.7775683802343042,
		"fractionOfHospitalizationsReported":0.777308635700613,
		"dateContained":"",
		"dateICUOverCapacity":"",
		"dateHospitalsOverCapacity":""
	},
	"summaryAug1":{
		"totalProjectedDeaths":3.8786763291837524e4,
		"totalProjectedPCRConfirmed":1.0226964238482908e6,
		"totalProjectedInfected":3.8661683326645666e6,
		"totalInfectedFraction":0.7111477643441634,
		"fatalityRate":1.0032352436425253e-2,
		"fatalityRateSymptomatic":1.4331932052036075e-2,
		"fatalityRatePCR":3.792597919320703e-2,
		"fractionOfSymptomaticHospitalized":6.98103111388843e-2,
		"fractionOfSymptomaticHospitalizedOrICU":9.558441462912805e-2,
		"fractionOfPCRHospitalized":0.14359629487853576,
		"fractionOfPCRHospitalizedOrICU":0.19661232796356018,
		"fractionHospitalizedInICU":0.2696475527966401,
		"fractionOfDeathInICU":0.6695130130051287,
		"fractionDeathOfHospitalizedOrICU":0.16741188819916003,
		"fractionOfInfectionsPCRConfirmed":0.26452454623036226,
		"fractionOfDeathsReported":0.7775649550293086,
		"fractionOfHospitalizationsReported":0.7773052458343074,
		"dateContained":"",
		"dateICUOverCapacity":"",
		"dateHospitalsOverCapacity":""
	}
}