{
	"distancingLevel":1,
	"id":"scenario4",
	"distancingDays":90,
	"maintain":false,
	"name":"Normal",
	"events":{
		"herd":{
			"eventName":"herd",
			"day":1.447515975913593e2,
			"thresholdCrossed":0.6999999999999901
		},
		"icu":{
			"eventName":"icu",
			"day":1.199801509661774e2,
			"thresholdCrossed":1.7695146471482953e-4
		},
		"hospital":{
			"eventName":"hospital",
			"day":1.2535455187901859e2,
			"thresholdCrossed":1.047220776962352e-3
		}
	},
	"summary":{
		"totalProjectedDeaths":3.9591887782786755e4,
		"totalProjectedPCRConfirmed":1.085181134092339e6,
		"totalProjectedInfected":4.341461124084798e6,
		"totalInfectedFraction":0.7985737057269178,
		"fatalityRate":9.119484581618344e-3,
		"fatalityRateSymptomatic":1.3027835116597636e-2,
		"fatalityRatePCR":3.6484128353283594e-2,
		"fractionOfSymptomaticHospitalized":7.033721096276217e-2,
		"fractionOfPCRHospitalized":0.23604251734631623,
		"fractionHospitalizedInICU":0.26964755279664004,
		"fractionDeathOfHospitalized":0.1128875963808137,
		"fractionOfInfectionsPCRConfirmed":0.2499575841119851,
		"dateContained":"Sun 23 Aug 2020 00:00:00",
		"dateICUOverCapacity":"Tue 28 Apr 2020 23:31:25",
		"dateHospitalsOverCapacity":"Mon 4 May 2020 08:30:33"
	},
	"summaryAug1":{
		"totalProjectedDeaths":3.915569767305946e4,
		"totalProjectedPCRConfirmed":1.0842574940293145e6,
		"totalProjectedInfected":4.340390127555624e6,
		"totalInfectedFraction":0.7983767053063963,
		"fatalityRate":9.021239225587944e-3,
		"fatalityRateSymptomatic":1.288748460798278e-2,
		"fatalityRatePCR":3.611291403442292e-2,
		"fractionOfSymptomaticHospitalized":7.026096368803952e-2,
		"fractionOfPCRHospitalized":0.23587646311370458,
		"fractionHospitalizedInICU":0.2696475527966401,
		"fractionDeathOfHospitalized":0.11181766418114877,
		"fractionOfInfectionsPCRConfirmed":0.24980646028700085,
		"dateContained":"Sun 23 Aug 2020 00:00:00",
		"dateICUOverCapacity":"Tue 28 Apr 2020 23:31:25",
		"dateHospitalsOverCapacity":"Mon 4 May 2020 08:30:33"
	}
}