{
	"distancingLevel":1,
	"id":"scenario4",
	"distancingDays":90,
	"maintain":false,
	"name":"Normal",
	"gradual":false,
	"events":{
		"herd":{
			"eventName":"herd",
			"day":1.654613952813844e2,
			"thresholdCrossed":0.7000000000000006
		},
		"icu":{
			"eventName":"icu",
			"day":1.3675786991433424e2,
			"thresholdCrossed":1.2386602530038064e-4
		},
		"hospital":{
			"eventName":"hospital",
			"day":1.512141708731996e2,
			"thresholdCrossed":1.0472207769623538e-3
		}
	},
	"summary":{
		"totalProjectedDeaths":3.721578923823491e4,
		"totalProjectedPCRConfirmed":6.944920971987578e5,
		"totalProjectedInfected":4.450247276347531e6,
		"totalInfectedFraction":0.8185839645456092,
		"fatalityRate":8.362634012728203e-3,
		"fatalityRateSymptomatic":1.1946620018183148e-2,
		"fatalityRatePCR":5.358705936085557e-2,
		"fractionOfSymptomaticHospitalized":5.712234102430775e-2,
		"fractionOfSymptomaticHospitalizedOrICU":7.812808209282728e-2,
		"fractionOfPCRHospitalized":0.19919847064239193,
		"fractionOfPCRHospitalizedOrICU":0.27245022154277243,
		"fractionHospitalizedInICU":0.2688628788245655,
		"fractionOfDeathInICU":0.6710474579302789,
		"fractionDeathOfHospitalizedOrICU":0.16721571970614138,
		"fractionOfInfectionsPCRConfirmed":0.15605696809026554,
		"fractionOfDeathsReported":0.7776082442123305,
		"fractionOfHospitalizationsReported":0.7774368591851715,
		"dateContained":"",
		"dateICUOverCapacity":"Fri 15 May 2020 18:11:19",
		"dateHospitalsOverCapacity":"Sat 30 May 2020 05:08:24"
	},
	"summaryAug1":{
		"totalProjectedDeaths":3.554369793883502e4,
		"totalProjectedPCRConfirmed":6.904631440692059e5,
		"totalProjectedInfected":4.443130018284966e6,
		"totalInfectedFraction":0.8172748073325903,
		"fatalityRate":7.999697913984246e-3,
		"fatalityRateSymptomatic":1.142813987712035e-2,
		"fatalityRatePCR":5.147805244080116e-2,
		"fractionOfSymptomaticHospitalized":5.644138546852511e-2,
		"fractionOfSymptomaticHospitalizedOrICU":7.719671705053825e-2,
		"fractionOfPCRHospitalized":0.19765485131966865,
		"fractionOfPCRHospitalizedOrICU":0.2703389632329199,
		"fractionHospitalizedInICU":0.26886287882456555,
		"fractionOfDeathInICU":0.667905022881741,
		"fractionDeathOfHospitalizedOrICU":0.16721571970614138,
		"fractionOfInfectionsPCRConfirmed":0.15540016637544235,
		"fractionOfDeathsReported":0.7776047675287349,
		"fractionOfHospitalizationsReported":0.7774335021574492,
		"dateContained":"",
		"dateICUOverCapacity":"Fri 15 May 2020 18:11:19",
		"dateHospitalsOverCapacity":"Sat 30 May 2020 05:08:24"
	}
}