{
	"distancingLevel":1,
	"id":"scenario4",
	"distancingDays":90,
	"maintain":false,
	"name":"Normal",
	"gradual":false,
	"events":{
		"herd":{
			"eventName":"herd",
			"day":1.6417759161482743e2,
			"thresholdCrossed":0.7000000000000012
		},
		"icu":{
			"eventName":"icu",
			"day":1.0140109144073655e2,
			"thresholdCrossed":2.2254930404692994e-4
		},
		"hospital":{
			"eventName":"hospital",
			"day":1.530860665489312e2,
			"thresholdCrossed":1.882242897885633e-3
		}
	},
	"summary":{
		"totalProjectedDeaths":2.9631704703518437e4,
		"totalProjectedPCRConfirmed":4.761134624863495e5,
		"totalProjectedInfected":3.2437745359927937e6,
		"totalInfectedFraction":0.6955723519490769,
		"fatalityRate":9.134945840016381e-3,
		"fatalityRateSymptomatic":1.304992262859483e-2,
		"fatalityRatePCR":6.223664533402686e-2,
		"fractionOfSymptomaticHospitalized":5.829753457999382e-2,
		"fractionOfSymptomaticHospitalizedOrICU":8.068762635921574e-2,
		"fractionOfPCRHospitalized":0.2148946797453406,
		"fractionOfPCRHospitalizedOrICU":0.29742838613668887,
		"fractionHospitalizedInICU":0.27749102048860336,
		"fractionOfDeathInICU":0.7149090468568521,
		"fractionDeathOfHospitalizedOrICU":0.16937275512215086,
		"fractionOfInfectionsPCRConfirmed":0.1467776065208643,
		"fractionOfDeathsReported":0.7736357018582936,
		"fractionOfHospitalizationsReported":0.7729247894157343,
		"dateContained":"",
		"dateICUOverCapacity":"Fri 10 Apr 2020 09:37:34",
		"dateHospitalsOverCapacity":"Mon 1 Jun 2020 02:03:56"
	},
	"summaryAug1":{
		"totalProjectedDeaths":2.8134257200009066e4,
		"totalProjectedPCRConfirmed":4.708308905145501e5,
		"totalProjectedInfected":3.2298747235220615e6,
		"totalInfectedFraction":0.692591773260688,
		"fatalityRate":8.710634191201596e-3,
		"fatalityRateSymptomatic":1.2443763130287996e-2,
		"fatalityRatePCR":5.975448460754643e-2,
		"fractionOfSymptomaticHospitalized":5.740662587500892e-2,
		"fractionOfSymptomaticHospitalizedOrICU":7.945455005117126e-2,
		"fractionOfPCRHospitalized":0.21306225973971635,
		"fractionOfPCRHospitalizedOrICU":0.29489219619637347,
		"fractionHospitalizedInICU":0.2774910204886035,
		"fractionOfDeathInICU":0.7119824344237584,
		"fractionDeathOfHospitalizedOrICU":0.1693727551221509,
		"fractionOfInfectionsPCRConfirmed":0.14577373143473693,
		"fractionOfDeathsReported":0.7736187791414327,
		"fractionOfHospitalizationsReported":0.7729043258575333,
		"dateContained":"",
		"dateICUOverCapacity":"Fri 10 Apr 2020 09:37:34",
		"dateHospitalsOverCapacity":"Mon 1 Jun 2020 02:03:56"
	}
}