{
	"distancingLevel":1,
	"id":"scenario4",
	"distancingDays":90,
	"maintain":false,
	"name":"Normal",
	"events":{
		"herd":{
			"eventName":"herd",
			"day":1.3510947708918974e2,
			"thresholdCrossed":0.7000000000000148
		},
		"icu":{
			"eventName":"icu",
			"day":9.790871490161013e1,
			"thresholdCrossed":2.61822710643447e-4
		},
		"hospital":{
			"eventName":"hospital",
			"day":1.1836476638823135e2,
			"thresholdCrossed":1.8822428978856338e-3
		}
	},
	"summary":{
		"totalProjectedDeaths":4.0444179855094524e4,
		"totalProjectedPCRConfirmed":8.153375053783037e5,
		"totalProjectedInfected":3.9829156670057843e6,
		"totalInfectedFraction":0.854068612776173,
		"fatalityRate":1.0154415316932642e-2,
		"fatalityRateSymptomatic":1.4506307595618061e-2,
		"fatalityRatePCR":4.9604218606783046e-2,
		"fractionOfSymptomaticHospitalized":7.178427765446484e-2,
		"fractionOfPCRHospitalized":0.24736677308941113,
		"fractionHospitalizedInICU":0.2782912909627947,
		"fractionDeathOfHospitalized":0.14472354603809637,
		"fractionOfInfectionsPCRConfirmed":0.20470870426218332,
		"dateContained":"Mon 10 Aug 2020 00:00:00",
		"dateICUOverCapacity":"Mon 6 Apr 2020 21:48:32",
		"dateHospitalsOverCapacity":"Mon 27 Apr 2020 08:45:15"
	},
	"summaryAug1":{
		"totalProjectedDeaths":4.02661671240916e4,
		"totalProjectedPCRConfirmed":8.151401189786943e5,
		"totalProjectedInfected":3.9827296799585037e6,
		"totalInfectedFraction":0.8540287310129759,
		"fatalityRate":1.0110193349730713e-2,
		"fatalityRateSymptomatic":1.4443133356758163e-2,
		"fatalityRatePCR":4.939784729837846e-2,
		"fractionOfSymptomaticHospitalized":7.17638227252894e-2,
		"fractionOfPCRHospitalized":0.24731325158636303,
		"fractionHospitalizedInICU":0.2782912909627946,
		"fractionDeathOfHospitalized":0.14415263385302374,
		"fractionOfInfectionsPCRConfirmed":0.20466870324656009,
		"dateContained":"Mon 10 Aug 2020 00:00:00",
		"dateICUOverCapacity":"Mon 6 Apr 2020 21:48:32",
		"dateHospitalsOverCapacity":"Mon 27 Apr 2020 08:45:15"
	}
}