{
	"distancingLevel":1,
	"id":"scenario4",
	"distancingDays":90,
	"maintain":false,
	"name":"Normal",
	"gradual":false,
	"events":{
		"herd":{
			"eventName":"herd",
			"day":1.8353376147472048e2,
			"thresholdCrossed":0.7000000000000004
		},
		"icu":{
			"eventName":"icu",
			"day":9.50697970792904e1,
			"thresholdCrossed":1.832758974505472e-4
		},
		"hospital":{
			"eventName":"hospital",
			"day":1.725804628612142e2,
			"thresholdCrossed":1.8822428978753913e-3
		}
	},
	"summary":{
		"totalProjectedDeaths":2.9881209691558965e4,
		"totalProjectedPCRConfirmed":4.978673558177485e5,
		"totalProjectedInfected":3.271087778185755e6,
		"totalInfectedFraction":0.7014292128069164,
		"fatalityRate":9.13494583998354e-3,
		"fatalityRateSymptomatic":1.3049922628547915e-2,
		"fatalityRatePCR":6.001841523125973e-2,
		"fractionOfSymptomaticHospitalized":5.8297534579938456e-2,
		"fractionOfSymptomaticHospitalizedOrICU":8.068762635913909e-2,
		"fractionOfPCRHospitalized":0.20586526176962783,
		"fractionOfPCRHospitalizedOrICU":0.28493107713186655,
		"fractionHospitalizedInICU":0.2774910204886033,
		"fractionOfDeathInICU":0.7151218239171094,
		"fractionDeathOfHospitalizedOrICU":0.1693727551221508,
		"fractionOfInfectionsPCRConfirmed":0.15220238329828034,
		"fractionOfDeathsReported":0.7716385801650903,
		"fractionOfHospitalizationsReported":0.7678144711909406,
		"dateContained":"",
		"dateICUOverCapacity":"Sat 4 Apr 2020 01:40:30",
		"dateHospitalsOverCapacity":"Sat 20 Jun 2020 13:55:51"
	},
	"summaryAug1":{
		"totalProjectedDeaths":2.413133874965634e4,
		"totalProjectedPCRConfirmed":4.683900376108214e5,
		"totalProjectedInfected":3.1816648573892773e6,
		"totalInfectedFraction":0.6822539863396043,
		"fatalityRate":7.5845005150722775e-3,
		"fatalityRateSymptomatic":1.083500073581754e-2,
		"fatalityRatePCR":5.1519752368658876e-2,
		"fractionOfSymptomaticHospitalized":5.417313913939272e-2,
		"fractionOfSymptomaticHospitalizedOrICU":7.497919150572747e-2,
		"fractionOfPCRHospitalized":0.19761302303138906,
		"fractionOfPCRHospitalizedOrICU":0.2735094353637331,
		"fractionHospitalizedInICU":0.2774910204886036,
		"fractionOfDeathInICU":0.7057683133015845,
		"fractionDeathOfHospitalizedOrICU":0.16937275512215086,
		"fractionOfInfectionsPCRConfirmed":0.14721539150266127,
		"fractionOfDeathsReported":0.7710869595942417,
		"fractionOfHospitalizationsReported":0.7671613912025574,
		"dateContained":"",
		"dateICUOverCapacity":"Sat 4 Apr 2020 01:40:30",
		"dateHospitalsOverCapacity":"Sat 20 Jun 2020 13:55:51"
	}
}