{
	"distancingLevel":1,
	"id":"scenario4",
	"distancingDays":90,
	"maintain":false,
	"name":"Normal",
	"events":{
		"herd":{
			"eventName":"herd",
			"day":1.2917779984522548e2,
			"thresholdCrossed":0.6999999999999955
		},
		"icu":{
			"eventName":"icu",
			"day":9.557581409290098e1,
			"thresholdCrossed":2.618227106434472e-4
		},
		"hospital":{
			"eventName":"hospital",
			"day":1.0845055645804364e2,
			"thresholdCrossed":1.8822428978855989e-3
		}
	},
	"summary":{
		"totalProjectedDeaths":3.96878244951624e4,
		"totalProjectedPCRConfirmed":6.801058237822851e5,
		"totalProjectedInfected":3.9079103702590084e6,
		"totalInfectedFraction":0.8379850008950452,
		"fatalityRate":1.0155766313681336e-2,
		"fatalityRateSymptomatic":1.4508237590973338e-2,
		"fatalityRatePCR":5.835536633761752e-2,
		"fractionOfSymptomaticHospitalized":7.178427765445758e-2,
		"fractionOfPCRHospitalized":0.25376411238567753,
		"fractionHospitalizedInICU":0.27829129096279476,
		"fractionDeathOfHospitalized":0.16596348360286164,
		"fractionOfInfectionsPCRConfirmed":0.17403311727878984,
		"dateContained":"Thu 6 Aug 2020 00:00:00",
		"dateICUOverCapacity":"Sat 4 Apr 2020 13:49:10",
		"dateHospitalsOverCapacity":"Fri 17 Apr 2020 10:48:48"
	},
	"summaryAug1":{
		"totalProjectedDeaths":3.957157865466009e4,
		"totalProjectedPCRConfirmed":6.799655909646801e5,
		"totalProjectedInfected":3.9077658729408993e6,
		"totalInfectedFraction":0.8379540158995431,
		"fatalityRate":1.0126394451794366e-2,
		"fatalityRateSymptomatic":1.4466277788277665e-2,
		"fatalityRatePCR":5.819644285017296e-2,
		"fractionOfSymptomaticHospitalized":7.177027943363083e-2,
		"fractionOfPCRHospitalized":0.2537231303284942,
		"fractionHospitalizedInICU":0.27829129096279426,
		"fractionDeathOfHospitalized":0.16553823683941418,
		"fractionOfInfectionsPCRConfirmed":0.17400366681971988,
		"dateContained":"Thu 6 Aug 2020 00:00:00",
		"dateICUOverCapacity":"Sat 4 Apr 2020 13:49:10",
		"dateHospitalsOverCapacity":"Fri 17 Apr 2020 10:48:48"
	}
}