{
	"distancingLevel":0.2,
	"id":"scenario2",
	"distancingDays":90,
	"maintain":false,
	"name":"Italy",
	"gradual":false,
	"events":{
		"herd":{
			"eventName":"herd",
			"day":3.2481471085754134e2,
			"thresholdCrossed":0.699999999999988
		},
		"icu":{
			"eventName":"icu",
			"day":9.599144127651381e1,
			"thresholdCrossed":1.6545148851939342e-4
		},
		"hospital":{
			"eventName":"hospital",
			"day":3.0910075728901063e2,
			"thresholdCrossed":1.3192451147984701e-3
		}
	},
	"summary":{
		"totalProjectedDeaths":8.567715563379985e3,
		"totalProjectedPCRConfirmed":7.945310383164203e4,
		"totalProjectedInfected":8.04303340516729e5,
		"totalInfectedFraction":8.103348246838156e-2,
		"fatalityRate":1.0652343626815736e-2,
		"fatalityRateSymptomatic":1.5217633752593909e-2,
		"fatalityRatePCR":0.10783361694131716,
		"fractionOfSymptomaticHospitalized":6.237845722025196e-2,
		"fractionOfSymptomaticHospitalizedOrICU":8.735303373160229e-2,
		"fractionOfPCRHospitalized":0.35362829956977415,
		"fractionOfPCRHospitalizedOrICU":0.495211105842141,
		"fractionHospitalizedInICU":0.2859039399603028,
		"fractionOfDeathInICU":0.7351405547183283,
		"fractionDeathOfHospitalizedOrICU":0.17147598499007569,
		"fractionOfInfectionsPCRConfirmed":9.878499793448198e-2,
		"fractionOfDeathsReported":0.8073623520274229,
		"fractionOfHospitalizationsReported":0.8000282789761641,
		"dateContained":"Sun 14 Jun 2020 20:56:24",
		"dateICUOverCapacity":"Sat 4 Apr 2020 23:47:40",
		"dateHospitalsOverCapacity":"Wed 4 Nov 2020 02:25:05"
	},
	"summaryAug1":{
		"totalProjectedDeaths":8.567715563379985e3,
		"totalProjectedPCRConfirmed":7.945310383164203e4,
		"totalProjectedInfected":8.04303340516729e5,
		"totalInfectedFraction":8.103348246838156e-2,
		"fatalityRate":1.0652343626815736e-2,
		"fatalityRateSymptomatic":1.5217633752593909e-2,
		"fatalityRatePCR":0.10783361694131716,
		"fractionOfSymptomaticHospitalized":6.237845722025196e-2,
		"fractionOfSymptomaticHospitalizedOrICU":8.735303373160229e-2,
		"fractionOfPCRHospitalized":0.35362829956977415,
		"fractionOfPCRHospitalizedOrICU":0.495211105842141,
		"fractionHospitalizedInICU":0.2859039399603028,
		"fractionOfDeathInICU":0.7351405547183283,
		"fractionDeathOfHospitalizedOrICU":0.17147598499007569,
		"fractionOfInfectionsPCRConfirmed":9.878499793448198e-2,
		"fractionOfDeathsReported":0.8073623520274229,
		"fractionOfHospitalizationsReported":0.8000282789761641,
		"dateContained":"Sun 14 Jun 2020 20:56:24",
		"dateICUOverCapacity":"Sat 4 Apr 2020 23:47:40",
		"dateHospitalsOverCapacity":"Wed 4 Nov 2020 02:25:05"
	}
}