{
	"distancingLevel":0.4,
	"id":"scenario2",
	"distancingDays":90,
	"maintain":false,
	"name":"Italy",
	"events":{
		"herd":{
			"eventName":"herd",
			"day":2.3383968680164583e2,
			"thresholdCrossed":0.7000000000000074
		},
		"icu":{
			"eventName":"icu",
			"day":9.877637762452731e1,
			"thresholdCrossed":1.9464881002276765e-4
		},
		"hospital":{
			"eventName":"hospital",
			"day":2.2074148553175175e2,
			"thresholdCrossed":1.3192451148901687e-3
		}
	},
	"summary":{
		"totalProjectedDeaths":1.0569144035359594e5,
		"totalProjectedPCRConfirmed":2.646719236556446e6,
		"totalProjectedInfected":8.495161629152805e6,
		"totalInfectedFraction":0.855886698791727,
		"fatalityRate":1.2441368977712579e-2,
		"fatalityRateSymptomatic":1.777338425387511e-2,
		"fatalityRatePCR":3.993300040812314e-2,
		"fractionOfSymptomaticHospitalized":7.719752421065625e-2,
		"fractionOfPCRHospitalized":0.24036447171768013,
		"fractionHospitalizedInICU":0.28671884462612096,
		"fractionDeathOfHospitalized":0.11850110985664675,
		"fractionOfInfectionsPCRConfirmed":0.31155607769412097,
		"dateContained":"Thu 19 Nov 2020 00:00:00",
		"dateICUOverCapacity":"Tue 7 Apr 2020 18:37:59",
		"dateHospitalsOverCapacity":"Fri 7 Aug 2020 17:47:44"
	},
	"summaryAug1":{
		"totalProjectedDeaths":1.4972560848779993e4,
		"totalProjectedPCRConfirmed":3.0041854475685814e5,
		"totalProjectedInfected":1.5822158632291453e6,
		"totalInfectedFraction":0.15940809263803798,
		"fatalityRate":9.46303295065092e-3,
		"fatalityRateSymptomatic":1.3518618500929887e-2,
		"fatalityRatePCR":4.9839003317514695e-2,
		"fractionOfSymptomaticHospitalized":6.357623713611385e-2,
		"fractionOfPCRHospitalized":0.22847076176281317,
		"fractionHospitalizedInICU":0.28671884462612046,
		"fractionDeathOfHospitalized":0.15559637300944837,
		"fractionOfInfectionsPCRConfirmed":0.18987203436561037,
		"dateContained":"Thu 19 Nov 2020 00:00:00",
		"dateICUOverCapacity":"Tue 7 Apr 2020 18:37:59",
		"dateHospitalsOverCapacity":"Fri 7 Aug 2020 17:47:44"
	}
}