{
	"distancingLevel":0.2,
	"id":"scenario2",
	"distancingDays":90,
	"maintain":false,
	"name":"Italy",
	"gradual":false,
	"events":{
		"herd":{
			"eventName":"herd",
			"day":2.979085068140868e2,
			"thresholdCrossed":0.6999999999999996
		},
		"icu":{
			"eventName":"icu",
			"day":2.755228356546372e2,
			"thresholdCrossed":1.9464881002276215e-4
		},
		"hospital":{
			"eventName":"hospital",
			"day":2.808659471973796e2,
			"thresholdCrossed":1.3192451148901544e-3
		}
	},
	"summary":{
		"totalProjectedDeaths":9.581674055796332e4,
		"totalProjectedPCRConfirmed":2.417399002410777e6,
		"totalProjectedInfected":7.380124439453573e6,
		"totalInfectedFraction":0.7435468115732594,
		"fatalityRate":1.2983079261608984e-2,
		"fatalityRateSymptomatic":1.8547256088012835e-2,
		"fatalityRatePCR":3.9636295234013526e-2,
		"fractionOfSymptomaticHospitalized":7.719752421073564e-2,
		"fractionOfSymptomaticHospitalizedOrICU":0.10822874490532583,
		"fractionOfPCRHospitalized":0.21766828355184645,
		"fractionOfPCRHospitalizedOrICU":0.3051647753651242,
		"fractionHospitalizedInICU":0.28671884462612107,
		"fractionOfDeathInICU":0.7086638059335724,
		"fractionDeathOfHospitalizedOrICU":0.16461721872662,
		"fractionOfInfectionsPCRConfirmed":0.32755531729079645,
		"dateContained":"Sun 21 Jun 2020 00:00:00",
		"dateICUOverCapacity":"Thu 1 Oct 2020 12:32:53",
		"dateHospitalsOverCapacity":"Tue 6 Oct 2020 20:46:57"
	},
	"summaryAug1":{
		"totalProjectedDeaths":7.026786395278964e3,
		"totalProjectedPCRConfirmed":6.829983881922114e4,
		"totalProjectedInfected":5.413299439986666e5,
		"totalInfectedFraction":5.453893862786156e-2,
		"fatalityRate":1.2980598012690522e-2,
		"fatalityRateSymptomatic":1.8543711446700747e-2,
		"fatalityRatePCR":0.10288144916238756,
		"fractionOfSymptomaticHospitalized":7.719458408911732e-2,
		"fractionOfSymptomaticHospitalizedOrICU":0.10822462293799746,
		"fractionOfPCRHospitalized":0.24156664345159798,
		"fractionOfPCRHospitalizedOrICU":0.33866959982277434,
		"fractionHospitalizedInICU":0.28671884462612013,
		"fractionOfDeathInICU":0.7088838757349198,
		"fractionDeathOfHospitalizedOrICU":0.16461721872661964,
		"fractionOfInfectionsPCRConfirmed":0.12617044295519217,
		"dateContained":"Sun 21 Jun 2020 00:00:00",
		"dateICUOverCapacity":"Thu 1 Oct 2020 12:32:53",
		"dateHospitalsOverCapacity":"Tue 6 Oct 2020 20:46:57"
	}
}