{
	"distancingLevel":0.11,
	"id":"scenario3",
	"distancingDays":60,
	"maintain":false,
	"name":"Wuhan",
	"events":{
		"herd":{
			"eventName":"herd",
			"day":2.436027856455481e2,
			"thresholdCrossed":0.7000000000000092
		},
		"icu":{
			"eventName":"icu",
			"day":2.230492840883263e2,
			"thresholdCrossed":2.455316228111377e-4
		},
		"hospital":{
			"eventName":"hospital",
			"day":2.2518919736579755e2,
			"thresholdCrossed":1.1191896431429202e-3
		}
	},
	"summary":{
		"totalProjectedDeaths":2.699989929035518e5,
		"totalProjectedPCRConfirmed":5.789096374556241e6,
		"totalProjectedInfected":1.6454002593774093e7,
		"totalInfectedFraction":0.8114034863603753,
		"fatalityRate":1.6409319942961152e-2,
		"fatalityRateSymptomatic":2.344188563280165e-2,
		"fatalityRatePCR":4.663922923968395e-2,
		"fractionOfSymptomaticHospitalized":8.32148015267435e-2,
		"fractionOfPCRHospitalized":0.250717556246012,
		"fractionHospitalizedInICU":0.3025824653940578,
		"fractionDeathOfHospitalized":0.12973569445749222,
		"fractionOfInfectionsPCRConfirmed":0.35183514415797734,
		"dateContained":"Mon 8 Jun 2020 00:00:00",
		"dateICUOverCapacity":"Mon 10 Aug 2020 01:10:58",
		"dateHospitalsOverCapacity":"Wed 12 Aug 2020 04:32:26"
	},
	"summaryAug1":{
		"totalProjectedDeaths":5.2621256704908365e3,
		"totalProjectedPCRConfirmed":1.1483727348296087e5,
		"totalProjectedInfected":5.92005905087181e5,
		"totalInfectedFraction":2.9193848280747586e-2,
		"fatalityRate":8.88863713228657e-3,
		"fatalityRateSymptomatic":1.2698053046123672e-2,
		"fatalityRatePCR":4.58224539027532e-2,
		"fractionOfSymptomaticHospitalized":5.236514359504161e-2,
		"fractionOfPCRHospitalized":0.21010436652073264,
		"fractionHospitalizedInICU":0.30258246539405786,
		"fractionDeathOfHospitalized":0.15210242109508504,
		"fractionOfInfectionsPCRConfirmed":0.19397994597038604,
		"dateContained":"Mon 8 Jun 2020 00:00:00",
		"dateICUOverCapacity":"Mon 10 Aug 2020 01:10:58",
		"dateHospitalsOverCapacity":"Wed 12 Aug 2020 04:32:26"
	}
}