{
	"distancingLevel":0.11,
	"id":"scenario3",
	"distancingDays":60,
	"maintain":false,
	"name":"Wuhan",
	"gradual":false,
	"events":{
		"herd":{
			"eventName":"herd",
			"day":2.9193302482109243e2,
			"thresholdCrossed":0.6999999999999966
		},
		"icu":{
			"eventName":"icu",
			"day":2.709613617192715e2,
			"thresholdCrossed":1.7187213596780879e-4
		},
		"hospital":{
			"eventName":"hospital",
			"day":2.756701706286181e2,
			"thresholdCrossed":1.1191896431429205e-3
		}
	},
	"summary":{
		"totalProjectedDeaths":3.748729487745932e3,
		"totalProjectedPCRConfirmed":5.035875071390606e4,
		"totalProjectedInfected":2.989136994782025e5,
		"totalInfectedFraction":1.4740463087641893e-2,
		"fatalityRate":1.254117658136742e-2,
		"fatalityRateSymptomatic":1.79159665448106e-2,
		"fatalityRatePCR":7.444047826052917e-2,
		"fractionOfSymptomaticHospitalized":6.544536294177317e-2,
		"fractionOfSymptomaticHospitalizedOrICU":9.37265602070246e-2,
		"fractionOfPCRHospitalized":0.22270065549946608,
		"fractionOfPCRHospitalizedOrICU":0.31893728535641647,
		"fractionHospitalizedInICU":0.30174154692953126,
		"fractionOfDeathInICU":0.7746859183558259,
		"fractionDeathOfHospitalizedOrICU":0.1754353867323828,
		"fractionOfInfectionsPCRConfirmed":0.16847254174637902,
		"fractionOfDeathsReported":0.835684469332206,
		"fractionOfHospitalizationsReported":0.8189807670769897,
		"dateContained":"Sat 6 Jun 2020 05:26:55",
		"dateICUOverCapacity":"Sat 26 Sep 2020 23:04:21",
		"dateHospitalsOverCapacity":"Thu 1 Oct 2020 16:05:02"
	},
	"summaryAug1":{
		"totalProjectedDeaths":3.748729487745932e3,
		"totalProjectedPCRConfirmed":5.035875071390606e4,
		"totalProjectedInfected":2.989136994782025e5,
		"totalInfectedFraction":1.4740463087641893e-2,
		"fatalityRate":1.254117658136742e-2,
		"fatalityRateSymptomatic":1.79159665448106e-2,
		"fatalityRatePCR":7.444047826052917e-2,
		"fractionOfSymptomaticHospitalized":6.544536294177317e-2,
		"fractionOfSymptomaticHospitalizedOrICU":9.37265602070246e-2,
		"fractionOfPCRHospitalized":0.22270065549946608,
		"fractionOfPCRHospitalizedOrICU":0.31893728535641647,
		"fractionHospitalizedInICU":0.30174154692953126,
		"fractionOfDeathInICU":0.7746859183558259,
		"fractionDeathOfHospitalizedOrICU":0.1754353867323828,
		"fractionOfInfectionsPCRConfirmed":0.16847254174637902,
		"fractionOfDeathsReported":0.835684469332206,
		"fractionOfHospitalizationsReported":0.8189807670769897,
		"dateContained":"Sat 6 Jun 2020 05:26:55",
		"dateICUOverCapacity":"Sat 26 Sep 2020 23:04:21",
		"dateHospitalsOverCapacity":"Thu 1 Oct 2020 16:05:02"
	}
}