{
	"distancingLevel":0.11,
	"id":"scenario3",
	"distancingDays":60,
	"maintain":false,
	"name":"Wuhan",
	"events":{
		"herd":{
			"eventName":"herd",
			"day":2.4823664163776795e2,
			"thresholdCrossed":0.7000000000000001
		},
		"icu":{
			"eventName":"icu",
			"day":8.678266398177473e1,
			"thresholdCrossed":1.5703425579299306e-4
		},
		"hospital":{
			"eventName":"hospital",
			"day":9.052074267021169e1,
			"thresholdCrossed":8.571121135744666e-4
		}
	},
	"summary":{
		"totalProjectedDeaths":1.861665961702131e5,
		"totalProjectedPCRConfirmed":4.021844979952488e6,
		"totalProjectedInfected":1.5848532362548523e7,
		"totalInfectedFraction":0.8005025683383645,
		"fatalityRate":1.1746614254966673e-2,
		"fatalityRateSymptomatic":1.6780877507095244e-2,
		"fatalityRatePCR":4.6288854269169864e-2,
		"fractionOfSymptomaticHospitalized":7.542091918465155e-2,
		"fractionOfPCRHospitalized":0.23978356378830576,
		"fractionHospitalizedInICU":0.28126041775431976,
		"fractionDeathOfHospitalized":0.13874859166505085,
		"fractionOfInfectionsPCRConfirmed":0.2537676604968459,
		"dateContained":"Wed 17 Jun 2020 00:00:00",
		"dateICUOverCapacity":"Thu 26 Mar 2020 18:47:02",
		"dateHospitalsOverCapacity":"Mon 30 Mar 2020 12:29:52"
	},
	"summaryAug1":{
		"totalProjectedDeaths":6.207464134855194e4,
		"totalProjectedPCRConfirmed":6.000170801530911e5,
		"totalProjectedInfected":5.350235518265555e6,
		"totalInfectedFraction":0.2702381000090288,
		"fatalityRate":1.1602225946246823e-2,
		"fatalityRateSymptomatic":1.657460849463832e-2,
		"fatalityRatePCR":0.10345479054148582,
		"fractionOfSymptomaticHospitalized":7.475569260389969e-2,
		"fractionOfPCRHospitalized":0.26132983303372453,
		"fractionHospitalizedInICU":0.2812604177543198,
		"fractionDeathOfHospitalized":0.28453335033320165,
		"fractionOfInfectionsPCRConfirmed":0.11214778828046906,
		"dateContained":"Wed 17 Jun 2020 00:00:00",
		"dateICUOverCapacity":"Thu 26 Mar 2020 18:47:02",
		"dateHospitalsOverCapacity":"Mon 30 Mar 2020 12:29:52"
	}
}