{
	"distancingLevel":0.11,
	"id":"scenario3",
	"distancingDays":60,
	"maintain":false,
	"name":"Wuhan",
	"events":{
		"herd":{
			"eventName":"herd",
			"day":2.5599819523756273e2,
			"thresholdCrossed":0.7000000000000023
		},
		"icu":{
			"eventName":"icu",
			"day":8.425054092262481e1,
			"thresholdCrossed":1.5703425579299322e-4
		},
		"hospital":{
			"eventName":"hospital",
			"day":8.784286746240475e1,
			"thresholdCrossed":8.571121135744675e-4
		}
	},
	"summary":{
		"totalProjectedDeaths":1.945047118606189e5,
		"totalProjectedPCRConfirmed":4.852223233357007e6,
		"totalProjectedInfected":1.65598673020961e7,
		"totalInfectedFraction":0.8364317908701779,
		"fatalityRate":1.1745547733706722e-2,
		"fatalityRateSymptomatic":1.6779353905295318e-2,
		"fatalityRatePCR":4.008568907619095e-2,
		"fractionOfSymptomaticHospitalized":7.542091918466425e-2,
		"fractionOfPCRHospitalized":0.23666914812872217,
		"fractionHospitalizedInICU":0.28126041775431954,
		"fractionDeathOfHospitalized":0.12173606762205261,
		"fractionOfInfectionsPCRConfirmed":0.29301099730085556,
		"dateContained":"Sat 30 May 2020 00:00:00",
		"dateICUOverCapacity":"Tue 24 Mar 2020 06:00:46",
		"dateHospitalsOverCapacity":"Fri 27 Mar 2020 20:13:43"
	},
	"summaryAug1":{
		"totalProjectedDeaths":2.822096081880624e4,
		"totalProjectedPCRConfirmed":2.553923015145533e5,
		"totalProjectedInfected":2.4204701112845317e6,
		"totalInfectedFraction":0.12225690659207136,
		"fatalityRate":1.1659289113811661e-2,
		"fatalityRateSymptomatic":1.665612730544523e-2,
		"fatalityRatePCR":0.11050043658891612,
		"fractionOfSymptomaticHospitalized":7.510676301467666e-2,
		"fractionOfPCRHospitalized":0.2537549568420485,
		"fractionHospitalizedInICU":0.28126041775431987,
		"fractionDeathOfHospitalized":0.3129831969403421,
		"fractionOfInfectionsPCRConfirmed":0.10551351174463289,
		"dateContained":"Sat 30 May 2020 00:00:00",
		"dateICUOverCapacity":"Tue 24 Mar 2020 06:00:46",
		"dateHospitalsOverCapacity":"Fri 27 Mar 2020 20:13:43"
	}
}