{
	"distancingLevel":0.11,
	"id":"scenario3",
	"distancingDays":60,
	"maintain":false,
	"name":"Wuhan",
	"gradual":false,
	"events":{},
	"summary":{
		"totalProjectedDeaths":1.651519790541406e5,
		"totalProjectedPCRConfirmed":2.5379369188792473e6,
		"totalProjectedInfected":1.5938473769903086e7,
		"totalInfectedFraction":0.8050454702260771,
		"fatalityRate":1.0361844015830433e-2,
		"fatalityRateSymptomatic":1.4802634308329189e-2,
		"fatalityRatePCR":6.507331913004036e-2,
		"fractionOfSymptomaticHospitalized":6.125092830432148e-2,
		"fractionOfSymptomaticHospitalizedOrICU":8.512451909422676e-2,
		"fractionOfPCRHospitalized":0.21641831787243154,
		"fractionOfPCRHospitalizedOrICU":0.30077103714316217,
		"fractionHospitalizedInICU":0.28045492701672614,
		"fractionOfDeathInICU":0.7275327341970039,
		"fractionDeathOfHospitalizedOrICU":0.1701137317541815,
		"fractionOfInfectionsPCRConfirmed":0.15923337174677793,
		"fractionOfDeathsReported":0.8052242248741995,
		"fractionOfHospitalizationsReported":0.8037433511299101,
		"dateContained":"",
		"dateICUOverCapacity":"",
		"dateHospitalsOverCapacity":""
	},
	"summaryAug1":{
		"totalProjectedDeaths":3.394511906996919e4,
		"totalProjectedPCRConfirmed":3.466694967594386e5,
		"totalProjectedInfected":3.2768994271968575e6,
		"totalInfectedFraction":0.1655147838077659,
		"fatalityRate":1.0358913913634114e-2,
		"fatalityRateSymptomatic":1.4798448448048736e-2,
		"fatalityRatePCR":9.791781332732724e-2,
		"fractionOfSymptomaticHospitalized":6.124174445893709e-2,
		"fractionOfSymptomaticHospitalizedOrICU":8.511175568894583e-2,
		"fractionOfPCRHospitalized":0.32239791151110014,
		"fractionOfPCRHospitalizedOrICU":0.4480579794319496,
		"fractionHospitalizedInICU":0.2804549270167263,
		"fractionOfDeathInICU":0.7278309259452861,
		"fractionDeathOfHospitalizedOrICU":0.1701137317541816,
		"fractionOfInfectionsPCRConfirmed":0.1057919244888112,
		"fractionOfDeathsReported":0.8028114869859339,
		"fractionOfHospitalizationsReported":0.7956080054139665,
		"dateContained":"",
		"dateICUOverCapacity":"",
		"dateHospitalsOverCapacity":""
	}
}