{
	"distancingLevel":0.11,
	"id":"scenario3",
	"distancingDays":60,
	"maintain":false,
	"name":"Wuhan",
	"gradual":false,
	"events":{
		"herd":{
			"eventName":"herd",
			"day":2.7982845105934047e2,
			"thresholdCrossed":0.7000000000000003
		},
		"icu":{
			"eventName":"icu",
			"day":8.37516295921971e1,
			"thresholdCrossed":1.3347911742404432e-4
		},
		"hospital":{
			"eventName":"hospital",
			"day":2.66242640506132e2,
			"thresholdCrossed":8.571121135744671e-4
		}
	},
	"summary":{
		"totalProjectedDeaths":3.750744871390066e4,
		"totalProjectedPCRConfirmed":4.034920109549741e5,
		"totalProjectedInfected":3.71887227449542e6,
		"totalInfectedFraction":0.18783864265506084,
		"fatalityRate":1.0085705005555671e-2,
		"fatalityRateSymptomatic":1.4408150007936674e-2,
		"fatalityRatePCR":9.295710372338979e-2,
		"fractionOfSymptomaticHospitalized":6.089559143619452e-2,
		"fractionOfSymptomaticHospitalizedOrICU":8.46306836397587e-2,
		"fractionOfPCRHospitalized":0.3125072018355774,
		"fractionOfPCRHospitalizedOrICU":0.4343121974832031,
		"fractionHospitalizedInICU":0.28045492701672636,
		"fractionOfDeathInICU":0.7259153484163002,
		"fractionDeathOfHospitalizedOrICU":0.1701137317541816,
		"fractionOfInfectionsPCRConfirmed":0.10849848587760931,
		"fractionOfDeathsReported":0.8025511171462725,
		"fractionOfHospitalizationsReported":0.7954260592442625,
		"dateContained":"Fri 5 Jun 2020 22:06:33",
		"dateICUOverCapacity":"Mon 23 Mar 2020 18:02:20",
		"dateHospitalsOverCapacity":"Tue 22 Sep 2020 05:49:24"
	},
	"summaryAug1":{
		"totalProjectedDeaths":3.750744871390066e4,
		"totalProjectedPCRConfirmed":4.034920109549741e5,
		"totalProjectedInfected":3.71887227449542e6,
		"totalInfectedFraction":0.18783864265506084,
		"fatalityRate":1.0085705005555671e-2,
		"fatalityRateSymptomatic":1.4408150007936674e-2,
		"fatalityRatePCR":9.295710372338979e-2,
		"fractionOfSymptomaticHospitalized":6.089559143619452e-2,
		"fractionOfSymptomaticHospitalizedOrICU":8.46306836397587e-2,
		"fractionOfPCRHospitalized":0.3125072018355774,
		"fractionOfPCRHospitalizedOrICU":0.4343121974832031,
		"fractionHospitalizedInICU":0.28045492701672636,
		"fractionOfDeathInICU":0.7259153484163002,
		"fractionDeathOfHospitalizedOrICU":0.1701137317541816,
		"fractionOfInfectionsPCRConfirmed":0.10849848587760931,
		"fractionOfDeathsReported":0.8025511171462725,
		"fractionOfHospitalizationsReported":0.7954260592442625,
		"dateContained":"Fri 5 Jun 2020 22:06:33",
		"dateICUOverCapacity":"Mon 23 Mar 2020 18:02:20",
		"dateHospitalsOverCapacity":"Tue 22 Sep 2020 05:49:24"
	}
}