{
	"distancingLevel":0.11,
	"id":"scenario3",
	"distancingDays":60,
	"maintain":false,
	"name":"Wuhan",
	"gradual":false,
	"events":{},
	"summary":{
		"totalProjectedDeaths":1.4882113893411806e5,
		"totalProjectedPCRConfirmed":3.6962540998570314e6,
		"totalProjectedInfected":1.4362418375105198e7,
		"totalInfectedFraction":0.7254395885886958,
		"fatalityRate":1.0361844018697722e-2,
		"fatalityRateSymptomatic":1.4802634312425317e-2,
		"fatalityRatePCR":4.026269160983125e-2,
		"fractionOfSymptomaticHospitalized":6.125092830742062e-2,
		"fractionOfSymptomaticHospitalizedOrICU":8.512451909853386e-2,
		"fractionOfPCRHospitalized":0.13381222911223123,
		"fractionOfPCRHospitalizedOrICU":0.1859678206918135,
		"fractionHospitalizedInICU":0.2804549270167264,
		"fractionOfDeathInICU":0.7275540689524156,
		"fractionDeathOfHospitalizedOrICU":0.1701137317541816,
		"fractionOfInfectionsPCRConfirmed":0.2573559691217363,
		"fractionOfDeathsReported":0.8050700946940966,
		"fractionOfHospitalizationsReported":0.8031919294973352,
		"dateContained":"",
		"dateICUOverCapacity":"",
		"dateHospitalsOverCapacity":""
	},
	"summaryAug1":{
		"totalProjectedDeaths":3.201466815413035e4,
		"totalProjectedPCRConfirmed":3.3686044838957814e5,
		"totalProjectedInfected":3.0965929987019873e6,
		"totalInfectedFraction":0.156407583481814,
		"fatalityRate":1.0338674849277927e-2,
		"fatalityRateSymptomatic":1.4769535498968466e-2,
		"fatalityRatePCR":9.50383706581827e-2,
		"fractionOfSymptomaticHospitalized":6.113853787089626e-2,
		"fractionOfSymptomaticHospitalizedOrICU":8.496832257833759e-2,
		"fractionOfPCRHospitalized":0.31217391838570874,
		"fractionOfPCRHospitalizedOrICU":0.43384901114174595,
		"fractionHospitalizedInICU":0.2804549270167264,
		"fractionOfDeathInICU":0.7279060182189865,
		"fractionDeathOfHospitalizedOrICU":0.1701137317541816,
		"fractionOfInfectionsPCRConfirmed":0.10878421818133072,
		"fractionOfDeathsReported":0.8022302962174415,
		"fractionOfHospitalizationsReported":0.7935045514384058,
		"dateContained":"",
		"dateICUOverCapacity":"",
		"dateHospitalsOverCapacity":""
	}
}