{
	"distancingLevel":0.11,
	"id":"scenario3",
	"distancingDays":60,
	"maintain":false,
	"name":"Wuhan",
	"gradual":false,
	"events":{
		"herd":{
			"eventName":"herd",
			"day":3.3379359989052864e2,
			"thresholdCrossed":0.6999999999999919
		},
		"icu":{
			"eventName":"icu",
			"day":8.263623247024428e1,
			"thresholdCrossed":1.099239790550951e-4
		},
		"hospital":{
			"eventName":"hospital",
			"day":3.162731351133818e2,
			"thresholdCrossed":8.571121135744671e-4
		}
	},
	"summary":{
		"totalProjectedDeaths":3.283489854209023e4,
		"totalProjectedPCRConfirmed":3.811514982351544e5,
		"totalProjectedInfected":3.213652850964064e6,
		"totalInfectedFraction":0.16232022638410185,
		"fatalityRate":1.0217313463786262e-2,
		"fatalityRateSymptomatic":1.4596162091123232e-2,
		"fatalityRatePCR":8.614658133085047e-2,
		"fractionOfSymptomaticHospitalized":6.103963004013967e-2,
		"fractionOfSymptomaticHospitalizedOrICU":8.483086373875925e-2,
		"fractionOfPCRHospitalized":0.2859758272971204,
		"fractionOfPCRHospitalizedOrICU":0.3974397685907969,
		"fractionHospitalizedInICU":0.2804549270167263,
		"fractionOfDeathInICU":0.7269749916633437,
		"fractionDeathOfHospitalizedOrICU":0.1701137317541816,
		"fractionOfInfectionsPCRConfirmed":0.11860381811956221,
		"fractionOfDeathsReported":0.802169195999384,
		"fractionOfHospitalizationsReported":0.793812735970166,
		"dateContained":"Wed 17 Jun 2020 06:13:05",
		"dateICUOverCapacity":"Sun 22 Mar 2020 15:16:10",
		"dateHospitalsOverCapacity":"Wed 11 Nov 2020 06:33:18"
	},
	"summaryAug1":{
		"totalProjectedDeaths":3.283489854209023e4,
		"totalProjectedPCRConfirmed":3.811514982351544e5,
		"totalProjectedInfected":3.213652850964064e6,
		"totalInfectedFraction":0.16232022638410185,
		"fatalityRate":1.0217313463786262e-2,
		"fatalityRateSymptomatic":1.4596162091123232e-2,
		"fatalityRatePCR":8.614658133085047e-2,
		"fractionOfSymptomaticHospitalized":6.103963004013967e-2,
		"fractionOfSymptomaticHospitalizedOrICU":8.483086373875925e-2,
		"fractionOfPCRHospitalized":0.2859758272971204,
		"fractionOfPCRHospitalizedOrICU":0.3974397685907969,
		"fractionHospitalizedInICU":0.2804549270167263,
		"fractionOfDeathInICU":0.7269749916633437,
		"fractionDeathOfHospitalizedOrICU":0.1701137317541816,
		"fractionOfInfectionsPCRConfirmed":0.11860381811956221,
		"fractionOfDeathsReported":0.802169195999384,
		"fractionOfHospitalizationsReported":0.793812735970166,
		"dateContained":"Wed 17 Jun 2020 06:13:05",
		"dateICUOverCapacity":"Sun 22 Mar 2020 15:16:10",
		"dateHospitalsOverCapacity":"Wed 11 Nov 2020 06:33:18"
	}
}