{
	"distancingLevel":0.11,
	"id":"scenario3",
	"distancingDays":60,
	"maintain":false,
	"name":"Wuhan",
	"gradual":false,
	"events":{
		"herd":{
			"eventName":"herd",
			"day":2.77856755955018e2,
			"thresholdCrossed":0.7000000000000272
		},
		"icu":{
			"eventName":"icu",
			"day":8.348801659245926e1,
			"thresholdCrossed":1.3347911742399104e-4
		},
		"hospital":{
			"eventName":"hospital",
			"day":2.6401921173269125e2,
			"thresholdCrossed":8.571121135744637e-4
		}
	},
	"summary":{
		"totalProjectedDeaths":3.279966145788511e4,
		"totalProjectedPCRConfirmed":3.320227041070387e5,
		"totalProjectedInfected":3.2267820127005535e6,
		"totalInfectedFraction":0.16298337470911808,
		"fatalityRate":1.016482096676697e-2,
		"fatalityRateSymptomatic":1.45211728096671e-2,
		"fatalityRatePCR":9.878740535560195e-2,
		"fractionOfSymptomaticHospitalized":6.09940343661665e-2,
		"fractionOfSymptomaticHospitalizedOrICU":8.476749637556663e-2,
		"fractionOfPCRHospitalized":0.32955887486951796,
		"fractionOfPCRHospitalizedOrICU":0.45801005002111767,
		"fractionHospitalizedInICU":0.28045492701672603,
		"fractionOfDeathInICU":0.7265173075084531,
		"fractionDeathOfHospitalizedOrICU":0.1701137317541815,
		"fractionOfInfectionsPCRConfirmed":0.10289592008391131,
		"fractionOfDeathsReported":0.8023528122969883,
		"fractionOfHospitalizationsReported":0.7942290470091269,
		"dateContained":"Sat 6 Jun 2020 19:29:25",
		"dateICUOverCapacity":"Mon 23 Mar 2020 11:42:44",
		"dateHospitalsOverCapacity":"Sun 20 Sep 2020 00:27:39"
	},
	"summaryAug1":{
		"totalProjectedDeaths":3.279966145788511e4,
		"totalProjectedPCRConfirmed":3.320227041070387e5,
		"totalProjectedInfected":3.2267820127005535e6,
		"totalInfectedFraction":0.16298337470911808,
		"fatalityRate":1.016482096676697e-2,
		"fatalityRateSymptomatic":1.45211728096671e-2,
		"fatalityRatePCR":9.878740535560195e-2,
		"fractionOfSymptomaticHospitalized":6.09940343661665e-2,
		"fractionOfSymptomaticHospitalizedOrICU":8.476749637556663e-2,
		"fractionOfPCRHospitalized":0.32955887486951796,
		"fractionOfPCRHospitalizedOrICU":0.45801005002111767,
		"fractionHospitalizedInICU":0.28045492701672603,
		"fractionOfDeathInICU":0.7265173075084531,
		"fractionDeathOfHospitalizedOrICU":0.1701137317541815,
		"fractionOfInfectionsPCRConfirmed":0.10289592008391131,
		"fractionOfDeathsReported":0.8023528122969883,
		"fractionOfHospitalizationsReported":0.7942290470091269,
		"dateContained":"Sat 6 Jun 2020 19:29:25",
		"dateICUOverCapacity":"Mon 23 Mar 2020 11:42:44",
		"dateHospitalsOverCapacity":"Sun 20 Sep 2020 00:27:39"
	}
}