{
	"distancingLevel":0.49714285714285705,
	"id":"scenario1",
	"distancingDays":90,
	"maintain":true,
	"name":"Current",
	"gradual":false,
	"events":{
		"herd":{
			"eventName":"herd",
			"day":2.3304065449994945e2,
			"thresholdCrossed":0.6999999999999994
		},
		"icu":{
			"eventName":"icu",
			"day":1.345859270283991e2,
			"thresholdCrossed":1.9084469299687548e-4
		},
		"hospital":{
			"eventName":"hospital",
			"day":2.2018423385512975e2,
			"thresholdCrossed":1.3183452727265038e-3
		}
	},
	"summary":{
		"totalProjectedDeaths":1.494843171162586e5,
		"totalProjectedPCRConfirmed":3.530087116318256e6,
		"totalProjectedInfected":1.0178117814371102e7,
		"totalInfectedFraction":0.7957557433714385,
		"fatalityRate":1.4686833051312556e-2,
		"fatalityRateSymptomatic":2.098119007330365e-2,
		"fatalityRatePCR":4.234578699920724e-2,
		"fractionOfSymptomaticHospitalized":7.992412784646799e-2,
		"fractionOfSymptomaticHospitalizedOrICU":0.1128604493467059,
		"fractionOfPCRHospitalized":0.22305400717854343,
		"fractionOfPCRHospitalizedOrICU":0.3149734148755715,
		"fractionHospitalizedInICU":0.29183227331532174,
		"fractionOfDeathInICU":0.7333496976550403,
		"fractionDeathOfHospitalizedOrICU":0.16630465019405619,
		"fractionOfInfectionsPCRConfirmed":0.3468310330750851,
		"dateContained":"Thu 3 Dec 2020 00:00:00",
		"dateICUOverCapacity":"Wed 13 May 2020 14:03:44",
		"dateHospitalsOverCapacity":"Fri 7 Aug 2020 04:25:17"
	},
	"summaryAug1":{
		"totalProjectedDeaths":3.7708526935441056e4,
		"totalProjectedPCRConfirmed":9.930605162868612e5,
		"totalProjectedInfected":3.259801913591009e6,
		"totalInfectedFraction":0.2548610796517424,
		"fatalityRate":1.15677356891607e-2,
		"fatalityRateSymptomatic":1.6525336698801e-2,
		"fatalityRatePCR":3.797203324167644e-2,
		"fractionOfSymptomaticHospitalized":7.037218159081784e-2,
		"fractionOfSymptomaticHospitalizedOrICU":9.937219522876119e-2,
		"fractionOfPCRHospitalized":0.21307126849068186,
		"fractionOfPCRHospitalizedOrICU":0.30087684098255274,
		"fractionHospitalizedInICU":0.29183227331532174,
		"fractionOfDeathInICU":0.7283734655263892,
		"fractionDeathOfHospitalizedOrICU":0.16630465019405619,
		"fractionOfInfectionsPCRConfirmed":0.3046383009183838,
		"dateContained":"Thu 3 Dec 2020 00:00:00",
		"dateICUOverCapacity":"Wed 13 May 2020 14:03:44",
		"dateHospitalsOverCapacity":"Fri 7 Aug 2020 04:25:17"
	}
}