{
	"distancingLevel":0.5961904761904762,
	"id":"scenario1",
	"distancingDays":90,
	"maintain":true,
	"name":"Current",
	"gradual":false,
	"events":{
		"herd":{
			"eventName":"herd",
			"day":2.5299858714054187e2,
			"thresholdCrossed":0.7000000000000001
		},
		"icu":{
			"eventName":"icu",
			"day":1.4756414924427196e2,
			"thresholdCrossed":1.3359128509781278e-4
		},
		"hospital":{
			"eventName":"hospital",
			"day":2.457150672780197e2,
			"thresholdCrossed":1.318345272726503e-3
		}
	},
	"summary":{
		"totalProjectedDeaths":1.2768461024362787e5,
		"totalProjectedPCRConfirmed":1.87688837362584e6,
		"totalProjectedInfected":1.0494577708727492e7,
		"totalInfectedFraction":0.8204975259950636,
		"fatalityRate":1.21667220718603e-2,
		"fatalityRateSymptomatic":1.7381031531229003e-2,
		"fatalityRatePCR":6.80299436225726e-2,
		"fractionOfSymptomaticHospitalized":6.49080795839766e-2,
		"fractionOfSymptomaticHospitalizedOrICU":9.154990408621565e-2,
		"fractionOfPCRHospitalized":0.21026721765775355,
		"fractionOfPCRHospitalizedOrICU":0.29657237946991843,
		"fractionHospitalizedInICU":0.2910087647623262,
		"fractionOfDeathInICU":0.7563307946925143,
		"fractionDeathOfHospitalizedOrICU":0.17275219119058155,
		"fractionOfInfectionsPCRConfirmed":0.1788436300838464,
		"fractionOfDeathsReported":0.8281986866900467,
		"fractionOfHospitalizationsReported":0.8276529062234511,
		"dateContained":"",
		"dateICUOverCapacity":"Tue 26 May 2020 13:32:22",
		"dateHospitalsOverCapacity":"Tue 1 Sep 2020 17:09:41"
	},
	"summaryAug1":{
		"totalProjectedDeaths":2.6310309244331445e4,
		"totalProjectedPCRConfirmed":4.648921372719201e5,
		"totalProjectedInfected":2.9068454740682156e6,
		"totalInfectedFraction":0.2272658877869338,
		"fatalityRate":9.051155102341711e-3,
		"fatalityRateSymptomatic":1.2930221574773876e-2,
		"fatalityRatePCR":5.659443801034277e-2,
		"fractionOfSymptomaticHospitalized":5.556888752298793e-2,
		"fractionOfSymptomaticHospitalizedOrICU":7.837739701303878e-2,
		"fractionOfPCRHospitalized":0.2006791692349723,
		"fractionOfPCRHospitalizedOrICU":0.2830488717786462,
		"fractionHospitalizedInICU":0.29100876476232634,
		"fractionOfDeathInICU":0.7472399744014104,
		"fractionDeathOfHospitalizedOrICU":0.17275219119058158,
		"fractionOfInfectionsPCRConfirmed":0.15993011717313266,
		"fractionOfDeathsReported":0.827235416930715,
		"fractionOfHospitalizationsReported":0.8250928192938648,
		"dateContained":"",
		"dateICUOverCapacity":"Tue 26 May 2020 13:32:22",
		"dateHospitalsOverCapacity":"Tue 1 Sep 2020 17:09:41"
	}
}