{
	"distancingLevel":0.5380952380952381,
	"id":"scenario1",
	"distancingDays":90,
	"maintain":true,
	"name":"Current",
	"gradual":false,
	"events":{
		"herd":{
			"eventName":"herd",
			"day":2.601211906513675e2,
			"thresholdCrossed":0.6999999999999998
		},
		"icu":{
			"eventName":"icu",
			"day":1.665126468340815e2,
			"thresholdCrossed":1.3359128509786983e-4
		},
		"hospital":{
			"eventName":"hospital",
			"day":2.470046366560735e2,
			"thresholdCrossed":1.3183452727265018e-3
		}
	},
	"summary":{
		"totalProjectedDeaths":1.141184419919836e5,
		"totalProjectedPCRConfirmed":1.6780016135711588e6,
		"totalProjectedInfected":9.379555258847523e6,
		"totalInfectedFraction":0.7333217303654174,
		"fatalityRate":1.2166722071852848e-2,
		"fatalityRateSymptomatic":1.7381031531218356e-2,
		"fatalityRatePCR":6.800854127256427e-2,
		"fractionOfSymptomaticHospitalized":6.490807958396627e-2,
		"fractionOfSymptomaticHospitalizedOrICU":9.154990408620112e-2,
		"fractionOfPCRHospitalized":0.2103271243193981,
		"fractionOfPCRHospitalizedOrICU":0.2966568751007065,
		"fractionHospitalizedInICU":0.29100876476232646,
		"fractionOfDeathInICU":0.7563131719116799,
		"fractionDeathOfHospitalizedOrICU":0.1727521911905816,
		"fractionOfInfectionsPCRConfirmed":0.17889991233735072,
		"fractionOfDeathsReported":0.8283635372759448,
		"fractionOfHospitalizationsReported":0.8281492478964979,
		"dateContained":"",
		"dateICUOverCapacity":"Sun 14 Jun 2020 12:18:12",
		"dateHospitalsOverCapacity":"Thu 3 Sep 2020 00:06:40"
	},
	"summaryAug1":{
		"totalProjectedDeaths":1.4543870645794668e4,
		"totalProjectedPCRConfirmed":2.237717921753806e5,
		"totalProjectedInfected":1.405120595213712e6,
		"totalInfectedFraction":0.10985653773746322,
		"fatalityRate":1.0350620932705506e-2,
		"fatalityRateSymptomatic":1.478660133243644e-2,
		"fatalityRatePCR":6.499420907527051e-2,
		"fractionOfSymptomaticHospitalized":5.954692428830709e-2,
		"fractionOfSymptomaticHospitalizedOrICU":8.398823755324042e-2,
		"fractionOfPCRHospitalized":0.21626565287096178,
		"fractionOfPCRHospitalizedOrICU":0.3050329004398249,
		"fractionHospitalizedInICU":0.2910087647623265,
		"fractionOfDeathInICU":0.7515097518101236,
		"fractionDeathOfHospitalizedOrICU":0.1727521911905816,
		"fractionOfInfectionsPCRConfirmed":0.15925451020903014,
		"fractionOfDeathsReported":0.8277805384026525,
		"fractionOfHospitalizationsReported":0.8262698711894968,
		"dateContained":"",
		"dateICUOverCapacity":"Sun 14 Jun 2020 12:18:12",
		"dateHospitalsOverCapacity":"Thu 3 Sep 2020 00:06:40"
	}
}