{
	"distancingLevel":0.2,
	"id":"scenario2",
	"distancingDays":90,
	"maintain":false,
	"name":"Italy",
	"gradual":false,
	"events":{
		"herd":{
			"eventName":"herd",
			"day":2.8143688516500686e2,
			"thresholdCrossed":0.700000000000001
		},
		"icu":{
			"eventName":"icu",
			"day":8.56780811733622e1,
			"thresholdCrossed":1.570342557929954e-4
		},
		"hospital":{
			"eventName":"hospital",
			"day":9.032164655601441e1,
			"thresholdCrossed":8.571121135744627e-4
		}
	},
	"summary":{
		"totalProjectedDeaths":2.3202561830867126e5,
		"totalProjectedPCRConfirmed":5.097519898584592e6,
		"totalProjectedInfected":1.612858107254118e7,
		"totalInfectedFraction":0.8146477084990222,
		"fatalityRate":1.4385990761685388e-2,
		"fatalityRateSymptomatic":2.055141537383627e-2,
		"fatalityRatePCR":4.5517354110397264e-2,
		"fractionOfSymptomaticHospitalized":7.542091918466316e-2,
		"fractionOfSymptomaticHospitalizedOrICU":0.10493497373417612,
		"fractionOfPCRHospitalized":0.19542171043426193,
		"fractionOfPCRHospitalizedOrICU":0.2718950163057285,
		"fractionHospitalizedInICU":0.2812604177543198,
		"fractionOfDeathInICU":0.5963148542618211,
		"fractionDeathOfHospitalizedOrICU":0.1674078279508291,
		"fractionOfInfectionsPCRConfirmed":0.3160550748796552,
		"dateContained":"Mon 22 Jun 2020 00:00:00",
		"dateICUOverCapacity":"Wed 25 Mar 2020 16:16:26",
		"dateHospitalsOverCapacity":"Mon 30 Mar 2020 07:43:10"
	},
	"summaryAug1":{
		"totalProjectedDeaths":3.2358550093375e4,
		"totalProjectedPCRConfirmed":3.075643499156635e5,
		"totalProjectedInfected":2.2537570477932435e6,
		"totalInfectedFraction":0.11383630129894673,
		"fatalityRate":1.435760350702341e-2,
		"fatalityRateSymptomatic":2.0510862152890587e-2,
		"fatalityRatePCR":0.10520904032683881,
		"fractionOfSymptomaticHospitalized":7.54175444661034e-2,
		"fractionOfSymptomaticHospitalizedOrICU":0.10493027840551589,
		"fractionOfPCRHospitalized":0.2160245377267775,
		"fractionOfPCRHospitalizedOrICU":0.3005602349766453,
		"fractionHospitalizedInICU":0.2812604177543199,
		"fractionOfDeathInICU":0.595759420858995,
		"fractionDeathOfHospitalizedOrICU":0.350043113105145,
		"fractionOfInfectionsPCRConfirmed":0.13646739350934645,
		"dateContained":"Mon 22 Jun 2020 00:00:00",
		"dateICUOverCapacity":"Wed 25 Mar 2020 16:16:26",
		"dateHospitalsOverCapacity":"Mon 30 Mar 2020 07:43:10"
	}
}