{
	"distancingLevel":0.4,
	"id":"scenario2",
	"distancingDays":90,
	"maintain":false,
	"name":"Italy",
	"events":{
		"herd":{
			"eventName":"herd",
			"day":2.951702776997108e2,
			"thresholdCrossed":0.7
		},
		"icu":{
			"eventName":"icu",
			"day":8.425054092262481e1,
			"thresholdCrossed":1.5703425579299322e-4
		},
		"hospital":{
			"eventName":"hospital",
			"day":8.784286746240475e1,
			"thresholdCrossed":8.571121135744675e-4
		}
	},
	"summary":{
		"totalProjectedDeaths":1.9433470391363988e5,
		"totalProjectedPCRConfirmed":4.840119506418972e6,
		"totalProjectedInfected":1.6545398373362603e7,
		"totalInfectedFraction":0.8357009714890951,
		"fatalityRate":1.1745543959008604e-2,
		"fatalityRateSymptomatic":1.677934851286943e-2,
		"fatalityRatePCR":4.015080694927325e-2,
		"fractionOfSymptomaticHospitalized":7.542091918322397e-2,
		"fractionOfPCRHospitalized":0.2367288869322832,
		"fractionHospitalizedInICU":0.2812604177543198,
		"fractionDeathOfHospitalized":0.12190305368944057,
		"fractionOfInfectionsPCRConfirmed":0.29253568860640805,
		"dateContained":"Fri 5 Jun 2020 00:00:00",
		"dateICUOverCapacity":"Tue 24 Mar 2020 06:00:46",
		"dateHospitalsOverCapacity":"Fri 27 Mar 2020 20:13:43"
	},
	"summaryAug1":{
		"totalProjectedDeaths":2.8838537327884587e4,
		"totalProjectedPCRConfirmed":2.633722509821781e5,
		"totalProjectedInfected":2.460691614404209e6,
		"totalInfectedFraction":0.12428847745385137,
		"fatalityRate":1.1719687732941322e-2,
		"fatalityRateSymptomatic":1.6742411047059032e-2,
		"fatalityRatePCR":0.10949725045193177,
		"fractionOfSymptomaticHospitalized":7.542071971252448e-2,
		"fractionOfPCRHospitalized":0.2551062902050007,
		"fractionHospitalizedInICU":0.28126041775431976,
		"fractionDeathOfHospitalized":0.3084988926914723,
		"fractionOfInfectionsPCRConfirmed":0.10703179928783829,
		"dateContained":"Fri 5 Jun 2020 00:00:00",
		"dateICUOverCapacity":"Tue 24 Mar 2020 06:00:46",
		"dateHospitalsOverCapacity":"Fri 27 Mar 2020 20:13:43"
	}
}