{
	"distancingLevel":0.2,
	"id":"scenario2",
	"distancingDays":90,
	"maintain":false,
	"name":"Italy",
	"gradual":false,
	"events":{},
	"summary":{
		"totalProjectedDeaths":1.836594884198881e5,
		"totalProjectedPCRConfirmed":3.834634860699239e6,
		"totalProjectedInfected":1.436087888306064e7,
		"totalInfectedFraction":0.7253618295061881,
		"fatalityRate":1.2788875243319786e-2,
		"fatalityRateSymptomatic":1.8269821776171122e-2,
		"fatalityRatePCR":4.789490918736344e-2,
		"fractionOfSymptomaticHospitalized":7.542091918813972e-2,
		"fractionOfSymptomaticHospitalizedOrICU":0.10493497373901314,
		"fractionOfPCRHospitalized":0.1589024752585703,
		"fractionOfPCRHospitalizedOrICU":0.22108490917125279,
		"fractionHospitalizedInICU":0.28126041775431987,
		"fractionOfDeathInICU":0.7287658783788729,
		"fractionDeathOfHospitalizedOrICU":0.17031510443857997,
		"fractionOfInfectionsPCRConfirmed":0.2670195112655938,
		"fractionOfDeathsReported":0.8052598388669389,
		"fractionOfHospitalizationsReported":0.80368117908268,
		"dateContained":"",
		"dateICUOverCapacity":"",
		"dateHospitalsOverCapacity":""
	},
	"summaryAug1":{
		"totalProjectedDeaths":3.685549410014127e4,
		"totalProjectedPCRConfirmed":3.2685585190512234e5,
		"totalProjectedInfected":2.882156554214212e6,
		"totalInfectedFraction":0.1455764906947335,
		"fatalityRate":1.2787471258718461e-2,
		"fatalityRateSymptomatic":1.8267816083883514e-2,
		"fatalityRatePCR":0.1127576388347468,
		"fractionOfSymptomaticHospitalized":7.541978920490594e-2,
		"fractionOfSymptomaticHospitalizedOrICU":0.10493340156563948,
		"fractionOfPCRHospitalized":0.3701168315038953,
		"fractionOfPCRHospitalizedOrICU":0.5149526207356998,
		"fractionHospitalizedInICU":0.28126041775431965,
		"fractionOfDeathInICU":0.7292058583153108,
		"fractionDeathOfHospitalizedOrICU":0.17031510443857992,
		"fractionOfInfectionsPCRConfirmed":0.11340669590872934,
		"fractionOfDeathsReported":0.8029153230029945,
		"fractionOfHospitalizationsReported":0.7950495184271181,
		"dateContained":"",
		"dateICUOverCapacity":"",
		"dateHospitalsOverCapacity":""
	}
}