{
	"distancingLevel":0.2,
	"id":"scenario2",
	"distancingDays":90,
	"maintain":false,
	"name":"Italy",
	"gradual":false,
	"events":{
		"herd":{
			"eventName":"herd",
			"day":3.05042200388037e2,
			"thresholdCrossed":0.6999999999999977
		}
	},
	"summary":{
		"totalProjectedDeaths":3.2041522191359003e4,
		"totalProjectedPCRConfirmed":3.41528088691815e5,
		"totalProjectedInfected":3.1165124348725895e6,
		"totalInfectedFraction":0.15741370565449542,
		"fatalityRate":1.0281211084809594e-2,
		"fatalityRateSymptomatic":1.4687444406870849e-2,
		"fatalityRatePCR":9.381811702249869e-2,
		"fractionOfSymptomaticHospitalized":6.115578211633816e-2,
		"fractionOfSymptomaticHospitalizedOrICU":8.499228806165389e-2,
		"fractionOfPCRHospitalized":0.31000770995245486,
		"fractionOfPCRHospitalizedOrICU":0.4308384861383955,
		"fractionHospitalizedInICU":0.28045492701672636,
		"fractionOfDeathInICU":0.727300289822329,
		"fractionDeathOfHospitalizedOrICU":0.1701137317541816,
		"fractionOfInfectionsPCRConfirmed":0.10958662794675403,
		"fractionOfDeathsReported":0.8022333285839416,
		"fractionOfHospitalizationsReported":0.7935869067377985,
		"dateContained":"Sat 13 Jun 2020 21:46:40",
		"dateICUOverCapacity":"",
		"dateHospitalsOverCapacity":""
	},
	"summaryAug1":{
		"totalProjectedDeaths":3.2041522191359003e4,
		"totalProjectedPCRConfirmed":3.41528088691815e5,
		"totalProjectedInfected":3.1165124348725895e6,
		"totalInfectedFraction":0.15741370565449542,
		"fatalityRate":1.0281211084809594e-2,
		"fatalityRateSymptomatic":1.4687444406870849e-2,
		"fatalityRatePCR":9.381811702249869e-2,
		"fractionOfSymptomaticHospitalized":6.115578211633816e-2,
		"fractionOfSymptomaticHospitalizedOrICU":8.499228806165389e-2,
		"fractionOfPCRHospitalized":0.31000770995245486,
		"fractionOfPCRHospitalizedOrICU":0.4308384861383955,
		"fractionHospitalizedInICU":0.28045492701672636,
		"fractionOfDeathInICU":0.727300289822329,
		"fractionDeathOfHospitalizedOrICU":0.1701137317541816,
		"fractionOfInfectionsPCRConfirmed":0.10958662794675403,
		"fractionOfDeathsReported":0.8022333285839416,
		"fractionOfHospitalizationsReported":0.7935869067377985,
		"dateContained":"Sat 13 Jun 2020 21:46:40",
		"dateICUOverCapacity":"",
		"dateHospitalsOverCapacity":""
	}
}