{
	"distancingLevel":0.2,
	"id":"scenario2",
	"distancingDays":90,
	"maintain":false,
	"name":"Italy",
	"gradual":false,
	"events":{},
	"summary":{
		"totalProjectedDeaths":1.648885997501963e5,
		"totalProjectedPCRConfirmed":2.544467225819779e6,
		"totalProjectedInfected":1.5913055577006727e7,
		"totalInfectedFraction":0.8037616082109332,
		"fatalityRate":1.0361844018721898e-2,
		"fatalityRateSymptomatic":1.4802634312459855e-2,
		"fatalityRatePCR":6.480279961046553e-2,
		"fractionOfSymptomaticHospitalized":6.125092830747351e-2,
		"fractionOfSymptomaticHospitalizedOrICU":8.512451909860735e-2,
		"fractionOfPCRHospitalized":0.21561338500713428,
		"fractionOfPCRHospitalizedOrICU":0.2996523680068982,
		"fractionHospitalizedInICU":0.28045492701672625,
		"fractionOfDeathInICU":0.7275191742155122,
		"fractionDeathOfHospitalizedOrICU":0.17011373175418154,
		"fractionOfInfectionsPCRConfirmed":0.15989809207330108,
		"fractionOfDeathsReported":0.8053362681675933,
		"fractionOfHospitalizationsReported":0.804096708427246,
		"dateContained":"",
		"dateICUOverCapacity":"",
		"dateHospitalsOverCapacity":""
	},
	"summaryAug1":{
		"totalProjectedDeaths":3.754471132931801e4,
		"totalProjectedPCRConfirmed":4.179162543837585e5,
		"totalProjectedInfected":3.6252286325400956e6,
		"totalInfectedFraction":0.18310874248645362,
		"fatalityRate":1.035650855019632e-2,
		"fatalityRateSymptomatic":1.4795012214566174e-2,
		"fatalityRatePCR":8.98378824357522e-2,
		"fractionOfSymptomaticHospitalized":6.1245612362608594e-2,
		"fractionOfSymptomaticHospitalizedOrICU":8.511713117384137e-2,
		"fractionOfPCRHospitalized":0.29683035205943076,
		"fractionOfPCRHospitalizedOrICU":0.4125250289446854,
		"fractionHospitalizedInICU":0.28045492701672603,
		"fractionOfDeathInICU":0.7276996463135107,
		"fractionDeathOfHospitalizedOrICU":0.1701137317541815,
		"fractionOfInfectionsPCRConfirmed":0.11527997176027388,
		"fractionOfDeathsReported":0.803599103670631,
		"fractionOfHospitalizationsReported":0.7981585078503245,
		"dateContained":"",
		"dateICUOverCapacity":"",
		"dateHospitalsOverCapacity":""
	}
}