{
	"distancingLevel":0.2,
	"id":"scenario2",
	"distancingDays":90,
	"maintain":false,
	"name":"Italy",
	"gradual":false,
	"events":{
		"herd":{
			"eventName":"herd",
			"day":3.065954226228781e2,
			"thresholdCrossed":0.7000000000000006
		},
		"icu":{
			"eventName":"icu",
			"day":8.297237761464335e1,
			"thresholdCrossed":1.3347911742404405e-4
		},
		"hospital":{
			"eventName":"hospital",
			"day":2.9272091361107806e2,
			"thresholdCrossed":8.57112113574465e-4
		}
	},
	"summary":{
		"totalProjectedDeaths":3.307185912087977e4,
		"totalProjectedPCRConfirmed":3.514784040567017e5,
		"totalProjectedInfected":3.215337026860658e6,
		"totalInfectedFraction":0.16240529338588575,
		"fatalityRate":1.0285658655562455e-2,
		"fatalityRateSymptomatic":1.4693798079374938e-2,
		"fatalityRatePCR":9.409357371369113e-2,
		"fractionOfSymptomaticHospitalized":6.1162029452025056e-2,
		"fractionOfSymptomaticHospitalizedOrICU":8.500097040265163e-2,
		"fractionOfPCRHospitalized":0.31069948156680965,
		"fractionOfPCRHospitalizedOrICU":0.43179988750201903,
		"fractionHospitalizedInICU":0.28045492701672625,
		"fractionOfDeathInICU":0.7273420594132357,
		"fractionDeathOfHospitalizedOrICU":0.17011373175418154,
		"fractionOfInfectionsPCRConfirmed":0.1093130832383916,
		"fractionOfDeathsReported":0.8021396102896301,
		"fractionOfHospitalizationsReported":0.7932913979224051,
		"dateContained":"Sun 14 Jun 2020 03:54:00",
		"dateICUOverCapacity":"Sun 22 Mar 2020 23:20:13",
		"dateHospitalsOverCapacity":"Sun 18 Oct 2020 17:18:06"
	},
	"summaryAug1":{
		"totalProjectedDeaths":3.307185912087977e4,
		"totalProjectedPCRConfirmed":3.514784040567017e5,
		"totalProjectedInfected":3.215337026860658e6,
		"totalInfectedFraction":0.16240529338588575,
		"fatalityRate":1.0285658655562455e-2,
		"fatalityRateSymptomatic":1.4693798079374938e-2,
		"fatalityRatePCR":9.409357371369113e-2,
		"fractionOfSymptomaticHospitalized":6.1162029452025056e-2,
		"fractionOfSymptomaticHospitalizedOrICU":8.500097040265163e-2,
		"fractionOfPCRHospitalized":0.31069948156680965,
		"fractionOfPCRHospitalizedOrICU":0.43179988750201903,
		"fractionHospitalizedInICU":0.28045492701672625,
		"fractionOfDeathInICU":0.7273420594132357,
		"fractionDeathOfHospitalizedOrICU":0.17011373175418154,
		"fractionOfInfectionsPCRConfirmed":0.1093130832383916,
		"fractionOfDeathsReported":0.8021396102896301,
		"fractionOfHospitalizationsReported":0.7932913979224051,
		"dateContained":"Sun 14 Jun 2020 03:54:00",
		"dateICUOverCapacity":"Sun 22 Mar 2020 23:20:13",
		"dateHospitalsOverCapacity":"Sun 18 Oct 2020 17:18:06"
	}
}