{
	"distancingLevel":0.4,
	"id":"scenario2",
	"distancingDays":90,
	"maintain":false,
	"name":"Italy",
	"gradual":false,
	"events":{},
	"summary":{
		"totalProjectedDeaths":1.9585575140094623e5,
		"totalProjectedPCRConfirmed":4.861643851597981e6,
		"totalProjectedInfected":1.6675165289898207e7,
		"totalInfectedFraction":0.8422554427546853,
		"fatalityRate":1.1745355922774293e-2,
		"fatalityRateSymptomatic":1.6779079889677563e-2,
		"fatalityRatePCR":4.0285910975681634e-2,
		"fractionOfSymptomaticHospitalized":7.542091918468864e-2,
		"fractionOfPCRHospitalized":0.2372367741473351,
		"fractionHospitalizedInICU":0.28126041775431954,
		"fractionDeathOfHospitalized":0.12205139329312258,
		"fractionOfInfectionsPCRConfirmed":0.2915499646976908,
		"dateContained":"Sat 5 Dec 2020 00:00:00",
		"dateICUOverCapacity":"",
		"dateHospitalsOverCapacity":""
	},
	"summaryAug1":{
		"totalProjectedDeaths":3.785218588315753e4,
		"totalProjectedPCRConfirmed":5.0972468357318063e5,
		"totalProjectedInfected":3.3242751105752317e6,
		"totalInfectedFraction":0.16790770924424306,
		"fatalityRate":1.1386598468562848e-2,
		"fatalityRateSymptomatic":1.626656924080407e-2,
		"fatalityRatePCR":7.426006058371143e-2,
		"fractionOfSymptomaticHospitalized":7.404077577075939e-2,
		"fractionOfPCRHospitalized":0.24777634082654662,
		"fractionHospitalizedInICU":0.2812604177543197,
		"fractionDeathOfHospitalized":0.2154105785218588,
		"fractionOfInfectionsPCRConfirmed":0.153334085362441,
		"dateContained":"Sat 5 Dec 2020 00:00:00",
		"dateICUOverCapacity":"",
		"dateHospitalsOverCapacity":""
	}
}