{
	"distancingLevel":0.7,
	"id":"scenario8",
	"distancingDays":605,
	"maintain":false,
	"name":"relaxed restrictions",
	"gradual":false,
	"events":{
		"icu":{
			"eventName":"icu",
			"day":1.702343786685767e2,
			"thresholdCrossed":1.4878842840725941e-4
		}
	},
	"summary":{
		"totalProjectedDeaths":2.1443031007511243e4,
		"totalProjectedPCRConfirmed":3.4181250866390654e5,
		"totalProjectedInfected":1.9943131223872772e6,
		"totalInfectedFraction":0.3460416504163,
		"fatalityRate":1.0752088409187736e-2,
		"fatalityRateSymptomatic":1.5360126298839625e-2,
		"fatalityRatePCR":6.273331274893598e-2,
		"fractionOfSymptomaticHospitalized":6.2260976021052065e-2,
		"fractionOfSymptomaticHospitalizedOrICU":8.691797924043539e-2,
		"fractionOfPCRHospitalized":0.20555228193789923,
		"fractionOfPCRHospitalizedOrICU":0.286956455168024,
		"fractionHospitalizedInICU":0.2836812755526254,
		"fractionOfDeathInICU":0.7354094621649835,
		"fractionDeathOfHospitalizedOrICU":0.17092031888815634,
		"fractionOfInfectionsPCRConfirmed":0.17139360154976194,
		"fractionOfDeathsReported":0.8085808649479375,
		"fractionOfHospitalizationsReported":0.8083565147773263,
		"dateContained":"Wed 24 Feb 2021 17:38:30",
		"dateICUOverCapacity":"Thu 18 Jun 2020 05:37:30",
		"dateHospitalsOverCapacity":""
	},
	"summaryAug1":{
		"totalProjectedDeaths":7.992196350045706e3,
		"totalProjectedPCRConfirmed":1.7848207583288447e5,
		"totalProjectedInfected":1.1966895782951473e6,
		"totalInfectedFraction":0.20764263748790776,
		"fatalityRate":6.678587743223864e-3,
		"fatalityRateSymptomatic":9.540839633176949e-3,
		"fatalityRatePCR":4.477870572016948e-2,
		"fractionOfSymptomaticHospitalized":4.8245465231660435e-2,
		"fractionOfSymptomaticHospitalizedOrICU":6.735195323685114e-2,
		"fractionOfPCRHospitalized":0.18295248505200618,
		"fractionOfPCRHospitalizedOrICU":0.2554065373526992,
		"fractionHospitalizedInICU":0.28368127555262546,
		"fractionOfDeathInICU":0.7199877201779731,
		"fractionDeathOfHospitalizedOrICU":0.17092031888815637,
		"fractionOfInfectionsPCRConfirmed":0.1491465114011917,
		"fractionOfDeathsReported":0.8083975712993469,
		"fractionOfHospitalizationsReported":0.8079730474345432,
		"dateContained":"Wed 24 Feb 2021 17:38:30",
		"dateICUOverCapacity":"Thu 18 Jun 2020 05:37:30",
		"dateHospitalsOverCapacity":""
	}
}