{
	"distancingLevel":0.7,
	"id":"scenario8",
	"distancingDays":610,
	"maintain":false,
	"name":"relaxed restrictions",
	"gradual":false,
	"events":{
		"icu":{
			"eventName":"icu",
			"day":2.1257644921453368e2,
			"thresholdCrossed":1.8067166306595778e-4
		}
	},
	"summary":{
		"totalProjectedDeaths":1.4209271363578417e4,
		"totalProjectedPCRConfirmed":3.7961432721003593e5,
		"totalProjectedInfected":1.3216097431781522e6,
		"totalInfectedFraction":0.22931806023929902,
		"fatalityRate":1.0751488052296398e-2,
		"fatalityRateSymptomatic":1.5359268646137713e-2,
		"fatalityRatePCR":3.7430808968694704e-2,
		"fractionOfSymptomaticHospitalized":6.225877774243963e-2,
		"fractionOfSymptomaticHospitalizedOrICU":8.6914910384998e-2,
		"fractionOfPCRHospitalized":0.12259239457950381,
		"fractionOfPCRHospitalizedOrICU":0.1711422449190915,
		"fractionHospitalizedInICU":0.2836812755526256,
		"fractionOfDeathInICU":0.7354221075522264,
		"fractionDeathOfHospitalizedOrICU":0.17092031888815643,
		"fractionOfInfectionsPCRConfirmed":0.28723632613146083,
		"fractionOfDeathsReported":0.8084377271119679,
		"fractionOfHospitalizationsReported":0.8079867910662641,
		"dateContained":"Sat 1 May 2021 05:08:02",
		"dateICUOverCapacity":"Thu 30 Jul 2020 13:50:05",
		"dateHospitalsOverCapacity":""
	},
	"summaryAug1":{
		"totalProjectedDeaths":3.3804100913418074e3,
		"totalProjectedPCRConfirmed":1.1698279296405216e5,
		"totalProjectedInfected":4.97442402295554e5,
		"totalInfectedFraction":8.631332158680716e-2,
		"fatalityRate":6.795580906939547e-3,
		"fatalityRateSymptomatic":9.707972724199352e-3,
		"fatalityRatePCR":2.8896643734438614e-2,
		"fractionOfSymptomaticHospitalized":4.800036766788203e-2,
		"fractionOfSymptomaticHospitalizedOrICU":6.70097905159653e-2,
		"fractionOfPCRHospitalized":0.11519734238027982,
		"fractionOfPCRHospitalizedOrICU":0.16081855527251818,
		"fractionHospitalizedInICU":0.2836812755526255,
		"fractionOfDeathInICU":0.7220797893214694,
		"fractionDeathOfHospitalizedOrICU":0.1709203188881564,
		"fractionOfInfectionsPCRConfirmed":0.23516851885607284,
		"fractionOfDeathsReported":0.8076303156859579,
		"fractionOfHospitalizationsReported":0.8062672879975009,
		"dateContained":"Sat 1 May 2021 05:08:02",
		"dateICUOverCapacity":"Thu 30 Jul 2020 13:50:05",
		"dateHospitalsOverCapacity":""
	}
}