{
	"distancingLevel":0.7,
	"id":"scenario8",
	"distancingDays":609,
	"maintain":false,
	"name":"relaxed restrictions",
	"gradual":false,
	"events":{},
	"summary":{
		"totalProjectedDeaths":5.281800849216108e3,
		"totalProjectedPCRConfirmed":1.415604800838179e5,
		"totalProjectedInfected":4.799719506813561e5,
		"totalInfectedFraction":0.11924392713108334,
		"fatalityRate":1.1004394822902039e-2,
		"fatalityRateSymptomatic":1.57205640327172e-2,
		"fatalityRatePCR":3.7311266859852095e-2,
		"fractionOfSymptomaticHospitalized":6.275082218384002e-2,
		"fractionOfSymptomaticHospitalizedOrICU":8.832867190405798e-2,
		"fractionOfPCRHospitalized":0.12141519970792045,
		"fractionOfPCRHospitalizedOrICU":0.17090522428132265,
		"fractionHospitalizedInICU":0.2895758440475641,
		"fractionOfDeathInICU":0.7363689296969981,
		"fractionDeathOfHospitalizedOrICU":0.17239396101189103,
		"fractionOfInfectionsPCRConfirmed":0.2949349016809466,
		"fractionOfDeathsReported":0.8157432115927584,
		"fractionOfHospitalizationsReported":0.8152330289910623,
		"dateContained":"Sat 20 Nov 2021 18:21:31",
		"dateICUOverCapacity":"",
		"dateHospitalsOverCapacity":""
	},
	"summaryAug1":{
		"totalProjectedDeaths":8.639255505612628e2,
		"totalProjectedPCRConfirmed":2.6231407964282324e4,
		"totalProjectedInfected":1.0729891496979287e5,
		"totalInfectedFraction":2.665727440892992e-2,
		"fatalityRate":8.051577695864658e-3,
		"fatalityRateSymptomatic":1.1502253851235227e-2,
		"fatalityRatePCR":3.2934776194156884e-2,
		"fractionOfSymptomaticHospitalized":5.255204646575165e-2,
		"fractionOfSymptomaticHospitalizedOrICU":7.39727753137804e-2,
		"fractionOfPCRHospitalized":0.12211878396544498,
		"fractionOfPCRHospitalizedOrICU":0.17189559637330373,
		"fractionHospitalizedInICU":0.2895758440475637,
		"fractionOfDeathInICU":0.7275911404845895,
		"fractionDeathOfHospitalizedOrICU":0.17239396101189092,
		"fractionOfInfectionsPCRConfirmed":0.24447039349528443,
		"fractionOfDeathsReported":0.8140265952771982,
		"fractionOfHospitalizationsReported":0.8115608152020763,
		"dateContained":"Sat 20 Nov 2021 18:21:31",
		"dateICUOverCapacity":"",
		"dateHospitalsOverCapacity":""
	}
}