{
	"distancingLevel":1,
	"id":"scenario4",
	"distancingDays":90,
	"maintain":false,
	"name":"Normal",
	"gradual":false,
	"events":{
		"herd":{
			"eventName":"herd",
			"day":1.4581225870231444e2,
			"thresholdCrossed":0.7000000000000003
		},
		"icu":{
			"eventName":"icu",
			"day":1.23819439832174e2,
			"thresholdCrossed":2.375114484751342e-4
		},
		"hospital":{
			"eventName":"hospital",
			"day":1.3096219694682918e2,
			"thresholdCrossed":1.4080908434144178e-3
		}
	},
	"summary":{
		"totalProjectedDeaths":6.12803900209474e4,
		"totalProjectedPCRConfirmed":1.4215632673018489e6,
		"totalProjectedInfected":5.352951904195548e6,
		"totalInfectedFraction":0.8092853980797022,
		"fatalityRate":1.1447962006330924e-2,
		"fatalityRateSymptomatic":1.6354231437615607e-2,
		"fatalityRatePCR":4.310774724593061e-2,
		"fractionOfSymptomaticHospitalized":7.339390647225094e-2,
		"fractionOfSymptomaticHospitalizedOrICU":0.10204521252331247,
		"fractionOfPCRHospitalized":0.22037411302300133,
		"fractionOfPCRHospitalizedOrICU":0.3064031372491538,
		"fractionHospitalizedInICU":0.2807707029324485,
		"fractionOfDeathInICU":0.6858593652292982,
		"fractionDeathOfHospitalizedOrICU":0.162654331967708,
		"fractionOfInfectionsPCRConfirmed":0.265566232005121,
		"dateContained":"Sat 22 Aug 2020 00:00:00",
		"dateICUOverCapacity":"Sat 2 May 2020 19:39:59",
		"dateHospitalsOverCapacity":"Sat 9 May 2020 23:05:33"
	},
	"summaryAug1":{
		"totalProjectedDeaths":6.0924684342596134e4,
		"totalProjectedPCRConfirmed":1.420594700040007e6,
		"totalProjectedInfected":5.351965919717235e6,
		"totalInfectedFraction":0.8091363321334144,
		"fatalityRate":1.1383608426605045e-2,
		"fatalityRateSymptomatic":1.626229775229292e-2,
		"fatalityRatePCR":4.288674619219708e-2,
		"fractionOfSymptomaticHospitalized":7.332443044238228e-2,
		"fractionOfSymptomaticHospitalizedOrICU":0.10194861463700287,
		"fractionOfPCRHospitalized":0.2202328458078394,
		"fractionOfPCRHospitalizedOrICU":0.3062067225372699,
		"fractionHospitalizedInICU":0.2807707029324484,
		"fractionOfDeathInICU":0.6855193444599941,
		"fractionDeathOfHospitalizedOrICU":0.16265433196770798,
		"fractionOfInfectionsPCRConfirmed":0.26543418275635483,
		"dateContained":"Sat 22 Aug 2020 00:00:00",
		"dateICUOverCapacity":"Sat 2 May 2020 19:39:59",
		"dateHospitalsOverCapacity":"Sat 9 May 2020 23:05:33"
	}
}