{
	"distancingLevel":1,
	"id":"scenario4",
	"distancingDays":90,
	"maintain":false,
	"name":"Normal",
	"gradual":false,
	"events":{
		"herd":{
			"eventName":"herd",
			"day":1.5797354596936935e2,
			"thresholdCrossed":0.7000000000000014
		},
		"icu":{
			"eventName":"icu",
			"day":1.2436500147047373e2,
			"thresholdCrossed":1.662580139324303e-4
		},
		"hospital":{
			"eventName":"hospital",
			"day":1.4419277341254698e2,
			"thresholdCrossed":1.408090843414664e-3
		}
	},
	"summary":{
		"totalProjectedDeaths":5.201857014656869e4,
		"totalProjectedPCRConfirmed":8.108533904939893e5,
		"totalProjectedInfected":5.346444515182931e6,
		"totalInfectedFraction":0.8083015792444522,
		"fatalityRate":9.729563263743858e-3,
		"fatalityRateSymptomatic":1.3899376091062654e-2,
		"fatalityRatePCR":6.415286752994626e-2,
		"fractionOfSymptomaticHospitalized":5.9604748286558554e-2,
		"fractionOfSymptomaticHospitalizedOrICU":8.278047140341849e-2,
		"fractionOfPCRHospitalized":0.2155104533528663,
		"fractionOfPCRHospitalizedOrICU":0.29930596863098924,
		"fractionHospitalizedInICU":0.2799660683727742,
		"fractionOfDeathInICU":0.7289753875102739,
		"fractionDeathOfHospitalizedOrICU":0.16999151709319354,
		"fractionOfInfectionsPCRConfirmed":0.15166217253191594,
		"fractionOfDeathsReported":0.7834847946750771,
		"fractionOfHospitalizationsReported":0.7833696019771769,
		"dateContained":"",
		"dateICUOverCapacity":"Sun 3 May 2020 08:45:36",
		"dateHospitalsOverCapacity":"Sat 23 May 2020 04:37:35"
	},
	"summaryAug1":{
		"totalProjectedDeaths":5.064206443439912e4,
		"totalProjectedPCRConfirmed":8.07934809573686e5,
		"totalProjectedInfected":5.341205076080665e6,
		"totalInfectedFraction":0.8075094552658548,
		"fatalityRate":9.481393002711643e-3,
		"fatalityRateSymptomatic":1.354484714673092e-2,
		"fatalityRatePCR":6.268087948967177e-2,
		"fractionOfSymptomaticHospitalized":5.920640449572163e-2,
		"fractionOfSymptomaticHospitalizedOrICU":8.222724221054327e-2,
		"fractionOfPCRHospitalized":0.21463259972506693,
		"fractionOfPCRHospitalizedOrICU":0.2980867849380548,
		"fractionHospitalizedInICU":0.2799660683727744,
		"fractionOfDeathInICU":0.7271446096044472,
		"fractionDeathOfHospitalizedOrICU":0.16999151709319357,
		"fractionOfInfectionsPCRConfirmed":0.15126451766322038,
		"fractionOfDeathsReported":0.7834835400638946,
		"fractionOfHospitalizationsReported":0.783368357063499,
		"dateContained":"",
		"dateICUOverCapacity":"Sun 3 May 2020 08:45:36",
		"dateHospitalsOverCapacity":"Sat 23 May 2020 04:37:35"
	}
}