{
	"distancingLevel":0.5057142857142857,
	"id":"scenario7",
	"distancingDays":60,
	"maintain":true,
	"postDistancingLevel":1,
	"name":"Open Gradual May 1",
	"gradual":true,
	"events":{
		"herd":{
			"eventName":"herd",
			"day":1.753635330177359e2,
			"thresholdCrossed":0.7000000000000026
		},
		"icu":{
			"eventName":"icu",
			"day":1.4355306699259802e2,
			"thresholdCrossed":1.7695146471482934e-4
		},
		"hospital":{
			"eventName":"hospital",
			"day":1.538225570904134e2,
			"thresholdCrossed":1.0472207769602483e-3
		}
	},
	"summary":{
		"totalProjectedDeaths":4.171659090018339e4,
		"totalProjectedPCRConfirmed":1.3388002628426016e6,
		"totalProjectedInfected":4.339872767863627e6,
		"totalInfectedFraction":0.7982815415275154,
		"fatalityRate":9.612399517582878e-3,
		"fatalityRateSymptomatic":1.3731999310832682e-2,
		"fatalityRatePCR":3.115968233499509e-2,
		"fractionOfSymptomaticHospitalized":7.033721096276191e-2,
		"fractionOfSymptomaticHospitalizedOrICU":9.630584689911662e-2,
		"fractionOfPCRHospitalized":0.20478557786269067,
		"fractionOfPCRHospitalizedOrICU":0.2803928139720054,
		"fractionHospitalizedInICU":0.26964755279664027,
		"fractionOfDeathInICU":0.6414545360388083,
		"fractionDeathOfHospitalizedOrICU":0.15898369242289132,
		"fractionOfInfectionsPCRConfirmed":0.30848836693008586,
		"dateContained":"Sun 27 Sep 2020 00:00:00",
		"dateICUOverCapacity":"Fri 22 May 2020 13:16:24",
		"dateHospitalsOverCapacity":"Mon 1 Jun 2020 19:44:28"
	},
	"summaryAug1":{
		"totalProjectedDeaths":3.7776849014913205e4,
		"totalProjectedPCRConfirmed":1.31441600522696e6,
		"totalProjectedInfected":4.308271197652308e6,
		"totalInfectedFraction":0.7924687097851232,
		"fatalityRate":8.768447314899492e-3,
		"fatalityRateSymptomatic":1.2526353306999274e-2,
		"fatalityRatePCR":2.874040552206322e-2,
		"fractionOfSymptomaticHospitalized":6.856640447746591e-2,
		"fractionOfSymptomaticHospitalizedOrICU":9.388125519400667e-2,
		"fractionOfPCRHospitalized":0.20164873817909945,
		"fractionOfPCRHospitalizedOrICU":0.2760978469384826,
		"fractionHospitalizedInICU":0.2696475527966402,
		"fractionOfDeathInICU":0.6372367575424921,
		"fractionDeathOfHospitalizedOrICU":0.1589836924228913,
		"fractionOfInfectionsPCRConfirmed":0.3050912871834114,
		"dateContained":"Sun 27 Sep 2020 00:00:00",
		"dateICUOverCapacity":"Fri 22 May 2020 13:16:24",
		"dateHospitalsOverCapacity":"Mon 1 Jun 2020 19:44:28"
	}
}