{
	"distancingLevel":0.5790476190476191,
	"id":"scenario7",
	"distancingDays":60,
	"maintain":true,
	"name":"Open Gradual May 10",
	"gradual":true,
	"events":{
		"herd":{
			"eventName":"herd",
			"day":1.8372550953058226e2,
			"thresholdCrossed":0.7000000000000011
		},
		"icu":{
			"eventName":"icu",
			"day":1.3675763210116324e2,
			"thresholdCrossed":1.238660253003807e-4
		},
		"hospital":{
			"eventName":"hospital",
			"day":1.6188718833994724e2,
			"thresholdCrossed":1.0472207769623527e-3
		}
	},
	"summary":{
		"totalProjectedDeaths":3.508884113605112e4,
		"totalProjectedPCRConfirmed":6.632867951514424e5,
		"totalProjectedInfected":4.195907782417309e6,
		"totalInfectedFraction":0.7718004448098699,
		"fatalityRate":8.362634012856224e-3,
		"fatalityRateSymptomatic":1.1946620018366036e-2,
		"fatalityRatePCR":5.2901461920464736e-2,
		"fractionOfSymptomaticHospitalized":5.71223410245233e-2,
		"fractionOfSymptomaticHospitalizedOrICU":7.812808209312211e-2,
		"fractionOfPCRHospitalized":0.1966461473722689,
		"fractionOfPCRHospitalizedOrICU":0.2689593260647534,
		"fractionHospitalizedInICU":0.2688628788245656,
		"fractionOfDeathInICU":0.671048088666173,
		"fractionDeathOfHospitalizedOrICU":0.1672157197061414,
		"fractionOfInfectionsPCRConfirmed":0.15807945015638916,
		"fractionOfDeathsReported":0.7776037644429307,
		"fractionOfHospitalizationsReported":0.7774219907267624,
		"dateContained":"",
		"dateICUOverCapacity":"Fri 15 May 2020 18:10:59",
		"dateHospitalsOverCapacity":"Tue 9 Jun 2020 21:17:33"
	},
	"summaryAug1":{
		"totalProjectedDeaths":2.7285564916094674e4,
		"totalProjectedPCRConfirmed":6.19184547936176e5,
		"totalProjectedInfected":4.0652615983516104e6,
		"totalInfectedFraction":0.7477692248204431,
		"fatalityRate":6.711884157014269e-3,
		"fatalityRateSymptomatic":9.588405938591811e-3,
		"fatalityRatePCR":4.406693449802821e-2,
		"fractionOfSymptomaticHospitalized":5.223454940103675e-2,
		"fractionOfSymptomaticHospitalizedOrICU":7.144289065375359e-2,
		"fractionOfPCRHospitalized":0.18662180872424833,
		"fractionOfPCRHospitalizedOrICU":0.25524871234033397,
		"fractionHospitalizedInICU":0.2688628788245655,
		"fractionOfDeathInICU":0.6601661921741462,
		"fractionDeathOfHospitalizedOrICU":0.16721571970614138,
		"fractionOfInfectionsPCRConfirmed":0.15231112019635934,
		"fractionOfDeathsReported":0.7775813478281081,
		"fractionOfHospitalizationsReported":0.7773885036901539,
		"dateContained":"",
		"dateICUOverCapacity":"Fri 15 May 2020 18:10:59",
		"dateHospitalsOverCapacity":"Tue 9 Jun 2020 21:17:33"
	}
}