{
	"distancingLevel":0.5057142857142857,
	"id":"scenario7",
	"distancingDays":60,
	"maintain":true,
	"postDistancingLevel":1,
	"name":"Open Gradual May 1",
	"gradual":true,
	"events":{
		"herd":{
			"eventName":"herd",
			"day":1.7073159419337887e2,
			"thresholdCrossed":0.6999999999999917
		},
		"icu":{
			"eventName":"icu",
			"day":1.3130326640779018e2,
			"thresholdCrossed":1.7695146471482942e-4
		},
		"hospital":{
			"eventName":"hospital",
			"day":1.45154428999163e2,
			"thresholdCrossed":1.0472207769623523e-3
		}
	},
	"summary":{
		"totalProjectedDeaths":4.2139107566717714e4,
		"totalProjectedPCRConfirmed":1.3561102330328897e6,
		"totalProjectedInfected":4.383915890793482e6,
		"totalInfectedFraction":0.8063828877988805,
		"fatalityRate":9.612207126330293e-3,
		"fatalityRateSymptomatic":1.3731724466186134e-2,
		"fatalityRatePCR":3.1073511975848147e-2,
		"fractionOfSymptomaticHospitalized":7.033721096276195e-2,
		"fractionOfSymptomaticHospitalizedOrICU":9.630584689911667e-2,
		"fractionOfPCRHospitalized":0.18706509756045545,
		"fractionOfPCRHospitalizedOrICU":0.25612989766346184,
		"fractionHospitalizedInICU":0.2696475527966403,
		"fractionOfDeathInICU":0.6414430846236735,
		"fractionDeathOfHospitalizedOrICU":0.15898369242289134,
		"fractionOfInfectionsPCRConfirmed":0.309337648534912,
		"dateContained":"Fri 2 Oct 2020 00:00:00",
		"dateICUOverCapacity":"Sun 10 May 2020 07:16:42",
		"dateHospitalsOverCapacity":"Sun 24 May 2020 03:42:22"
	},
	"summaryAug1":{
		"totalProjectedDeaths":3.692606110406846e4,
		"totalProjectedPCRConfirmed":1.3320249106250377e6,
		"totalProjectedInfected":4.35783208315987e6,
		"totalInfectedFraction":0.8015850001002239,
		"fatalityRate":8.473493333247786e-3,
		"fatalityRateSymptomatic":1.2104990476068264e-2,
		"fatalityRatePCR":2.7721749653121217e-2,
		"fractionOfSymptomaticHospitalized":6.802437855787179e-2,
		"fractionOfSymptomaticHospitalizedOrICU":9.313911224416153e-2,
		"fractionOfPCRHospitalized":0.1827796472729743,
		"fractionOfPCRHospitalizedOrICU":0.2502622507432786,
		"fractionHospitalizedInICU":0.26964755279664027,
		"fractionOfDeathInICU":0.6445461980176669,
		"fractionDeathOfHospitalizedOrICU":0.15898369242289132,
		"fractionOfInfectionsPCRConfirmed":0.3056622846420427,
		"dateContained":"Fri 2 Oct 2020 00:00:00",
		"dateICUOverCapacity":"Sun 10 May 2020 07:16:42",
		"dateHospitalsOverCapacity":"Sun 24 May 2020 03:42:22"
	}
}