{
	"distancingLevel":0.5057142857142857,
	"id":"scenario7",
	"distancingDays":60,
	"maintain":true,
	"postDistancingLevel":1,
	"name":"Open Gradual May 1",
	"gradual":true,
	"events":{
		"herd":{
			"eventName":"herd",
			"day":1.700893147285582e2,
			"thresholdCrossed":0.7000000000000062
		},
		"icu":{
			"eventName":"icu",
			"day":1.3085759706560034e2,
			"thresholdCrossed":1.7695146471482945e-4
		},
		"hospital":{
			"eventName":"hospital",
			"day":1.448547644083242e2,
			"thresholdCrossed":1.0472207769623531e-3
		}
	},
	"summary":{
		"totalProjectedDeaths":5.094460857828069e4,
		"totalProjectedPCRConfirmed":1.3591008007488663e6,
		"totalProjectedInfected":4.39873690579531e6,
		"totalInfectedFraction":0.8091090835505789,
		"fatalityRate":1.1581644837899143e-2,
		"fatalityRateSymptomatic":1.6545206911284492e-2,
		"fatalityRatePCR":3.748405456770399e-2,
		"fractionOfSymptomaticHospitalized":7.033721096195751e-2,
		"fractionOfSymptomaticHospitalizedOrICU":9.63058468980152e-2,
		"fractionOfPCRHospitalized":0.18713315634024366,
		"fractionOfPCRHospitalizedOrICU":0.2562230838779381,
		"fractionHospitalizedInICU":0.2696475527966402,
		"fractionOfDeathInICU":0.5323664886375384,
		"fractionDeathOfHospitalizedOrICU":0.1462946039068088,
		"fractionOfInfectionsPCRConfirmed":0.30897524217878525,
		"dateContained":"Wed 30 Sep 2020 00:00:00",
		"dateICUOverCapacity":"Sat 9 May 2020 20:34:56",
		"dateHospitalsOverCapacity":"Sat 23 May 2020 20:30:51"
	},
	"summaryAug1":{
		"totalProjectedDeaths":4.4918374061669616e4,
		"totalProjectedPCRConfirmed":1.3373483491192677e6,
		"totalProjectedInfected":4.375921499275131e6,
		"totalInfectedFraction":0.8049123895778035,
		"fatalityRate":1.0264894849944252e-2,
		"fatalityRateSymptomatic":1.466413549992036e-2,
		"fatalityRatePCR":3.358763936954148e-2,
		"fractionOfSymptomaticHospitalized":6.820104756914507e-2,
		"fractionOfSymptomaticHospitalizedOrICU":9.338100780013558e-2,
		"fractionOfPCRHospitalized":0.18315571352225904,
		"fractionOfPCRHospitalizedOrICU":0.2507771613877554,
		"fractionHospitalizedInICU":0.2696475527966402,
		"fractionOfDeathInICU":0.535705915445501,
		"fractionDeathOfHospitalizedOrICU":0.1339342035122878,
		"fractionOfInfectionsPCRConfirmed":0.3056152514026586,
		"dateContained":"Wed 30 Sep 2020 00:00:00",
		"dateICUOverCapacity":"Sat 9 May 2020 20:34:56",
		"dateHospitalsOverCapacity":"Sat 23 May 2020 20:30:51"
	}
}