{
	"distancingLevel":0.2,
	"id":"scenario2",
	"distancingDays":90,
	"maintain":false,
	"name":"Italy",
	"gradual":false,
	"events":{
		"herd":{
			"eventName":"herd",
			"day":3.1957303408261265e2,
			"thresholdCrossed":0.6999999999999827
		},
		"icu":{
			"eventName":"icu",
			"day":2.984629682669525e2,
			"thresholdCrossed":1.3947232253194703e-4
		},
		"hospital":{
			"eventName":"hospital",
			"day":3.0385731884467833e2,
			"thresholdCrossed":1.1685688563269066e-3
		}
	},
	"summary":{
		"totalProjectedDeaths":8.287401046261932e2,
		"totalProjectedPCRConfirmed":1.4504412097728145e4,
		"totalProjectedInfected":8.922262437975979e4,
		"totalInfectedFraction":1.823309398856098e-2,
		"fatalityRate":9.288452456843373e-3,
		"fatalityRateSymptomatic":1.3269217795490533e-2,
		"fatalityRatePCR":5.713710414750285e-2,
		"fractionOfSymptomaticHospitalized":5.978654272805418e-2,
		"fractionOfSymptomaticHospitalizedOrICU":8.41256202417365e-2,
		"fractionOfPCRHospitalized":0.2070175544593745,
		"fractionOfPCRHospitalizedOrICU":0.2912943176700919,
		"fractionHospitalizedInICU":0.2893182533899132,
		"fractionOfDeathInICU":0.7264848201188207,
		"fractionDeathOfHospitalizedOrICU":0.1723295633474783,
		"fractionOfInfectionsPCRConfirmed":0.1625642845473001,
		"fractionOfDeathsReported":0.8057107985109068,
		"fractionOfHospitalizationsReported":0.8041384540449277,
		"dateContained":"Mon 1 Jun 2020 22:46:04",
		"dateICUOverCapacity":"Sat 24 Oct 2020 11:06:40",
		"dateHospitalsOverCapacity":"Thu 29 Oct 2020 20:34:32"
	},
	"summaryAug1":{
		"totalProjectedDeaths":8.287401046261932e2,
		"totalProjectedPCRConfirmed":1.4504412097728145e4,
		"totalProjectedInfected":8.922262437975979e4,
		"totalInfectedFraction":1.823309398856098e-2,
		"fatalityRate":9.288452456843373e-3,
		"fatalityRateSymptomatic":1.3269217795490533e-2,
		"fatalityRatePCR":5.713710414750285e-2,
		"fractionOfSymptomaticHospitalized":5.978654272805418e-2,
		"fractionOfSymptomaticHospitalizedOrICU":8.41256202417365e-2,
		"fractionOfPCRHospitalized":0.2070175544593745,
		"fractionOfPCRHospitalizedOrICU":0.2912943176700919,
		"fractionHospitalizedInICU":0.2893182533899132,
		"fractionOfDeathInICU":0.7264848201188207,
		"fractionDeathOfHospitalizedOrICU":0.1723295633474783,
		"fractionOfInfectionsPCRConfirmed":0.1625642845473001,
		"fractionOfDeathsReported":0.8057107985109068,
		"fractionOfHospitalizationsReported":0.8041384540449277,
		"dateContained":"Mon 1 Jun 2020 22:46:04",
		"dateICUOverCapacity":"Sat 24 Oct 2020 11:06:40",
		"dateHospitalsOverCapacity":"Thu 29 Oct 2020 20:34:32"
	}
}