{
	"distancingLevel":0.4,
	"id":"scenario2",
	"distancingDays":90,
	"maintain":false,
	"name":"Italy",
	"events":{
		"herd":{
			"eventName":"herd",
			"day":2.631510291422204e2,
			"thresholdCrossed":0.7000000000000028
		},
		"icu":{
			"eventName":"icu",
			"day":2.3941319512608467e2,
			"thresholdCrossed":1.9924617508642012e-4
		},
		"hospital":{
			"eventName":"hospital",
			"day":2.434954183599536e2,
			"thresholdCrossed":1.1685688563269042e-3
		}
	},
	"summary":{
		"totalProjectedDeaths":4.5553331453843995e4,
		"totalProjectedPCRConfirmed":1.200071469722402e6,
		"totalProjectedInfected":3.7501916427310607e6,
		"totalInfectedFraction":0.7663706058005488,
		"fatalityRate":1.214693428858211e-2,
		"fatalityRateSymptomatic":1.7352763269403014e-2,
		"fatalityRatePCR":3.795884878788202e-2,
		"fractionOfSymptomaticHospitalized":7.652695722030418e-2,
		"fractionOfPCRHospitalized":0.23794659492594686,
		"fractionHospitalizedInICU":0.29013893576056377,
		"fractionDeathOfHospitalized":0.11324183397646723,
		"fractionOfInfectionsPCRConfirmed":0.3200027049413547,
		"dateContained":"Sat 26 Dec 2020 00:00:00",
		"dateICUOverCapacity":"Wed 26 Aug 2020 09:55:00",
		"dateHospitalsOverCapacity":"Sun 30 Aug 2020 11:53:24"
	},
	"summaryAug1":{
		"totalProjectedDeaths":2.4862275070190794e3,
		"totalProjectedPCRConfirmed":3.966280293455705e4,
		"totalProjectedInfected":2.111183234057705e5,
		"totalInfectedFraction":4.3143095824897656e-2,
		"fatalityRate":1.177646481324379e-2,
		"fatalityRateSymptomatic":1.6823521161776843e-2,
		"fatalityRatePCR":6.268411012507898e-2,
		"fractionOfSymptomaticHospitalized":7.50550301945595e-2,
		"fractionOfPCRHospitalized":0.253086422219807,
		"fractionHospitalizedInICU":0.29013893576056354,
		"fractionDeathOfHospitalized":0.17581744897260704,
		"fractionOfInfectionsPCRConfirmed":0.18787001665565967,
		"dateContained":"Sat 26 Dec 2020 00:00:00",
		"dateICUOverCapacity":"Wed 26 Aug 2020 09:55:00",
		"dateHospitalsOverCapacity":"Sun 30 Aug 2020 11:53:24"
	}
}