{
	"distancingLevel":0.4,
	"id":"scenario2",
	"distancingDays":90,
	"maintain":false,
	"name":"Italy",
	"events":{
		"herd":{
			"eventName":"herd",
			"day":2.8028580565980093e2,
			"thresholdCrossed":0.6999999999999812
		},
		"icu":{
			"eventName":"icu",
			"day":2.5396427778244907e2,
			"thresholdCrossed":1.9924617508644841e-4
		},
		"hospital":{
			"eventName":"hospital",
			"day":2.5836839830431745e2,
			"thresholdCrossed":1.168568856326819e-3
		}
	},
	"summary":{
		"totalProjectedDeaths":4.393619172905443e4,
		"totalProjectedPCRConfirmed":1.1736395071630531e6,
		"totalProjectedInfected":3.6171353106339304e6,
		"totalInfectedFraction":0.7391798722196331,
		"fatalityRate":1.2146681823012664e-2,
		"fatalityRateSymptomatic":1.7352402604303808e-2,
		"fatalityRatePCR":3.743584930542935e-2,
		"fractionOfSymptomaticHospitalized":7.652695722165546e-2,
		"fractionOfPCRHospitalized":0.2375280884666288,
		"fractionHospitalizedInICU":0.2901389357605635,
		"fractionDeathOfHospitalized":0.11187835510406495,
		"fractionOfInfectionsPCRConfirmed":0.32446657544513147,
		"dateContained":"Sun 12 Jul 2020 00:00:00",
		"dateICUOverCapacity":"Wed 9 Sep 2020 23:08:33",
		"dateHospitalsOverCapacity":"Mon 14 Sep 2020 08:50:29"
	},
	"summaryAug1":{
		"totalProjectedDeaths":8.726105680123791e2,
		"totalProjectedPCRConfirmed":1.2352142152020946e4,
		"totalProjectedInfected":7.296619620898402e4,
		"totalInfectedFraction":1.4911010774616817e-2,
		"fatalityRate":1.195910727637654e-2,
		"fatalityRateSymptomatic":1.7084438966252204e-2,
		"fatalityRatePCR":7.064447261640447e-2,
		"fractionOfSymptomaticHospitalized":7.594583259773216e-2,
		"fractionOfPCRHospitalized":0.25367454951948004,
		"fractionHospitalizedInICU":0.2901389357605637,
		"fractionDeathOfHospitalized":0.1976854225585751,
		"fractionOfInfectionsPCRConfirmed":0.1692858171836574,
		"dateContained":"Sun 12 Jul 2020 00:00:00",
		"dateICUOverCapacity":"Wed 9 Sep 2020 23:08:33",
		"dateHospitalsOverCapacity":"Mon 14 Sep 2020 08:50:29"
	}
}