{
	"distancingLevel":0.2,
	"id":"scenario2",
	"distancingDays":90,
	"maintain":false,
	"name":"Italy",
	"gradual":false,
	"events":{
		"herd":{
			"eventName":"herd",
			"day":3.217594406377376e2,
			"thresholdCrossed":0.7000000000000556
		},
		"icu":{
			"eventName":"icu",
			"day":3.0011253212743384e2,
			"thresholdCrossed":1.3947232256055064e-4
		},
		"hospital":{
			"eventName":"hospital",
			"day":3.0567703138242e2,
			"thresholdCrossed":1.1685688561505587e-3
		}
	},
	"summary":{
		"totalProjectedDeaths":8.292311604758032e2,
		"totalProjectedPCRConfirmed":1.2203506857304452e4,
		"totalProjectedInfected":8.842452746033194e4,
		"totalInfectedFraction":1.8069998851592446e-2,
		"fatalityRate":9.377841016428433e-3,
		"fatalityRateSymptomatic":1.3396915737754903e-2,
		"fatalityRatePCR":6.795023513912839e-2,
		"fractionOfSymptomaticHospitalized":5.9980689855889585e-2,
		"fractionOfSymptomaticHospitalizedOrICU":8.439880458727722e-2,
		"fractionOfPCRHospitalized":0.24458398898224948,
		"fractionOfPCRHospitalizedOrICU":0.34415403258758476,
		"fractionHospitalizedInICU":0.289318253389913,
		"fractionOfDeathInICU":0.7269687065401633,
		"fractionDeathOfHospitalizedOrICU":0.17232956334747823,
		"fractionOfInfectionsPCRConfirmed":0.13801042773770048,
		"fractionOfDeathsReported":0.8056414047856038,
		"fractionOfHospitalizationsReported":0.8039525725061045,
		"dateContained":"Tue 2 Jun 2020 16:22:51",
		"dateICUOverCapacity":"Mon 26 Oct 2020 02:42:02",
		"dateHospitalsOverCapacity":"Sat 31 Oct 2020 16:14:55"
	},
	"summaryAug1":{
		"totalProjectedDeaths":8.292311604758032e2,
		"totalProjectedPCRConfirmed":1.2203506857304452e4,
		"totalProjectedInfected":8.842452746033194e4,
		"totalInfectedFraction":1.8069998851592446e-2,
		"fatalityRate":9.377841016428433e-3,
		"fatalityRateSymptomatic":1.3396915737754903e-2,
		"fatalityRatePCR":6.795023513912839e-2,
		"fractionOfSymptomaticHospitalized":5.9980689855889585e-2,
		"fractionOfSymptomaticHospitalizedOrICU":8.439880458727722e-2,
		"fractionOfPCRHospitalized":0.24458398898224948,
		"fractionOfPCRHospitalizedOrICU":0.34415403258758476,
		"fractionHospitalizedInICU":0.289318253389913,
		"fractionOfDeathInICU":0.7269687065401633,
		"fractionDeathOfHospitalizedOrICU":0.17232956334747823,
		"fractionOfInfectionsPCRConfirmed":0.13801042773770048,
		"fractionOfDeathsReported":0.8056414047856038,
		"fractionOfHospitalizationsReported":0.8039525725061045,
		"dateContained":"Tue 2 Jun 2020 16:22:51",
		"dateICUOverCapacity":"Mon 26 Oct 2020 02:42:02",
		"dateHospitalsOverCapacity":"Sat 31 Oct 2020 16:14:55"
	}
}