{
	"distancingLevel":0.11,
	"id":"scenario3",
	"distancingDays":60,
	"maintain":false,
	"name":"Wuhan",
	"gradual":false,
	"events":{
		"herd":{
			"eventName":"herd",
			"day":2.465252084179198e2,
			"thresholdCrossed":0.7000000000000014
		}
	},
	"summary":{
		"totalProjectedDeaths":3.473091514229245e3,
		"totalProjectedPCRConfirmed":5.0836400276286775e4,
		"totalProjectedInfected":3.875666742603696e5,
		"totalInfectedFraction":6.463668578422159e-2,
		"fatalityRate":8.961274910587388e-3,
		"fatalityRateSymptomatic":1.2801821300839128e-2,
		"fatalityRatePCR":6.831898984494598e-2,
		"fractionOfSymptomaticHospitalized":5.927285805878475e-2,
		"fractionOfSymptomaticHospitalizedOrICU":8.164061533211671e-2,
		"fractionOfPCRHospitalized":0.2525833765990755,
		"fractionOfPCRHospitalizedOrICU":0.34790058997595563,
		"fractionHospitalizedInICU":0.27397830335231044,
		"fractionOfDeathInICU":0.6903940649101844,
		"fractionDeathOfHospitalizedOrICU":0.16849457583807761,
		"fractionOfInfectionsPCRConfirmed":0.1311681412580241,
		"fractionOfDeathsReported":0.7999469822865007,
		"fractionOfHospitalizationsReported":0.7985079055509249,
		"dateContained":"Sat 6 Jun 2020 17:18:33",
		"dateICUOverCapacity":"",
		"dateHospitalsOverCapacity":""
	},
	"summaryAug1":{
		"totalProjectedDeaths":3.473091514229245e3,
		"totalProjectedPCRConfirmed":5.0836400276286775e4,
		"totalProjectedInfected":3.875666742603696e5,
		"totalInfectedFraction":6.463668578422159e-2,
		"fatalityRate":8.961274910587388e-3,
		"fatalityRateSymptomatic":1.2801821300839128e-2,
		"fatalityRatePCR":6.831898984494598e-2,
		"fractionOfSymptomaticHospitalized":5.927285805878475e-2,
		"fractionOfSymptomaticHospitalizedOrICU":8.164061533211671e-2,
		"fractionOfPCRHospitalized":0.2525833765990755,
		"fractionOfPCRHospitalizedOrICU":0.34790058997595563,
		"fractionHospitalizedInICU":0.27397830335231044,
		"fractionOfDeathInICU":0.6903940649101844,
		"fractionDeathOfHospitalizedOrICU":0.16849457583807761,
		"fractionOfInfectionsPCRConfirmed":0.1311681412580241,
		"fractionOfDeathsReported":0.7999469822865007,
		"fractionOfHospitalizationsReported":0.7985079055509249,
		"dateContained":"Sat 6 Jun 2020 17:18:33",
		"dateICUOverCapacity":"",
		"dateHospitalsOverCapacity":""
	}
}