{
	"distancingLevel":0.11,
	"id":"scenario3",
	"distancingDays":60,
	"maintain":false,
	"name":"Wuhan",
	"gradual":false,
	"events":{
		"herd":{
			"eventName":"herd",
			"day":2.3161085802677277e2,
			"thresholdCrossed":0.6999999999999994
		},
		"icu":{
			"eventName":"icu",
			"day":1.1425759849065264e2,
			"thresholdCrossed":1.539339291560368e-4
		},
		"hospital":{
			"eventName":"hospital",
			"day":1.1755150390845485e2,
			"thresholdCrossed":5.889434527283015e-4
		}
	},
	"summary":{
		"totalProjectedDeaths":5.545968966213026e4,
		"totalProjectedPCRConfirmed":1.6395730418328817e6,
		"totalProjectedInfected":5.273732154469629e6,
		"totalInfectedFraction":0.8795301320195462,
		"fatalityRate":1.051621281432101e-2,
		"fatalityRateSymptomatic":1.502316116331573e-2,
		"fatalityRatePCR":3.38256901321894e-2,
		"fractionOfSymptomaticHospitalized":7.381073220046222e-2,
		"fractionOfPCRHospitalized":0.23316002165816593,
		"fractionHospitalizedInICU":0.2747722959832423,
		"fractionDeathOfHospitalized":0.10521240912953424,
		"fractionOfInfectionsPCRConfirmed":0.31089425738910537,
		"dateContained":"Fri 12 Jun 2020 00:00:00",
		"dateICUOverCapacity":"Thu 23 Apr 2020 06:10:56",
		"dateHospitalsOverCapacity":"Sun 26 Apr 2020 13:14:09"
	},
	"summaryAug1":{
		"totalProjectedDeaths":3.069646064187324e3,
		"totalProjectedPCRConfirmed":8.571361822404752e4,
		"totalProjectedInfected":6.210573605207696e5,
		"totalInfectedFraction":0.10357724781824415,
		"fatalityRate":4.942612807315192e-3,
		"fatalityRateSymptomatic":7.060875439021703e-3,
		"fatalityRatePCR":3.58128163037471e-2,
		"fractionOfSymptomaticHospitalized":4.0888661656701526e-2,
		"fractionOfPCRHospitalized":0.17812572077336536,
		"fractionHospitalizedInICU":0.27477229598324204,
		"fractionDeathOfHospitalized":0.14580963619165332,
		"fractionOfInfectionsPCRConfirmed":0.13801240219128047,
		"dateContained":"Fri 12 Jun 2020 00:00:00",
		"dateICUOverCapacity":"Thu 23 Apr 2020 06:10:56",
		"dateHospitalsOverCapacity":"Sun 26 Apr 2020 13:14:09"
	}
}