{
	"distancingLevel":0.11,
	"id":"scenario3",
	"distancingDays":60,
	"maintain":false,
	"name":"Wuhan",
	"gradual":false,
	"events":{
		"herd":{
			"eventName":"herd",
			"day":2.3540690760836284e2,
			"thresholdCrossed":0.7000000000000004
		},
		"icu":{
			"eventName":"icu",
			"day":1.1625764980265838e2,
			"thresholdCrossed":1.5393392915484996e-4
		},
		"hospital":{
			"eventName":"hospital",
			"day":1.2128834152487795e2,
			"thresholdCrossed":5.889434527283125e-4
		}
	},
	"summary":{
		"totalProjectedDeaths":5.522227050005723e4,
		"totalProjectedPCRConfirmed":1.6075144262463849e6,
		"totalProjectedInfected":5.0051567626306135e6,
		"totalInfectedFraction":0.8347382952477133,
		"fatalityRate":1.1033075110125717e-2,
		"fatalityRateSymptomatic":1.5761535871608168e-2,
		"fatalityRatePCR":3.435258159953414e-2,
		"fractionOfSymptomaticHospitalized":7.381073220074792e-2,
		"fractionOfSymptomaticHospitalizedOrICU":0.10177594125533072,
		"fractionOfPCRHospitalized":0.21152152885562922,
		"fractionOfPCRHospitalizedOrICU":0.2916622292337877,
		"fractionHospitalizedInICU":0.2747722959832422,
		"fractionOfDeathInICU":0.672194484753068,
		"fractionDeathOfHospitalizedOrICU":0.16067485767446996,
		"fractionOfInfectionsPCRConfirmed":0.3211716440628538,
		"dateContained":"Mon 22 Jun 2020 00:00:00",
		"dateICUOverCapacity":"Sat 25 Apr 2020 06:11:00",
		"dateHospitalsOverCapacity":"Thu 30 Apr 2020 06:55:12"
	},
	"summaryAug1":{
		"totalProjectedDeaths":4.47939895924021e3,
		"totalProjectedPCRConfirmed":9.315198361479977e4,
		"totalProjectedInfected":5.682737658621718e5,
		"totalInfectedFraction":9.477422926918938e-2,
		"fatalityRate":7.882466565114387e-3,
		"fatalityRateSymptomatic":1.1260666521591982e-2,
		"fatalityRatePCR":4.808699488100363e-2,
		"fractionOfSymptomaticHospitalized":5.596440706614315e-2,
		"fractionOfSymptomaticHospitalizedOrICU":7.716804909158569e-2,
		"fractionOfPCRHospitalized":0.197374806532626,
		"fractionOfPCRHospitalizedOrICU":0.2721556353121133,
		"fractionHospitalizedInICU":0.2747722959832421,
		"fractionOfDeathInICU":0.6703105131228001,
		"fractionDeathOfHospitalizedOrICU":0.16067485767446993,
		"fractionOfInfectionsPCRConfirmed":0.16392096417379348,
		"dateContained":"Mon 22 Jun 2020 00:00:00",
		"dateICUOverCapacity":"Sat 25 Apr 2020 06:11:00",
		"dateHospitalsOverCapacity":"Thu 30 Apr 2020 06:55:12"
	}
}