{
	"distancingLevel":0.11,
	"id":"scenario3",
	"distancingDays":60,
	"maintain":false,
	"name":"Wuhan",
	"events":{
		"herd":{
			"eventName":"herd",
			"day":2.2563657311197682e2,
			"thresholdCrossed":0.7000000000000004
		},
		"icu":{
			"eventName":"icu",
			"day":1.1508725907245712e2,
			"thresholdCrossed":1.539339291560368e-4
		},
		"hospital":{
			"eventName":"hospital",
			"day":2.0956054916805056e2,
			"thresholdCrossed":5.889434527282403e-4
		}
	},
	"summary":{
		"totalProjectedDeaths":5.577232090320691e4,
		"totalProjectedPCRConfirmed":1.6531268701595385e6,
		"totalProjectedInfected":5.303478433260608e6,
		"totalInfectedFraction":0.8844910871355445,
		"fatalityRate":1.0516177562528104e-2,
		"fatalityRateSymptomatic":1.5023110803611576e-2,
		"fatalityRatePCR":3.373747164234557e-2,
		"fractionOfSymptomaticHospitalized":7.381073220045893e-2,
		"fractionOfPCRHospitalized":0.23304553595049865,
		"fractionHospitalizedInICU":0.2747722959832418,
		"fractionDeathOfHospitalized":0.10498956351477105,
		"fractionOfInfectionsPCRConfirmed":0.3117061549250398,
		"dateContained":"Fri 12 Jun 2020 00:00:00",
		"dateICUOverCapacity":"Fri 24 Apr 2020 02:05:39",
		"dateHospitalsOverCapacity":"Mon 27 Jul 2020 13:27:11"
	},
	"summaryAug1":{
		"totalProjectedDeaths":3.0861441973146057e3,
		"totalProjectedPCRConfirmed":1.9709927987715922e5,
		"totalProjectedInfected":1.4022035649221677e6,
		"totalInfectedFraction":0.23385341736194065,
		"fatalityRate":2.2009245123306392e-3,
		"fatalityRateSymptomatic":3.144177874758056e-3,
		"fatalityRatePCR":1.5657815691858562e-2,
		"fractionOfSymptomaticHospitalized":2.5730164698651616e-2,
		"fractionOfPCRHospitalized":0.13601393445018672,
		"fractionHospitalizedInICU":0.27477229598324215,
		"fractionDeathOfHospitalized":8.348763507229431e-2,
		"fractionOfInfectionsPCRConfirmed":0.14056395576779154,
		"dateContained":"Fri 12 Jun 2020 00:00:00",
		"dateICUOverCapacity":"Fri 24 Apr 2020 02:05:39",
		"dateHospitalsOverCapacity":"Mon 27 Jul 2020 13:27:11"
	}
}