{
	"distancingLevel":0.11,
	"id":"scenario3",
	"distancingDays":60,
	"maintain":false,
	"name":"Wuhan",
	"events":{
		"herd":{
			"eventName":"herd",
			"day":2.4725490722798114e2,
			"thresholdCrossed":0.7
		},
		"icu":{
			"eventName":"icu",
			"day":2.3055224111708313e2,
			"thresholdCrossed":1.539339291560363e-4
		},
		"hospital":{
			"eventName":"hospital",
			"day":2.306047720691205e2,
			"thresholdCrossed":5.889434527283105e-4
		}
	},
	"summary":{
		"totalProjectedDeaths":5.551100782411062e4,
		"totalProjectedPCRConfirmed":1.6775862011123823e6,
		"totalProjectedInfected":5.278601911695377e6,
		"totalInfectedFraction":0.8803422889684037,
		"fatalityRate":1.0516233039115775e-2,
		"fatalityRateSymptomatic":1.502319005587968e-2,
		"fatalityRatePCR":3.308980950564692e-2,
		"fractionOfSymptomaticHospitalized":7.381073220042543e-2,
		"fractionOfPCRHospitalized":0.23265546296634493,
		"fractionHospitalizedInICU":0.2747722959832421,
		"fractionDeathOfHospitalized":0.10314671432238673,
		"fractionOfInfectionsPCRConfirmed":0.31780881172256775,
		"dateContained":"Mon 18 May 2020 00:00:00",
		"dateICUOverCapacity":"Mon 17 Aug 2020 13:15:13",
		"dateHospitalsOverCapacity":"Mon 17 Aug 2020 14:30:52"
	},
	"summaryAug1":{
		"totalProjectedDeaths":8.631999899989098e2,
		"totalProjectedPCRConfirmed":1.4944661096649046e4,
		"totalProjectedInfected":8.992217980951864e4,
		"totalInfectedFraction":1.4996830396917493e-2,
		"fatalityRate":9.599411311285144e-3,
		"fatalityRateSymptomatic":1.371344473040735e-2,
		"fatalityRatePCR":5.775975677310341e-2,
		"fractionOfSymptomaticHospitalized":6.838235992091925e-2,
		"fractionOfPCRHospitalized":0.23425950081360417,
		"fractionHospitalizedInICU":0.27477229598324215,
		"fractionDeathOfHospitalized":0.1788144158236487,
		"fractionOfInfectionsPCRConfirmed":0.16619549401834108,
		"dateContained":"Mon 18 May 2020 00:00:00",
		"dateICUOverCapacity":"Mon 17 Aug 2020 13:15:13",
		"dateHospitalsOverCapacity":"Mon 17 Aug 2020 14:30:52"
	}
}