{
	"distancingLevel":0.11,
	"id":"scenario3",
	"distancingDays":60,
	"maintain":false,
	"name":"Wuhan",
	"gradual":false,
	"events":{
		"herd":{
			"eventName":"herd",
			"day":2.643352465395336e2,
			"thresholdCrossed":0.6999999999999995
		},
		"icu":{
			"eventName":"icu",
			"day":1.0879329478600549e2,
			"thresholdCrossed":1.0775375040922576e-4
		},
		"hospital":{
			"eventName":"hospital",
			"day":2.473696215258594e2,
			"thresholdCrossed":5.889434527283124e-4
		}
	},
	"summary":{
		"totalProjectedDeaths":5.533788560011904e3,
		"totalProjectedPCRConfirmed":6.399346157998332e4,
		"totalProjectedInfected":6.070063220547532e5,
		"totalInfectedFraction":0.10123387668086982,
		"fatalityRate":9.11652541159653e-3,
		"fatalityRateSymptomatic":1.3023607730852186e-2,
		"fatalityRatePCR":8.647428070593438e-2,
		"fractionOfSymptomaticHospitalized":5.950182930625262e-2,
		"fractionOfSymptomaticHospitalizedOrICU":8.195599330019275e-2,
		"fractionOfPCRHospitalized":0.3157779988090503,
		"fractionOfPCRHospitalizedOrICU":0.43494292287284797,
		"fractionHospitalizedInICU":0.27397830335231044,
		"fractionOfDeathInICU":0.6915749237345402,
		"fractionDeathOfHospitalizedOrICU":0.16849457583807761,
		"fractionOfInfectionsPCRConfirmed":0.10542470359017278,
		"fractionOfDeathsReported":0.8001750048073062,
		"fractionOfHospitalizationsReported":0.7992743923743478,
		"dateContained":"Sun 21 Jun 2020 22:05:04",
		"dateICUOverCapacity":"Fri 17 Apr 2020 19:02:20",
		"dateHospitalsOverCapacity":"Thu 3 Sep 2020 08:52:15"
	},
	"summaryAug1":{
		"totalProjectedDeaths":5.533788560011904e3,
		"totalProjectedPCRConfirmed":6.399346157998332e4,
		"totalProjectedInfected":6.070063220547532e5,
		"totalInfectedFraction":0.10123387668086982,
		"fatalityRate":9.11652541159653e-3,
		"fatalityRateSymptomatic":1.3023607730852186e-2,
		"fatalityRatePCR":8.647428070593438e-2,
		"fractionOfSymptomaticHospitalized":5.950182930625262e-2,
		"fractionOfSymptomaticHospitalizedOrICU":8.195599330019275e-2,
		"fractionOfPCRHospitalized":0.3157779988090503,
		"fractionOfPCRHospitalizedOrICU":0.43494292287284797,
		"fractionHospitalizedInICU":0.27397830335231044,
		"fractionOfDeathInICU":0.6915749237345402,
		"fractionDeathOfHospitalizedOrICU":0.16849457583807761,
		"fractionOfInfectionsPCRConfirmed":0.10542470359017278,
		"fractionOfDeathsReported":0.8001750048073062,
		"fractionOfHospitalizationsReported":0.7992743923743478,
		"dateContained":"Sun 21 Jun 2020 22:05:04",
		"dateICUOverCapacity":"Fri 17 Apr 2020 19:02:20",
		"dateHospitalsOverCapacity":"Thu 3 Sep 2020 08:52:15"
	}
}