{
	"distancingLevel":0.4780952380952381,
	"id":"scenario1",
	"distancingDays":90,
	"maintain":true,
	"name":"Current",
	"gradual":false,
	"events":{
		"herd":{
			"eventName":"herd",
			"day":2.4208804444206734e2,
			"thresholdCrossed":0.7000000000000002
		},
		"icu":{
			"eventName":"icu",
			"day":2.230936112032322e2,
			"thresholdCrossed":2.687236492388364e-4
		},
		"hospital":{
			"eventName":"hospital",
			"day":2.265225598000085e2,
			"thresholdCrossed":1.205346086503181e-3
		}
	},
	"summary":{
		"totalProjectedDeaths":2.4010276072903547e4,
		"totalProjectedPCRConfirmed":7.255880262914228e5,
		"totalProjectedInfected":2.2430175420652064e6,
		"totalInfectedFraction":0.7767420866132358,
		"fatalityRate":1.0704453096161094e-2,
		"fatalityRateSymptomatic":1.5292075851658708e-2,
		"fatalityRatePCR":3.309078320327758e-2,
		"fractionOfSymptomaticHospitalized":7.272951013783208e-2,
		"fractionOfSymptomaticHospitalizedOrICU":0.10090070723589861,
		"fractionOfPCRHospitalized":0.2083707605940824,
		"fractionOfPCRHospitalizedOrICU":0.28908151686131706,
		"fractionHospitalizedInICU":0.2791972214050423,
		"fractionOfDeathInICU":0.6670817862719438,
		"fractionDeathOfHospitalizedOrICU":0.16213508306366398,
		"fractionOfInfectionsPCRConfirmed":0.3234874505811285,
		"dateContained":"Thu 3 Dec 2020 00:00:00",
		"dateICUOverCapacity":"Mon 10 Aug 2020 02:14:48",
		"dateHospitalsOverCapacity":"Thu 13 Aug 2020 12:32:29"
	},
	"summaryAug1":{
		"totalProjectedDeaths":2.529358956943903e3,
		"totalProjectedPCRConfirmed":7.931139814834054e4,
		"totalProjectedInfected":3.0597939098139596e5,
		"totalInfectedFraction":0.10595863213477598,
		"fatalityRate":8.266435686505737e-3,
		"fatalityRateSymptomatic":1.1809193837865339e-2,
		"fatalityRatePCR":3.189149373225147e-2,
		"fractionOfSymptomaticHospitalized":6.264883038459375e-2,
		"fractionOfSymptomaticHospitalizedOrICU":8.69153563846043e-2,
		"fractionOfPCRHospitalized":0.1983462106209157,
		"fractionOfPCRHospitalizedOrICU":0.2751740372138227,
		"fractionHospitalizedInICU":0.27919722140504266,
		"fractionOfDeathInICU":0.6616709732950554,
		"fractionDeathOfHospitalizedOrICU":0.16213508306366411,
		"fractionOfInfectionsPCRConfirmed":0.25920503303819825,
		"dateContained":"Thu 3 Dec 2020 00:00:00",
		"dateICUOverCapacity":"Mon 10 Aug 2020 02:14:48",
		"dateHospitalsOverCapacity":"Thu 13 Aug 2020 12:32:29"
	}
}