{
	"distancingLevel":0.4780952380952381,
	"id":"scenario1",
	"distancingDays":90,
	"maintain":true,
	"name":"Current",
	"gradual":false,
	"events":{
		"herd":{
			"eventName":"herd",
			"day":2.2801164765219772e2,
			"thresholdCrossed":0.6999999999992632
		}
	},
	"summary":{
		"totalProjectedDeaths":2.210628600138459e4,
		"totalProjectedPCRConfirmed":6.538872257722344e5,
		"totalProjectedInfected":2.1683523077084264e6,
		"totalInfectedFraction":0.7508860115518016,
		"fatalityRate":1.0194969665583134e-2,
		"fatalityRateSymptomatic":1.4564242379404476e-2,
		"fatalityRatePCR":3.380749023698587e-2,
		"fractionOfSymptomaticHospitalized":7.272951013794098e-2,
		"fractionOfPCRHospitalized":0.23134339878610122,
		"fractionHospitalizedInICU":0.27919722140504244,
		"fractionDeathOfHospitalized":0.10533489621059955,
		"fractionOfInfectionsPCRConfirmed":0.30155949448237046,
		"dateContained":"Mon 14 Dec 2020 00:00:00",
		"dateICUOverCapacity":"",
		"dateHospitalsOverCapacity":""
	},
	"summaryAug1":{
		"totalProjectedDeaths":6.988929719603132e3,
		"totalProjectedPCRConfirmed":2.3429159619326302e5,
		"totalProjectedInfected":9.251924683241016e5,
		"totalInfectedFraction":0.3203880107434405,
		"fatalityRate":7.55402790109491e-3,
		"fatalityRateSymptomatic":1.0791468430135585e-2,
		"fatalityRatePCR":2.983004867933072e-2,
		"fractionOfSymptomaticHospitalized":6.194009792164406e-2,
		"fractionOfPCRHospitalized":0.21874814060035216,
		"fractionHospitalizedInICU":0.2791972214050425,
		"fractionDeathOfHospitalized":9.829378167363406e-2,
		"fractionOfInfectionsPCRConfirmed":0.25323552040761854,
		"dateContained":"Mon 14 Dec 2020 00:00:00",
		"dateICUOverCapacity":"",
		"dateHospitalsOverCapacity":""
	}
}