{
	"distancingLevel":0.5422222222222223,
	"id":"scenario1",
	"distancingDays":90,
	"maintain":true,
	"name":"Current",
	"gradual":false,
	"events":{
		"herd":{
			"eventName":"herd",
			"day":2.539296721918391e2,
			"thresholdCrossed":0.6999999999999913
		},
		"icu":{
			"eventName":"icu",
			"day":2.2741709661158194e2,
			"thresholdCrossed":1.881065544675772e-4
		},
		"hospital":{
			"eventName":"hospital",
			"day":2.405180392195244e2,
			"thresholdCrossed":1.2053460865150993e-3
		}
	},
	"summary":{
		"totalProjectedDeaths":1.9978110726738872e4,
		"totalProjectedPCRConfirmed":3.614549857677198e5,
		"totalProjectedInfected":2.174228812092591e6,
		"totalInfectedFraction":0.7529210060142816,
		"fatalityRate":9.188596257958192e-3,
		"fatalityRateSymptomatic":1.312656608279742e-2,
		"fatalityRatePCR":5.527136576718107e-2,
		"fractionOfSymptomaticHospitalized":5.90651779305913e-2,
		"fractionOfSymptomaticHospitalizedOrICU":8.18525462500988e-2,
		"fractionOfPCRHospitalized":0.19658498046867645,
		"fractionOfPCRHospitalizedOrICU":0.27242754139835046,
		"fractionHospitalizedInICU":0.2783953507063929,
		"fractionOfDeathInICU":0.6956331146875269,
		"fractionDeathOfHospitalizedOrICU":0.16959883767659822,
		"fractionOfInfectionsPCRConfirmed":0.1662451457534668,
		"fractionOfDeathsReported":0.7906184786903878,
		"fractionOfHospitalizationsReported":0.7904415300418997,
		"dateContained":"",
		"dateICUOverCapacity":"Fri 14 Aug 2020 10:00:37",
		"dateHospitalsOverCapacity":"Thu 27 Aug 2020 12:25:58"
	},
	"summaryAug1":{
		"totalProjectedDeaths":2.312979339179356e3,
		"totalProjectedPCRConfirmed":4.808065790501433e4,
		"totalProjectedInfected":3.3756283900310466e5,
		"totalInfectedFraction":0.11689577054709317,
		"fatalityRate":6.851996345362183e-3,
		"fatalityRateSymptomatic":9.788566207660263e-3,
		"fatalityRatePCR":4.8106233149903206e-2,
		"fractionOfSymptomaticHospitalized":5.0256437341848564e-2,
		"fractionOfSymptomaticHospitalizedOrICU":6.964539016072799e-2,
		"fractionOfPCRHospitalized":0.19479844720554457,
		"fractionOfPCRHospitalizedOrICU":0.2699517629164897,
		"fractionHospitalizedInICU":0.2783953507063928,
		"fractionOfDeathInICU":0.6861668611368126,
		"fractionDeathOfHospitalizedOrICU":0.1695988376765982,
		"fractionOfInfectionsPCRConfirmed":0.14243468874419593,
		"fractionOfDeathsReported":0.7899447379834342,
		"fractionOfHospitalizationsReported":0.788699423059361,
		"dateContained":"",
		"dateICUOverCapacity":"Fri 14 Aug 2020 10:00:37",
		"dateHospitalsOverCapacity":"Thu 27 Aug 2020 12:25:58"
	}
}