{
	"distancingLevel":0.4780952380952381,
	"id":"scenario1",
	"distancingDays":90,
	"maintain":true,
	"name":"Current",
	"gradual":false,
	"events":{
		"herd":{
			"eventName":"herd",
			"day":2.5808597843658106e2,
			"thresholdCrossed":0.6999999999999993
		},
		"icu":{
			"eventName":"icu",
			"day":2.3817226904028604e2,
			"thresholdCrossed":2.6872364923945355e-4
		},
		"hospital":{
			"eventName":"hospital",
			"day":2.4019104803547407e2,
			"thresholdCrossed":1.2053460863732724e-3
		}
	},
	"summary":{
		"totalProjectedDeaths":2.170723631453023e4,
		"totalProjectedPCRConfirmed":5.767805623348664e5,
		"totalProjectedInfected":2.027869721127482e6,
		"totalInfectedFraction":0.70223782428295,
		"fatalityRate":1.0704453095961783e-2,
		"fatalityRateSymptomatic":1.5292075851373975e-2,
		"fatalityRatePCR":3.76351731179309e-2,
		"fractionOfSymptomaticHospitalized":7.272951013766303e-2,
		"fractionOfSymptomaticHospitalizedOrICU":0.10090070723566415,
		"fractionOfPCRHospitalized":0.14149014643915503,
		"fractionOfPCRHospitalizedOrICU":0.19629522893205004,
		"fractionHospitalizedInICU":0.2791972214050426,
		"fractionOfDeathInICU":0.8436565012040154,
		"fractionDeathOfHospitalizedOrICU":0.1621350830636641,
		"fractionOfInfectionsPCRConfirmed":0.2844268329102425,
		"fractionOfDeathsReported":0.7906360307887319,
		"fractionOfHospitalizationsReported":0.7904748540864808,
		"dateContained":"",
		"dateICUOverCapacity":"Tue 25 Aug 2020 04:08:04",
		"dateHospitalsOverCapacity":"Thu 27 Aug 2020 04:35:06"
	},
	"summaryAug1":{
		"totalProjectedDeaths":8.358300090612607e2,
		"totalProjectedPCRConfirmed":1.5876856308699855e4,
		"totalProjectedInfected":8.357977797328126e4,
		"totalInfectedFraction":2.8943122344849755e-2,
		"fatalityRate":1.0000385611558558e-2,
		"fatalityRateSymptomatic":1.4286265159369368e-2,
		"fatalityRatePCR":5.264455335551918e-2,
		"fractionOfSymptomaticHospitalized":7.009830523487294e-2,
		"fractionOfSymptomaticHospitalizedOrICU":9.725032604828988e-2,
		"fractionOfPCRHospitalized":0.20274037691042565,
		"fractionOfPCRHospitalizedOrICU":0.2812702488545096,
		"fractionHospitalizedInICU":0.2791972214050422,
		"fractionOfDeathInICU":0.8418673159215327,
		"fractionDeathOfHospitalizedOrICU":0.16213508306366395,
		"fractionOfInfectionsPCRConfirmed":0.18996049874379137,
		"fractionOfDeathsReported":0.7888714898034332,
		"fractionOfHospitalizationsReported":0.7848704755081823,
		"dateContained":"",
		"dateICUOverCapacity":"Tue 25 Aug 2020 04:08:04",
		"dateHospitalsOverCapacity":"Thu 27 Aug 2020 04:35:06"
	}
}