{
	"distancingLevel":0.5261904761904762,
	"id":"scenario1",
	"distancingDays":90,
	"maintain":true,
	"name":"Current",
	"gradual":false,
	"events":{
		"herd":{
			"eventName":"herd",
			"day":2.601011965584082e2,
			"thresholdCrossed":0.6999999999999983
		},
		"icu":{
			"eventName":"icu",
			"day":2.3459451694992114e2,
			"thresholdCrossed":1.8810655446761725e-4
		},
		"hospital":{
			"eventName":"hospital",
			"day":2.4531810842657566e2,
			"thresholdCrossed":1.2053460865150967e-3
		}
	},
	"summary":{
		"totalProjectedDeaths":1.910779807752308e4,
		"totalProjectedPCRConfirmed":3.450087104300161e5,
		"totalProjectedInfected":2.0795122063845657e6,
		"totalInfectedFraction":0.7201212741464529,
		"fatalityRate":9.188596257746352e-3,
		"fatalityRateSymptomatic":1.3126566082494786e-2,
		"fatalityRatePCR":5.538352366149617e-2,
		"fractionOfSymptomaticHospitalized":5.906517793037301e-2,
		"fractionOfSymptomaticHospitalizedOrICU":8.18525462497962e-2,
		"fractionOfPCRHospitalized":0.19698925124930514,
		"fractionOfPCRHospitalizedOrICU":0.27298778000133667,
		"fractionHospitalizedInICU":0.27839535070639204,
		"fractionOfDeathInICU":0.695632157995617,
		"fractionDeathOfHospitalizedOrICU":0.169598837676598,
		"fractionOfInfectionsPCRConfirmed":0.16590848054210144,
		"fractionOfDeathsReported":0.7906234981195249,
		"fractionOfHospitalizationsReported":0.7904630226924848,
		"dateContained":"",
		"dateICUOverCapacity":"Fri 21 Aug 2020 14:16:06",
		"dateHospitalsOverCapacity":"Tue 1 Sep 2020 07:38:04"
	},
	"summaryAug1":{
		"totalProjectedDeaths":2.38798667646584e3,
		"totalProjectedPCRConfirmed":4.756683304895438e4,
		"totalProjectedInfected":3.33300768740268e5,
		"totalInfectedFraction":0.11541984390489678,
		"fatalityRate":7.164659972106848e-3,
		"fatalityRateSymptomatic":1.023522853158121e-2,
		"fatalityRatePCR":5.02027678405286e-2,
		"fractionOfSymptomaticHospitalized":5.1559631004074964e-2,
		"fractionOfSymptomaticHospitalizedOrICU":7.145135643811011e-2,
		"fractionOfPCRHospitalized":0.199525174285359,
		"fractionOfPCRHospitalizedOrICU":0.2765020631181882,
		"fractionHospitalizedInICU":0.2783953507063929,
		"fractionOfDeathInICU":0.6875122240050711,
		"fractionDeathOfHospitalizedOrICU":0.16959883767659822,
		"fractionOfInfectionsPCRConfirmed":0.14271444145999518,
		"fractionOfDeathsReported":0.7900409856486952,
		"fractionOfHospitalizationsReported":0.7889650779334016,
		"dateContained":"",
		"dateICUOverCapacity":"Fri 21 Aug 2020 14:16:06",
		"dateHospitalsOverCapacity":"Tue 1 Sep 2020 07:38:04"
	}
}