{
	"distancingLevel":0.4780952380952381,
	"id":"scenario1",
	"distancingDays":90,
	"maintain":true,
	"name":"Current",
	"gradual":false,
	"events":{
		"herd":{
			"eventName":"herd",
			"day":2.650673797093438e2,
			"thresholdCrossed":0.6999999999999837
		},
		"icu":{
			"eventName":"icu",
			"day":2.4328356396374292e2,
			"thresholdCrossed":1.8810655446753745e-4
		},
		"hospital":{
			"eventName":"hospital",
			"day":2.48016674035515e2,
			"thresholdCrossed":1.2053460865151004e-3
		}
	},
	"summary":{
		"totalProjectedDeaths":1.785788782967054e4,
		"totalProjectedPCRConfirmed":5.573130877034443e5,
		"totalProjectedInfected":1.9434837846308756e6,
		"totalInfectedFraction":0.6730155345924129,
		"fatalityRate":9.1885962573453e-3,
		"fatalityRateSymptomatic":1.3126566081921856e-2,
		"fatalityRatePCR":3.204282875045817e-2,
		"fractionOfSymptomaticHospitalized":5.906517792971656e-2,
		"fractionOfSymptomaticHospitalizedOrICU":8.185254624888658e-2,
		"fractionOfPCRHospitalized":0.11396307752164472,
		"fractionOfPCRHospitalizedOrICU":0.15793007657753508,
		"fractionHospitalizedInICU":0.2783953507063928,
		"fractionOfDeathInICU":0.6956342635497902,
		"fractionDeathOfHospitalizedOrICU":0.1695988376765982,
		"fractionOfInfectionsPCRConfirmed":0.2867598341240055,
		"fractionOfDeathsReported":0.7906070066965118,
		"fractionOfHospitalizationsReported":0.7904109216251863,
		"dateContained":"",
		"dateICUOverCapacity":"Sun 30 Aug 2020 06:48:19",
		"dateHospitalsOverCapacity":"Fri 4 Sep 2020 00:24:00"
	},
	"summaryAug1":{
		"totalProjectedDeaths":6.677888095513694e2,
		"totalProjectedPCRConfirmed":1.3172192103244768e4,
		"totalProjectedInfected":7.626590175711985e4,
		"totalInfectedFraction":2.64103755576171e-2,
		"fatalityRate":8.756059971309885e-3,
		"fatalityRateSymptomatic":1.2508657101871266e-2,
		"fatalityRatePCR":5.0696862323080585e-2,
		"fractionOfSymptomaticHospitalized":5.7555859051354595e-2,
		"fractionOfSymptomaticHospitalizedOrICU":7.976093156785664e-2,
		"fractionOfPCRHospitalized":0.18264428452528306,
		"fractionOfPCRHospitalizedOrICU":0.2531085196084547,
		"fractionHospitalizedInICU":0.27839535070639293,
		"fractionOfDeathInICU":0.6942776082546528,
		"fractionDeathOfHospitalizedOrICU":0.16959883767659822,
		"fractionOfInfectionsPCRConfirmed":0.17271404126569673,
		"fractionOfDeathsReported":0.7880408547390998,
		"fractionOfHospitalizationsReported":0.7829718571135503,
		"dateContained":"",
		"dateICUOverCapacity":"Sun 30 Aug 2020 06:48:19",
		"dateHospitalsOverCapacity":"Fri 4 Sep 2020 00:24:00"
	}
}