{
	"distancingLevel":0.7,
	"id":"scenario8",
	"distancingDays":595,
	"maintain":false,
	"name":"relaxed restrictions",
	"gradual":false,
	"events":{
		"icu":{
			"eventName":"icu",
			"day":1.3810686558223446e2,
			"thresholdCrossed":1.6625801393259387e-4
		}
	},
	"summary":{
		"totalProjectedDeaths":1.3053858830518084e4,
		"totalProjectedPCRConfirmed":1.853741296820794e5,
		"totalProjectedInfected":1.3421068956090866e6,
		"totalInfectedFraction":0.20290627166427744,
		"fatalityRate":9.726392788253924e-3,
		"fatalityRateSymptomatic":1.389484684036275e-2,
		"fatalityRatePCR":7.041898917020262e-2,
		"fractionOfSymptomaticHospitalized":5.9595337269444666e-2,
		"fractionOfSymptomaticHospitalizedOrICU":8.276740116228055e-2,
		"fractionOfPCRHospitalized":0.23472750776048262,
		"fractionOfPCRHospitalizedOrICU":0.3259950641909544,
		"fractionHospitalizedInICU":0.27996606837277443,
		"fractionOfDeathInICU":0.7292129206056115,
		"fractionDeathOfHospitalizedOrICU":0.1699915170931936,
		"fractionOfInfectionsPCRConfirmed":0.13812173254497084,
		"fractionOfDeathsReported":0.781189956928207,
		"fractionOfHospitalizationsReported":0.7771693830259154,
		"dateContained":"Tue 16 Feb 2021 01:14:28",
		"dateICUOverCapacity":"Sun 17 May 2020 02:33:53",
		"dateHospitalsOverCapacity":""
	},
	"summaryAug1":{
		"totalProjectedDeaths":1.0435360577158825e4,
		"totalProjectedPCRConfirmed":1.5639259481764105e5,
		"totalProjectedInfected":1.1992142926634839e6,
		"totalInfectedFraction":0.18130307045358848,
		"fatalityRate":8.70183139160361e-3,
		"fatalityRateSymptomatic":1.2431187702290875e-2,
		"fatalityRatePCR":6.672541362541366e-2,
		"fractionOfSymptomaticHospitalized":5.637980649741408e-2,
		"fractionOfSymptomaticHospitalizedOrICU":7.830159666225689e-2,
		"fractionOfPCRHospitalized":0.2348372183418803,
		"fractionOfPCRHospitalizedOrICU":0.3261474328177352,
		"fractionHospitalizedInICU":0.2799660683727743,
		"fractionOfDeathInICU":0.72506164288546,
		"fractionDeathOfHospitalizedOrICU":0.16999151709319357,
		"fractionOfInfectionsPCRConfirmed":0.13041255076295774,
		"fractionOfDeathsReported":0.7806025414774486,
		"fractionOfHospitalizationsReported":0.776005315191985,
		"dateContained":"Tue 16 Feb 2021 01:14:28",
		"dateICUOverCapacity":"Sun 17 May 2020 02:33:53",
		"dateHospitalsOverCapacity":""
	}
}