{
	"distancingLevel":0.4509523809523809,
	"id":"scenario1",
	"distancingDays":90,
	"maintain":true,
	"name":"Current",
	"gradual":false,
	"events":{
		"herd":{
			"eventName":"herd",
			"day":2.7591123277976243e2,
			"thresholdCrossed":0.7000000000000605
		},
		"icu":{
			"eventName":"icu",
			"day":9.40193312503324e1,
			"thresholdCrossed":1.6545148851934653e-4
		},
		"hospital":{
			"eventName":"hospital",
			"day":2.5887615503075136e2,
			"thresholdCrossed":1.3192451148901722e-3
		}
	},
	"summary":{
		"totalProjectedDeaths":6.951898682381587e4,
		"totalProjectedPCRConfirmed":1.7685937500033092e6,
		"totalProjectedInfected":6.377653862321332e6,
		"totalInfectedFraction":0.6425479995020267,
		"fatalityRate":1.0900401358331546e-2,
		"fatalityRateSymptomatic":1.5572001940473638e-2,
		"fatalityRatePCR":3.9307493212438295e-2,
		"fractionOfSymptomaticHospitalized":6.269374693328418e-2,
		"fractionOfSymptomaticHospitalizedOrICU":8.779455656119851e-2,
		"fractionOfPCRHospitalized":0.12814437643122426,
		"fractionOfPCRHospitalizedOrICU":0.17944977377987573,
		"fractionHospitalizedInICU":0.28590393996030317,
		"fractionOfDeathInICU":0.7364070617339808,
		"fractionDeathOfHospitalizedOrICU":0.1714759849900758,
		"fractionOfInfectionsPCRConfirmed":0.27731102819047915,
		"fractionOfDeathsReported":0.8107548827776954,
		"fractionOfHospitalizationsReported":0.8097378247030929,
		"dateContained":"",
		"dateICUOverCapacity":"Fri 3 Apr 2020 00:27:50",
		"dateHospitalsOverCapacity":"Mon 14 Sep 2020 21:01:39"
	},
	"summaryAug1":{
		"totalProjectedDeaths":8.599508557982346e3,
		"totalProjectedPCRConfirmed":8.754952088166178e4,
		"totalProjectedInfected":7.96701396704625e5,
		"totalInfectedFraction":8.026758737682568e-2,
		"fatalityRate":1.079389165570974e-2,
		"fatalityRateSymptomatic":1.5419845222442488e-2,
		"fatalityRatePCR":9.822450735745385e-2,
		"fractionOfSymptomaticHospitalized":6.240387376648645e-2,
		"fractionOfSymptomaticHospitalizedOrICU":8.738862634673739e-2,
		"fractionOfPCRHospitalized":0.31753281885206336,
		"fractionOfPCRHospitalizedOrICU":0.4446640117779276,
		"fractionHospitalizedInICU":0.2859039399603028,
		"fractionOfDeathInICU":0.7364237399855101,
		"fractionDeathOfHospitalizedOrICU":0.17147598499007569,
		"fractionOfInfectionsPCRConfirmed":0.10989000551999854,
		"fractionOfDeathsReported":0.8069554921858966,
		"fractionOfHospitalizationsReported":0.7987984699018877,
		"dateContained":"",
		"dateICUOverCapacity":"Fri 3 Apr 2020 00:27:50",
		"dateHospitalsOverCapacity":"Mon 14 Sep 2020 21:01:39"
	}
}