{
	"distancingLevel":0.4509523809523809,
	"id":"scenario1",
	"distancingDays":90,
	"maintain":true,
	"name":"Current",
	"gradual":false,
	"events":{
		"herd":{
			"eventName":"herd",
			"day":2.3882479757588564e2,
			"thresholdCrossed":0.6999999999999789
		},
		"icu":{
			"eventName":"icu",
			"day":1.039692821937547e2,
			"thresholdCrossed":1.9464881002276141e-4
		},
		"hospital":{
			"eventName":"hospital",
			"day":2.2615038169198604e2,
			"thresholdCrossed":1.3192451148901746e-3
		}
	},
	"summary":{
		"totalProjectedDeaths":1.2294859826410862e5,
		"totalProjectedPCRConfirmed":2.6782753846201915e6,
		"totalProjectedInfected":8.118733742689211e6,
		"totalInfectedFraction":0.8179616262453908,
		"fatalityRate":1.5143814560345923e-2,
		"fatalityRateSymptomatic":2.1634020800494178e-2,
		"fatalityRatePCR":4.590588367803114e-2,
		"fractionOfSymptomaticHospitalized":7.719752421073e-2,
		"fractionOfSymptomaticHospitalizedOrICU":0.10822874490531795,
		"fractionOfPCRHospitalized":0.19892545303649906,
		"fractionOfPCRHospitalizedOrICU":0.2788878572464578,
		"fractionHospitalizedInICU":0.28671884462612096,
		"fractionOfDeathInICU":0.607482689352168,
		"fractionDeathOfHospitalizedOrICU":0.16460337904731132,
		"fractionOfInfectionsPCRConfirmed":0.3298883138065632,
		"dateContained":"Sun 6 Dec 2020 00:00:00",
		"dateICUOverCapacity":"Sun 12 Apr 2020 23:15:45",
		"dateHospitalsOverCapacity":"Thu 13 Aug 2020 03:36:32"
	},
	"summaryAug1":{
		"totalProjectedDeaths":1.7811644771603605e4,
		"totalProjectedPCRConfirmed":2.9162609396129724e5,
		"totalProjectedInfected":1.3868005046496259e6,
		"totalInfectedFraction":0.13972001447671567,
		"fatalityRate":1.2843696488345095e-2,
		"fatalityRateSymptomatic":1.8348137840492995e-2,
		"fatalityRatePCR":6.1076992561466245e-2,
		"fractionOfSymptomaticHospitalized":6.928373761882418e-2,
		"fractionOfSymptomaticHospitalizedOrICU":9.713383999680718e-2,
		"fractionOfPCRHospitalized":0.199341870963385,
		"fractionOfPCRHospitalizedOrICU":0.27947166339884055,
		"fractionHospitalizedInICU":0.28671884462612046,
		"fractionOfDeathInICU":0.608228457135093,
		"fractionDeathOfHospitalizedOrICU":0.21854449148320926,
		"fractionOfInfectionsPCRConfirmed":0.2102869828670681,
		"dateContained":"Sun 6 Dec 2020 00:00:00",
		"dateICUOverCapacity":"Sun 12 Apr 2020 23:15:45",
		"dateHospitalsOverCapacity":"Thu 13 Aug 2020 03:36:32"
	}
}