{
	"distancingLevel":0.4509523809523809,
	"id":"scenario1",
	"distancingDays":90,
	"maintain":true,
	"name":"Current",
	"gradual":false,
	"events":{
		"herd":{
			"eventName":"herd",
			"day":2.729007132410785e2,
			"thresholdCrossed":0.7000000000000233
		},
		"icu":{
			"eventName":"icu",
			"day":9.80400658285147e1,
			"thresholdCrossed":1.9464881002276141e-4
		},
		"hospital":{
			"eventName":"hospital",
			"day":2.5294969773512875e2,
			"thresholdCrossed":1.3192451148609046e-3
		}
	},
	"summary":{
		"totalProjectedDeaths":8.38770205449786e4,
		"totalProjectedPCRConfirmed":1.8192819737987206e6,
		"totalProjectedInfected":6.460487450151512e6,
		"totalInfectedFraction":0.6508934753307329,
		"fatalityRate":1.2983079247837793e-2,
		"fatalityRateSymptomatic":1.8547256068339707e-2,
		"fatalityRatePCR":4.61044641528771e-2,
		"fractionOfSymptomaticHospitalized":7.719752419212687e-2,
		"fractionOfSymptomaticHospitalizedOrICU":0.10822874487923684,
		"fractionOfPCRHospitalized":0.15543394839414193,
		"fractionOfPCRHospitalizedOrICU":0.21791399818023854,
		"fractionHospitalizedInICU":0.2867188446261208,
		"fractionOfDeathInICU":0.8735195519522647,
		"fractionDeathOfHospitalizedOrICU":0.16461721872661986,
		"fractionOfInfectionsPCRConfirmed":0.2816013478605325,
		"fractionOfDeathsReported":0.8108582677741007,
		"fractionOfHospitalizationsReported":0.8099891401798316,
		"dateContained":"",
		"dateICUOverCapacity":"Tue 7 Apr 2020 00:57:41",
		"dateHospitalsOverCapacity":"Tue 8 Sep 2020 22:47:33"
	},
	"summaryAug1":{
		"totalProjectedDeaths":8.201543118695288e3,
		"totalProjectedPCRConfirmed":8.041663795391547e4,
		"totalProjectedInfected":6.387070240238936e5,
		"totalInfectedFraction":6.43496698651295e-2,
		"fatalityRate":1.2840853177134426e-2,
		"fatalityRateSymptomatic":1.8344075967334898e-2,
		"fatalityRatePCR":0.10198813737270841,
		"fractionOfSymptomaticHospitalized":7.679810317220002e-2,
		"fractionOfSymptomaticHospitalizedOrICU":0.10766876790954172,
		"fractionOfPCRHospitalized":0.34074985693142734,
		"fractionOfPCRHospitalizedOrICU":0.47772165907399716,
		"fractionHospitalizedInICU":0.28671884462612035,
		"fractionOfDeathInICU":0.8735389859568069,
		"fractionDeathOfHospitalizedOrICU":0.16461721872661972,
		"fractionOfInfectionsPCRConfirmed":0.12590536024997143,
		"fractionOfDeathsReported":0.8068635005773079,
		"fractionOfHospitalizationsReported":0.7980523275588935,
		"dateContained":"",
		"dateICUOverCapacity":"Tue 7 Apr 2020 00:57:41",
		"dateHospitalsOverCapacity":"Tue 8 Sep 2020 22:47:33"
	}
}