{
	"distancingLevel":0.5299999999999999,
	"id":"scenario1",
	"distancingDays":90,
	"maintain":true,
	"name":"Current",
	"gradual":false,
	"events":{
		"herd":{
			"eventName":"herd",
			"day":2.7337507816165004e2,
			"thresholdCrossed":0.6999999999999992
		},
		"icu":{
			"eventName":"icu",
			"day":9.047720485408531e1,
			"thresholdCrossed":1.3625416701593175e-4
		},
		"hospital":{
			"eventName":"hospital",
			"day":2.593654053091916e2,
			"thresholdCrossed":1.3192451148901733e-3
		}
	},
	"summary":{
		"totalProjectedDeaths":7.65901256805661e4,
		"totalProjectedPCRConfirmed":1.1675334471995167e6,
		"totalProjectedInfected":7.026358310587549e6,
		"totalInfectedFraction":0.7079049088765045,
		"fatalityRate":1.090040135942933e-2,
		"fatalityRateSymptomatic":1.5572001942041901e-2,
		"fatalityRatePCR":6.559994136722817e-2,
		"fractionOfSymptomaticHospitalized":6.269374693498114e-2,
		"fractionOfSymptomaticHospitalizedOrICU":8.77945565635749e-2,
		"fractionOfPCRHospitalized":0.2139729819203598,
		"fractionOfPCRHospitalizedOrICU":0.29964173434658775,
		"fractionHospitalizedInICU":0.2859039399603031,
		"fractionOfDeathInICU":0.7363920496538969,
		"fractionDeathOfHospitalizedOrICU":0.17147598499007577,
		"fractionOfInfectionsPCRConfirmed":0.1661648033861636,
		"fractionOfDeathsReported":0.8109452311688228,
		"fractionOfHospitalizationsReported":0.8101691660760527,
		"dateContained":"",
		"dateICUOverCapacity":"Mon 30 Mar 2020 11:27:10",
		"dateHospitalsOverCapacity":"Tue 15 Sep 2020 08:46:11"
	},
	"summaryAug1":{
		"totalProjectedDeaths":8.951125976257337e3,
		"totalProjectedPCRConfirmed":8.214320491014433e4,
		"totalProjectedInfected":8.485042711765257e5,
		"totalInfectedFraction":8.54867218859944e-2,
		"fatalityRate":1.0549299844826726e-2,
		"fatalityRateSymptomatic":1.5070428349752467e-2,
		"fatalityRatePCR":0.10896976793209967,
		"fractionOfSymptomaticHospitalized":6.1646598522985686e-2,
		"fractionOfSymptomaticHospitalizedOrICU":8.632815943496272e-2,
		"fractionOfPCRHospitalized":0.3574195250328814,
		"fractionOfPCRHospitalizedOrICU":0.5005202311479108,
		"fractionHospitalizedInICU":0.2859039399603029,
		"fractionOfDeathInICU":0.735602388536329,
		"fractionDeathOfHospitalizedOrICU":0.1714759849900757,
		"fractionOfInfectionsPCRConfirmed":9.680941829113665e-2,
		"fractionOfDeathsReported":0.8083308346769582,
		"fractionOfHospitalizationsReported":0.8018418611282453,
		"dateContained":"",
		"dateICUOverCapacity":"Mon 30 Mar 2020 11:27:10",
		"dateHospitalsOverCapacity":"Tue 15 Sep 2020 08:46:11"
	}
}