{
	"distancingLevel":0.6790476190476191,
	"id":"scenario5",
	"distancingDays":612,
	"maintain":true,
	"name":"Current Indefinite",
	"gradual":false,
	"events":{},
	"summary":{
		"totalProjectedDeaths":9.956600714625577e2,
		"totalProjectedPCRConfirmed":1.815316887081227e4,
		"totalProjectedInfected":1.0421905016298132e5,
		"totalInfectedFraction":2.674854627255311e-2,
		"fatalityRate":9.553532390724252e-3,
		"fatalityRateSymptomatic":1.3647903415320359e-2,
		"fatalityRatePCR":5.4847728159651415e-2,
		"fractionOfSymptomaticHospitalized":5.8620441150015495e-2,
		"fractionOfSymptomaticHospitalizedOrICU":8.167937627206631e-2,
		"fractionOfPCRHospitalized":0.18000081302741258,
		"fractionOfPCRHospitalizedOrICU":0.2508059279001177,
		"fractionHospitalizedInICU":0.2823103722688047,
		"fractionOfDeathInICU":0.7417267603786736,
		"fractionDeathOfHospitalizedOrICU":0.17057759306720116,
		"fractionOfInfectionsPCRConfirmed":0.17418282782681022,
		"fractionOfDeathsReported":0.7677911749375266,
		"fractionOfHospitalizationsReported":0.7640691786286656,
		"dateContained":"Sat 13 Feb 2021 22:52:55",
		"dateICUOverCapacity":"",
		"dateHospitalsOverCapacity":""
	},
	"summaryAug1":{
		"totalProjectedDeaths":8.365168593538216e2,
		"totalProjectedPCRConfirmed":1.4596303512453282e4,
		"totalProjectedInfected":9.277849357734497e4,
		"totalInfectedFraction":2.3812247613756138e-2,
		"fatalityRate":9.016279819810371e-3,
		"fatalityRateSymptomatic":1.2880399742586247e-2,
		"fatalityRatePCR":5.7310185324669485e-2,
		"fractionOfSymptomaticHospitalized":5.686864140483102e-2,
		"fractionOfSymptomaticHospitalizedOrICU":7.923848862719064e-2,
		"fractionOfPCRHospitalized":0.1931026088968555,
		"fractionOfPCRHospitalizedOrICU":0.2690614458332125,
		"fractionHospitalizedInICU":0.2823103722688045,
		"fractionOfDeathInICU":0.7397147586579631,
		"fractionDeathOfHospitalizedOrICU":0.17057759306720113,
		"fractionOfInfectionsPCRConfirmed":0.157324213291791,
		"fractionOfDeathsReported":0.7673980483687426,
		"fractionOfHospitalizationsReported":0.7631551107157379,
		"dateContained":"Sat 13 Feb 2021 22:52:55",
		"dateICUOverCapacity":"",
		"dateHospitalsOverCapacity":""
	}
}