{
	"distancingLevel":0.6790476190476191,
	"id":"scenario5",
	"distancingDays":614,
	"maintain":true,
	"name":"Current Indefinite",
	"gradual":false,
	"events":{
		"icu":{
			"eventName":"icu",
			"day":1.5084933736378477e2,
			"thresholdCrossed":2.2046834251694764e-4
		}
	},
	"summary":{
		"totalProjectedDeaths":1.2526850685474954e4,
		"totalProjectedPCRConfirmed":3.217887430358324e5,
		"totalProjectedInfected":1.1122719756897625e6,
		"totalInfectedFraction":0.28547236194222664,
		"fatalityRate":1.126239890895981e-2,
		"fatalityRateSymptomatic":1.6089141298514017e-2,
		"fatalityRatePCR":3.892880331143231e-2,
		"fractionOfSymptomaticHospitalized":7.22599381191965e-2,
		"fractionOfSymptomaticHospitalizedOrICU":0.1007976884807521,
		"fractionOfPCRHospitalized":0.21007239512630863,
		"fractionOfPCRHospitalizedOrICU":0.29303667278842915,
		"fractionHospitalizedInICU":0.283119095206286,
		"fractionOfDeathInICU":0.6856232142599813,
		"fractionDeathOfHospitalizedOrICU":0.16342930141807438,
		"fractionOfInfectionsPCRConfirmed":0.2893076064748273,
		"dateContained":"Fri 12 Feb 2021 00:00:00",
		"dateICUOverCapacity":"Fri 29 May 2020 20:23:02",
		"dateHospitalsOverCapacity":""
	},
	"summaryAug1":{
		"totalProjectedDeaths":7.524547014879722e3,
		"totalProjectedPCRConfirmed":2.1983104798058557e5,
		"totalProjectedInfected":8.410843541204669e5,
		"totalInfectedFraction":0.21587016701964706,
		"fatalityRate":8.94624537719316e-3,
		"fatalityRateSymptomatic":1.2780350538847372e-2,
		"fatalityRatePCR":3.422877288718678e-2,
		"fractionOfSymptomaticHospitalized":6.465275705293799e-2,
		"fractionOfSymptomaticHospitalizedOrICU":9.018618939437666e-2,
		"fractionOfPCRHospitalized":0.19917950942571885,
		"fractionOfPCRHospitalizedOrICU":0.2778418396888864,
		"fractionHospitalizedInICU":0.2831190952062859,
		"fractionOfDeathInICU":0.6797123326001281,
		"fractionDeathOfHospitalizedOrICU":0.16342930141807438,
		"fractionOfInfectionsPCRConfirmed":0.2613662314649353,
		"dateContained":"Fri 12 Feb 2021 00:00:00",
		"dateICUOverCapacity":"Fri 29 May 2020 20:23:02",
		"dateHospitalsOverCapacity":""
	}
}