{
	"distancingLevel":0.6790476190476191,
	"id":"scenario5",
	"distancingDays":617,
	"maintain":true,
	"name":"Current Indefinite",
	"gradual":false,
	"events":{
		"herd":{
			"eventName":"herd",
			"day":1.9784674822327293e2,
			"thresholdCrossed":0.7
		},
		"icu":{
			"eventName":"icu",
			"day":1.3030800475242074e2,
			"thresholdCrossed":2.2046834251694762e-4
		},
		"hospital":{
			"eventName":"hospital",
			"day":1.4934086850318505e2,
			"thresholdCrossed":1.8295628880128497e-3
		}
	},
	"summary":{
		"totalProjectedDeaths":2.296673649785626e4,
		"totalProjectedPCRConfirmed":5.0322563364409655e5,
		"totalProjectedInfected":1.7287156368025148e6,
		"totalInfectedFraction":0.44368692797320164,
		"fatalityRate":1.3285433421737443e-2,
		"fatalityRateSymptomatic":1.8979190602482064e-2,
		"fatalityRatePCR":4.5639043328423425e-2,
		"fractionOfSymptomaticHospitalized":7.225993834799717e-2,
		"fractionOfSymptomaticHospitalizedOrICU":0.10079768879991347,
		"fractionOfPCRHospitalized":0.1936256641085189,
		"fractionOfPCRHospitalizedOrICU":0.27009460401827207,
		"fractionHospitalizedInICU":0.28311909520628603,
		"fractionOfDeathInICU":0.5811942993377149,
		"fractionDeathOfHospitalizedOrICU":0.16897428771044948,
		"fractionOfInfectionsPCRConfirmed":0.29109798218455296,
		"dateContained":"Wed 18 Nov 2020 00:00:00",
		"dateICUOverCapacity":"Sat 9 May 2020 07:23:31",
		"dateHospitalsOverCapacity":"Thu 28 May 2020 08:10:51"
	},
	"summaryAug1":{
		"totalProjectedDeaths":1.8847985192757176e4,
		"totalProjectedPCRConfirmed":4.6602331351353566e5,
		"totalProjectedInfected":1.6531877016512256e6,
		"totalInfectedFraction":0.42430215652205816,
		"fatalityRate":1.1400995285611889e-2,
		"fatalityRateSymptomatic":1.6287136122302696e-2,
		"fatalityRatePCR":4.044429676844855e-2,
		"fractionOfSymptomaticHospitalized":6.819326652316132e-2,
		"fractionOfSymptomaticHospitalizedOrICU":9.512495878626348e-2,
		"fractionOfPCRHospitalized":0.18689962971745017,
		"fractionOfPCRHospitalizedOrICU":0.2607122444853395,
		"fractionHospitalizedInICU":0.2831190952062859,
		"fractionOfDeathInICU":0.5835015812767553,
		"fractionDeathOfHospitalizedOrICU":0.1551300240933749,
		"fractionOfInfectionsPCRConfirmed":0.2818937698653731,
		"dateContained":"Wed 18 Nov 2020 00:00:00",
		"dateICUOverCapacity":"Sat 9 May 2020 07:23:31",
		"dateHospitalsOverCapacity":"Thu 28 May 2020 08:10:51"
	}
}