{
	"distancingLevel":0.8042857142857144,
	"id":"scenario5",
	"distancingDays":598,
	"maintain":true,
	"name":"Current Indefinite",
	"gradual":false,
	"events":{},
	"summary":{
		"totalProjectedDeaths":1.7045818732424403e4,
		"totalProjectedPCRConfirmed":2.7954997855026275e5,
		"totalProjectedInfected":1.7805975802483212e6,
		"totalInfectedFraction":0.4570027906950351,
		"fatalityRate":9.573088788566816e-3,
		"fatalityRateSymptomatic":1.3675841126524022e-2,
		"fatalityRatePCR":6.097592573901624e-2,
		"fractionOfSymptomaticHospitalized":5.868382871652543e-2,
		"fractionOfSymptomaticHospitalizedOrICU":8.1767697969999e-2,
		"fractionOfPCRHospitalized":0.20138777049047205,
		"fractionOfPCRHospitalizedOrICU":0.28060565836392454,
		"fractionHospitalizedInICU":0.28231037226880423,
		"fractionOfDeathInICU":0.7415655527701176,
		"fractionDeathOfHospitalizedOrICU":0.17057759306720102,
		"fractionOfInfectionsPCRConfirmed":0.15699784255085694,
		"fractionOfDeathsReported":0.7697958840218541,
		"fractionOfHospitalizationsReported":0.7696801699800605,
		"dateContained":"",
		"dateICUOverCapacity":"",
		"dateHospitalsOverCapacity":""
	},
	"summaryAug1":{
		"totalProjectedDeaths":1.298063101407759e4,
		"totalProjectedPCRConfirmed":2.4799434870158514e5,
		"totalProjectedInfected":1.6499346496744195e6,
		"totalInfectedFraction":0.4234672380384168,
		"fatalityRate":7.867360696157904e-3,
		"fatalityRateSymptomatic":1.1239086708797008e-2,
		"fatalityRatePCR":5.23424468421954e-2,
		"fractionOfSymptomaticHospitalized":5.370843707819615e-2,
		"fractionOfSymptomaticHospitalizedOrICU":7.483518641335607e-2,
		"fractionOfPCRHospitalized":0.19251203002552122,
		"fractionOfPCRHospitalizedOrICU":0.2682385568732573,
		"fractionHospitalizedInICU":0.28231037226880434,
		"fractionOfDeathInICU":0.7329866487015769,
		"fractionDeathOfHospitalizedOrICU":0.1705775930672011,
		"fractionOfInfectionsPCRConfirmed":0.15030555831439849,
		"fractionOfDeathsReported":0.7697765572442034,
		"fractionOfHospitalizationsReported":0.769648381131195,
		"dateContained":"",
		"dateICUOverCapacity":"",
		"dateHospitalsOverCapacity":""
	}
}