{
	"distancingLevel":0.7263857087142858,
	"id":"scenario5",
	"distancingDays":622,
	"maintain":true,
	"name":"Current Indefinite",
	"events":{
		"herd":{
			"eventName":"herd",
			"day":1.8155490303969378e2,
			"thresholdCrossed":0.6999999999999998
		},
		"icu":{
			"eventName":"icu",
			"day":1.2723117840282396e2,
			"thresholdCrossed":2.2046834251694772e-4
		},
		"hospital":{
			"eventName":"hospital",
			"day":1.4354111389714112e2,
			"thresholdCrossed":1.8295628880128506e-3
		}
	},
	"summary":{
		"totalProjectedDeaths":2.157143028395623e4,
		"totalProjectedPCRConfirmed":5.4918632755772e5,
		"totalProjectedInfected":2.0054863506457102e6,
		"totalInfectedFraction":0.5147220624763934,
		"fatalityRate":1.0756208974950558e-2,
		"fatalityRateSymptomatic":1.5366012821357942e-2,
		"fatalityRatePCR":3.9278891701267e-2,
		"fractionOfSymptomaticHospitalized":7.225993835199968e-2,
		"fractionOfPCRHospitalized":0.23379127123588195,
		"fractionHospitalizedInICU":0.2831190952062856,
		"fractionDeathOfHospitalized":0.12044199628688662,
		"fractionOfInfectionsPCRConfirmed":0.2738419672519324,
		"dateContained":"Tue 3 Nov 2020 00:00:00",
		"dateICUOverCapacity":"Wed 6 May 2020 05:32:53",
		"dateHospitalsOverCapacity":"Fri 22 May 2020 12:59:12"
	},
	"summaryAug1":{
		"totalProjectedDeaths":1.8825657836857124e4,
		"totalProjectedPCRConfirmed":5.217587869487316e5,
		"totalProjectedInfected":1.9474968297133606e6,
		"totalInfectedFraction":0.4998386473852328,
		"fatalityRate":9.666592288947626e-3,
		"fatalityRateSymptomatic":1.3809417555639468e-2,
		"fatalityRatePCR":3.608115149713223e-2,
		"fractionOfSymptomaticHospitalized":6.994063294480427e-2,
		"fractionOfPCRHospitalized":0.22989448142250044,
		"fractionHospitalizedInICU":0.28311909520628586,
		"fractionDeathOfHospitalized":0.11251200277281498,
		"fractionOfInfectionsPCRConfirmed":0.26791252185274456,
		"dateContained":"Tue 3 Nov 2020 00:00:00",
		"dateICUOverCapacity":"Wed 6 May 2020 05:32:53",
		"dateHospitalsOverCapacity":"Fri 22 May 2020 12:59:12"
	}
}