{
	"distancingLevel":0.3685714285714285,
	"id":"scenario6",
	"distancingDays":9,
	"maintain":true,
	"postDistancingLevel":1,
	"name":"Open May 1",
	"gradual":false,
	"events":{
		"herd":{
			"eventName":"herd",
			"day":1.561384898247778e2,
			"thresholdCrossed":0.6999999999999932
		},
		"icu":{
			"eventName":"icu",
			"day":8.56780811733622e1,
			"thresholdCrossed":1.570342557929954e-4
		},
		"hospital":{
			"eventName":"hospital",
			"day":9.032164655601441e1,
			"thresholdCrossed":8.571121135744627e-4
		}
	},
	"summary":{
		"totalProjectedDeaths":2.3240096348790397e5,
		"totalProjectedPCRConfirmed":4.81349397704915e6,
		"totalProjectedInfected":1.6154665558455624e7,
		"totalInfectedFraction":0.8159652246885744,
		"fatalityRate":1.438599658079962e-2,
		"fatalityRateSymptomatic":2.05514236868566e-2,
		"fatalityRatePCR":4.8281137276996115e-2,
		"fractionOfSymptomaticHospitalized":7.542091918466336e-2,
		"fractionOfSymptomaticHospitalizedOrICU":0.10493497373417635,
		"fractionOfPCRHospitalized":0.1998445408501842,
		"fractionOfPCRHospitalizedOrICU":0.27804860868490927,
		"fractionHospitalizedInICU":0.2812604177543196,
		"fractionOfDeathInICU":0.59631501755186,
		"fractionDeathOfHospitalizedOrICU":0.17364279398969892,
		"fractionOfInfectionsPCRConfirmed":0.29796308438769786,
		"dateContained":"Sun 13 Sep 2020 00:00:00",
		"dateICUOverCapacity":"Wed 25 Mar 2020 16:16:26",
		"dateHospitalsOverCapacity":"Mon 30 Mar 2020 07:43:10"
	},
	"summaryAug1":{
		"totalProjectedDeaths":2.22772923986155e5,
		"totalProjectedPCRConfirmed":4.793778727558601e6,
		"totalProjectedInfected":1.6139229015358882e7,
		"totalInfectedFraction":0.8151855315212494,
		"fatalityRate":1.3803194921774353e-2,
		"fatalityRateSymptomatic":1.9718849888249075e-2,
		"fatalityRatePCR":4.647125715366714e-2,
		"fractionOfSymptomaticHospitalized":7.482029161825228e-2,
		"fractionOfSymptomaticHospitalizedOrICU":0.10409930587721149,
		"fractionOfPCRHospitalized":0.19865426557390167,
		"fractionOfPCRHospitalizedOrICU":0.27639254951454373,
		"fractionHospitalizedInICU":0.28126041775431976,
		"fractionOfDeathInICU":0.5983021975674973,
		"fractionDeathOfHospitalizedOrICU":0.16813498495270343,
		"fractionOfInfectionsPCRConfirmed":0.29702650126574237,
		"dateContained":"Sun 13 Sep 2020 00:00:00",
		"dateICUOverCapacity":"Wed 25 Mar 2020 16:16:26",
		"dateHospitalsOverCapacity":"Mon 30 Mar 2020 07:43:10"
	}
}