{
	"distancingLevel":0.5528571428571428,
	"id":"scenario6",
	"distancingDays":6,
	"maintain":true,
	"postDistancingLevel":1,
	"name":"Open May 1",
	"gradual":false,
	"events":{
		"herd":{
			"eventName":"herd",
			"day":1.5440558394000436e2,
			"thresholdCrossed":0.6999999999999992
		},
		"icu":{
			"eventName":"icu",
			"day":1.3834166561257229e2,
			"thresholdCrossed":2.0507219431113765e-4
		},
		"hospital":{
			"eventName":"hospital",
			"day":1.4161532776034636e2,
			"thresholdCrossed":1.3567733664935128e-3
		}
	},
	"summary":{
		"totalProjectedDeaths":1.8985890006567558e5,
		"totalProjectedPCRConfirmed":6.256768088732144e6,
		"totalProjectedInfected":2.2992404144247387e7,
		"totalInfectedFraction":0.8385386395783933,
		"fatalityRate":8.257461850207499e-3,
		"fatalityRateSymptomatic":1.1796374071725e-2,
		"fatalityRatePCR":3.034456405817466e-2,
		"fractionOfSymptomaticHospitalized":6.55490788381491e-2,
		"fractionOfSymptomaticHospitalizedOrICU":8.881626938439001e-2,
		"fractionOfPCRHospitalized":0.19764414212498163,
		"fractionOfPCRHospitalizedOrICU":0.26779957369900853,
		"fractionHospitalizedInICU":0.2619699150562414,
		"fractionOfDeathInICU":0.6110307887742251,
		"fractionDeathOfHospitalizedOrICU":0.15645007196855967,
		"fractionOfInfectionsPCRConfirmed":0.2721232651217799,
		"dateContained":"Mon 24 Aug 2020 00:00:00",
		"dateICUOverCapacity":"Sun 17 May 2020 08:11:59",
		"dateHospitalsOverCapacity":"Wed 20 May 2020 14:46:04"
	},
	"summaryAug1":{
		"totalProjectedDeaths":1.8782796145628375e5,
		"totalProjectedPCRConfirmed":6.251032842989037e6,
		"totalProjectedInfected":2.298670485974323e7,
		"totalInfectedFraction":0.8383307852694353,
		"fatalityRate":8.171156440313816e-3,
		"fatalityRateSymptomatic":1.1673080629019736e-2,
		"fatalityRatePCR":3.004750833567379e-2,
		"fractionOfSymptomaticHospitalized":6.543830162426086e-2,
		"fractionOfSymptomaticHospitalizedOrICU":8.866617087736682e-2,
		"fractionOfPCRHospitalized":0.1974175328708216,
		"fractionOfPCRHospitalizedOrICU":0.26749252760592507,
		"fractionHospitalizedInICU":0.26196991505624134,
		"fractionOfDeathInICU":0.6103178600091245,
		"fractionDeathOfHospitalizedOrICU":0.15645007196855965,
		"fractionOfInfectionsPCRConfirmed":0.2719412321657513,
		"dateContained":"Mon 24 Aug 2020 00:00:00",
		"dateICUOverCapacity":"Sun 17 May 2020 08:11:59",
		"dateHospitalsOverCapacity":"Wed 20 May 2020 14:46:04"
	}
}