{
	"distancingLevel":0.6699999999999999,
	"id":"scenario6",
	"distancingDays":14,
	"maintain":true,
	"name":"Open May 10",
	"gradual":false,
	"events":{
		"herd":{
			"eventName":"herd",
			"day":1.731102376824775e2,
			"thresholdCrossed":0.7000000000000008
		},
		"icu":{
			"eventName":"icu",
			"day":1.572882240697943e2,
			"thresholdCrossed":1.4355053601779657e-4
		},
		"hospital":{
			"eventName":"hospital",
			"day":1.6227350915966267e2,
			"thresholdCrossed":1.3567733664935128e-3
		}
	},
	"summary":{
		"totalProjectedDeaths":1.6783119888399736e5,
		"totalProjectedPCRConfirmed":3.4815920942460294e6,
		"totalProjectedInfected":2.2998454752645757e7,
		"totalInfectedFraction":0.8387593067562648,
		"fatalityRate":7.297498927169876e-3,
		"fatalityRateSymptomatic":1.0424998467385538e-2,
		"fatalityRatePCR":4.8205302155117265e-2,
		"fractionOfSymptomaticHospitalized":5.3233797359464353e-2,
		"fractionOfSymptomaticHospitalizedOrICU":7.205436926797841e-2,
		"fractionOfPCRHospitalized":0.18063933503627888,
		"fractionOfPCRHospitalizedOrICU":0.2445035672194452,
		"fractionHospitalizedInICU":0.2611995927480568,
		"fractionOfDeathInICU":0.6667623168635025,
		"fractionDeathOfHospitalizedOrICU":0.1652998981870142,
		"fractionOfInfectionsPCRConfirmed":0.15138373998129176,
		"fractionOfDeathsReported":0.7339143137246559,
		"fractionOfHospitalizationsReported":0.7338479226665231,
		"dateContained":"",
		"dateICUOverCapacity":"Fri 5 Jun 2020 06:55:02",
		"dateHospitalsOverCapacity":"Wed 10 Jun 2020 06:33:51"
	},
	"summaryAug1":{
		"totalProjectedDeaths":1.5531528028622782e5,
		"totalProjectedPCRConfirmed":3.4517733260973175e6,
		"totalProjectedInfected":2.2947602017670017e7,
		"totalInfectedFraction":0.8369046949924024,
		"fatalityRate":6.768257535869439e-3,
		"fatalityRateSymptomatic":9.668939336956341e-3,
		"fatalityRatePCR":4.4995793643794135e-2,
		"fractionOfSymptomaticHospitalized":5.214443366747955e-2,
		"fractionOfSymptomaticHospitalizedOrICU":7.057986589563078e-2,
		"fractionOfPCRHospitalized":0.17807615246383982,
		"fractionOfPCRHospitalizedOrICU":0.24103418286708245,
		"fractionHospitalizedInICU":0.26119959274805693,
		"fractionOfDeathInICU":0.6611982872396807,
		"fractionDeathOfHospitalizedOrICU":0.16529989818701424,
		"fractionOfInfectionsPCRConfirmed":0.15041978344575602,
		"fractionOfDeathsReported":0.7339117747105685,
		"fractionOfHospitalizationsReported":0.733845655957322,
		"dateContained":"",
		"dateICUOverCapacity":"Fri 5 Jun 2020 06:55:02",
		"dateHospitalsOverCapacity":"Wed 10 Jun 2020 06:33:51"
	}
}