{
	"distancingLevel":0.6785714285714286,
	"id":"scenario6",
	"distancingDays":10,
	"maintain":true,
	"name":"Open May 10",
	"gradual":false,
	"events":{
		"herd":{
			"eventName":"herd",
			"day":1.7777763679261145e2,
			"thresholdCrossed":0.6999999999999996
		},
		"icu":{
			"eventName":"icu",
			"day":1.5917671296648075e2,
			"thresholdCrossed":1.4355053601779628e-4
		},
		"hospital":{
			"eventName":"hospital",
			"day":1.6625448514109112e2,
			"thresholdCrossed":1.3567733664304306e-3
		}
	},
	"summary":{
		"totalProjectedDeaths":1.6648464815304487e5,
		"totalProjectedPCRConfirmed":3.458202525014871e6,
		"totalProjectedInfected":2.2813932528739717e7,
		"totalInfectedFraction":0.832029735823385,
		"fatalityRate":7.297498927171666e-3,
		"fatalityRateSymptomatic":1.0424998467388095e-2,
		"fatalityRatePCR":4.814196015091076e-2,
		"fractionOfSymptomaticHospitalized":5.323379735946589e-2,
		"fractionOfSymptomaticHospitalizedOrICU":7.20543692679805e-2,
		"fractionOfPCRHospitalized":0.18027816108776157,
		"fractionOfPCRHospitalizedOrICU":0.24401470183040086,
		"fractionHospitalizedInICU":0.2611995927480571,
		"fractionOfDeathInICU":0.6667851195383704,
		"fractionDeathOfHospitalizedOrICU":0.1652998981870143,
		"fractionOfInfectionsPCRConfirmed":0.1515829206849113,
		"fractionOfDeathsReported":0.733694824269033,
		"fractionOfHospitalizationsReported":0.7333442702322376,
		"dateContained":"",
		"dateICUOverCapacity":"Sun 7 Jun 2020 04:14:28",
		"dateHospitalsOverCapacity":"Sun 14 Jun 2020 06:06:27"
	},
	"summaryAug1":{
		"totalProjectedDeaths":1.4783014015366184e5,
		"totalProjectedPCRConfirmed":3.405231795828422e6,
		"totalProjectedInfected":2.271225112506649e7,
		"totalInfectedFraction":0.828321389998753,
		"fatalityRate":6.508828179982052e-3,
		"fatalityRateSymptomatic":9.298325971402933e-3,
		"fatalityRatePCR":4.3412651184204586e-2,
		"fractionOfSymptomaticHospitalized":5.143137370776899e-2,
		"fractionOfSymptomaticHospitalizedOrICU":6.961470676373092e-2,
		"fractionOfPCRHospitalized":0.17608948903493482,
		"fractionOfPCRHospitalizedOrICU":0.2383451434331511,
		"fractionHospitalizedInICU":0.2611995927480571,
		"fractionOfDeathInICU":0.6589282892163065,
		"fractionDeathOfHospitalizedOrICU":0.1652998981870143,
		"fractionOfInfectionsPCRConfirmed":0.14992929485841325,
		"fractionOfDeathsReported":0.7336631512403918,
		"fractionOfHospitalizationsReported":0.7333204012508937,
		"dateContained":"",
		"dateICUOverCapacity":"Sun 7 Jun 2020 04:14:28",
		"dateHospitalsOverCapacity":"Sun 14 Jun 2020 06:06:27"
	}
}