{
	"distancingLevel":0.6309523809523808,
	"id":"scenario6",
	"distancingDays":5,
	"maintain":true,
	"postDistancingLevel":1,
	"name":"Open May 1",
	"gradual":false,
	"events":{
		"herd":{
			"eventName":"herd",
			"day":1.7480861057558613e2,
			"thresholdCrossed":0.7000000000000023
		},
		"icu":{
			"eventName":"icu",
			"day":1.57398257298711e2,
			"thresholdCrossed":1.4355053601737593e-4
		},
		"hospital":{
			"eventName":"hospital",
			"day":1.6296164820685283e2,
			"thresholdCrossed":1.3567733664935154e-3
		}
	},
	"summary":{
		"totalProjectedDeaths":1.6293954975838037e5,
		"totalProjectedPCRConfirmed":3.376283127604106e6,
		"totalProjectedInfected":2.2328136171649747e7,
		"totalInfectedFraction":0.8143126230834246,
		"fatalityRate":7.297498927172718e-3,
		"fatalityRateSymptomatic":1.0424998467389599e-2,
		"fatalityRatePCR":4.8260037325129866e-2,
		"fractionOfSymptomaticHospitalized":5.323379735946721e-2,
		"fractionOfSymptomaticHospitalizedOrICU":7.205436926798231e-2,
		"fractionOfPCRHospitalized":0.1808540946705875,
		"fractionOfPCRHospitalizedOrICU":0.24479425416574435,
		"fractionHospitalizedInICU":0.26119959274805715,
		"fractionOfDeathInICU":0.6667604202611961,
		"fractionDeathOfHospitalizedOrICU":0.16529989818701427,
		"fractionOfInfectionsPCRConfirmed":0.15121204482311454,
		"fractionOfDeathsReported":0.7339274801400814,
		"fractionOfHospitalizationsReported":0.7338870853338002,
		"dateContained":"",
		"dateICUOverCapacity":"Fri 5 Jun 2020 09:33:29",
		"dateHospitalsOverCapacity":"Wed 10 Jun 2020 23:04:46"
	},
	"summaryAug1":{
		"totalProjectedDeaths":1.4840110842451456e5,
		"totalProjectedPCRConfirmed":3.335905118179825e6,
		"totalProjectedInfected":2.2248217023257945e7,
		"totalInfectedFraction":0.811397952066497,
		"fatalityRate":6.670247250347221e-3,
		"fatalityRateSymptomatic":9.528924643353174e-3,
		"fatalityRatePCR":4.448600999343976e-2,
		"fractionOfSymptomaticHospitalized":5.1847150778532816e-2,
		"fractionOfSymptomaticHospitalizedOrICU":7.017747996564394e-2,
		"fractionOfPCRHospitalized":0.17763667892585583,
		"fractionOfPCRHospitalizedOrICU":0.24043933541752752,
		"fractionHospitalizedInICU":0.2611995927480571,
		"fractionOfDeathInICU":0.6604243739847988,
		"fractionDeathOfHospitalizedOrICU":0.1652998981870143,
		"fractionOfInfectionsPCRConfirmed":0.14994033520495242,
		"fractionOfDeathsReported":0.7339256832967226,
		"fractionOfHospitalizationsReported":0.7338852978112362,
		"dateContained":"",
		"dateICUOverCapacity":"Fri 5 Jun 2020 09:33:29",
		"dateHospitalsOverCapacity":"Wed 10 Jun 2020 23:04:46"
	}
}