{
	"distancingLevel":0.6699999999999999,
	"id":"scenario6",
	"distancingDays":14,
	"maintain":true,
	"name":"Open May 10",
	"gradual":false,
	"events":{},
	"summary":{
		"totalProjectedDeaths":1.614959219123643e5,
		"totalProjectedPCRConfirmed":3.357178459308569e6,
		"totalProjectedInfected":2.2130311155097757e7,
		"totalInfectedFraction":0.8070978960277686,
		"fatalityRate":7.297498927174526e-3,
		"fatalityRateSymptomatic":1.042499846739218e-2,
		"fatalityRatePCR":4.810465808410596e-2,
		"fractionOfSymptomaticHospitalized":5.3233797359469266e-2,
		"fractionOfSymptomaticHospitalizedOrICU":7.205436926798506e-2,
		"fractionOfPCRHospitalized":0.18025896385357937,
		"fractionOfPCRHospitalizedOrICU":0.24398871749959405,
		"fractionHospitalizedInICU":0.2611995927480568,
		"fractionOfDeathInICU":0.6667628964347377,
		"fractionDeathOfHospitalizedOrICU":0.1652998981870142,
		"fractionOfInfectionsPCRConfirmed":0.15170046348558622,
		"fractionOfDeathsReported":0.7339090689545811,
		"fractionOfHospitalizationsReported":0.7338347795256512,
		"dateContained":"",
		"dateICUOverCapacity":"",
		"dateHospitalsOverCapacity":""
	},
	"summaryAug1":{
		"totalProjectedDeaths":1.3815537383659027e5,
		"totalProjectedPCRConfirmed":3.2811576317425305e6,
		"totalProjectedInfected":2.196828226687916e7,
		"totalInfectedFraction":0.8011886625849833,
		"fatalityRate":6.288856459427531e-3,
		"fatalityRateSymptomatic":8.984080656325045e-3,
		"fatalityRatePCR":4.2105680172159196e-2,
		"fractionOfSymptomaticHospitalized":5.075974912895893e-2,
		"fractionOfSymptomaticHospitalizedOrICU":6.8705632307061e-2,
		"fractionOfPCRHospitalized":0.17457461448825337,
		"fractionOfPCRHospitalizedOrICU":0.2362946917390106,
		"fractionHospitalizedInICU":0.261199592748057,
		"fractionOfDeathInICU":0.657008491391036,
		"fractionDeathOfHospitalizedOrICU":0.1652998981870142,
		"fractionOfInfectionsPCRConfirmed":0.1493588616479779,
		"fractionOfDeathsReported":0.7339028598398699,
		"fractionOfHospitalizationsReported":0.7338285083875217,
		"dateContained":"",
		"dateICUOverCapacity":"",
		"dateHospitalsOverCapacity":""
	}
}