{
	"distancingLevel":0.5528571428571428,
	"id":"scenario6",
	"distancingDays":5,
	"maintain":true,
	"postDistancingLevel":1,
	"name":"Open May 1",
	"gradual":false,
	"events":{
		"herd":{
			"eventName":"herd",
			"day":1.5965349357711096e2,
			"thresholdCrossed":0.7000000000002005
		},
		"icu":{
			"eventName":"icu",
			"day":1.4281836637363963e2,
			"thresholdCrossed":2.050721943111381e-4
		},
		"hospital":{
			"eventName":"hospital",
			"day":1.4575506867306842e2,
			"thresholdCrossed":1.356773366490393e-3
		}
	},
	"summary":{
		"totalProjectedDeaths":1.7418468587487307e5,
		"totalProjectedPCRConfirmed":5.228044625895049e6,
		"totalProjectedInfected":2.109421624157818e7,
		"totalInfectedFraction":0.7693112594583097,
		"fatalityRate":8.257461850208155e-3,
		"fatalityRateSymptomatic":1.1796374071725936e-2,
		"fatalityRatePCR":3.33173678380858e-2,
		"fractionOfSymptomaticHospitalized":6.554907883814927e-2,
		"fractionOfSymptomaticHospitalizedOrICU":8.881626938439023e-2,
		"fractionOfPCRHospitalized":0.135871498595397,
		"fractionOfPCRHospitalizedOrICU":0.1841002167354073,
		"fractionHospitalizedInICU":0.2619699150562414,
		"fractionOfDeathInICU":0.8325292691325029,
		"fractionDeathOfHospitalizedOrICU":0.15645007196855967,
		"fractionOfInfectionsPCRConfirmed":0.24784256338428,
		"fractionOfDeathsReported":0.733934534184189,
		"fractionOfHospitalizationsReported":0.733904625350482,
		"dateContained":"",
		"dateICUOverCapacity":"Thu 21 May 2020 19:38:26",
		"dateHospitalsOverCapacity":"Sun 24 May 2020 18:07:17"
	},
	"summaryAug1":{
		"totalProjectedDeaths":1.70889067370485e5,
		"totalProjectedPCRConfirmed":5.218137726770418e6,
		"totalProjectedInfected":2.1078844373623457e7,
		"totalInfectedFraction":0.7687506436496423,
		"fatalityRate":8.107136441707557e-3,
		"fatalityRateSymptomatic":1.158162348815365e-2,
		"fatalityRatePCR":3.2749052692453706e-2,
		"fractionOfSymptomaticHospitalized":6.531315234349874e-2,
		"fractionOfSymptomaticHospitalizedOrICU":8.849659881883527e-2,
		"fractionOfPCRHospitalized":0.13554061886233665,
		"fractionOfPCRHospitalizedOrICU":0.1836518884899733,
		"fractionHospitalizedInICU":0.2619699150562413,
		"fractionOfDeathInICU":0.8309975634398159,
		"fractionDeathOfHospitalizedOrICU":0.15645007196855965,
		"fractionOfInfectionsPCRConfirmed":0.24755331147565277,
		"fractionOfDeathsReported":0.7339343165084387,
		"fractionOfHospitalizationsReported":0.7339044463896048,
		"dateContained":"",
		"dateICUOverCapacity":"Thu 21 May 2020 19:38:26",
		"dateHospitalsOverCapacity":"Sun 24 May 2020 18:07:17"
	}
}