{
	"distancingLevel":0.6895238095238094,
	"id":"scenario6",
	"distancingDays":14,
	"maintain":true,
	"name":"Open June 02",
	"gradual":false,
	"events":{
		"herd":{
			"eventName":"herd",
			"day":2.06691765206773e2,
			"thresholdCrossed":0.7000000000001769
		},
		"icu":{
			"eventName":"icu",
			"day":1.78062252811098e2,
			"thresholdCrossed":1.435505360177962e-4
		},
		"hospital":{
			"eventName":"hospital",
			"day":1.8892729663576844e2,
			"thresholdCrossed":1.3567733664935162e-3
		}
	},
	"summary":{
		"totalProjectedDeaths":1.3208215693218002e5,
		"totalProjectedPCRConfirmed":2.7489162761633177e6,
		"totalProjectedInfected":1.809964732394967e7,
		"totalInfectedFraction":0.6600985938075882,
		"fatalityRate":7.29749892736348e-3,
		"fatalityRateSymptomatic":1.0424998467662117e-2,
		"fatalityRatePCR":4.8048810390299714e-2,
		"fractionOfSymptomaticHospitalized":5.3233797359853834e-2,
		"fractionOfSymptomaticHospitalizedOrICU":7.205436926850564e-2,
		"fractionOfPCRHospitalized":0.18003121638836364,
		"fractionOfPCRHospitalizedOrICU":0.24368045093262933,
		"fractionHospitalizedInICU":0.26119959274805726,
		"fractionOfDeathInICU":0.6667663756710032,
		"fractionDeathOfHospitalizedOrICU":0.16529989818701432,
		"fractionOfInfectionsPCRConfirmed":0.1518767867109719,
		"fractionOfDeathsReported":0.7338787232900106,
		"fractionOfHospitalizationsReported":0.7337594860192193,
		"dateContained":"",
		"dateICUOverCapacity":"Fri 26 Jun 2020 01:29:38",
		"dateHospitalsOverCapacity":"Mon 6 Jul 2020 22:15:18"
	},
	"summaryAug1":{
		"totalProjectedDeaths":6.038574704178059e4,
		"totalProjectedPCRConfirmed":2.0873895078488758e6,
		"totalProjectedInfected":1.5492355180185929e7,
		"totalInfectedFraction":0.5650100074423346,
		"fatalityRate":3.8977770867925504e-3,
		"fatalityRateSymptomatic":5.5682529811322155e-3,
		"fatalityRatePCR":2.8928835186112486e-2,
		"fractionOfSymptomaticHospitalized":3.958150045785468e-2,
		"fractionOfSymptomaticHospitalizedOrICU":5.357536361557088e-2,
		"fractionOfPCRHospitalized":0.15086724647469485,
		"fractionOfPCRHospitalizedOrICU":0.204205689376734,
		"fractionHospitalizedInICU":0.26119959274805704,
		"fractionOfDeathInICU":0.6380584428956552,
		"fractionDeathOfHospitalizedOrICU":0.16529989818701427,
		"fractionOfInfectionsPCRConfirmed":0.13473674490232185,
		"fractionOfDeathsReported":0.7337990572282135,
		"fractionOfHospitalizationsReported":0.7336530401916529,
		"dateContained":"",
		"dateICUOverCapacity":"Fri 26 Jun 2020 01:29:38",
		"dateHospitalsOverCapacity":"Mon 6 Jul 2020 22:15:18"
	}
}