{
	"distancingLevel":0.6309523809523808,
	"id":"scenario6",
	"distancingDays":4,
	"maintain":true,
	"name":"Open May 1",
	"gradual":false,
	"events":{
		"herd":{
			"eventName":"herd",
			"day":1.7688724585930134e2,
			"thresholdCrossed":0.7000000000000008
		},
		"icu":{
			"eventName":"icu",
			"day":1.5767064866491128e2,
			"thresholdCrossed":1.4355053601778947e-4
		},
		"hospital":{
			"eventName":"hospital",
			"day":1.635269747461206e2,
			"thresholdCrossed":1.3567733664935169e-3
		}
	},
	"summary":{
		"totalProjectedDeaths":1.4698608831499203e5,
		"totalProjectedPCRConfirmed":3.045360143556563e6,
		"totalProjectedInfected":2.01419814900348e7,
		"totalInfectedFraction":0.7345830236414287,
		"fatalityRate":7.297498927189117e-3,
		"fatalityRateSymptomatic":1.0424998467413026e-2,
		"fatalityRatePCR":4.826558481957816e-2,
		"fractionOfSymptomaticHospitalized":5.3233797359489694e-2,
		"fractionOfSymptomaticHospitalizedOrICU":7.205436926801274e-2,
		"fractionOfPCRHospitalized":0.18087331796584388,
		"fractionOfPCRHospitalizedOrICU":0.2448202737714018,
		"fractionHospitalizedInICU":0.26119959274805704,
		"fractionOfDeathInICU":0.6667607217040735,
		"fractionDeathOfHospitalizedOrICU":0.16529989818701427,
		"fractionOfInfectionsPCRConfirmed":0.15119466498682108,
		"fractionOfDeathsReported":0.7339254943100316,
		"fractionOfHospitalizationsReported":0.7338807318275844,
		"dateContained":"",
		"dateICUOverCapacity":"Fri 5 Jun 2020 16:05:44",
		"dateHospitalsOverCapacity":"Thu 11 Jun 2020 12:38:50"
	},
	"summaryAug1":{
		"totalProjectedDeaths":1.3170958413854506e5,
		"totalProjectedPCRConfirmed":2.9927490058572036e6,
		"totalProjectedInfected":2.0014524794557422e7,
		"totalInfectedFraction":0.7299346465791501,
		"fatalityRate":6.580700041120189e-3,
		"fatalityRateSymptomatic":9.401000058743126e-3,
		"fatalityRatePCR":4.400956574733533e-2,
		"fractionOfSymptomaticHospitalized":5.150866194547008e-2,
		"fractionOfSymptomaticHospitalizedOrICU":6.971931991356468e-2,
		"fractionOfPCRHospitalized":0.17696086721279786,
		"fractionOfPCRHospitalizedOrICU":0.2395245934839493,
		"fractionHospitalizedInICU":0.26119959274805693,
		"fractionOfDeathInICU":0.6598785010207009,
		"fractionDeathOfHospitalizedOrICU":0.16529989818701424,
		"fractionOfInfectionsPCRConfirmed":0.14952885649680908,
		"fractionOfDeathsReported":0.7339231366448502,
		"fractionOfHospitalizationsReported":0.7338781234511074,
		"dateContained":"",
		"dateICUOverCapacity":"Fri 5 Jun 2020 16:05:44",
		"dateHospitalsOverCapacity":"Thu 11 Jun 2020 12:38:50"
	}
}