{
	"distancingLevel":0.37857142857142856,
	"id":"scenario1",
	"distancingDays":90,
	"maintain":true,
	"name":"Current",
	"gradual":false,
	"events":{
		"herd":{
			"eventName":"herd",
			"day":2.3570040123227972e2,
			"thresholdCrossed":0.7000000000000007
		},
		"icu":{
			"eventName":"icu",
			"day":9.159358737181518e1,
			"thresholdCrossed":1.6037658251899717e-4
		},
		"hospital":{
			"eventName":"hospital",
			"day":9.640384301806478e1,
			"thresholdCrossed":8.13814972955813e-4
		}
	},
	"summary":{
		"totalProjectedDeaths":1.0617645856378326e5,
		"totalProjectedPCRConfirmed":2.215909015976042e6,
		"totalProjectedInfected":7.360695329847194e6,
		"totalInfectedFraction":0.8214914140323142,
		"fatalityRate":1.4424786491738607e-2,
		"fatalityRateSymptomatic":2.0606837845340873e-2,
		"fatalityRatePCR":4.791553163883657e-2,
		"fractionOfSymptomaticHospitalized":7.60732341943933e-2,
		"fractionOfSymptomaticHospitalizedOrICU":0.10553889392021876,
		"fractionOfPCRHospitalized":0.19987736477833495,
		"fractionOfPCRHospitalizedOrICU":0.2772964265524586,
		"fractionHospitalizedInICU":0.2791924250039969,
		"fractionOfDeathInICU":0.5939184931806496,
		"fractionDeathOfHospitalizedOrICU":0.17279534480323339,
		"fractionOfInfectionsPCRConfirmed":0.3010461534782806,
		"dateContained":"Tue 15 Dec 2020 00:00:00",
		"dateICUOverCapacity":"Tue 31 Mar 2020 14:14:45",
		"dateHospitalsOverCapacity":"Sun 5 Apr 2020 09:41:32"
	},
	"summaryAug1":{
		"totalProjectedDeaths":3.520723393325451e4,
		"totalProjectedPCRConfirmed":5.344049276497167e5,
		"totalProjectedInfected":2.597117590184922e6,
		"totalInfectedFraction":0.28985166563245035,
		"fatalityRate":1.3556272563980306e-2,
		"fatalityRateSymptomatic":1.936610366282901e-2,
		"fatalityRatePCR":6.5881192540821e-2,
		"fractionOfSymptomaticHospitalized":7.341218497848163e-2,
		"fractionOfSymptomaticHospitalizedOrICU":0.10184713302837957,
		"fractionOfPCRHospitalized":0.20882764006681961,
		"fractionOfPCRHospitalizedOrICU":0.28971343713747405,
		"fractionHospitalizedInICU":0.2791924250039967,
		"fractionOfDeathInICU":0.5946136384013627,
		"fractionDeathOfHospitalizedOrICU":0.2274012320303916,
		"fractionOfInfectionsPCRConfirmed":0.2057684756629235,
		"dateContained":"Tue 15 Dec 2020 00:00:00",
		"dateICUOverCapacity":"Tue 31 Mar 2020 14:14:45",
		"dateHospitalsOverCapacity":"Sun 5 Apr 2020 09:41:32"
	}
}