{
	"distancingLevel":0.37857142857142856,
	"id":"scenario1",
	"distancingDays":90,
	"maintain":true,
	"name":"Current",
	"gradual":false,
	"events":{
		"herd":{
			"eventName":"herd",
			"day":2.4707289162945537e2,
			"thresholdCrossed":0.7000000000000093
		},
		"icu":{
			"eventName":"icu",
			"day":8.964571127045153e1,
			"thresholdCrossed":1.6037658251899723e-4
		},
		"hospital":{
			"eventName":"hospital",
			"day":9.796643627144132e1,
			"thresholdCrossed":8.138149729558211e-4
		}
	},
	"summary":{
		"totalProjectedDeaths":8.820098247479087e4,
		"totalProjectedPCRConfirmed":2.199030815497171e6,
		"totalProjectedInfected":7.173329564796661e6,
		"totalInfectedFraction":0.8005804320699886,
		"fatalityRate":1.2295682455137702e-2,
		"fatalityRateSymptomatic":1.7565260650196715e-2,
		"fatalityRatePCR":4.0109025236578964e-2,
		"fractionOfSymptomaticHospitalized":7.607323419330039e-2,
		"fractionOfSymptomaticHospitalizedOrICU":0.10553889391870251,
		"fractionOfPCRHospitalized":0.2172618985155762,
		"fractionOfPCRHospitalizedOrICU":0.30141456062914,
		"fractionHospitalizedInICU":0.27919242500399677,
		"fractionOfDeathInICU":0.6968606739532771,
		"fractionDeathOfHospitalizedOrICU":0.16213350025131892,
		"fractionOfInfectionsPCRConfirmed":0.30655650150091857,
		"dateContained":"Sun 13 Dec 2020 00:00:00",
		"dateICUOverCapacity":"Sun 29 Mar 2020 15:29:49",
		"dateHospitalsOverCapacity":"Mon 6 Apr 2020 23:11:40"
	},
	"summaryAug1":{
		"totalProjectedDeaths":2.1102396198819504e4,
		"totalProjectedPCRConfirmed":3.431591750273566e5,
		"totalProjectedInfected":1.7708428718660357e6,
		"totalInfectedFraction":0.19763516212108642,
		"fatalityRate":1.1916583076951787e-2,
		"fatalityRateSymptomatic":1.7023690109931124e-2,
		"fatalityRatePCR":6.1494483419064126e-2,
		"fractionOfSymptomaticHospitalized":7.484048959860645e-2,
		"fractionOfSymptomaticHospitalizedOrICU":0.10382866689354843,
		"fractionOfPCRHospitalized":0.2263390428102922,
		"fractionOfPCRHospitalizedOrICU":0.3140075807493383,
		"fractionHospitalizedInICU":0.2791924250039967,
		"fractionOfDeathInICU":0.6961828151982394,
		"fractionDeathOfHospitalizedOrICU":0.16213350025131892,
		"fractionOfInfectionsPCRConfirmed":0.19378296091609226,
		"dateContained":"Sun 13 Dec 2020 00:00:00",
		"dateICUOverCapacity":"Sun 29 Mar 2020 15:29:49",
		"dateHospitalsOverCapacity":"Mon 6 Apr 2020 23:11:40"
	}
}