{
	"distancingLevel":0.5956705157142858,
	"id":"scenario1",
	"distancingDays":90,
	"maintain":true,
	"name":"Current",
	"events":{
		"herd":{
			"eventName":"herd",
			"day":2.3938007921246003e2,
			"thresholdCrossed":0.6999999999999915
		},
		"icu":{
			"eventName":"icu",
			"day":8.901211375480347e1,
			"thresholdCrossed":1.6037658251899723e-4
		},
		"hospital":{
			"eventName":"hospital",
			"day":9.54515748372167e1,
			"thresholdCrossed":8.138149729558192e-4
		}
	},
	"summary":{
		"totalProjectedDeaths":9.527119930015095e4,
		"totalProjectedPCRConfirmed":2.5158879441475314e6,
		"totalProjectedInfected":8.100084417236403e6,
		"totalInfectedFraction":0.9040110347611391,
		"fatalityRate":1.176175387720906e-2,
		"fatalityRateSymptomatic":1.680250553887009e-2,
		"fatalityRatePCR":3.786782297747846e-2,
		"fractionOfSymptomaticHospitalized":7.607323419358451e-2,
		"fractionOfPCRHospitalized":0.23813377874238703,
		"fractionHospitalizedInICU":0.27919242500399666,
		"fractionDeathOfHospitalized":0.11462218335812967,
		"fractionOfInfectionsPCRConfirmed":0.3106002128562884,
		"dateContained":"Mon 16 Nov 2020 00:00:00",
		"dateICUOverCapacity":"Sun 29 Mar 2020 00:17:26",
		"dateHospitalsOverCapacity":"Sat 4 Apr 2020 10:50:16"
	},
	"summaryAug1":{
		"totalProjectedDeaths":9.916437757869366e3,
		"totalProjectedPCRConfirmed":1.3747397850247813e5,
		"totalProjectedInfected":8.891792590074872e5,
		"totalInfectedFraction":9.92369734212909e-2,
		"fatalityRate":1.1152349379964413e-2,
		"fatalityRateSymptomatic":1.5931927685663448e-2,
		"fatalityRatePCR":7.213319833971787e-2,
		"fractionOfSymptomaticHospitalized":7.304207291318106e-2,
		"fractionOfPCRHospitalized":0.24666231877187686,
		"fractionHospitalizedInICU":0.27919242500399677,
		"fractionDeathOfHospitalized":0.21079083352023473,
		"fractionOfInfectionsPCRConfirmed":0.15460772067032721,
		"dateContained":"Mon 16 Nov 2020 00:00:00",
		"dateICUOverCapacity":"Sun 29 Mar 2020 00:17:26",
		"dateHospitalsOverCapacity":"Sat 4 Apr 2020 10:50:16"
	}
}