{
	"distancingLevel":0.46761904761904766,
	"id":"scenario1",
	"distancingDays":90,
	"maintain":true,
	"name":"Current",
	"gradual":false,
	"events":{
		"herd":{
			"eventName":"herd",
			"day":2.7172585608354484e2,
			"thresholdCrossed":0.7000000000000001
		},
		"icu":{
			"eventName":"icu",
			"day":8.45725555822936e1,
			"thresholdCrossed":1.1226360776262037e-4
		},
		"hospital":{
			"eventName":"hospital",
			"day":2.6089669280479256e2,
			"thresholdCrossed":8.138149729437833e-4
		}
	},
	"summary":{
		"totalProjectedDeaths":7.26483158176935e4,
		"totalProjectedPCRConfirmed":1.1145695328010733e6,
		"totalProjectedInfected":6.992841771275617e6,
		"totalInfectedFraction":0.7804370670656049,
		"fatalityRate":1.038895461872308e-2,
		"fatalityRateSymptomatic":1.4841363741032971e-2,
		"fatalityRatePCR":6.51806044214378e-2,
		"fractionOfSymptomaticHospitalized":6.178068716381633e-2,
		"fractionOfSymptomaticHospitalizedOrICU":8.561513191977288e-2,
		"fractionOfPCRHospitalized":0.22007137061903462,
		"fractionOfPCRHospitalizedOrICU":0.3049729663471424,
		"fractionHospitalizedInICU":0.2783905627604595,
		"fractionOfDeathInICU":0.7174260092656978,
		"fractionDeathOfHospitalizedOrICU":0.16959764069011488,
		"fractionOfInfectionsPCRConfirmed":0.15938720898553327,
		"fractionOfDeathsReported":0.8129181899669267,
		"fractionOfHospitalizationsReported":0.8110847569005452,
		"dateContained":"",
		"dateICUOverCapacity":"Tue 24 Mar 2020 13:44:28",
		"dateHospitalsOverCapacity":"Wed 16 Sep 2020 21:31:14"
	},
	"summaryAug1":{
		"totalProjectedDeaths":1.955582282964265e4,
		"totalProjectedPCRConfirmed":2.2958275919871844e5,
		"totalProjectedInfected":1.9526029744743397e6,
		"totalInfectedFraction":0.21792052335603565,
		"fatalityRate":1.001525813761872e-2,
		"fatalityRateSymptomatic":1.43075116251696e-2,
		"fatalityRatePCR":8.517984058513664e-2,
		"fractionOfSymptomaticHospitalized":6.064719231827893e-2,
		"fractionOfSymptomaticHospitalizedOrICU":8.404434475009079e-2,
		"fractionOfPCRHospitalized":0.29030078004677384,
		"fractionOfPCRHospitalizedOrICU":0.40229626313826566,
		"fractionHospitalizedInICU":0.2783905627604597,
		"fractionOfDeathInICU":0.7164123222640126,
		"fractionDeathOfHospitalizedOrICU":0.16959764069011493,
		"fractionOfInfectionsPCRConfirmed":0.11757779855913844,
		"fractionOfDeathsReported":0.8106492184447456,
		"fractionOfHospitalizationsReported":0.8040161779052794,
		"dateContained":"",
		"dateICUOverCapacity":"Tue 24 Mar 2020 13:44:28",
		"dateHospitalsOverCapacity":"Wed 16 Sep 2020 21:31:14"
	}
}