{
	"distancingLevel":0.41000000000000003,
	"id":"scenario1",
	"distancingDays":90,
	"maintain":true,
	"name":"Current",
	"gradual":false,
	"events":{},
	"summary":{
		"totalProjectedDeaths":7.38089952428419e4,
		"totalProjectedPCRConfirmed":1.1342247934491918e6,
		"totalProjectedInfected":7.104564217928864e6,
		"totalInfectedFraction":0.792905866080851,
		"fatalityRate":1.0388954618297312e-2,
		"fatalityRateSymptomatic":1.4841363740424732e-2,
		"fatalityRatePCR":6.507439765832293e-2,
		"fractionOfSymptomaticHospitalized":6.178068716323739e-2,
		"fractionOfSymptomaticHospitalizedOrICU":8.56151319189706e-2,
		"fractionOfPCRHospitalized":0.2200578317593206,
		"fractionOfPCRHospitalizedOrICU":0.3049542043146418,
		"fractionHospitalizedInICU":0.2783905627604596,
		"fractionOfDeathInICU":0.7173779264933796,
		"fractionDeathOfHospitalizedOrICU":0.16959764069011488,
		"fractionOfInfectionsPCRConfirmed":0.15964734199838695,
		"fractionOfDeathsReported":0.8133468001119696,
		"fractionOfHospitalizationsReported":0.8123585342056966,
		"dateContained":"",
		"dateICUOverCapacity":"",
		"dateHospitalsOverCapacity":""
	},
	"summaryAug1":{
		"totalProjectedDeaths":1.9258736927464357e4,
		"totalProjectedPCRConfirmed":2.1971008835765728e5,
		"totalProjectedInfected":1.8853055932458441e6,
		"totalInfectedFraction":0.2104097898738476,
		"fatalityRate":1.0215180497241018e-2,
		"fatalityRateSymptomatic":1.4593114996058601e-2,
		"fatalityRatePCR":8.765522362411428e-2,
		"fractionOfSymptomaticHospitalized":6.129523170593867e-2,
		"fractionOfSymptomaticHospitalizedOrICU":8.494239202361145e-2,
		"fractionOfPCRHospitalized":0.297654012278104,
		"fractionOfPCRHospitalizedOrICU":0.4124863075748507,
		"fractionHospitalizedInICU":0.2783905627604597,
		"fractionOfDeathInICU":0.7168601261655362,
		"fractionDeathOfHospitalizedOrICU":0.16959764069011493,
		"fractionOfInfectionsPCRConfirmed":0.11653818306420684,
		"fractionOfDeathsReported":0.8121936026734748,
		"fractionOfHospitalizationsReported":0.8084538856854987,
		"dateContained":"",
		"dateICUOverCapacity":"",
		"dateHospitalsOverCapacity":""
	}
}