{
	"distancingLevel":0.45222222222222225,
	"id":"scenario1",
	"distancingDays":90,
	"maintain":true,
	"name":"Current",
	"gradual":false,
	"events":{},
	"summary":{
		"totalProjectedDeaths":7.102906800506709e4,
		"totalProjectedPCRConfirmed":1.0697124988128596e6,
		"totalProjectedInfected":6.836979331899749e6,
		"totalInfectedFraction":0.7630420180954057,
		"fatalityRate":1.0388954618256932e-2,
		"fatalityRateSymptomatic":1.484136374036705e-2,
		"fatalityRatePCR":6.640014778166412e-2,
		"fractionOfSymptomaticHospitalized":6.1780687163161166e-2,
		"fractionOfSymptomaticHospitalizedOrICU":8.561513191886488e-2,
		"fractionOfPCRHospitalized":0.22441402803314595,
		"fractionOfPCRHospitalizedOrICU":0.31099098272830766,
		"fractionHospitalizedInICU":0.27839056276045887,
		"fractionOfDeathInICU":0.7173954069088216,
		"fractionDeathOfHospitalizedOrICU":0.16959764069011474,
		"fractionOfInfectionsPCRConfirmed":0.1564598116922529,
		"fractionOfDeathsReported":0.8131940489568958,
		"fractionOfHospitalizationsReported":0.8118990434302994,
		"dateContained":"",
		"dateICUOverCapacity":"",
		"dateHospitalsOverCapacity":""
	},
	"summaryAug1":{
		"totalProjectedDeaths":2.4963007473547208e4,
		"totalProjectedPCRConfirmed":3.077310386156242e5,
		"totalProjectedInfected":2.5063458989712587e6,
		"totalInfectedFraction":0.27972107855776907,
		"fatalityRate":9.959921128122575e-3,
		"fatalityRateSymptomatic":1.4228458754460821e-2,
		"fatalityRatePCR":8.111956332337214e-2,
		"fractionOfSymptomaticHospitalized":6.052743019541928e-2,
		"fractionOfSymptomaticHospitalizedOrICU":8.387837945546026e-2,
		"fractionOfPCRHospitalized":0.27902810959979524,
		"fractionOfPCRHospitalizedOrICU":0.386674695756745,
		"fractionHospitalizedInICU":0.27839056276045976,
		"fractionOfDeathInICU":0.7159539103147373,
		"fractionDeathOfHospitalizedOrICU":0.1695976406901149,
		"fractionOfInfectionsPCRConfirmed":0.12278075374270321,
		"fractionOfDeathsReported":0.8121608566910521,
		"fractionOfHospitalizationsReported":0.8085892745878004,
		"dateContained":"",
		"dateICUOverCapacity":"",
		"dateHospitalsOverCapacity":""
	}
}