{
	"distancingLevel":0.41000000000000003,
	"id":"scenario7",
	"distancingDays":60,
	"maintain":true,
	"name":"Open Gradual May 1",
	"gradual":true,
	"events":{},
	"summary":{
		"totalProjectedDeaths":7.308644635734438e4,
		"totalProjectedPCRConfirmed":1.1199107721768054e6,
		"totalProjectedInfected":7.035014497813311e6,
		"totalInfectedFraction":0.7851437600075837,
		"fatalityRate":1.0388954618368137e-2,
		"fatalityRateSymptomatic":1.484136374052591e-2,
		"fatalityRatePCR":6.526095486632741e-2,
		"fractionOfSymptomaticHospitalized":6.178068716333134e-2,
		"fractionOfSymptomaticHospitalizedOrICU":8.561513191910083e-2,
		"fractionOfPCRHospitalized":0.22068495239528998,
		"fractionOfPCRHospitalizedOrICU":0.3058232625663859,
		"fractionHospitalizedInICU":0.2783905627604598,
		"fractionOfDeathInICU":0.7173784462709513,
		"fractionDeathOfHospitalizedOrICU":0.16959764069011496,
		"fractionOfInfectionsPCRConfirmed":0.15919096862201304,
		"fractionOfDeathsReported":0.8133427751197204,
		"fractionOfHospitalizationsReported":0.8123447389966036,
		"dateContained":"",
		"dateICUOverCapacity":"",
		"dateHospitalsOverCapacity":""
	},
	"summaryAug1":{
		"totalProjectedDeaths":4.8074139697528095e4,
		"totalProjectedPCRConfirmed":9.639000699200847e5,
		"totalProjectedInfected":6.578275650048453e6,
		"totalInfectedFraction":0.7341693581229682,
		"fatalityRate":7.308015391111499e-3,
		"fatalityRateSymptomatic":1.0440021987302144e-2,
		"fatalityRatePCR":4.987460961748228e-2,
		"fractionOfSymptomaticHospitalized":5.2542298440897486e-2,
		"fractionOfSymptomaticHospitalizedOrICU":7.281265422732537e-2,
		"fractionOfPCRHospitalized":0.20381376948262545,
		"fractionOfPCRHospitalizedOrICU":0.28244332593861143,
		"fractionHospitalizedInICU":0.27839056276045987,
		"fractionOfDeathInICU":0.7037238611544094,
		"fractionDeathOfHospitalizedOrICU":0.169597640690115,
		"fractionOfInfectionsPCRConfirmed":0.14652777128805555,
		"fractionOfDeathsReported":0.8131288561347254,
		"fractionOfHospitalizationsReported":0.8119819184129672,
		"dateContained":"",
		"dateICUOverCapacity":"",
		"dateHospitalsOverCapacity":""
	}
}