{
	"distancingLevel":0.37857142857142856,
	"id":"scenario7",
	"distancingDays":60,
	"maintain":true,
	"postDistancingLevel":1,
	"name":"Open Gradual May 1",
	"gradual":true,
	"events":{
		"herd":{
			"eventName":"herd",
			"day":1.7612237366193995e2,
			"thresholdCrossed":0.7
		},
		"icu":{
			"eventName":"icu",
			"day":8.967949418004105e1,
			"thresholdCrossed":1.603765825189971e-4
		},
		"hospital":{
			"eventName":"hospital",
			"day":9.820006988317024e1,
			"thresholdCrossed":8.138149729558211e-4
		}
	},
	"summary":{
		"totalProjectedDeaths":8.651182578591771e4,
		"totalProjectedPCRConfirmed":2.132082911404342e6,
		"totalProjectedInfected":7.035951530154396e6,
		"totalInfectedFraction":0.7852483376308077,
		"fatalityRate":1.2295682455336543e-2,
		"fatalityRateSymptomatic":1.756526065048078e-2,
		"fatalityRatePCR":4.057620148033307e-2,
		"fractionOfSymptomaticHospitalized":7.607323419350519e-2,
		"fractionOfSymptomaticHospitalizedOrICU":0.10553889391898666,
		"fractionOfPCRHospitalized":0.2180721911167077,
		"fractionOfPCRHospitalizedOrICU":0.3025387061420893,
		"fractionHospitalizedInICU":0.2791924250039969,
		"fractionOfDeathInICU":0.6968611070124019,
		"fractionDeathOfHospitalizedOrICU":0.162133500251319,
		"fractionOfInfectionsPCRConfirmed":0.3030269469973958,
		"dateContained":"Fri 9 Oct 2020 00:00:00",
		"dateICUOverCapacity":"Sun 29 Mar 2020 16:18:28",
		"dateHospitalsOverCapacity":"Tue 7 Apr 2020 04:48:06"
	},
	"summaryAug1":{
		"totalProjectedDeaths":7.55997566017692e4,
		"totalProjectedPCRConfirmed":2.0568362736996538e6,
		"totalProjectedInfected":6.933376482620284e6,
		"totalInfectedFraction":0.7738004353515839,
		"fatalityRate":1.0903743189378676e-2,
		"fatalityRateSymptomatic":1.5576775984826681e-2,
		"fatalityRatePCR":3.6755359465625866e-2,
		"fractionOfSymptomaticHospitalized":7.319896812591806e-2,
		"fractionOfSymptomaticHospitalizedOrICU":0.1015513302927261,
		"fractionOfPCRHospitalized":0.2129950035985689,
		"fractionOfPCRHospitalizedOrICU":0.29549495730500613,
		"fractionHospitalizedInICU":0.2791924250039969,
		"fractionOfDeathInICU":0.6923983205611942,
		"fractionDeathOfHospitalizedOrICU":0.162133500251319,
		"fractionOfInfectionsPCRConfirmed":0.29665723170456304,
		"dateContained":"Fri 9 Oct 2020 00:00:00",
		"dateICUOverCapacity":"Sun 29 Mar 2020 16:18:28",
		"dateHospitalsOverCapacity":"Tue 7 Apr 2020 04:48:06"
	}
}