{
	"distancingLevel":1,
	"id":"scenario4",
	"distancingDays":90,
	"maintain":false,
	"name":"Normal",
	"gradual":false,
	"events":{
		"herd":{
			"eventName":"herd",
			"day":1.6105750370854363e2,
			"thresholdCrossed":0.6999999999999927
		},
		"icu":{
			"eventName":"icu",
			"day":8.551841401376535e1,
			"thresholdCrossed":1.1226360776329814e-4
		},
		"hospital":{
			"eventName":"hospital",
			"day":1.4393587036373913e2,
			"thresholdCrossed":8.138149729558131e-4
		}
	},
	"summary":{
		"totalProjectedDeaths":7.488618796886173e4,
		"totalProjectedPCRConfirmed":1.1282696644826543e6,
		"totalProjectedInfected":7.208250562251743e6,
		"totalInfectedFraction":0.8044777947909354,
		"fatalityRate":1.0388954618340638e-2,
		"fatalityRateSymptomatic":1.4841363740486623e-2,
		"fatalityRatePCR":6.637259719572386e-2,
		"fractionOfSymptomaticHospitalized":6.178068716328949e-2,
		"fractionOfSymptomaticHospitalizedOrICU":8.56151319190428e-2,
		"fractionOfPCRHospitalized":0.2244534138587202,
		"fractionOfPCRHospitalizedOrICU":0.3110455632583589,
		"fractionHospitalizedInICU":0.2783905627604596,
		"fractionOfDeathInICU":0.7173771702336372,
		"fractionDeathOfHospitalizedOrICU":0.16959764069011488,
		"fractionOfInfectionsPCRConfirmed":0.15652475656037698,
		"fractionOfDeathsReported":0.8133526564033419,
		"fractionOfHospitalizationsReported":0.8123786060595904,
		"dateContained":"",
		"dateICUOverCapacity":"Wed 25 Mar 2020 12:26:30",
		"dateHospitalsOverCapacity":"Fri 22 May 2020 22:27:39"
	},
	"summaryAug1":{
		"totalProjectedDeaths":7.171404347214231e4,
		"totalProjectedPCRConfirmed":1.1198949234426375e6,
		"totalProjectedInfected":7.191584628175357e6,
		"totalInfectedFraction":0.802617790927569,
		"fatalityRate":9.971939034295633e-3,
		"fatalityRateSymptomatic":1.4245627191850909e-2,
		"fatalityRatePCR":6.403640374731602e-2,
		"fractionOfSymptomaticHospitalized":6.104277350076861e-2,
		"fractionOfSymptomaticHospitalizedOrICU":8.459253766730504e-2,
		"fractionOfPCRHospitalized":0.222908937819273,
		"fractionOfPCRHospitalizedOrICU":0.3089052419713266,
		"fractionHospitalizedInICU":0.27839056276045965,
		"fractionOfDeathInICU":0.7148765521050704,
		"fractionDeathOfHospitalizedOrICU":0.1695976406901149,
		"fractionOfInfectionsPCRConfirmed":0.1557229708533342,
		"fractionOfDeathsReported":0.8133349067026759,
		"fractionOfHospitalizationsReported":0.8123587547424845,
		"dateContained":"",
		"dateICUOverCapacity":"Wed 25 Mar 2020 12:26:30",
		"dateHospitalsOverCapacity":"Fri 22 May 2020 22:27:39"
	}
}