{
	"distancingLevel":1,
	"id":"scenario4",
	"distancingDays":90,
	"maintain":false,
	"name":"Normal",
	"gradual":false,
	"events":{
		"herd":{
			"eventName":"herd",
			"day":1.6444531435527054e2,
			"thresholdCrossed":0.6999999999995197
		},
		"icu":{
			"eventName":"icu",
			"day":8.551841712532851e1,
			"thresholdCrossed":1.1226360776329803e-4
		},
		"hospital":{
			"eventName":"hospital",
			"day":1.4649330896405533e2,
			"thresholdCrossed":8.138149729558133e-4
		}
	},
	"summary":{
		"totalProjectedDeaths":7.455874666011661e4,
		"totalProjectedPCRConfirmed":1.1276870581845127e6,
		"totalProjectedInfected":7.176732346929356e6,
		"totalInfectedFraction":0.8009602000376284,
		"fatalityRate":1.0388954618325343e-2,
		"fatalityRateSymptomatic":1.4841363740464776e-2,
		"fatalityRatePCR":6.611652241549204e-2,
		"fractionOfSymptomaticHospitalized":6.1780687163272736e-2,
		"fractionOfSymptomaticHospitalizedOrICU":8.561513191901962e-2,
		"fractionOfPCRHospitalized":0.2235857789284241,
		"fractionOfPCRHospitalizedOrICU":0.30984320241671703,
		"fractionHospitalizedInICU":0.2783905627604598,
		"fractionOfDeathInICU":0.7173773977853509,
		"fractionDeathOfHospitalizedOrICU":0.16959764069011496,
		"fractionOfInfectionsPCRConfirmed":0.15713098993680683,
		"fractionOfDeathsReported":0.8133508943396183,
		"fractionOfHospitalizationsReported":0.8123725666189064,
		"dateContained":"",
		"dateICUOverCapacity":"Wed 25 Mar 2020 12:26:31",
		"dateHospitalsOverCapacity":"Mon 25 May 2020 11:50:21"
	},
	"summaryAug1":{
		"totalProjectedDeaths":7.029683328988706e4,
		"totalProjectedPCRConfirmed":1.1153618617228365e6,
		"totalProjectedInfected":7.151002107322521e6,
		"totalInfectedFraction":0.7980885731096261,
		"fatalityRate":9.830347164616851e-3,
		"fatalityRateSymptomatic":1.4043353092309786e-2,
		"fatalityRatePCR":6.302603280813592e-2,
		"fractionOfSymptomaticHospitalized":6.0734095698631634e-2,
		"fractionOfSymptomaticHospitalizedOrICU":8.416477468887477e-2,
		"fractionOfPCRHospitalized":0.2214223957009318,
		"fractionOfPCRHospitalizedOrICU":0.3068452050017051,
		"fractionHospitalizedInICU":0.27839056276045976,
		"fractionOfDeathInICU":0.7141575349754793,
		"fractionDeathOfHospitalizedOrICU":0.1695976406901149,
		"fractionOfInfectionsPCRConfirmed":0.15597280562688165,
		"fractionOfDeathsReported":0.813326459245291,
		"fractionOfHospitalizationsReported":0.8123437064664445,
		"dateContained":"",
		"dateICUOverCapacity":"Wed 25 Mar 2020 12:26:31",
		"dateHospitalsOverCapacity":"Mon 25 May 2020 11:50:21"
	}
}