{
	"distancingLevel":1,
	"id":"scenario4",
	"distancingDays":90,
	"maintain":false,
	"name":"Normal",
	"events":{
		"herd":{
			"eventName":"herd",
			"day":1.31132787363197e2,
			"thresholdCrossed":0.6999999999999998
		},
		"icu":{
			"eventName":"icu",
			"day":8.998097463229057e1,
			"thresholdCrossed":1.60376582518997e-4
		},
		"hospital":{
			"eventName":"hospital",
			"day":9.428884453371695e1,
			"thresholdCrossed":8.138149729558131e-4
		}
	},
	"summary":{
		"totalProjectedDeaths":9.473124498309034e4,
		"totalProjectedPCRConfirmed":1.7020858392943002e6,
		"totalProjectedInfected":8.054149892032741e6,
		"totalInfectedFraction":0.8988845057619769,
		"fatalityRate":1.176179314427704e-2,
		"fatalityRateSymptomatic":1.6802561634681485e-2,
		"fatalityRatePCR":5.565597386226229e-2,
		"fractionOfSymptomaticHospitalized":7.60732341935837e-2,
		"fractionOfPCRHospitalized":0.2584088657836979,
		"fractionHospitalizedInICU":0.27919242500399666,
		"fractionDeathOfHospitalized":0.15524717943415509,
		"fractionOfInfectionsPCRConfirmed":0.21133029085763894,
		"dateContained":"Sat 1 Aug 2020 00:00:00",
		"dateICUOverCapacity":"Sun 29 Mar 2020 23:32:36",
		"dateHospitalsOverCapacity":"Fri 3 Apr 2020 06:55:56"
	},
	"summaryAug1":{
		"totalProjectedDeaths":9.449061077792794e4,
		"totalProjectedPCRConfirmed":1.7019507752644336e6,
		"totalProjectedInfected":8.054063603665732e6,
		"totalInfectedFraction":0.8988748755369164,
		"fatalityRate":1.1732041790050107e-2,
		"fatalityRateSymptomatic":1.6760059700071585e-2,
		"fatalityRatePCR":5.5519003340885026e-2,
		"fractionOfSymptomaticHospitalized":7.606543299554935e-2,
		"fractionOfPCRHospitalized":0.25838757004638474,
		"fractionHospitalizedInICU":0.2791924250039965,
		"fractionDeathOfHospitalized":0.15487787650603466,
		"fractionOfInfectionsPCRConfirmed":0.21131578529995795,
		"dateContained":"Sat 1 Aug 2020 00:00:00",
		"dateICUOverCapacity":"Sun 29 Mar 2020 23:32:36",
		"dateHospitalsOverCapacity":"Fri 3 Apr 2020 06:55:56"
	}
}