{
	"distancingLevel":0.7,
	"id":"scenario8",
	"distancingDays":597,
	"maintain":false,
	"name":"relaxed restrictions",
	"gradual":false,
	"events":{
		"icu":{
			"eventName":"icu",
			"day":2.0839724403962134e2,
			"thresholdCrossed":1.3121399303511438e-4
		}
	},
	"summary":{
		"totalProjectedDeaths":1.7090805150590953e4,
		"totalProjectedPCRConfirmed":2.973209874865581e5,
		"totalProjectedInfected":1.811276110771173e6,
		"totalInfectedFraction":0.2526198671167068,
		"fatalityRate":9.435781242272517e-3,
		"fatalityRateSymptomatic":1.3479687488960739e-2,
		"fatalityRatePCR":5.74826731710745e-2,
		"fractionOfSymptomaticHospitalized":5.9509895395948614e-2,
		"fractionOfSymptomaticHospitalizedOrICU":8.236684630100337e-2,
		"fractionOfPCRHospitalized":0.19990488481262336,
		"fractionOfPCRHospitalizedOrICU":0.27668566399970673,
		"fractionHospitalizedInICU":0.27750183394816125,
		"fractionOfDeathInICU":0.7042424216967681,
		"fractionDeathOfHospitalizedOrICU":0.1693754584870403,
		"fractionOfInfectionsPCRConfirmed":0.1641500076760633,
		"fractionOfDeathsReported":0.7905888335080179,
		"fractionOfHospitalizationsReported":0.7877294585846222,
		"dateContained":"Sat 12 Jun 2021 11:45:33",
		"dateICUOverCapacity":"Sun 26 Jul 2020 09:32:01",
		"dateHospitalsOverCapacity":""
	},
	"summaryAug1":{
		"totalProjectedDeaths":3.925389455980056e3,
		"totalProjectedPCRConfirmed":8.333476699773443e4,
		"totalProjectedInfected":6.090311256954503e5,
		"totalInfectedFraction":8.494197054121035e-2,
		"fatalityRate":6.44530187434619e-3,
		"fatalityRateSymptomatic":9.207574106208843e-3,
		"fatalityRatePCR":4.710386309818053e-2,
		"fractionOfSymptomaticHospitalized":4.774410883284497e-2,
		"fractionOfSymptomaticHospitalizedOrICU":6.608197927165306e-2,
		"fractionOfPCRHospitalized":0.1886682032686752,
		"fractionOfPCRHospitalizedOrICU":0.2611331241152775,
		"fractionHospitalizedInICU":0.27750183394816114,
		"fractionOfDeathInICU":0.6935198643348726,
		"fractionDeathOfHospitalizedOrICU":0.16937545848704028,
		"fractionOfInfectionsPCRConfirmed":0.13683170445939818,
		"fractionOfDeathsReported":0.7812414591754813,
		"fractionOfHospitalizationsReported":0.7724450935754693,
		"dateContained":"Sat 12 Jun 2021 11:45:33",
		"dateICUOverCapacity":"Sun 26 Jul 2020 09:32:01",
		"dateHospitalsOverCapacity":""
	}
}