{
	"distancingLevel":0.2,
	"id":"scenario2",
	"distancingDays":90,
	"maintain":false,
	"name":"Italy",
	"gradual":false,
	"events":{
		"herd":{
			"eventName":"herd",
			"day":2.942501505179115e2,
			"thresholdCrossed":0.7000000000000158
		},
		"icu":{
			"eventName":"icu",
			"day":1.0791026193718567e2,
			"thresholdCrossed":1.0775375040922578e-4
		},
		"hospital":{
			"eventName":"hospital",
			"day":2.795139943590343e2,
			"thresholdCrossed":5.889434527283099e-4
		}
	},
	"summary":{
		"totalProjectedDeaths":6.57417407499882e3,
		"totalProjectedPCRConfirmed":7.63967596180844e4,
		"totalProjectedInfected":7.020837115186745e5,
		"totalInfectedFraction":0.11709047054227846,
		"fatalityRate":9.363803727590048e-3,
		"fatalityRateSymptomatic":1.3376862467985784e-2,
		"fatalityRatePCR":8.605304868771688e-2,
		"fractionOfSymptomaticHospitalized":5.9835521095867254e-2,
		"fractionOfSymptomaticHospitalizedOrICU":8.241561012866414e-2,
		"fractionOfPCRHospitalized":0.30771453924978565,
		"fractionOfPCRHospitalizedOrICU":0.42383656118077107,
		"fractionHospitalizedInICU":0.2739783033523103,
		"fractionOfDeathInICU":0.6935464392922942,
		"fractionDeathOfHospitalizedOrICU":0.16849457583807756,
		"fractionOfInfectionsPCRConfirmed":0.10881431710305724,
		"fractionOfDeathsReported":0.8002255789764628,
		"fractionOfHospitalizationsReported":0.7994235540051857,
		"dateContained":"Sat 11 Jul 2020 15:57:20",
		"dateICUOverCapacity":"Thu 16 Apr 2020 21:50:46",
		"dateHospitalsOverCapacity":"Mon 5 Oct 2020 12:20:09"
	},
	"summaryAug1":{
		"totalProjectedDeaths":6.57417407499882e3,
		"totalProjectedPCRConfirmed":7.63967596180844e4,
		"totalProjectedInfected":7.020837115186745e5,
		"totalInfectedFraction":0.11709047054227846,
		"fatalityRate":9.363803727590048e-3,
		"fatalityRateSymptomatic":1.3376862467985784e-2,
		"fatalityRatePCR":8.605304868771688e-2,
		"fractionOfSymptomaticHospitalized":5.9835521095867254e-2,
		"fractionOfSymptomaticHospitalizedOrICU":8.241561012866414e-2,
		"fractionOfPCRHospitalized":0.30771453924978565,
		"fractionOfPCRHospitalizedOrICU":0.42383656118077107,
		"fractionHospitalizedInICU":0.2739783033523103,
		"fractionOfDeathInICU":0.6935464392922942,
		"fractionDeathOfHospitalizedOrICU":0.16849457583807756,
		"fractionOfInfectionsPCRConfirmed":0.10881431710305724,
		"fractionOfDeathsReported":0.8002255789764628,
		"fractionOfHospitalizationsReported":0.7994235540051857,
		"dateContained":"Sat 11 Jul 2020 15:57:20",
		"dateICUOverCapacity":"Thu 16 Apr 2020 21:50:46",
		"dateHospitalsOverCapacity":"Mon 5 Oct 2020 12:20:09"
	}
}