{
	"distancingLevel":0.2,
	"id":"scenario2",
	"distancingDays":90,
	"maintain":false,
	"name":"Italy",
	"gradual":false,
	"events":{},
	"summary":{
		"totalProjectedDeaths":4.6284228532219095e4,
		"totalProjectedPCRConfirmed":7.942774455637344e5,
		"totalProjectedInfected":4.90031410077148e6,
		"totalInfectedFraction":0.8172530916906665,
		"fatalityRate":9.445155469714145e-3,
		"fatalityRateSymptomatic":1.3493079242448778e-2,
		"fatalityRatePCR":5.827211736998159e-2,
		"fractionOfSymptomaticHospitalized":5.994326130217831e-2,
		"fractionOfSymptomaticHospitalizedOrICU":8.256400818179194e-2,
		"fractionOfPCRHospitalized":0.207201221308446,
		"fractionOfPCRHospitalizedOrICU":0.28539260226680624,
		"fractionHospitalizedInICU":0.27397830335231044,
		"fractionOfDeathInICU":0.6942160209498608,
		"fractionDeathOfHospitalizedOrICU":0.16849457583807761,
		"fractionOfInfectionsPCRConfirmed":0.16208704773408045,
		"fractionOfDeathsReported":0.8005031482005391,
		"fractionOfHospitalizationsReported":0.8003910345313114,
		"dateContained":"",
		"dateICUOverCapacity":"",
		"dateHospitalsOverCapacity":""
	},
	"summaryAug1":{
		"totalProjectedDeaths":6.5668637673629155e3,
		"totalProjectedPCRConfirmed":7.653547970288145e4,
		"totalProjectedInfected":6.962545166172041e5,
		"totalInfectedFraction":0.11611830274704588,
		"fatalityRate":9.431700061736666e-3,
		"fatalityRateSymptomatic":1.3473857231052381e-2,
		"fatalityRatePCR":8.580156278965197e-2,
		"fractionOfSymptomaticHospitalized":5.992827623135507e-2,
		"fractionOfSymptomaticHospitalizedOrICU":8.254336820520113e-2,
		"fractionOfPCRHospitalized":0.3050867824734278,
		"fractionOfPCRHospitalizedOrICU":0.4202171696550202,
		"fractionHospitalizedInICU":0.2739783033523105,
		"fractionOfDeathInICU":0.694118249176288,
		"fractionDeathOfHospitalizedOrICU":0.16849457583807761,
		"fractionOfInfectionsPCRConfirmed":0.10992457194350974,
		"fractionOfDeathsReported":0.8002334530704031,
		"fractionOfHospitalizationsReported":0.7994445569649514,
		"dateContained":"",
		"dateICUOverCapacity":"",
		"dateHospitalsOverCapacity":""
	}
}