{
	"distancingLevel":0.2,
	"id":"scenario2",
	"distancingDays":90,
	"maintain":false,
	"name":"Italy",
	"gradual":false,
	"events":{
		"herd":{
			"eventName":"herd",
			"day":3.5089301331449775e2,
			"thresholdCrossed":0.7
		},
		"icu":{
			"eventName":"icu",
			"day":1.0675321443683103e2,
			"thresholdCrossed":1.0775375040922563e-4
		},
		"hospital":{
			"eventName":"hospital",
			"day":3.2807248738575674e2,
			"thresholdCrossed":5.889434527283133e-4
		}
	},
	"summary":{
		"totalProjectedDeaths":5.621827949463526e3,
		"totalProjectedPCRConfirmed":6.799675778527706e4,
		"totalProjectedInfected":6.040941930085054e5,
		"totalInfectedFraction":0.10074820445302761,
		"fatalityRate":9.306210876594827e-3,
		"fatalityRateSymptomatic":1.3294586966564038e-2,
		"fatalityRatePCR":8.267788248399086e-2,
		"fractionOfSymptomaticHospitalized":5.9755227622949464e-2,
		"fractionOfSymptomaticHospitalizedOrICU":8.23050163636451e-2,
		"fractionOfPCRHospitalized":0.2941276220716316,
		"fractionOfPCRHospitalizedOrICU":0.405122358504887,
		"fractionHospitalizedInICU":0.2739783033523105,
		"fractionOfDeathInICU":0.693407752327273,
		"fractionDeathOfHospitalizedOrICU":0.16849457583807761,
		"fractionOfInfectionsPCRConfirmed":0.1125598599891188,
		"fractionOfDeathsReported":0.7972626244487523,
		"fractionOfHospitalizationsReported":0.791489961304366,
		"dateContained":"Fri 10 Jul 2020 02:15:28",
		"dateICUOverCapacity":"Wed 15 Apr 2020 18:04:37",
		"dateHospitalsOverCapacity":"Mon 23 Nov 2020 01:44:22"
	},
	"summaryAug1":{
		"totalProjectedDeaths":5.621827949463526e3,
		"totalProjectedPCRConfirmed":6.799675778527706e4,
		"totalProjectedInfected":6.040941930085054e5,
		"totalInfectedFraction":0.10074820445302761,
		"fatalityRate":9.306210876594827e-3,
		"fatalityRateSymptomatic":1.3294586966564038e-2,
		"fatalityRatePCR":8.267788248399086e-2,
		"fractionOfSymptomaticHospitalized":5.9755227622949464e-2,
		"fractionOfSymptomaticHospitalizedOrICU":8.23050163636451e-2,
		"fractionOfPCRHospitalized":0.2941276220716316,
		"fractionOfPCRHospitalizedOrICU":0.405122358504887,
		"fractionHospitalizedInICU":0.2739783033523105,
		"fractionOfDeathInICU":0.693407752327273,
		"fractionDeathOfHospitalizedOrICU":0.16849457583807761,
		"fractionOfInfectionsPCRConfirmed":0.1125598599891188,
		"fractionOfDeathsReported":0.7972626244487523,
		"fractionOfHospitalizationsReported":0.791489961304366,
		"dateContained":"Fri 10 Jul 2020 02:15:28",
		"dateICUOverCapacity":"Wed 15 Apr 2020 18:04:37",
		"dateHospitalsOverCapacity":"Mon 23 Nov 2020 01:44:22"
	}
}