{
	"distancingLevel":0.2,
	"id":"scenario2",
	"distancingDays":90,
	"maintain":false,
	"name":"Italy",
	"gradual":false,
	"events":{
		"herd":{
			"eventName":"herd",
			"day":2.952116044774751e2,
			"thresholdCrossed":0.7000000000000339
		},
		"icu":{
			"eventName":"icu",
			"day":1.0846267313599061e2,
			"thresholdCrossed":1.0775375040922578e-4
		},
		"hospital":{
			"eventName":"hospital",
			"day":2.804365050053996e2,
			"thresholdCrossed":5.889434527283054e-4
		}
	},
	"summary":{
		"totalProjectedDeaths":6.332017085130442e3,
		"totalProjectedPCRConfirmed":7.3586611446251e4,
		"totalProjectedInfected":6.766003759213703e5,
		"totalInfectedFraction":0.11284047056774442,
		"fatalityRate":9.358577545139147e-3,
		"fatalityRateSymptomatic":1.3369396493055923e-2,
		"fatalityRatePCR":8.6048493886085e-2,
		"fractionOfSymptomaticHospitalized":5.982698587337843e-2,
		"fractionOfSymptomaticHospitalizedOrICU":8.240385397519348e-2,
		"fractionOfPCRHospitalized":0.30782117393214464,
		"fractionOfPCRHospitalizedOrICU":0.423983436519141,
		"fractionHospitalizedInICU":0.2739783033523104,
		"fractionOfDeathInICU":0.6935088003561132,
		"fractionDeathOfHospitalizedOrICU":0.1684945758380776,
		"fractionOfInfectionsPCRConfirmed":0.10875934165133055,
		"fractionOfDeathsReported":0.8002217965733179,
		"fractionOfHospitalizationsReported":0.7994105893010411,
		"dateContained":"Sat 11 Jul 2020 05:33:11",
		"dateICUOverCapacity":"Fri 17 Apr 2020 11:06:14",
		"dateHospitalsOverCapacity":"Tue 6 Oct 2020 10:28:34"
	},
	"summaryAug1":{
		"totalProjectedDeaths":6.332017085130442e3,
		"totalProjectedPCRConfirmed":7.3586611446251e4,
		"totalProjectedInfected":6.766003759213703e5,
		"totalInfectedFraction":0.11284047056774442,
		"fatalityRate":9.358577545139147e-3,
		"fatalityRateSymptomatic":1.3369396493055923e-2,
		"fatalityRatePCR":8.6048493886085e-2,
		"fractionOfSymptomaticHospitalized":5.982698587337843e-2,
		"fractionOfSymptomaticHospitalizedOrICU":8.240385397519348e-2,
		"fractionOfPCRHospitalized":0.30782117393214464,
		"fractionOfPCRHospitalizedOrICU":0.423983436519141,
		"fractionHospitalizedInICU":0.2739783033523104,
		"fractionOfDeathInICU":0.6935088003561132,
		"fractionDeathOfHospitalizedOrICU":0.1684945758380776,
		"fractionOfInfectionsPCRConfirmed":0.10875934165133055,
		"fractionOfDeathsReported":0.8002217965733179,
		"fractionOfHospitalizationsReported":0.7994105893010411,
		"dateContained":"Sat 11 Jul 2020 05:33:11",
		"dateICUOverCapacity":"Fri 17 Apr 2020 11:06:14",
		"dateHospitalsOverCapacity":"Tue 6 Oct 2020 10:28:34"
	}
}