{
	"distancingLevel":1,
	"id":"scenario4",
	"distancingDays":90,
	"maintain":false,
	"name":"Normal",
	"gradual":false,
	"events":{
		"herd":{
			"eventName":"herd",
			"day":1.7164585768556015e2,
			"thresholdCrossed":0.6999999999999994
		},
		"icu":{
			"eventName":"icu",
			"day":8.245075510745868e1,
			"thresholdCrossed":1.0992397905509525e-4
		},
		"hospital":{
			"eventName":"hospital",
			"day":1.5652183972403353e2,
			"thresholdCrossed":8.57112113574461e-4
		}
	},
	"summary":{
		"totalProjectedDeaths":1.4800408710545718e5,
		"totalProjectedPCRConfirmed":2.2198465838560727e6,
		"totalProjectedInfected":1.4283566403384432e7,
		"totalInfectedFraction":0.7214568093358876,
		"fatalityRate":1.0361844018899107e-2,
		"fatalityRateSymptomatic":1.480263431271301e-2,
		"fatalityRatePCR":6.667311524220777e-2,
		"fractionOfSymptomaticHospitalized":6.1250928307705885e-2,
		"fractionOfSymptomaticHospitalizedOrICU":8.51245190989303e-2,
		"fractionOfPCRHospitalized":0.22159848087627432,
		"fractionOfPCRHospitalizedOrICU":0.3079702567589198,
		"fractionHospitalizedInICU":0.2804549270167263,
		"fractionOfDeathInICU":0.7275523533344392,
		"fractionDeathOfHospitalizedOrICU":0.1701137317541816,
		"fractionOfInfectionsPCRConfirmed":0.15541262743246598,
		"fractionOfDeathsReported":0.8050737589614526,
		"fractionOfHospitalizationsReported":0.8032345234721032,
		"dateContained":"",
		"dateICUOverCapacity":"Sun 22 Mar 2020 10:49:05",
		"dateHospitalsOverCapacity":"Thu 4 Jun 2020 12:31:26"
	},
	"summaryAug1":{
		"totalProjectedDeaths":1.3400301973724214e5,
		"totalProjectedPCRConfirmed":2.1666689710270795e6,
		"totalProjectedInfected":1.4147468315119866e7,
		"totalInfectedFraction":0.7145825533032485,
		"fatalityRate":9.471872758607183e-3,
		"fatalityRateSymptomatic":1.3531246798010262e-2,
		"fatalityRatePCR":6.1847481793086204e-2,
		"fractionOfSymptomaticHospitalized":5.9347462850486456e-2,
		"fractionOfSymptomaticHospitalizedOrICU":8.247914561408724e-2,
		"fractionOfPCRHospitalized":0.2178559195020216,
		"fractionOfPCRHospitalizedOrICU":0.30276896845221785,
		"fractionHospitalizedInICU":0.28045492701672636,
		"fractionOfDeathInICU":0.7228339731629284,
		"fractionDeathOfHospitalizedOrICU":0.1701137317541816,
		"fractionOfInfectionsPCRConfirmed":0.15314888309108202,
		"fractionOfDeathsReported":0.8049928182929393,
		"fractionOfHospitalizationsReported":0.803124734619957,
		"dateContained":"",
		"dateICUOverCapacity":"Sun 22 Mar 2020 10:49:05",
		"dateHospitalsOverCapacity":"Thu 4 Jun 2020 12:31:26"
	}
}