{
	"distancingLevel":1,
	"id":"scenario4",
	"distancingDays":90,
	"maintain":false,
	"name":"Normal",
	"gradual":false,
	"events":{
		"herd":{
			"eventName":"herd",
			"day":1.6690763143252966e2,
			"thresholdCrossed":0.6999999999999851
		},
		"icu":{
			"eventName":"icu",
			"day":8.394371441204284e1,
			"thresholdCrossed":1.0992397905509531e-4
		},
		"hospital":{
			"eventName":"hospital",
			"day":1.5261369034482092e2,
			"thresholdCrossed":8.571121135744679e-4
		}
	},
	"summary":{
		"totalProjectedDeaths":1.65063076050176e5,
		"totalProjectedPCRConfirmed":2.5182138304110332e6,
		"totalProjectedInfected":1.5929893921440719e7,
		"totalInfectedFraction":0.8046121057622287,
		"fatalityRate":1.0361844018811111e-2,
		"fatalityRateSymptomatic":1.4802634312587304e-2,
		"fatalityRatePCR":6.554768068414338e-2,
		"fractionOfSymptomaticHospitalized":6.125092830757091e-2,
		"fractionOfSymptomaticHospitalizedOrICU":8.512451909874272e-2,
		"fractionOfPCRHospitalized":0.21809227288068286,
		"fractionOfPCRHospitalizedOrICU":0.30309744457905907,
		"fractionHospitalizedInICU":0.28045492701672625,
		"fractionOfDeathInICU":0.7275191031289121,
		"fractionDeathOfHospitalizedOrICU":0.17011373175418154,
		"fractionOfInfectionsPCRConfirmed":0.15808101691258988,
		"fractionOfDeathsReported":0.8053368095424935,
		"fractionOfHospitalizationsReported":0.8040985600515372,
		"dateContained":"",
		"dateICUOverCapacity":"Mon 23 Mar 2020 22:38:56",
		"dateHospitalsOverCapacity":"Sun 31 May 2020 14:43:42"
	},
	"summaryAug1":{
		"totalProjectedDeaths":1.541066883539098e5,
		"totalProjectedPCRConfirmed":2.486816349242937e6,
		"totalProjectedInfected":1.5864619520935588e7,
		"totalInfectedFraction":0.8013151238047964,
		"fatalityRate":9.713859708425053e-3,
		"fatalityRateSymptomatic":1.3876942440607222e-2,
		"fatalityRatePCR":6.19694688756669e-2,
		"fractionOfSymptomaticHospitalized":6.003097607303359e-2,
		"fractionOfSymptomaticHospitalizedOrICU":8.342906973727418e-2,
		"fractionOfPCRHospitalized":0.21554874641442415,
		"fractionOfPCRHospitalizedOrICU":0.29956253542359357,
		"fractionHospitalizedInICU":0.2804549270167262,
		"fractionOfDeathInICU":0.723769054845309,
		"fractionDeathOfHospitalizedOrICU":0.17011373175418154,
		"fractionOfInfectionsPCRConfirmed":0.15675234731984808,
		"fractionOfDeathsReported":0.8053004349440943,
		"fractionOfHospitalizationsReported":0.8040556528969675,
		"dateContained":"",
		"dateICUOverCapacity":"Mon 23 Mar 2020 22:38:56",
		"dateHospitalsOverCapacity":"Sun 31 May 2020 14:43:42"
	}
}