{
	"distancingLevel":1,
	"id":"scenario4",
	"distancingDays":90,
	"maintain":false,
	"name":"Normal",
	"gradual":false,
	"events":{},
	"summary":{
		"totalProjectedDeaths":1.8494203945240995e5,
		"totalProjectedPCRConfirmed":3.540004151209398e6,
		"totalProjectedInfected":1.4461165346635519e7,
		"totalInfectedFraction":0.7304272557440756,
		"fatalityRate":1.2788875240641508e-2,
		"fatalityRateSymptomatic":1.8269821772345013e-2,
		"fatalityRatePCR":5.2243452705903415e-2,
		"fractionOfSymptomaticHospitalized":7.542091918466938e-2,
		"fractionOfSymptomaticHospitalizedOrICU":0.10493497373418478,
		"fractionOfPCRHospitalized":0.17333301893547068,
		"fractionOfPCRHospitalizedOrICU":0.24116247834006427,
		"fractionHospitalizedInICU":0.28126041775432,
		"fractionOfDeathInICU":0.7287650879285112,
		"fractionDeathOfHospitalizedOrICU":0.17031510443858,
		"fractionOfInfectionsPCRConfirmed":0.244793836897315,
		"fractionOfDeathsReported":0.8052639207123663,
		"fractionOfHospitalizationsReported":0.8036962087461657,
		"dateContained":"",
		"dateICUOverCapacity":"",
		"dateHospitalsOverCapacity":""
	},
	"summaryAug1":{
		"totalProjectedDeaths":1.8042710779184423e5,
		"totalProjectedPCRConfirmed":3.525053492257817e6,
		"totalProjectedInfected":1.4439319263738351e7,
		"totalInfectedFraction":0.7293238194720432,
		"fatalityRate":1.2495541132950304e-2,
		"fatalityRateSymptomatic":1.7850773047071864e-2,
		"fatalityRatePCR":5.1184218392180944e-2,
		"fractionOfSymptomaticHospitalized":7.494241142937505e-2,
		"fractionOfSymptomaticHospitalizedOrICU":0.10426921416407837,
		"fractionOfPCRHospitalized":0.17269884523283643,
		"fractionOfPCRHospitalizedOrICU":0.24028013692142022,
		"fractionHospitalizedInICU":0.28126041775431965,
		"fractionOfDeathInICU":0.726683832653493,
		"fractionDeathOfHospitalizedOrICU":0.17031510443857992,
		"fractionOfInfectionsPCRConfirmed":0.244128786674198,
		"fractionOfDeathsReported":0.8052492940693265,
		"fractionOfHospitalizationsReported":0.8036791897480475,
		"dateContained":"",
		"dateICUOverCapacity":"",
		"dateHospitalsOverCapacity":""
	}
}