{
	"distancingLevel":1,
	"id":"scenario4",
	"distancingDays":90,
	"maintain":false,
	"name":"Normal",
	"gradual":false,
	"events":{
		"herd":{
			"eventName":"herd",
			"day":1.6207481476495707e2,
			"thresholdCrossed":0.6999999999995744
		},
		"icu":{
			"eventName":"icu",
			"day":8.3193841397281e1,
			"thresholdCrossed":1.099239790547048e-4
		},
		"hospital":{
			"eventName":"hospital",
			"day":1.4778991560521058e2,
			"thresholdCrossed":8.571121135742809e-4
		}
	},
	"summary":{
		"totalProjectedDeaths":1.6425026838614393e5,
		"totalProjectedPCRConfirmed":2.4359185575599186e6,
		"totalProjectedInfected":1.5851451545512084e7,
		"totalInfectedFraction":0.8006500150171058,
		"fatalityRate":1.0361844018798834e-2,
		"fatalityRateSymptomatic":1.4802634312569764e-2,
		"fatalityRatePCR":6.742847287582344e-2,
		"fractionOfSymptomaticHospitalized":6.1250928307557975e-2,
		"fractionOfSymptomaticHospitalizedOrICU":8.512451909872479e-2,
		"fractionOfPCRHospitalized":0.22427031156503932,
		"fractionOfPCRHospitalizedOrICU":0.31168347888924075,
		"fractionHospitalizedInICU":0.28045492701672664,
		"fractionOfDeathInICU":0.7275300646188717,
		"fractionDeathOfHospitalizedOrICU":0.17011373175418162,
		"fractionOfInfectionsPCRConfirmed":0.15367164013756102,
		"fractionOfDeathsReported":0.8052497186943004,
		"fractionOfHospitalizationsReported":0.8038125780211651,
		"dateContained":"",
		"dateICUOverCapacity":"Mon 23 Mar 2020 04:39:07",
		"dateHospitalsOverCapacity":"Tue 26 May 2020 18:57:28"
	},
	"summaryAug1":{
		"totalProjectedDeaths":1.563985190375555e5,
		"totalProjectedPCRConfirmed":2.4142468193037715e6,
		"totalProjectedInfected":1.580615802435331e7,
		"totalInfectedFraction":0.7983622587007944,
		"fatalityRate":9.894783969424116e-3,
		"fatalityRateSymptomatic":1.413540567060588e-2,
		"fatalityRatePCR":6.478149532476478e-2,
		"fractionOfSymptomaticHospitalized":6.040408229564149e-2,
		"fractionOfSymptomaticHospitalizedOrICU":8.394760045427427e-2,
		"fractionOfPCRHospitalized":0.22250776030976407,
		"fractionOfPCRHospitalizedOrICU":0.3092339433125914,
		"fractionHospitalizedInICU":0.2804549270167261,
		"fractionOfDeathInICU":0.7247629324953908,
		"fractionDeathOfHospitalizedOrICU":0.17011373175418154,
		"fractionOfInfectionsPCRConfirmed":0.15274090108323762,
		"fractionOfDeathsReported":0.8052196610451118,
		"fractionOfHospitalizationsReported":0.8037781202881833,
		"dateContained":"",
		"dateICUOverCapacity":"Mon 23 Mar 2020 04:39:07",
		"dateHospitalsOverCapacity":"Tue 26 May 2020 18:57:28"
	}
}