{
	"distancingLevel":1,
	"id":"scenario4",
	"distancingDays":90,
	"maintain":false,
	"name":"Normal",
	"gradual":false,
	"events":{
		"herd":{
			"eventName":"herd",
			"day":1.9566804015315515e2,
			"thresholdCrossed":0.7000000000003661
		},
		"icu":{
			"eventName":"icu",
			"day":1.5585839588656847e2,
			"thresholdCrossed":1.8744856147873492e-4
		},
		"hospital":{
			"eventName":"hospital",
			"day":1.6065275039677354e2,
			"thresholdCrossed":8.298988186727959e-4
		}
	},
	"summary":{
		"totalProjectedDeaths":4.505574575287393e4,
		"totalProjectedPCRConfirmed":1.3213073951604269e6,
		"totalProjectedInfected":4.0812199264800646e6,
		"totalInfectedFraction":0.5692104198638661,
		"fatalityRate":1.1039774029461142e-2,
		"fatalityRateSymptomatic":1.5771105756373062e-2,
		"fatalityRatePCR":3.4099366973877776e-2,
		"fractionOfSymptomaticHospitalized":7.328665882491603e-2,
		"fractionOfSymptomaticHospitalizedOrICU":0.10154756058038474,
		"fractionOfPCRHospitalized":0.20994863750343173,
		"fractionOfPCRHospitalizedOrICU":0.290909318660338,
		"fractionHospitalizedInICU":0.27830212359554884,
		"fractionOfDeathInICU":0.674753695148162,
		"fractionDeathOfHospitalizedOrICU":0.16183970078653112,
		"fractionOfInfectionsPCRConfirmed":0.3237530490791308,
		"dateContained":"Thu 5 Nov 2020 00:00:00",
		"dateICUOverCapacity":"Wed 3 Jun 2020 20:36:05",
		"dateHospitalsOverCapacity":"Mon 8 Jun 2020 15:39:57"
	},
	"summaryAug1":{
		"totalProjectedDeaths":3.3625131178838325e4,
		"totalProjectedPCRConfirmed":1.1899455850969139e6,
		"totalProjectedInfected":3.8403439345979625e6,
		"totalInfectedFraction":0.5356152872946225,
		"fatalityRate":8.755760356750046e-3,
		"fatalityRateSymptomatic":1.2508229081071494e-2,
		"fatalityRatePCR":2.8257704890009543e-2,
		"fractionOfSymptomaticHospitalized":6.704823464868988e-2,
		"fractionOfSymptomaticHospitalizedOrICU":9.290346672866605e-2,
		"fractionOfPCRHospitalized":0.20011273962247206,
		"fractionOfPCRHospitalizedOrICU":0.2772804883664721,
		"fractionHospitalizedInICU":0.2783021235955489,
		"fractionOfDeathInICU":0.6668902302012631,
		"fractionDeathOfHospitalizedOrICU":0.16183970078653115,
		"fractionOfInfectionsPCRConfirmed":0.3098539103168859,
		"dateContained":"Thu 5 Nov 2020 00:00:00",
		"dateICUOverCapacity":"Wed 3 Jun 2020 20:36:05",
		"dateHospitalsOverCapacity":"Mon 8 Jun 2020 15:39:57"
	}
}