{
	"distancingLevel":1,
	"id":"scenario4",
	"distancingDays":90,
	"maintain":false,
	"name":"Normal",
	"events":{
		"herd":{
			"eventName":"herd",
			"day":1.736037105903852e2,
			"thresholdCrossed":0.7000000000000098
		},
		"icu":{
			"eventName":"icu",
			"day":1.418359257454348e2,
			"thresholdCrossed":1.874485614787342e-4
		},
		"hospital":{
			"eventName":"hospital",
			"day":1.4444786575677253e2,
			"thresholdCrossed":8.298988186628045e-4
		}
	},
	"summary":{
		"totalProjectedDeaths":5.11760468143437e4,
		"totalProjectedPCRConfirmed":1.482154087540078e6,
		"totalProjectedInfected":4.863831663087974e6,
		"totalInfectedFraction":0.6783617920539905,
		"fatalityRate":1.052175534830348e-2,
		"fatalityRateSymptomatic":1.5031079069004975e-2,
		"fatalityRatePCR":3.4528155503238046e-2,
		"fractionOfSymptomaticHospitalized":7.328665882462825e-2,
		"fractionOfPCRHospitalized":0.23304598392741402,
		"fractionHospitalizedInICU":0.2783021235955488,
		"fractionDeathOfHospitalized":0.10692695099440531,
		"fractionOfInfectionsPCRConfirmed":0.304729725493641,
		"dateContained":"Wed 7 Oct 2020 00:00:00",
		"dateICUOverCapacity":"Wed 20 May 2020 20:03:43",
		"dateHospitalsOverCapacity":"Sat 23 May 2020 10:44:55"
	},
	"summaryAug1":{
		"totalProjectedDeaths":4.5729402806854196e4,
		"totalProjectedPCRConfirmed":1.4490693919494066e6,
		"totalProjectedInfected":4.811828667416885e6,
		"totalInfectedFraction":0.6711089001409469,
		"fatalityRate":9.503539291934709e-3,
		"fatalityRateSymptomatic":1.3576484702763871e-2,
		"fatalityRatePCR":3.155777291336978e-2,
		"fractionOfSymptomaticHospitalized":7.158072461986097e-2,
		"fractionOfPCRHospitalized":0.23007535971869833,
		"fractionHospitalizedInICU":0.27830212359554873,
		"fractionDeathOfHospitalized":9.899007752711526e-2,
		"fractionOfInfectionsPCRConfirmed":0.30114733755208806,
		"dateContained":"Wed 7 Oct 2020 00:00:00",
		"dateICUOverCapacity":"Wed 20 May 2020 20:03:43",
		"dateHospitalsOverCapacity":"Sat 23 May 2020 10:44:55"
	}
}