{
	"distancingLevel":1,
	"id":"scenario4",
	"distancingDays":90,
	"maintain":false,
	"name":"Normal",
	"gradual":false,
	"events":{},
	"summary":{
		"totalProjectedDeaths":4.956928486400236e4,
		"totalProjectedPCRConfirmed":1.4377461219887536e6,
		"totalProjectedInfected":4.710905075408798e6,
		"totalInfectedFraction":0.6570330205716146,
		"fatalityRate":1.0522242344206201e-2,
		"fatalityRateSymptomatic":1.5031774777437432e-2,
		"fatalityRatePCR":3.4477077771864165e-2,
		"fractionOfSymptomaticHospitalized":7.328665882479439e-2,
		"fractionOfPCRHospitalized":0.23289804922570653,
		"fractionHospitalizedInICU":0.27830212359554873,
		"fractionDeathOfHospitalized":0.10683659178472447,
		"fractionOfInfectionsPCRConfirmed":0.3051953072656618,
		"dateContained":"Tue 13 Oct 2020 00:00:00",
		"dateICUOverCapacity":"",
		"dateHospitalsOverCapacity":""
	},
	"summaryAug1":{
		"totalProjectedDeaths":4.3209160006467566e4,
		"totalProjectedPCRConfirmed":1.393943565286722e6,
		"totalProjectedInfected":4.638717377804774e6,
		"totalInfectedFraction":0.6469649550416026,
		"fatalityRate":9.314893856912634e-3,
		"fatalityRateSymptomatic":1.3306991224160906e-2,
		"fatalityRatePCR":3.099778289631103e-2,
		"fractionOfSymptomaticHospitalized":7.108973090799448e-2,
		"fractionOfPCRHospitalized":0.22911489748365077,
		"fractionHospitalizedInICU":0.27830212359554873,
		"fractionDeathOfHospitalized":9.764111515756083e-2,
		"fractionOfInfectionsPCRConfirmed":0.30050193873772746,
		"dateContained":"Tue 13 Oct 2020 00:00:00",
		"dateICUOverCapacity":"",
		"dateHospitalsOverCapacity":""
	}
}