{
	"distancingLevel":1,
	"id":"scenario4",
	"distancingDays":90,
	"maintain":false,
	"name":"Normal",
	"gradual":false,
	"events":{
		"herd":{
			"eventName":"herd",
			"day":1.9438917146112652e2,
			"thresholdCrossed":0.7000000000000488
		},
		"icu":{
			"eventName":"icu",
			"day":1.5458469294094542e2,
			"thresholdCrossed":1.8744856147873457e-4
		},
		"hospital":{
			"eventName":"hospital",
			"day":1.5937832933718988e2,
			"thresholdCrossed":8.298988186727958e-4
		}
	},
	"summary":{
		"totalProjectedDeaths":4.506092191503466e4,
		"totalProjectedPCRConfirmed":1.3201477415914105e6,
		"totalProjectedInfected":4.0816887913744543e6,
		"totalInfectedFraction":0.5692758127581974,
		"fatalityRate":1.1039774029381841e-2,
		"fatalityRateSymptomatic":1.5771105756259774e-2,
		"fatalityRatePCR":3.4133241678476575e-2,
		"fractionOfSymptomaticHospitalized":7.328665882476475e-2,
		"fractionOfSymptomaticHospitalizedOrICU":0.10154756058017515,
		"fractionOfPCRHospitalized":0.21000820903163106,
		"fractionOfPCRHospitalizedOrICU":0.2909918622428361,
		"fractionHospitalizedInICU":0.27830212359554896,
		"fractionOfDeathInICU":0.6747537089934887,
		"fractionDeathOfHospitalizedOrICU":0.16183970078653115,
		"fractionOfInfectionsPCRConfirmed":0.32343174824626164,
		"dateContained":"Tue 3 Nov 2020 00:00:00",
		"dateICUOverCapacity":"Tue 2 Jun 2020 14:01:57",
		"dateHospitalsOverCapacity":"Sun 7 Jun 2020 09:04:47"
	},
	"summaryAug1":{
		"totalProjectedDeaths":3.433857003802409e4,
		"totalProjectedPCRConfirmed":1.1991154415777232e6,
		"totalProjectedInfected":3.860759895434261e6,
		"totalInfectedFraction":0.5384627147425171,
		"fatalityRate":8.894251641660732e-3,
		"fatalityRateSymptomatic":1.2706073773801046e-2,
		"fatalityRatePCR":2.863658397463674e-2,
		"fractionOfSymptomaticHospitalized":6.750778588930295e-2,
		"fractionOfSymptomaticHospitalizedOrICU":9.354023074812333e-2,
		"fractionOfPCRHospitalized":0.20089249674645984,
		"fractionOfPCRHospitalizedOrICU":0.2783609365006312,
		"fractionHospitalizedInICU":0.2783021235955489,
		"fractionOfDeathInICU":0.667357294555488,
		"fractionDeathOfHospitalizedOrICU":0.16183970078653115,
		"fractionOfInfectionsPCRConfirmed":0.31059052467774506,
		"dateContained":"Tue 3 Nov 2020 00:00:00",
		"dateICUOverCapacity":"Tue 2 Jun 2020 14:01:57",
		"dateHospitalsOverCapacity":"Sun 7 Jun 2020 09:04:47"
	}
}