{
	"distancingLevel":1,
	"id":"scenario4",
	"distancingDays":90,
	"maintain":false,
	"name":"Normal",
	"gradual":false,
	"events":{
		"herd":{
			"eventName":"herd",
			"day":2.029651024379771e2,
			"thresholdCrossed":0.700000000000093
		},
		"icu":{
			"eventName":"icu",
			"day":1.57299237516634e2,
			"thresholdCrossed":1.312139930351143e-4
		},
		"hospital":{
			"eventName":"hospital",
			"day":1.66075457434479e2,
			"thresholdCrossed":8.298988186727959e-4
		}
	},
	"summary":{
		"totalProjectedDeaths":3.313189067238578e4,
		"totalProjectedPCRConfirmed":9.92420589141812e5,
		"totalProjectedInfected":3.510373974797259e6,
		"totalInfectedFraction":0.4895941605864098,
		"fatalityRate":9.438279485392808e-3,
		"fatalityRateSymptomatic":1.3483256407704014e-2,
		"fatalityRatePCR":3.338492876395917e-2,
		"fractionOfSymptomaticHospitalized":5.9517650196147354e-2,
		"fractionOfSymptomaticHospitalizedOrICU":8.237757961572041e-2,
		"fractionOfPCRHospitalized":0.11656561471148816,
		"fractionOfPCRHospitalizedOrICU":0.16133690047750884,
		"fractionHospitalizedInICU":0.27750183394816097,
		"fractionOfDeathInICU":0.7041393426642195,
		"fractionDeathOfHospitalizedOrICU":0.16937545848704025,
		"fractionOfInfectionsPCRConfirmed":0.28271078701782165,
		"fractionOfDeathsReported":0.7922131319093267,
		"fractionOfHospitalizationsReported":0.7909864088502934,
		"dateContained":"",
		"dateICUOverCapacity":"Fri 5 Jun 2020 07:10:54",
		"dateHospitalsOverCapacity":"Sun 14 Jun 2020 01:48:39"
	},
	"summaryAug1":{
		"totalProjectedDeaths":2.3679954293097817e4,
		"totalProjectedPCRConfirmed":8.828484358511833e5,
		"totalProjectedInfected":3.2579759935245845e6,
		"totalInfectedFraction":0.45439204860002624,
		"fatalityRate":7.268302265014567e-3,
		"fatalityRateSymptomatic":1.038328895002081e-2,
		"fatalityRatePCR":2.6822219229812864e-2,
		"fractionOfSymptomaticHospitalized":5.308174690853106e-2,
		"fractionOfSymptomaticHospitalizedOrICU":7.346973238506806e-2,
		"fractionOfPCRHospitalized":0.10839291272039567,
		"fractionOfPCRHospitalizedOrICU":0.15002517350697128,
		"fractionHospitalizedInICU":0.27750183394816125,
		"fractionOfDeathInICU":0.6925616491673847,
		"fractionDeathOfHospitalizedOrICU":0.1693754584870403,
		"fractionOfInfectionsPCRConfirmed":0.2709806449175487,
		"fractionOfDeathsReported":0.7917490333535654,
		"fractionOfHospitalizationsReported":0.7904891472413573,
		"dateContained":"",
		"dateICUOverCapacity":"Fri 5 Jun 2020 07:10:54",
		"dateHospitalsOverCapacity":"Sun 14 Jun 2020 01:48:39"
	}
}