{
	"distancingLevel":1,
	"id":"scenario4",
	"distancingDays":90,
	"maintain":false,
	"name":"Normal",
	"gradual":false,
	"events":{
		"herd":{
			"eventName":"herd",
			"day":2.054934376745729e2,
			"thresholdCrossed":0.7
		},
		"icu":{
			"eventName":"icu",
			"day":1.678497223372744e2,
			"thresholdCrossed":1.3121399303511373e-4
		},
		"hospital":{
			"eventName":"hospital",
			"day":1.7612726430889813e2,
			"thresholdCrossed":8.29898818672796e-4
		}
	},
	"summary":{
		"totalProjectedDeaths":3.971760390966651e4,
		"totalProjectedPCRConfirmed":7.009827414648223e5,
		"totalProjectedInfected":4.208140261771477e6,
		"totalInfectedFraction":0.5869120822692039,
		"fatalityRate":9.438279486660175e-3,
		"fatalityRateSymptomatic":1.3483256409514538e-2,
		"fatalityRatePCR":5.665988841133213e-2,
		"fractionOfSymptomaticHospitalized":5.951765019880006e-2,
		"fractionOfSymptomaticHospitalizedOrICU":8.237757961939202e-2,
		"fractionOfPCRHospitalized":0.19794134321367096,
		"fractionOfPCRHospitalizedOrICU":0.273967952466012,
		"fractionHospitalizedInICU":0.27750183394816136,
		"fractionOfDeathInICU":0.7041245639879485,
		"fractionDeathOfHospitalizedOrICU":0.16937545848704033,
		"fractionOfInfectionsPCRConfirmed":0.166577798709051,
		"fractionOfDeathsReported":0.7924383859644542,
		"fractionOfHospitalizationsReported":0.7914250914503349,
		"dateContained":"",
		"dateICUOverCapacity":"Mon 15 Jun 2020 20:23:36",
		"dateHospitalsOverCapacity":"Wed 24 Jun 2020 03:03:15"
	},
	"summaryAug1":{
		"totalProjectedDeaths":2.198493705148593e4,
		"totalProjectedPCRConfirmed":5.575680486592395e5,
		"totalProjectedInfected":3.67782953690114e6,
		"totalInfectedFraction":0.5129492976608038,
		"fatalityRate":5.977693319090031e-3,
		"fatalityRateSymptomatic":8.539561884414331e-3,
		"fatalityRatePCR":3.94300518194186e-2,
		"fractionOfSymptomaticHospitalized":4.8164811235790445e-2,
		"fractionOfSymptomaticHospitalizedOrICU":6.666426781259767e-2,
		"fractionOfPCRHospitalized":0.17582804817995817,
		"fractionOfPCRHospitalizedOrICU":0.24336123805100793,
		"fractionHospitalizedInICU":0.27750183394816114,
		"fractionOfDeathInICU":0.6850773318753025,
		"fractionDeathOfHospitalizedOrICU":0.16937545848704028,
		"fractionOfInfectionsPCRConfirmed":0.15160247180162525,
		"fractionOfDeathsReported":0.7916822527665069,
		"fractionOfHospitalizationsReported":0.7906177035596396,
		"dateContained":"",
		"dateICUOverCapacity":"Mon 15 Jun 2020 20:23:36",
		"dateHospitalsOverCapacity":"Wed 24 Jun 2020 03:03:15"
	}
}