{
	"distancingLevel":1,
	"id":"scenario4",
	"distancingDays":90,
	"maintain":false,
	"name":"Normal",
	"gradual":false,
	"events":{
		"herd":{
			"eventName":"herd",
			"day":2.0670985250867403e2,
			"thresholdCrossed":0.7000000000000003
		},
		"icu":{
			"eventName":"icu",
			"day":1.6906913524629542e2,
			"thresholdCrossed":1.312139930351145e-4
		},
		"hospital":{
			"eventName":"hospital",
			"day":1.7734333543335057e2,
			"thresholdCrossed":8.298988186727958e-4
		}
	},
	"summary":{
		"totalProjectedDeaths":3.971355463541328e4,
		"totalProjectedPCRConfirmed":7.010540360627753e5,
		"totalProjectedInfected":4.207711235467586e6,
		"totalInfectedFraction":0.5868522456892181,
		"fatalityRate":9.438279485688155e-3,
		"fatalityRateSymptomatic":1.3483256408125937e-2,
		"fatalityRatePCR":5.664835033038332e-2,
		"fractionOfSymptomaticHospitalized":5.951765019682e-2,
		"fractionOfSymptomaticHospitalizedOrICU":8.237757961665147e-2,
		"fractionOfPCRHospitalized":0.19790098520022636,
		"fractionOfPCRHospitalizedOrICU":0.27391209348208523,
		"fractionHospitalizedInICU":0.2775018339481616,
		"fractionOfDeathInICU":0.7041245709778248,
		"fractionDeathOfHospitalizedOrICU":0.1693754584870404,
		"fractionOfInfectionsPCRConfirmed":0.1666117270960658,
		"fractionOfDeathsReported":0.7924382903798616,
		"fractionOfHospitalizationsReported":0.7914248925483185,
		"dateContained":"",
		"dateICUOverCapacity":"Wed 17 Jun 2020 01:39:33",
		"dateHospitalsOverCapacity":"Thu 25 Jun 2020 08:14:24"
	},
	"summaryAug1":{
		"totalProjectedDeaths":2.1159332977500697e4,
		"totalProjectedPCRConfirmed":5.473387491837051e5,
		"totalProjectedInfected":3.6340548666170067e6,
		"totalInfectedFraction":0.5068440156861261,
		"fatalityRate":5.822513350547792e-3,
		"fatalityRateSymptomatic":8.317876215068276e-3,
		"fatalityRatePCR":3.865856932120646e-2,
		"fractionOfSymptomaticHospitalized":4.7484365957207016e-2,
		"fractionOfSymptomaticHospitalizedOrICU":6.572247264887875e-2,
		"fractionOfPCRHospitalized":0.17446578890088432,
		"fractionOfPCRHospitalizedOrICU":0.24147575329397655,
		"fractionHospitalizedInICU":0.27750183394816136,
		"fractionOfDeathInICU":0.6841778279064643,
		"fractionDeathOfHospitalizedOrICU":0.16937545848704033,
		"fractionOfInfectionsPCRConfirmed":0.15061378247523005,
		"fractionOfDeathsReported":0.7916161716844464,
		"fractionOfHospitalizationsReported":0.7905444800977242,
		"dateContained":"",
		"dateICUOverCapacity":"Wed 17 Jun 2020 01:39:33",
		"dateHospitalsOverCapacity":"Thu 25 Jun 2020 08:14:24"
	}
}