{
	"distancingLevel":1,
	"id":"scenario4",
	"distancingDays":90,
	"maintain":false,
	"name":"Normal",
	"events":{
		"herd":{
			"eventName":"herd",
			"day":1.619202858051461e2,
			"thresholdCrossed":0.7000000000000004
		},
		"icu":{
			"eventName":"icu",
			"day":1.2859280337764255e2,
			"thresholdCrossed":1.8744856147871413e-4
		},
		"hospital":{
			"eventName":"hospital",
			"day":1.3192793247186464e2,
			"thresholdCrossed":8.298988186727948e-4
		}
	},
	"summary":{
		"totalProjectedDeaths":5.1018833597950186e4,
		"totalProjectedPCRConfirmed":1.3821912682154106e6,
		"totalProjectedInfected":4.84865451247678e6,
		"totalInfectedFraction":0.6762450249041286,
		"fatalityRate":1.0522266221828383e-2,
		"fatalityRateSymptomatic":1.503180888832626e-2,
		"fatalityRatePCR":3.691155831408352e-2,
		"fractionOfSymptomaticHospitalized":7.328665882362632e-2,
		"fractionOfPCRHospitalized":0.2364674961281528,
		"fractionHospitalizedInICU":0.2783021235955489,
		"fractionDeathOfHospitalized":0.11265393208889997,
		"fractionOfInfectionsPCRConfirmed":0.28506697366427997,
		"dateContained":"Sat 26 Sep 2020 00:00:00",
		"dateICUOverCapacity":"Thu 7 May 2020 14:13:38",
		"dateHospitalsOverCapacity":"Sun 10 May 2020 22:16:13"
	},
	"summaryAug1":{
		"totalProjectedDeaths":4.841789731618472e4,
		"totalProjectedPCRConfirmed":1.3685325650130126e6,
		"totalProjectedInfected":4.827301561209167e6,
		"totalInfectedFraction":0.673266914786242,
		"fatalityRate":1.0030012979768506e-2,
		"fatalityRateSymptomatic":1.4328589971097866e-2,
		"fatalityRatePCR":3.537942651421257e-2,
		"fractionOfSymptomaticHospitalized":7.257475536110276e-2,
		"fractionOfPCRHospitalized":0.23517450691447778,
		"fractionHospitalizedInICU":0.27830212359554884,
		"fractionDeathOfHospitalized":0.10857153404386567,
		"fractionOfInfectionsPCRConfirmed":0.2834984613371069,
		"dateContained":"Sat 26 Sep 2020 00:00:00",
		"dateICUOverCapacity":"Thu 7 May 2020 14:13:38",
		"dateHospitalsOverCapacity":"Sun 10 May 2020 22:16:13"
	}
}