{
	"distancingLevel":1,
	"id":"scenario4",
	"distancingDays":90,
	"maintain":false,
	"name":"Normal",
	"gradual":false,
	"events":{},
	"summary":{
		"totalProjectedDeaths":2.654600670202441e4,
		"totalProjectedPCRConfirmed":4.674771659308982e5,
		"totalProjectedInfected":2.812589608793169e6,
		"totalInfectedFraction":0.3922737174094621,
		"fatalityRate":9.43827944860211e-3,
		"fatalityRateSymptomatic":1.3483256355145872e-2,
		"fatalityRatePCR":5.678567561511314e-2,
		"fractionOfSymptomaticHospitalized":5.951765009609554e-2,
		"fractionOfSymptomaticHospitalizedOrICU":8.237757947724006e-2,
		"fractionOfPCRHospitalized":0.19819254902106556,
		"fractionOfPCRHospitalizedOrICU":0.27431564304738376,
		"fractionHospitalizedInICU":0.2775018339481612,
		"fractionOfDeathInICU":0.704151311774329,
		"fractionDeathOfHospitalizedOrICU":0.1693754584870403,
		"fractionOfInfectionsPCRConfirmed":0.16620880787918585,
		"fractionOfDeathsReported":0.7920860922626279,
		"fractionOfHospitalizationsReported":0.7906741529647624,
		"dateContained":"",
		"dateICUOverCapacity":"",
		"dateHospitalsOverCapacity":""
	},
	"summaryAug1":{
		"totalProjectedDeaths":3.5944346210012577e3,
		"totalProjectedPCRConfirmed":9.213284402915758e4,
		"totalProjectedInfected":7.189637880229201e5,
		"totalInfectedFraction":0.10027435105669526,
		"fatalityRate":4.99946545414422e-3,
		"fatalityRateSymptomatic":7.142093505920316e-3,
		"fatalityRatePCR":3.901360756717458e-2,
		"fractionOfSymptomaticHospitalized":4.062240712303007e-2,
		"fractionOfSymptomaticHospitalizedOrICU":5.622492766315955e-2,
		"fractionOfPCRHospitalized":0.17261352775167957,
		"fractionOfPCRHospitalizedOrICU":0.2389120635349746,
		"fractionHospitalizedInICU":0.2775018339481612,
		"fractionOfDeathInICU":0.6871619634588925,
		"fractionDeathOfHospitalizedOrICU":0.1693754584870403,
		"fractionOfInfectionsPCRConfirmed":0.12814670997897384,
		"fractionOfDeathsReported":0.7838506627055426,
		"fractionOfHospitalizationsReported":0.7778907274447,
		"dateContained":"",
		"dateICUOverCapacity":"",
		"dateHospitalsOverCapacity":""
	}
}