{
	"distancingLevel":1,
	"id":"scenario4",
	"distancingDays":90,
	"maintain":false,
	"name":"Normal",
	"gradual":false,
	"events":{
		"herd":{
			"eventName":"herd",
			"day":2.0876308962372482e2,
			"thresholdCrossed":0.7
		},
		"icu":{
			"eventName":"icu",
			"day":1.6243869564846517e2,
			"thresholdCrossed":1.3121399303510928e-4
		},
		"hospital":{
			"eventName":"hospital",
			"day":1.7155243842387247e2,
			"thresholdCrossed":8.298988186727959e-4
		}
	},
	"summary":{
		"totalProjectedDeaths":3.299692352087792e4,
		"totalProjectedPCRConfirmed":9.905941535098365e5,
		"totalProjectedInfected":3.4972654010099e6,
		"totalInfectedFraction":0.4877658992028694,
		"fatalityRate":9.43506418224635e-3,
		"fatalityRateSymptomatic":1.3478663117494783e-2,
		"fatalityRatePCR":3.331023447288119e-2,
		"fractionOfSymptomaticHospitalized":5.951048699029904e-2,
		"fractionOfSymptomaticHospitalizedOrICU":8.236766511879173e-2,
		"fractionOfPCRHospitalized":0.11633629775113215,
		"fractionOfPCRHospitalizedOrICU":0.161019505955099,
		"fractionHospitalizedInICU":0.27750183394816125,
		"fractionOfDeathInICU":0.7041175004283706,
		"fractionDeathOfHospitalizedOrICU":0.1693754584870403,
		"fractionOfInfectionsPCRConfirmed":0.28324820679145035,
		"fractionOfDeathsReported":0.7922177356583291,
		"fractionOfHospitalizationsReported":0.7910261916918471,
		"dateContained":"Fri 27 Nov 2020 10:43:18",
		"dateICUOverCapacity":"Wed 10 Jun 2020 10:31:43",
		"dateHospitalsOverCapacity":"Fri 19 Jun 2020 13:15:30"
	},
	"summaryAug1":{
		"totalProjectedDeaths":2.1125767376936834e4,
		"totalProjectedPCRConfirmed":8.395409297431239e5,
		"totalProjectedInfected":3.141444354751417e6,
		"totalInfectedFraction":0.43813930451164096,
		"fatalityRate":6.724858056130848e-3,
		"fatalityRateSymptomatic":9.606940080186926e-3,
		"fatalityRatePCR":2.516347521424683e-2,
		"fractionOfSymptomaticHospitalized":5.103186076730403e-2,
		"fractionOfSymptomaticHospitalizedOrICU":7.063251253103187e-2,
		"fractionOfPCRHospitalized":0.10564109975470429,
		"fractionOfPCRHospitalizedOrICU":0.1462164261703117,
		"fractionHospitalizedInICU":0.27750183394816147,
		"fractionOfDeathInICU":0.6897026926067007,
		"fractionDeathOfHospitalizedOrICU":0.16937545848704036,
		"fractionOfInfectionsPCRConfirmed":0.2672467931743954,
		"fractionOfDeathsReported":0.7915669652378593,
		"fractionOfHospitalizationsReported":0.7903254586551336,
		"dateContained":"Fri 27 Nov 2020 10:43:18",
		"dateICUOverCapacity":"Wed 10 Jun 2020 10:31:43",
		"dateHospitalsOverCapacity":"Fri 19 Jun 2020 13:15:30"
	}
}