{
	"distancingLevel":0.11,
	"id":"scenario3",
	"distancingDays":60,
	"maintain":false,
	"name":"Wuhan",
	"events":{
		"herd":{
			"eventName":"herd",
			"day":2.4412469758605835e2,
			"thresholdCrossed":0.6999999999999998
		},
		"icu":{
			"eventName":"icu",
			"day":2.2716847905617945e2,
			"thresholdCrossed":2.1867109590050255e-4
		},
		"hospital":{
			"eventName":"hospital",
			"day":2.320794164629004e2,
			"thresholdCrossed":1.9975879834024115e-3
		}
	},
	"summary":{
		"totalProjectedDeaths":2.6986371884963908e4,
		"totalProjectedPCRConfirmed":7.711753933129301e5,
		"totalProjectedInfected":2.5389015956244366e6,
		"totalInfectedFraction":0.8502058105646726,
		"fatalityRate":1.0629152359221973e-2,
		"fatalityRateSymptomatic":1.5184503370317102e-2,
		"fatalityRatePCR":3.499381868115868e-2,
		"fractionOfSymptomaticHospitalized":7.257444636565799e-2,
		"fractionOfPCRHospitalized":0.22943059342780162,
		"fractionHospitalizedInICU":0.28198751226612234,
		"fractionDeathOfHospitalized":0.10951459624966615,
		"fractionOfInfectionsPCRConfirmed":0.30374371131278977,
		"dateContained":"Tue 2 Jun 2020 00:00:00",
		"dateICUOverCapacity":"Fri 14 Aug 2020 04:02:36",
		"dateHospitalsOverCapacity":"Wed 19 Aug 2020 01:54:21"
	},
	"summaryAug1":{
		"totalProjectedDeaths":9.314022377273579e2,
		"totalProjectedPCRConfirmed":1.4774770841229729e4,
		"totalProjectedInfected":1.043438393986677e5,
		"totalInfectedFraction":3.494177903793682e-2,
		"fatalityRate":8.926279146857332e-3,
		"fatalityRateSymptomatic":1.2751827352653332e-2,
		"fatalityRatePCR":6.30400462881112e-2,
		"fractionOfSymptomaticHospitalized":6.292354462019405e-2,
		"fractionOfPCRHospitalized":0.22829059572192612,
		"fractionHospitalizedInICU":0.2819875122661216,
		"fractionDeathOfHospitalized":0.19827159467102937,
		"fractionOfInfectionsPCRConfirmed":0.1415969637151226,
		"dateContained":"Tue 2 Jun 2020 00:00:00",
		"dateICUOverCapacity":"Fri 14 Aug 2020 04:02:36",
		"dateHospitalsOverCapacity":"Wed 19 Aug 2020 01:54:21"
	}
}