{
	"distancingLevel":0.11,
	"id":"scenario3",
	"distancingDays":60,
	"maintain":false,
	"name":"Wuhan",
	"gradual":false,
	"events":{},
	"summary":{
		"totalProjectedDeaths":2.11669384318205e4,
		"totalProjectedPCRConfirmed":3.61734902079448e5,
		"totalProjectedInfected":2.2300845840959703e6,
		"totalInfectedFraction":0.7467917916616895,
		"fatalityRate":9.491540627101879e-3,
		"fatalityRateSymptomatic":1.3559343753002684e-2,
		"fatalityRatePCR":5.8515057049075135e-2,
		"fractionOfSymptomaticHospitalized":5.893924734809792e-2,
		"fractionOfSymptomaticHospitalizedOrICU":8.199453153782837e-2,
		"fractionOfPCRHospitalized":0.19710951154392775,
		"fractionOfPCRHospitalizedOrICU":0.27421290206238297,
		"fractionHospitalizedInICU":0.28118075385422314,
		"fractionOfDeathInICU":0.7292827091749731,
		"fractionDeathOfHospitalizedOrICU":0.1702951884635558,
		"fractionOfInfectionsPCRConfirmed":0.16220680805525933,
		"fractionOfDeathsReported":0.7751083287459057,
		"fractionOfHospitalizationsReported":0.7749506275756585,
		"dateContained":"",
		"dateICUOverCapacity":"",
		"dateHospitalsOverCapacity":""
	},
	"summaryAug1":{
		"totalProjectedDeaths":1.3611947039115437e3,
		"totalProjectedPCRConfirmed":1.7332186524584806e4,
		"totalProjectedInfected":1.4358231802377664e5,
		"totalInfectedFraction":4.808162761744836e-2,
		"fatalityRate":9.480239089649851e-3,
		"fatalityRateSymptomatic":1.3543198699499787e-2,
		"fatalityRatePCR":7.853565976691743e-2,
		"fractionOfSymptomaticHospitalized":5.89007851683001e-2,
		"fractionOfSymptomaticHospitalizedOrICU":8.194102409488763e-2,
		"fractionOfPCRHospitalized":0.2635118363276087,
		"fractionOfPCRHospitalizedOrICU":0.3665898454173671,
		"fractionHospitalizedInICU":0.28118075385422264,
		"fractionOfDeathInICU":0.7293607184182578,
		"fractionDeathOfHospitalizedOrICU":0.17029518846355568,
		"fractionOfInfectionsPCRConfirmed":0.12071254151026221,
		"fractionOfDeathsReported":0.7739458052087544,
		"fractionOfHospitalizationsReported":0.7714954997204672,
		"dateContained":"",
		"dateICUOverCapacity":"",
		"dateHospitalsOverCapacity":""
	}
}