{
	"distancingLevel":0.11,
	"id":"scenario3",
	"distancingDays":60,
	"maintain":false,
	"name":"Wuhan",
	"gradual":false,
	"events":{
		"herd":{
			"eventName":"herd",
			"day":2.7572406828268794e2,
			"thresholdCrossed":0.7000000000003451
		},
		"icu":{
			"eventName":"icu",
			"day":2.5050060068499866e2,
			"thresholdCrossed":2.186710959005028e-4
		},
		"hospital":{
			"eventName":"hospital",
			"day":2.587104644620166e2,
			"thresholdCrossed":1.997587983402413e-3
		}
	},
	"summary":{
		"totalProjectedDeaths":2.7035532518309177e4,
		"totalProjectedPCRConfirmed":6.646149937531778e5,
		"totalProjectedInfected":2.0529790983688245e6,
		"totalInfectedFraction":0.6874842102620786,
		"fatalityRate":1.3168927311432448e-2,
		"fatalityRateSymptomatic":1.8812753302046355e-2,
		"fatalityRatePCR":4.06784872029979e-2,
		"fractionOfSymptomaticHospitalized":7.257444636565716e-2,
		"fractionOfSymptomaticHospitalizedOrICU":0.10107685814032241,
		"fractionOfPCRHospitalized":0.1886441071636099,
		"fractionOfPCRHospitalizedOrICU":0.26273095577904254,
		"fractionHospitalizedInICU":0.2819875122661221,
		"fractionOfDeathInICU":0.5756501468950885,
		"fractionDeathOfHospitalizedOrICU":0.15482944170921611,
		"fractionOfInfectionsPCRConfirmed":0.3237319826009147,
		"dateContained":"Mon 8 Jun 2020 00:00:00",
		"dateICUOverCapacity":"Sun 6 Sep 2020 12:00:51",
		"dateHospitalsOverCapacity":"Mon 14 Sep 2020 17:03:04"
	},
	"summaryAug1":{
		"totalProjectedDeaths":9.003978753365942e2,
		"totalProjectedPCRConfirmed":1.0917345194839583e4,
		"totalProjectedInfected":6.967508528027704e4,
		"totalInfectedFraction":2.3332201003367813e-2,
		"fatalityRate":1.2922809806613476e-2,
		"fatalityRateSymptomatic":1.846115686659068e-2,
		"fatalityRatePCR":8.247406849077143e-2,
		"fractionOfSymptomaticHospitalized":7.157200329181268e-2,
		"fractionOfSymptomaticHospitalizedOrICU":9.968072215248143e-2,
		"fractionOfPCRHospitalized":0.21075868032554035,
		"fractionOfPCRHospitalizedOrICU":0.29353066127124955,
		"fractionHospitalizedInICU":0.2819875122661219,
		"fractionOfDeathInICU":0.5752765096654622,
		"fractionDeathOfHospitalizedOrICU":0.28097258437529204,
		"fractionOfInfectionsPCRConfirmed":0.15668936967817337,
		"dateContained":"Mon 8 Jun 2020 00:00:00",
		"dateICUOverCapacity":"Sun 6 Sep 2020 12:00:51",
		"dateHospitalsOverCapacity":"Mon 14 Sep 2020 17:03:04"
	}
}