{
	"distancingLevel":0.11,
	"id":"scenario3",
	"distancingDays":60,
	"maintain":false,
	"name":"Wuhan",
	"gradual":false,
	"events":{
		"herd":{
			"eventName":"herd",
			"day":2.8664082420256966e2,
			"thresholdCrossed":0.699999999999997
		},
		"icu":{
			"eventName":"icu",
			"day":1.3921429877135853e2,
			"thresholdCrossed":1.5306976713035206e-4
		},
		"hospital":{
			"eventName":"hospital",
			"day":2.757269747359365e2,
			"thresholdCrossed":1.997587983402398e-3
		}
	},
	"summary":{
		"totalProjectedDeaths":1.2009121772077917e3,
		"totalProjectedPCRConfirmed":1.8065556220065e4,
		"totalProjectedInfected":1.5350227494559815e5,
		"totalInfectedFraction":5.140353856902644e-2,
		"fatalityRate":7.823416152193185e-3,
		"fatalityRateSymptomatic":1.1176308788847407e-2,
		"fatalityRatePCR":6.647523954307957e-2,
		"fractionOfSymptomaticHospitalized":5.575477507300103e-2,
		"fractionOfSymptomaticHospitalizedOrICU":7.756438822687549e-2,
		"fractionOfPCRHospitalized":0.2563303901515126,
		"fractionOfPCRHospitalizedOrICU":0.35659923064932586,
		"fractionHospitalizedInICU":0.2811807538542228,
		"fractionOfDeathInICU":0.7175645726380343,
		"fractionDeathOfHospitalizedOrICU":0.1702951884635557,
		"fractionOfInfectionsPCRConfirmed":0.1176891757888768,
		"fractionOfDeathsReported":0.7743515320904508,
		"fractionOfHospitalizationsReported":0.7729590952286527,
		"dateContained":"Tue 2 Jun 2020 09:04:10",
		"dateICUOverCapacity":"Mon 18 May 2020 05:08:35",
		"dateHospitalsOverCapacity":"Thu 1 Oct 2020 17:26:50"
	},
	"summaryAug1":{
		"totalProjectedDeaths":1.2009121772077917e3,
		"totalProjectedPCRConfirmed":1.8065556220065e4,
		"totalProjectedInfected":1.5350227494559815e5,
		"totalInfectedFraction":5.140353856902644e-2,
		"fatalityRate":7.823416152193185e-3,
		"fatalityRateSymptomatic":1.1176308788847407e-2,
		"fatalityRatePCR":6.647523954307957e-2,
		"fractionOfSymptomaticHospitalized":5.575477507300103e-2,
		"fractionOfSymptomaticHospitalizedOrICU":7.756438822687549e-2,
		"fractionOfPCRHospitalized":0.2563303901515126,
		"fractionOfPCRHospitalizedOrICU":0.35659923064932586,
		"fractionHospitalizedInICU":0.2811807538542228,
		"fractionOfDeathInICU":0.7175645726380343,
		"fractionDeathOfHospitalizedOrICU":0.1702951884635557,
		"fractionOfInfectionsPCRConfirmed":0.1176891757888768,
		"fractionOfDeathsReported":0.7743515320904508,
		"fractionOfHospitalizationsReported":0.7729590952286527,
		"dateContained":"Tue 2 Jun 2020 09:04:10",
		"dateICUOverCapacity":"Mon 18 May 2020 05:08:35",
		"dateHospitalsOverCapacity":"Thu 1 Oct 2020 17:26:50"
	}
}