{
	"distancingLevel":0.2,
	"id":"scenario2",
	"distancingDays":90,
	"maintain":false,
	"name":"Italy",
	"gradual":false,
	"events":{},
	"summary":{
		"totalProjectedDeaths":2.5991638106980402e5,
		"totalProjectedPCRConfirmed":4.873428540541378e6,
		"totalProjectedInfected":3.0310689898200106e7,
		"totalInfectedFraction":0.7775391545466165,
		"fatalityRate":8.575073082887442e-3,
		"fatalityRateSymptomatic":1.2250104404124919e-2,
		"fatalityRatePCR":5.3333372780086055e-2,
		"fractionOfSymptomaticHospitalized":5.6872922053838225e-2,
		"fractionOfSymptomaticHospitalizedOrICU":7.784762189095724e-2,
		"fractionOfPCRHospitalized":0.19049542550354823,
		"fractionOfPCRHospitalizedOrICU":0.2607500251616915,
		"fractionHospitalizedInICU":0.26943276271815597,
		"fractionOfDeathInICU":0.6961633065241248,
		"fractionDeathOfHospitalizedOrICU":0.167358190679539,
		"fractionOfInfectionsPCRConfirmed":0.1607825013851225,
		"fractionOfDeathsReported":0.7694858652436881,
		"fractionOfHospitalizationsReported":0.7693425449684302,
		"dateContained":"",
		"dateICUOverCapacity":"",
		"dateHospitalsOverCapacity":""
	},
	"summaryAug1":{
		"totalProjectedDeaths":6.641664705033802e3,
		"totalProjectedPCRConfirmed":8.880213552903189e4,
		"totalProjectedInfected":7.750281462445247e5,
		"totalInfectedFraction":1.9881260756673947e-2,
		"fatalityRate":8.569578714291402e-3,
		"fatalityRateSymptomatic":1.2242255306130575e-2,
		"fatalityRatePCR":7.479172280561269e-2,
		"fractionOfSymptomaticHospitalized":5.686734740581191e-2,
		"fractionOfSymptomaticHospitalizedOrICU":7.78399913160535e-2,
		"fractionOfPCRHospitalized":0.2643486678729235,
		"fractionOfPCRHospitalizedOrICU":0.36184029940414775,
		"fractionHospitalizedInICU":0.2694327627181564,
		"fractionOfDeathInICU":0.6964524509208195,
		"fractionDeathOfHospitalizedOrICU":0.16735819067953908,
		"fractionOfInfectionsPCRConfirmed":0.1145792394241827,
		"fractionOfDeathsReported":0.7664943216406536,
		"fractionOfHospitalizationsReported":0.7608903047279639,
		"dateContained":"",
		"dateICUOverCapacity":"",
		"dateHospitalsOverCapacity":""
	}
}