{
	"distancingLevel":0.2,
	"id":"scenario2",
	"distancingDays":90,
	"maintain":false,
	"name":"Italy",
	"gradual":false,
	"events":{
		"herd":{
			"eventName":"herd",
			"day":2.969479501435747e2,
			"thresholdCrossed":0.6999999999999987
		},
		"icu":{
			"eventName":"icu",
			"day":2.797127140781809e2,
			"thresholdCrossed":1.243495632834999e-4
		},
		"hospital":{
			"eventName":"hospital",
			"day":2.8344527766024476e2,
			"thresholdCrossed":9.525570076091341e-4
		}
	},
	"summary":{
		"totalProjectedDeaths":6.432673510188572e3,
		"totalProjectedPCRConfirmed":8.954008616410168e4,
		"totalProjectedInfected":7.854679841689046e5,
		"totalInfectedFraction":2.014906669512631e-2,
		"fatalityRate":8.189606247280616e-3,
		"fatalityRateSymptomatic":1.1699437496115166e-2,
		"fatalityRatePCR":7.184127004746566e-2,
		"fractionOfSymptomaticHospitalized":5.622053091610264e-2,
		"fractionOfSymptomaticHospitalizedOrICU":7.69546292895331e-2,
		"fractionOfPCRHospitalized":0.263048901832568,
		"fractionOfPCRHospitalizedOrICU":0.36006118042094326,
		"fractionHospitalizedInICU":0.2694327627181563,
		"fractionOfDeathInICU":0.6931643327359623,
		"fractionDeathOfHospitalizedOrICU":0.16735819067953908,
		"fractionOfInfectionsPCRConfirmed":0.11399584447588033,
		"fractionOfDeathsReported":0.7668934091328771,
		"fractionOfHospitalizationsReported":0.7619606273019238,
		"dateContained":"Tue 16 Jun 2020 02:54:21",
		"dateICUOverCapacity":"Mon 5 Oct 2020 17:06:18",
		"dateHospitalsOverCapacity":"Fri 9 Oct 2020 10:41:11"
	},
	"summaryAug1":{
		"totalProjectedDeaths":6.432673510188572e3,
		"totalProjectedPCRConfirmed":8.954008616410168e4,
		"totalProjectedInfected":7.854679841689046e5,
		"totalInfectedFraction":2.014906669512631e-2,
		"fatalityRate":8.189606247280616e-3,
		"fatalityRateSymptomatic":1.1699437496115166e-2,
		"fatalityRatePCR":7.184127004746566e-2,
		"fractionOfSymptomaticHospitalized":5.622053091610264e-2,
		"fractionOfSymptomaticHospitalizedOrICU":7.69546292895331e-2,
		"fractionOfPCRHospitalized":0.263048901832568,
		"fractionOfPCRHospitalizedOrICU":0.36006118042094326,
		"fractionHospitalizedInICU":0.2694327627181563,
		"fractionOfDeathInICU":0.6931643327359623,
		"fractionDeathOfHospitalizedOrICU":0.16735819067953908,
		"fractionOfInfectionsPCRConfirmed":0.11399584447588033,
		"fractionOfDeathsReported":0.7668934091328771,
		"fractionOfHospitalizationsReported":0.7619606273019238,
		"dateContained":"Tue 16 Jun 2020 02:54:21",
		"dateICUOverCapacity":"Mon 5 Oct 2020 17:06:18",
		"dateHospitalsOverCapacity":"Fri 9 Oct 2020 10:41:11"
	}
}