{
	"distancingLevel":0.2,
	"id":"scenario2",
	"distancingDays":90,
	"maintain":false,
	"name":"Italy",
	"gradual":false,
	"events":{
		"herd":{
			"eventName":"herd",
			"day":2.875007624460565e2,
			"thresholdCrossed":0.7000000000000683
		},
		"icu":{
			"eventName":"icu",
			"day":2.6741238414891217e2,
			"thresholdCrossed":1.7764223326223496e-4
		},
		"hospital":{
			"eventName":"hospital",
			"day":2.696213236098521e2,
			"thresholdCrossed":9.52557007609138e-4
		}
	},
	"summary":{
		"totalProjectedDeaths":3.5593106297592993e5,
		"totalProjectedPCRConfirmed":9.626314638406444e6,
		"totalProjectedInfected":2.9953435322709262e7,
		"totalInfectedFraction":0.7683747501230288,
		"fatalityRate":1.1882812743888511e-2,
		"fatalityRateSymptomatic":1.697544677698359e-2,
		"fatalityRatePCR":3.697480046578359e-2,
		"fractionOfSymptomaticHospitalized":7.003009058854555e-2,
		"fractionOfSymptomaticHospitalizedOrICU":9.596035137614241e-2,
		"fractionOfPCRHospitalized":0.1837152010048512,
		"fractionOfPCRHospitalizedOrICU":0.2517400033814563,
		"fractionHospitalizedInICU":0.27021848519453845,
		"fractionOfDeathInICU":0.5462087057116611,
		"fractionDeathOfHospitalizedOrICU":0.14687693639916438,
		"fractionOfInfectionsPCRConfirmed":0.3213759802405113,
		"dateContained":"Fri 12 Jun 2020 00:00:00",
		"dateICUOverCapacity":"Wed 23 Sep 2020 09:53:49",
		"dateHospitalsOverCapacity":"Fri 25 Sep 2020 14:54:42"
	},
	"summaryAug1":{
		"totalProjectedDeaths":5.2712143280531545e3,
		"totalProjectedPCRConfirmed":7.440080940000816e4,
		"totalProjectedInfected":4.4483458638870297e5,
		"totalInfectedFraction":1.1411033842364129e-2,
		"fatalityRate":1.1849830227560343e-2,
		"fatalityRateSymptomatic":1.6928328896514775e-2,
		"fatalityRatePCR":7.084888417964678e-2,
		"fractionOfSymptomaticHospitalized":7.000497580818717e-2,
		"fractionOfSymptomaticHospitalizedOrICU":9.592593726746895e-2,
		"fractionOfPCRHospitalized":0.2041477209209689,
		"fractionOfPCRHospitalizedOrICU":0.27973813638646183,
		"fractionHospitalizedInICU":0.27021848519453834,
		"fractionOfDeathInICU":0.5458786430231397,
		"fractionDeathOfHospitalizedOrICU":0.2532685928877718,
		"fractionOfInfectionsPCRConfirmed":0.167255001469233,
		"dateContained":"Fri 12 Jun 2020 00:00:00",
		"dateICUOverCapacity":"Wed 23 Sep 2020 09:53:49",
		"dateHospitalsOverCapacity":"Fri 25 Sep 2020 14:54:42"
	}
}