{
	"distancingLevel":0.2,
	"id":"scenario2",
	"distancingDays":90,
	"maintain":false,
	"name":"Italy",
	"gradual":false,
	"events":{},
	"summary":{
		"totalProjectedDeaths":2.4532472963413154e5,
		"totalProjectedPCRConfirmed":7.987775150685937e6,
		"totalProjectedInfected":2.8609054087486554e7,
		"totalInfectedFraction":0.7338882685373532,
		"fatalityRate":8.575073082945278e-3,
		"fatalityRateSymptomatic":1.225010440420754e-2,
		"fatalityRatePCR":3.0712523200288715e-2,
		"fractionOfSymptomaticHospitalized":5.687292205390573e-2,
		"fractionOfSymptomaticHospitalizedOrICU":7.784762189104967e-2,
		"fractionOfPCRHospitalized":0.10971379065813734,
		"fractionOfPCRHospitalizedOrICU":0.1501761714176229,
		"fractionHospitalizedInICU":0.2694327627181563,
		"fractionOfDeathInICU":0.6961588458078317,
		"fractionDeathOfHospitalizedOrICU":0.16735819067953908,
		"fractionOfInfectionsPCRConfirmed":0.2792044478737152,
		"fractionOfDeathsReported":0.7695276539202522,
		"fractionOfHospitalizationsReported":0.7694492321923101,
		"dateContained":"",
		"dateICUOverCapacity":"",
		"dateHospitalsOverCapacity":""
	},
	"summaryAug1":{
		"totalProjectedDeaths":4.599350486446285e3,
		"totalProjectedPCRConfirmed":6.980955036498798e4,
		"totalProjectedInfected":5.364794604107148e5,
		"totalInfectedFraction":1.3761936382191758e-2,
		"fatalityRate":8.573208903329013e-3,
		"fatalityRateSymptomatic":1.2247441290470019e-2,
		"fatalityRatePCR":6.58842588499614e-2,
		"fractionOfSymptomaticHospitalized":5.687121006729751e-2,
		"fractionOfSymptomaticHospitalizedOrICU":7.784527852479826e-2,
		"fractionOfPCRHospitalized":0.23355887736201558,
		"fractionOfPCRHospitalizedOrICU":0.3196952524602626,
		"fractionHospitalizedInICU":0.26943276271815625,
		"fractionOfDeathInICU":0.6963919721339061,
		"fractionDeathOfHospitalizedOrICU":0.16735819067953905,
		"fractionOfInfectionsPCRConfirmed":0.13012529932002168,
		"fractionOfDeathsReported":0.7676089553103169,
		"fractionOfHospitalizationsReported":0.7634271689016234,
		"dateContained":"",
		"dateICUOverCapacity":"",
		"dateHospitalsOverCapacity":""
	}
}