{
	"distancingLevel":0.2,
	"id":"scenario2",
	"distancingDays":90,
	"maintain":false,
	"name":"Italy",
	"gradual":false,
	"events":{
		"herd":{
			"eventName":"herd",
			"day":3.0463904533040704e2,
			"thresholdCrossed":0.699999999999998
		},
		"icu":{
			"eventName":"icu",
			"day":2.851341940850754e2,
			"thresholdCrossed":1.2434956328356391e-4
		},
		"hospital":{
			"eventName":"hospital",
			"day":2.892318654042867e2,
			"thresholdCrossed":9.525570076066747e-4
		}
	},
	"summary":{
		"totalProjectedDeaths":7.627797468713139e3,
		"totalProjectedPCRConfirmed":1.3430964208241532e5,
		"totalProjectedInfected":9.490035206673164e5,
		"totalInfectedFraction":2.4344130654883066e-2,
		"fatalityRate":8.037691433799378e-3,
		"fatalityRateSymptomatic":1.148241633399911e-2,
		"fatalityRatePCR":5.679262747221496e-2,
		"fractionOfSymptomaticHospitalized":5.596548918469499e-2,
		"fractionOfSymptomaticHospitalizedOrICU":7.660552831922876e-2,
		"fractionOfPCRHospitalized":0.21196898648500923,
		"fractionOfPCRHospitalizedOrICU":0.2901430226650504,
		"fractionHospitalizedInICU":0.2694327627181563,
		"fractionOfDeathInICU":0.6916871267685267,
		"fractionDeathOfHospitalizedOrICU":0.16735819067953908,
		"fractionOfInfectionsPCRConfirmed":0.14152702193135386,
		"fractionOfDeathsReported":0.7682632949611021,
		"fractionOfHospitalizationsReported":0.7657611818604899,
		"dateContained":"Wed 10 Jun 2020 02:16:08",
		"dateICUOverCapacity":"Sun 11 Oct 2020 03:13:14",
		"dateHospitalsOverCapacity":"Thu 15 Oct 2020 05:33:53"
	},
	"summaryAug1":{
		"totalProjectedDeaths":7.627797468713139e3,
		"totalProjectedPCRConfirmed":1.3430964208241532e5,
		"totalProjectedInfected":9.490035206673164e5,
		"totalInfectedFraction":2.4344130654883066e-2,
		"fatalityRate":8.037691433799378e-3,
		"fatalityRateSymptomatic":1.148241633399911e-2,
		"fatalityRatePCR":5.679262747221496e-2,
		"fractionOfSymptomaticHospitalized":5.596548918469499e-2,
		"fractionOfSymptomaticHospitalizedOrICU":7.660552831922876e-2,
		"fractionOfPCRHospitalized":0.21196898648500923,
		"fractionOfPCRHospitalizedOrICU":0.2901430226650504,
		"fractionHospitalizedInICU":0.2694327627181563,
		"fractionOfDeathInICU":0.6916871267685267,
		"fractionDeathOfHospitalizedOrICU":0.16735819067953908,
		"fractionOfInfectionsPCRConfirmed":0.14152702193135386,
		"fractionOfDeathsReported":0.7682632949611021,
		"fractionOfHospitalizationsReported":0.7657611818604899,
		"dateContained":"Wed 10 Jun 2020 02:16:08",
		"dateICUOverCapacity":"Sun 11 Oct 2020 03:13:14",
		"dateHospitalsOverCapacity":"Thu 15 Oct 2020 05:33:53"
	}
}