{
	"distancingLevel":0.2,
	"id":"scenario2",
	"distancingDays":90,
	"maintain":false,
	"name":"Italy",
	"gradual":false,
	"events":{
		"herd":{
			"eventName":"herd",
			"day":2.773460155172154e2,
			"thresholdCrossed":0.6999999999999995
		},
		"icu":{
			"eventName":"icu",
			"day":2.591173382753251e2,
			"thresholdCrossed":1.7764223326223173e-4
		},
		"hospital":{
			"eventName":"hospital",
			"day":2.613274066916419e2,
			"thresholdCrossed":9.525570076091385e-4
		}
	},
	"summary":{
		"totalProjectedDeaths":3.113941710526752e5,
		"totalProjectedPCRConfirmed":9.846365614088904e6,
		"totalProjectedInfected":3.1383683145957187e7,
		"totalInfectedFraction":0.8050639078761278,
		"fatalityRate":9.922167822191665e-3,
		"fatalityRateSymptomatic":1.4174525460273807e-2,
		"fatalityRatePCR":3.162529031088482e-2,
		"fractionOfSymptomaticHospitalized":7.003009058866012e-2,
		"fractionOfSymptomaticHospitalizedOrICU":9.596035137629945e-2,
		"fractionOfPCRHospitalized":0.20270082138977932,
		"fractionOfPCRHospitalizedOrICU":0.27775548883807166,
		"fractionHospitalizedInICU":0.27021848519453895,
		"fractionOfDeathInICU":0.6541625469833995,
		"fractionDeathOfHospitalizedOrICU":0.15917210011419788,
		"fractionOfInfectionsPCRConfirmed":0.3137415569834831,
		"dateContained":"Mon 22 Jun 2020 00:00:00",
		"dateICUOverCapacity":"Tue 15 Sep 2020 02:48:58",
		"dateHospitalsOverCapacity":"Thu 17 Sep 2020 07:51:27"
	},
	"summaryAug1":{
		"totalProjectedDeaths":6.55629546579134e3,
		"totalProjectedPCRConfirmed":1.1657882833948648e5,
		"totalProjectedInfected":6.61384814938205e5,
		"totalInfectedFraction":1.696604701391371e-2,
		"fatalityRate":9.912981546762473e-3,
		"fatalityRateSymptomatic":1.4161402209660676e-2,
		"fatalityRatePCR":5.623916073936602e-2,
		"fractionOfSymptomaticHospitalized":7.000845788792079e-2,
		"fractionOfSymptomaticHospitalizedOrICU":9.593070866776206e-2,
		"fractionOfPCRHospitalized":0.21928152903205625,
		"fractionOfPCRHospitalizedOrICU":0.3004755869851134,
		"fractionHospitalizedInICU":0.2702184851945386,
		"fractionOfDeathInICU":0.6541959529578996,
		"fractionDeathOfHospitalizedOrICU":0.15917210011419775,
		"fractionOfInfectionsPCRConfirmed":0.17626474891229363,
		"dateContained":"Mon 22 Jun 2020 00:00:00",
		"dateICUOverCapacity":"Tue 15 Sep 2020 02:48:58",
		"dateHospitalsOverCapacity":"Thu 17 Sep 2020 07:51:27"
	}
}