{
	"distancingLevel":0.2,
	"id":"scenario2",
	"distancingDays":90,
	"maintain":false,
	"name":"Italy",
	"gradual":false,
	"events":{
		"herd":{
			"eventName":"herd",
			"day":2.9512001562705944e2,
			"thresholdCrossed":0.7000000000000001
		},
		"icu":{
			"eventName":"icu",
			"day":2.754773500716457e2,
			"thresholdCrossed":1.2434956328356402e-4
		},
		"hospital":{
			"eventName":"hospital",
			"day":2.7950022168348596e2,
			"thresholdCrossed":9.525570076012957e-4
		}
	},
	"summary":{
		"totalProjectedDeaths":4.314842543320379e3,
		"totalProjectedPCRConfirmed":6.911954174807774e4,
		"totalProjectedInfected":5.358321977634394e5,
		"totalInfectedFraction":1.3745332601373096e-2,
		"fatalityRate":8.052600350129216e-3,
		"fatalityRateSymptomatic":1.150371478589888e-2,
		"fatalityRatePCR":6.2425797888632235e-2,
		"fractionOfSymptomaticHospitalized":5.593330392723121e-2,
		"fractionOfSymptomaticHospitalizedOrICU":7.656147315794952e-2,
		"fractionOfPCRHospitalized":0.23168677598623996,
		"fractionOfPCRHospitalizedOrICU":0.31713272121024244,
		"fractionHospitalizedInICU":0.2694327627181563,
		"fractionOfDeathInICU":0.6920648778957993,
		"fractionDeathOfHospitalizedOrICU":0.16735819067953908,
		"fractionOfInfectionsPCRConfirmed":0.1289947525299568,
		"fractionOfDeathsReported":0.7674800248140905,
		"fractionOfHospitalizationsReported":0.7633167217383074,
		"dateContained":"Tue 2 Jun 2020 12:07:47",
		"dateICUOverCapacity":"Thu 1 Oct 2020 11:27:23",
		"dateHospitalsOverCapacity":"Mon 5 Oct 2020 12:00:19"
	},
	"summaryAug1":{
		"totalProjectedDeaths":4.314842543320379e3,
		"totalProjectedPCRConfirmed":6.911954174807774e4,
		"totalProjectedInfected":5.358321977634394e5,
		"totalInfectedFraction":1.3745332601373096e-2,
		"fatalityRate":8.052600350129216e-3,
		"fatalityRateSymptomatic":1.150371478589888e-2,
		"fatalityRatePCR":6.2425797888632235e-2,
		"fractionOfSymptomaticHospitalized":5.593330392723121e-2,
		"fractionOfSymptomaticHospitalizedOrICU":7.656147315794952e-2,
		"fractionOfPCRHospitalized":0.23168677598623996,
		"fractionOfPCRHospitalizedOrICU":0.31713272121024244,
		"fractionHospitalizedInICU":0.2694327627181563,
		"fractionOfDeathInICU":0.6920648778957993,
		"fractionDeathOfHospitalizedOrICU":0.16735819067953908,
		"fractionOfInfectionsPCRConfirmed":0.1289947525299568,
		"fractionOfDeathsReported":0.7674800248140905,
		"fractionOfHospitalizationsReported":0.7633167217383074,
		"dateContained":"Tue 2 Jun 2020 12:07:47",
		"dateICUOverCapacity":"Thu 1 Oct 2020 11:27:23",
		"dateHospitalsOverCapacity":"Mon 5 Oct 2020 12:00:19"
	}
}