{
	"distancingLevel":0.4,
	"id":"scenario2",
	"distancingDays":90,
	"maintain":false,
	"name":"Italy",
	"events":{},
	"summary":{
		"totalProjectedDeaths":3.074512718397939e5,
		"totalProjectedPCRConfirmed":9.781856164526135e6,
		"totalProjectedInfected":3.2597328835821588e7,
		"totalInfectedFraction":0.8361967209788856,
		"fatalityRate":9.431793426642125e-3,
		"fatalityRateSymptomatic":1.3473990609488751e-2,
		"fatalityRatePCR":3.143077005719679e-2,
		"fractionOfSymptomaticHospitalized":7.003009058865549e-2,
		"fractionOfPCRHospitalized":0.22431705726474396,
		"fractionHospitalizedInICU":0.27021848519453845,
		"fractionDeathOfHospitalized":0.10225524203793275,
		"fractionOfInfectionsPCRConfirmed":0.30008152550759737,
		"dateContained":"Sat 5 Dec 2020 00:00:00",
		"dateICUOverCapacity":"",
		"dateHospitalsOverCapacity":""
	},
	"summaryAug1":{
		"totalProjectedDeaths":8.037714991319099e3,
		"totalProjectedPCRConfirmed":1.710850000519989e5,
		"totalProjectedInfected":9.089598866539915e5,
		"totalInfectedFraction":2.331691901963937e-2,
		"fatalityRate":8.842760950548713e-3,
		"fatalityRateSymptomatic":1.2632515643641016e-2,
		"fatalityRatePCR":4.698082817825144e-2,
		"fractionOfSymptomaticHospitalized":6.696790170133167e-2,
		"fractionOfPCRHospitalized":0.23238041115847746,
		"fractionHospitalizedInICU":0.2702184851945384,
		"fractionDeathOfHospitalized":0.1475414376961294,
		"fractionOfInfectionsPCRConfirmed":0.1882206272949918,
		"dateContained":"Sat 5 Dec 2020 00:00:00",
		"dateICUOverCapacity":"",
		"dateHospitalsOverCapacity":""
	}
}