{
	"distancingLevel":0.7044444444444444,
	"id":"scenario6",
	"distancingDays":14,
	"maintain":true,
	"name":"Open May 10",
	"gradual":false,
	"events":{
		"herd":{
			"eventName":"herd",
			"day":1.764199990403763e2,
			"thresholdCrossed":0.699999999999999
		},
		"icu":{
			"eventName":"icu",
			"day":1.5278399193529907e2,
			"thresholdCrossed":1.4878842840725917e-4
		},
		"hospital":{
			"eventName":"hospital",
			"day":1.6209693221375878e2,
			"thresholdCrossed":1.3340159359733093e-3
		}
	},
	"summary":{
		"totalProjectedDeaths":4.816288842212492e4,
		"totalProjectedPCRConfirmed":7.684382645994823e5,
		"totalProjectedInfected":4.478233633005276e6,
		"totalInfectedFraction":0.7770371362045323,
		"fatalityRate":1.0754885155423104e-2,
		"fatalityRateSymptomatic":1.5364121650604436e-2,
		"fatalityRatePCR":6.267632761263899e-2,
		"fractionOfSymptomaticHospitalized":6.226819487549805e-2,
		"fractionOfSymptomaticHospitalizedOrICU":8.692805695332999e-2,
		"fractionOfPCRHospitalized":0.205381500479271,
		"fractionOfPCRHospitalizedOrICU":0.2867180397074204,
		"fractionHospitalizedInICU":0.2836812755526256,
		"fractionOfDeathInICU":0.7354136964717908,
		"fractionDeathOfHospitalizedOrICU":0.17092031888815643,
		"fractionOfInfectionsPCRConfirmed":0.17159405416813747,
		"fractionOfDeathsReported":0.808639110476686,
		"fractionOfHospitalizationsReported":0.808535776773781,
		"dateContained":"",
		"dateICUOverCapacity":"Sun 31 May 2020 18:48:56",
		"dateHospitalsOverCapacity":"Wed 10 Jun 2020 02:19:34"
	},
	"summaryAug1":{
		"totalProjectedDeaths":4.2989825514326025e4,
		"totalProjectedPCRConfirmed":7.540733948558365e5,
		"totalProjectedInfected":4.45022745083531e6,
		"totalInfectedFraction":0.7721776658479648,
		"fatalityRate":9.660141192616304e-3,
		"fatalityRateSymptomatic":1.3800201703737575e-2,
		"fatalityRatePCR":5.7010134302039384e-2,
		"fractionOfSymptomaticHospitalized":6.021373595523358e-2,
		"fractionOfSymptomaticHospitalizedOrICU":8.405997763312312e-2,
		"fractionOfPCRHospitalized":0.2011213080393434,
		"fractionOfPCRHospitalizedOrICU":0.2807706977009493,
		"fractionHospitalizedInICU":0.28368127555262557,
		"fractionOfDeathInICU":0.7292905958464075,
		"fractionDeathOfHospitalizedOrICU":0.1709203188881564,
		"fractionOfInfectionsPCRConfirmed":0.1694460346547673,
		"fractionOfDeathsReported":0.8086330140098402,
		"fractionOfHospitalizationsReported":0.8085295202691005,
		"dateContained":"",
		"dateICUOverCapacity":"Sun 31 May 2020 18:48:56",
		"dateHospitalsOverCapacity":"Wed 10 Jun 2020 02:19:34"
	}
}