{
	"distancingLevel":0.645238095238095,
	"id":"scenario6",
	"distancingDays":4,
	"maintain":true,
	"name":"Open May 1",
	"gradual":false,
	"events":{
		"herd":{
			"eventName":"herd",
			"day":1.8044393446382065e2,
			"thresholdCrossed":0.7000000000001155
		},
		"icu":{
			"eventName":"icu",
			"day":1.5465450213429298e2,
			"thresholdCrossed":1.4878842840725936e-4
		},
		"hospital":{
			"eventName":"hospital",
			"day":1.6288102828423817e2,
			"thresholdCrossed":1.334015935973311e-3
		}
	},
	"summary":{
		"totalProjectedDeaths":4.1434744347017666e4,
		"totalProjectedPCRConfirmed":6.61595915194738e5,
		"totalProjectedInfected":3.852644054195615e6,
		"totalInfectedFraction":0.668488459517595,
		"fatalityRate":1.07548851552726e-2,
		"fatalityRateSymptomatic":1.5364121650389431e-2,
		"fatalityRatePCR":6.262847668099875e-2,
		"fractionOfSymptomaticHospitalized":6.226819487530448e-2,
		"fractionOfSymptomaticHospitalizedOrICU":8.692805695305975e-2,
		"fractionOfPCRHospitalized":0.2052216328325187,
		"fractionOfPCRHospitalizedOrICU":0.28649486021860326,
		"fractionHospitalizedInICU":0.28368127555262557,
		"fractionOfDeathInICU":0.7354140988212613,
		"fractionDeathOfHospitalizedOrICU":0.1709203188881564,
		"fractionOfInfectionsPCRConfirmed":0.17172515962751486,
		"fractionOfDeathsReported":0.808633897085274,
		"fractionOfHospitalizationsReported":0.8085236939926216,
		"dateContained":"",
		"dateICUOverCapacity":"Tue 2 Jun 2020 15:42:28",
		"dateHospitalsOverCapacity":"Wed 10 Jun 2020 21:08:40"
	},
	"summaryAug1":{
		"totalProjectedDeaths":3.584120779251111e4,
		"totalProjectedPCRConfirmed":6.411030656034318e5,
		"totalProjectedInfected":3.8020510468768044e6,
		"totalInfectedFraction":0.659709854214548,
		"fatalityRate":9.42680867526828e-3,
		"fatalityRateSymptomatic":1.3466869536097546e-2,
		"fatalityRatePCR":5.5905531755297305e-2,
		"fractionOfSymptomaticHospitalized":5.947598276973178e-2,
		"fractionOfSymptomaticHospitalizedOrICU":8.303005455513719e-2,
		"fractionOfPCRHospitalized":0.1996259874863122,
		"fractionOfPCRHospitalizedOrICU":0.2786831904196273,
		"fractionHospitalizedInICU":0.2836812755526255,
		"fractionOfDeathInICU":0.7284856859076486,
		"fractionDeathOfHospitalizedOrICU":0.1709203188881564,
		"fractionOfInfectionsPCRConfirmed":0.16862032037420066,
		"fractionOfDeathsReported":0.808625176674506,
		"fractionOfHospitalizationsReported":0.8085135833083278,
		"dateContained":"",
		"dateICUOverCapacity":"Tue 2 Jun 2020 15:42:28",
		"dateHospitalsOverCapacity":"Wed 10 Jun 2020 21:08:40"
	}
}