{
	"distancingLevel":0.37857142857142856,
	"id":"scenario5",
	"distancingDays":612,
	"maintain":true,
	"name":"Current Indefinite",
	"gradual":false,
	"events":{},
	"summary":{
		"totalProjectedDeaths":2.0881890228264514e4,
		"totalProjectedPCRConfirmed":2.6154525468247727e5,
		"totalProjectedInfected":1.62857202335497e6,
		"totalInfectedFraction":0.1817570045175494,
		"fatalityRate":1.2822208615156233e-2,
		"fatalityRateSymptomatic":1.8317440878794618e-2,
		"fatalityRatePCR":7.98404477023132e-2,
		"fractionOfSymptomaticHospitalized":7.607323416603003e-2,
		"fractionOfSymptomaticHospitalizedOrICU":0.10553889388086948,
		"fractionOfPCRHospitalized":0.2682891725459966,
		"fractionOfPCRHospitalizedOrICU":0.37220637220340563,
		"fractionHospitalizedInICU":0.279192425003997,
		"fractionOfDeathInICU":0.7187544171926844,
		"fractionDeathOfHospitalizedOrICU":0.16979810625099925,
		"fractionOfInfectionsPCRConfirmed":0.16059790474828134,
		"fractionOfDeathsReported":0.8125058844817575,
		"fractionOfHospitalizationsReported":0.8091203064273639,
		"dateContained":"",
		"dateICUOverCapacity":"",
		"dateHospitalsOverCapacity":""
	},
	"summaryAug1":{
		"totalProjectedDeaths":2.044637746863796e4,
		"totalProjectedPCRConfirmed":2.5669329425369002e5,
		"totalProjectedInfected":1.6165331993791214e6,
		"totalInfectedFraction":0.18041340991296043,
		"fatalityRate":1.2648288000822383e-2,
		"fatalityRateSymptomatic":1.8068982858317692e-2,
		"fatalityRatePCR":7.965294741369754e-2,
		"fractionOfSymptomaticHospitalized":7.562657026744636e-2,
		"fractionOfSymptomaticHospitalizedOrICU":0.10491922239838516,
		"fractionOfPCRHospitalized":0.26972569993136775,
		"fractionOfPCRHospitalizedOrICU":0.374199313780607,
		"fractionHospitalizedInICU":0.27919242500399677,
		"fractionOfDeathInICU":0.7179323002125279,
		"fractionDeathOfHospitalizedOrICU":0.16979810625099917,
		"fractionOfInfectionsPCRConfirmed":0.1587924667135082,
		"fractionOfDeathsReported":0.8124793007785336,
		"fractionOfHospitalizationsReported":0.8090582275640433,
		"dateContained":"",
		"dateICUOverCapacity":"",
		"dateHospitalsOverCapacity":""
	}
}