{
	"distancingLevel":0.41000000000000003,
	"id":"scenario5",
	"distancingDays":602,
	"maintain":true,
	"name":"Current Indefinite",
	"gradual":false,
	"events":{
		"icu":{
			"eventName":"icu",
			"day":8.44158839637311e1,
			"thresholdCrossed":1.1226360776329795e-4
		}
	},
	"summary":{
		"totalProjectedDeaths":1.5965791178314397e4,
		"totalProjectedPCRConfirmed":1.657055878647173e5,
		"totalProjectedInfected":1.5376173412874555e6,
		"totalInfectedFraction":0.17160599472347154,
		"fatalityRate":1.0383461963914997e-2,
		"fatalityRateSymptomatic":1.4833517091307136e-2,
		"fatalityRatePCR":9.635034873627155e-2,
		"fractionOfSymptomaticHospitalized":6.176629962747567e-2,
		"fractionOfSymptomaticHospitalizedOrICU":8.559519379868111e-2,
		"fractionOfPCRHospitalized":0.32329371026919945,
		"fractionOfPCRHospitalizedOrICU":0.4480175751386148,
		"fractionHospitalizedInICU":0.27839056276045954,
		"fractionOfDeathInICU":0.7176025679858521,
		"fractionDeathOfHospitalizedOrICU":0.1695976406901149,
		"fractionOfInfectionsPCRConfirmed":0.10776776732107553,
		"fractionOfDeathsReported":0.8114097767326186,
		"fractionOfHospitalizationsReported":0.8058171701764518,
		"dateContained":"Thu 1 Oct 2020 21:28:46",
		"dateICUOverCapacity":"Tue 24 Mar 2020 09:58:52",
		"dateHospitalsOverCapacity":""
	},
	"summaryAug1":{
		"totalProjectedDeaths":1.581172438607098e4,
		"totalProjectedPCRConfirmed":1.6448081671026628e5,
		"totalProjectedInfected":1.532548372965757e6,
		"totalInfectedFraction":0.1710402718171869,
		"fatalityRate":1.0317275894836811e-2,
		"fatalityRateSymptomatic":1.473896556405259e-2,
		"fatalityRatePCR":9.613111548396193e-2,
		"fractionOfSymptomaticHospitalized":6.159234478640962e-2,
		"fractionOfSymptomaticHospitalizedOrICU":8.53541287126541e-2,
		"fractionOfPCRHospitalized":0.3236934881441336,
		"fractionOfPCRHospitalizedOrICU":0.4485715837952415,
		"fractionHospitalizedInICU":0.27839056276045965,
		"fractionOfDeathInICU":0.7173303673154778,
		"fractionDeathOfHospitalizedOrICU":0.1695976406901149,
		"fractionOfInfectionsPCRConfirmed":0.1073250408350676,
		"fractionOfDeathsReported":0.811386935680802,
		"fractionOfHospitalizationsReported":0.8057684291214084,
		"dateContained":"Thu 1 Oct 2020 21:28:46",
		"dateICUOverCapacity":"Tue 24 Mar 2020 09:58:52",
		"dateHospitalsOverCapacity":""
	}
}