{
	"distancingLevel":0.3961904761904762,
	"id":"scenario5",
	"distancingDays":604,
	"maintain":true,
	"name":"Current Indefinite",
	"gradual":false,
	"events":{
		"icu":{
			"eventName":"icu",
			"day":8.55184138620887e1,
			"thresholdCrossed":1.1226360776329808e-4
		}
	},
	"summary":{
		"totalProjectedDeaths":1.90712225001366e4,
		"totalProjectedPCRConfirmed":2.1298633634504437e5,
		"totalProjectedInfected":1.8364744388871863e6,
		"totalInfectedFraction":0.2049599821796937,
		"fatalityRate":1.0384692591579345e-2,
		"fatalityRateSymptomatic":1.4835275130827637e-2,
		"fatalityRatePCR":8.9541999864445e-2,
		"fractionOfSymptomaticHospitalized":6.1769202713048595e-2,
		"fractionOfSymptomaticHospitalizedOrICU":8.559921686908886e-2,
		"fractionOfPCRHospitalized":0.30137356336254967,
		"fractionOfPCRHospitalizedOrICU":0.4176408286945779,
		"fractionHospitalizedInICU":0.27839056276045954,
		"fractionOfDeathInICU":0.7175120426682007,
		"fractionDeathOfHospitalizedOrICU":0.1695976406901149,
		"fractionOfInfectionsPCRConfirmed":0.11597566066539083,
		"fractionOfDeathsReported":0.8121782607926296,
		"fractionOfHospitalizationsReported":0.8083547089784182,
		"dateContained":"Fri 30 Oct 2020 00:37:50",
		"dateICUOverCapacity":"Wed 25 Mar 2020 12:26:30",
		"dateHospitalsOverCapacity":""
	},
	"summaryAug1":{
		"totalProjectedDeaths":1.8696388629632926e4,
		"totalProjectedPCRConfirmed":2.097715218262276e5,
		"totalProjectedInfected":1.8227256816436471e6,
		"totalInfectedFraction":0.2034255502377298,
		"fatalityRate":1.0257379274303861e-2,
		"fatalityRateSymptomatic":1.4653398963291235e-2,
		"fatalityRatePCR":8.912739187314857e-2,
		"fractionOfSymptomaticHospitalized":6.1423596857062425e-2,
		"fractionOfSymptomaticHospitalizedOrICU":8.512027931900881e-2,
		"fractionOfPCRHospitalized":0.3019755035148537,
		"fractionOfPCRHospitalizedOrICU":0.4184749920539247,
		"fractionHospitalizedInICU":0.2783905627604596,
		"fractionOfDeathInICU":0.7170089828410103,
		"fractionDeathOfHospitalizedOrICU":0.16959764069011488,
		"fractionOfInfectionsPCRConfirmed":0.11508672091406845,
		"fractionOfDeathsReported":0.8121466710141408,
		"fractionOfHospitalizationsReported":0.8082833744258419,
		"dateContained":"Fri 30 Oct 2020 00:37:50",
		"dateICUOverCapacity":"Wed 25 Mar 2020 12:26:30",
		"dateHospitalsOverCapacity":""
	}
}