{
	"distancingLevel":0.11,
	"id":"scenario3",
	"distancingDays":60,
	"maintain":false,
	"name":"Wuhan",
	"gradual":false,
	"events":{},
	"summary":{
		"totalProjectedDeaths":1.6048230749932776e5,
		"totalProjectedPCRConfirmed":3.8293077438387475e6,
		"totalProjectedInfected":1.135987710586733e7,
		"totalInfectedFraction":0.8881492252156838,
		"fatalityRate":1.4127116517522825e-2,
		"fatalityRateSymptomatic":2.0181595025032605e-2,
		"fatalityRatePCR":4.190896063591114e-2,
		"fractionOfSymptomaticHospitalized":7.992412786858387e-2,
		"fractionOfPCRHospitalized":0.2448861210505081,
		"fractionHospitalizedInICU":0.29183227331532147,
		"fractionDeathOfHospitalized":0.12119336634488001,
		"fractionOfInfectionsPCRConfirmed":0.3370905959766876,
		"dateContained":"Fri 5 Jun 2020 00:00:00",
		"dateICUOverCapacity":"",
		"dateHospitalsOverCapacity":""
	},
	"summaryAug1":{
		"totalProjectedDeaths":4.828495004123326e3,
		"totalProjectedPCRConfirmed":1.1234719233821108e5,
		"totalProjectedInfected":6.640147381031599e5,
		"totalInfectedFraction":5.191466154801237e-2,
		"fatalityRate":7.271668423981851e-3,
		"fatalityRateSymptomatic":1.03880977485455e-2,
		"fatalityRatePCR":4.297833264571114e-2,
		"fractionOfSymptomaticHospitalized":4.684143685664055e-2,
		"fractionOfPCRHospitalized":0.20017546994927385,
		"fractionHospitalizedInICU":0.2918322733153219,
		"fractionDeathOfHospitalized":0.15204594316238576,
		"fractionOfInfectionsPCRConfirmed":0.16919382340690917,
		"dateContained":"Fri 5 Jun 2020 00:00:00",
		"dateICUOverCapacity":"",
		"dateHospitalsOverCapacity":""
	}
}