{
	"distancingLevel":0.11,
	"id":"scenario3",
	"distancingDays":60,
	"maintain":false,
	"name":"Wuhan",
	"gradual":false,
	"events":{
		"herd":{
			"eventName":"herd",
			"day":2.4678540483580923e2,
			"thresholdCrossed":0.7
		},
		"icu":{
			"eventName":"icu",
			"day":2.291350063595852e2,
			"thresholdCrossed":1.9084469299500986e-4
		},
		"hospital":{
			"eventName":"hospital",
			"day":2.3228137519266144e2,
			"thresholdCrossed":1.3183452726667011e-3
		}
	},
	"summary":{
		"totalProjectedDeaths":7.640516202628431e3,
		"totalProjectedPCRConfirmed":9.688657705836785e4,
		"totalProjectedInfected":5.490234079299858e5,
		"totalInfectedFraction":4.2924294852313166e-2,
		"fatalityRate":1.3916558187265464e-2,
		"fatalityRateSymptomatic":1.9880797410379236e-2,
		"fatalityRatePCR":7.886042044839212e-2,
		"fractionOfSymptomaticHospitalized":7.865456414656607e-2,
		"fractionOfSymptomaticHospitalizedOrICU":0.11106770498394677,
		"fractionOfPCRHospitalized":0.2574178605547616,
		"fractionOfPCRHospitalizedOrICU":0.36349843526458897,
		"fractionHospitalizedInICU":0.2918322733153219,
		"fractionOfDeathInICU":0.7506706795093893,
		"fractionDeathOfHospitalizedOrICU":0.17295806832883046,
		"fractionOfInfectionsPCRConfirmed":0.17647075818436384,
		"fractionOfDeathsReported":0.8275382323457887,
		"fractionOfHospitalizationsReported":0.8250674600331575,
		"dateContained":"Mon 1 Jun 2020 17:20:43",
		"dateICUOverCapacity":"Sun 16 Aug 2020 03:14:24",
		"dateHospitalsOverCapacity":"Wed 19 Aug 2020 06:45:10"
	},
	"summaryAug1":{
		"totalProjectedDeaths":7.640516202628431e3,
		"totalProjectedPCRConfirmed":9.688657705836785e4,
		"totalProjectedInfected":5.490234079299858e5,
		"totalInfectedFraction":4.2924294852313166e-2,
		"fatalityRate":1.3916558187265464e-2,
		"fatalityRateSymptomatic":1.9880797410379236e-2,
		"fatalityRatePCR":7.886042044839212e-2,
		"fractionOfSymptomaticHospitalized":7.865456414656607e-2,
		"fractionOfSymptomaticHospitalizedOrICU":0.11106770498394677,
		"fractionOfPCRHospitalized":0.2574178605547616,
		"fractionOfPCRHospitalizedOrICU":0.36349843526458897,
		"fractionHospitalizedInICU":0.2918322733153219,
		"fractionOfDeathInICU":0.7506706795093893,
		"fractionDeathOfHospitalizedOrICU":0.17295806832883046,
		"fractionOfInfectionsPCRConfirmed":0.17647075818436384,
		"fractionOfDeathsReported":0.8275382323457887,
		"fractionOfHospitalizationsReported":0.8250674600331575,
		"dateContained":"Mon 1 Jun 2020 17:20:43",
		"dateICUOverCapacity":"Sun 16 Aug 2020 03:14:24",
		"dateHospitalsOverCapacity":"Wed 19 Aug 2020 06:45:10"
	}
}