{
	"distancingLevel":0.11,
	"id":"scenario3",
	"distancingDays":60,
	"maintain":false,
	"name":"Wuhan",
	"events":{
		"herd":{
			"eventName":"herd",
			"day":2.2681114046159033e2,
			"thresholdCrossed":0.6999999999999998
		}
	},
	"summary":{
		"totalProjectedDeaths":1.602205752031907e5,
		"totalProjectedPCRConfirmed":3.7930689538589283e6,
		"totalProjectedInfected":1.134129840150851e7,
		"totalInfectedFraction":0.8866966864489331,
		"fatalityRate":1.4127180992070512e-2,
		"fatalityRateSymptomatic":2.01816871315293e-2,
		"fatalityRatePCR":4.2240353959341614e-2,
		"fractionOfSymptomaticHospitalized":7.992412784596319e-2,
		"fractionOfPCRHospitalized":0.24508934621161607,
		"fractionHospitalizedInICU":0.29183227331532163,
		"fractionDeathOfHospitalized":0.1220504110036479,
		"fractionOfInfectionsPCRConfirmed":0.3344475050012272,
		"dateContained":"Sun 14 Jun 2020 00:00:00",
		"dateICUOverCapacity":"",
		"dateHospitalsOverCapacity":""
	},
	"summaryAug1":{
		"totalProjectedDeaths":8.776285668583563e3,
		"totalProjectedPCRConfirmed":3.9499149615867884e5,
		"totalProjectedInfected":2.5240105276593366e6,
		"totalInfectedFraction":0.19733470474069137,
		"fatalityRate":3.4771192799747668e-3,
		"fatalityRateSymptomatic":4.967313257106809e-3,
		"fatalityRatePCR":2.221892307539171e-2,
		"fractionOfSymptomaticHospitalized":2.9826441269570222e-2,
		"fractionOfPCRHospitalized":0.15713039051605043,
		"fractionHospitalizedInICU":0.2918322733153217,
		"fractionDeathOfHospitalized":0.10013800762542258,
		"fractionOfInfectionsPCRConfirmed":0.15649360089039632,
		"dateContained":"Sun 14 Jun 2020 00:00:00",
		"dateICUOverCapacity":"",
		"dateHospitalsOverCapacity":""
	}
}