{
	"distancingLevel":0.11,
	"id":"scenario3",
	"distancingDays":60,
	"maintain":false,
	"name":"Wuhan",
	"gradual":false,
	"events":{
		"herd":{
			"eventName":"herd",
			"day":2.4500413127409047e2,
			"thresholdCrossed":0.6999999999999972
		},
		"icu":{
			"eventName":"icu",
			"day":2.26501414130875e2,
			"thresholdCrossed":1.335912850978127e-4
		},
		"hospital":{
			"eventName":"hospital",
			"day":2.3198765102605867e2,
			"thresholdCrossed":1.3183452727265027e-3
		}
	},
	"summary":{
		"totalProjectedDeaths":5.724556649963124e3,
		"totalProjectedPCRConfirmed":8.76837648317564e4,
		"totalProjectedInfected":5.0239411425594945e5,
		"totalInfectedFraction":3.927867697608104e-2,
		"fatalityRate":1.1394553573624662e-2,
		"fatalityRateSymptomatic":1.6277933676606657e-2,
		"fatalityRatePCR":6.528639208121528e-2,
		"fractionOfSymptomaticHospitalized":6.397448431282188e-2,
		"fractionOfSymptomaticHospitalizedOrICU":9.023311027445331e-2,
		"fractionOfPCRHospitalized":0.21192599047545288,
		"fractionOfPCRHospitalizedOrICU":0.29891200334008267,
		"fractionHospitalizedInICU":0.29100876476232634,
		"fractionOfDeathInICU":0.7521552035188629,
		"fractionDeathOfHospitalizedOrICU":0.17275219119058158,
		"fractionOfInfectionsPCRConfirmed":0.17453183137230205,
		"fractionOfDeathsReported":0.8277308734050703,
		"fractionOfHospitalizationsReported":0.8259505249938408,
		"dateContained":"Thu 4 Jun 2020 04:22:21",
		"dateICUOverCapacity":"Thu 13 Aug 2020 12:02:02",
		"dateHospitalsOverCapacity":"Tue 18 Aug 2020 23:42:13"
	},
	"summaryAug1":{
		"totalProjectedDeaths":5.724556649963124e3,
		"totalProjectedPCRConfirmed":8.76837648317564e4,
		"totalProjectedInfected":5.0239411425594945e5,
		"totalInfectedFraction":3.927867697608104e-2,
		"fatalityRate":1.1394553573624662e-2,
		"fatalityRateSymptomatic":1.6277933676606657e-2,
		"fatalityRatePCR":6.528639208121528e-2,
		"fractionOfSymptomaticHospitalized":6.397448431282188e-2,
		"fractionOfSymptomaticHospitalizedOrICU":9.023311027445331e-2,
		"fractionOfPCRHospitalized":0.21192599047545288,
		"fractionOfPCRHospitalizedOrICU":0.29891200334008267,
		"fractionHospitalizedInICU":0.29100876476232634,
		"fractionOfDeathInICU":0.7521552035188629,
		"fractionDeathOfHospitalizedOrICU":0.17275219119058158,
		"fractionOfInfectionsPCRConfirmed":0.17453183137230205,
		"fractionOfDeathsReported":0.8277308734050703,
		"fractionOfHospitalizationsReported":0.8259505249938408,
		"dateContained":"Thu 4 Jun 2020 04:22:21",
		"dateICUOverCapacity":"Thu 13 Aug 2020 12:02:02",
		"dateHospitalsOverCapacity":"Tue 18 Aug 2020 23:42:13"
	}
}