{
	"distancingLevel":0.11,
	"id":"scenario3",
	"distancingDays":60,
	"maintain":false,
	"name":"Wuhan",
	"gradual":false,
	"events":{
		"herd":{
			"eventName":"herd",
			"day":2.672538690680442e2,
			"thresholdCrossed":0.6999999999999608
		},
		"icu":{
			"eventName":"icu",
			"day":2.48353592647393e2,
			"thresholdCrossed":1.335912850978099e-4
		},
		"hospital":{
			"eventName":"hospital",
			"day":2.540733137640636e2,
			"thresholdCrossed":1.3183452727266623e-3
		}
	},
	"summary":{
		"totalProjectedDeaths":6.48066407392668e3,
		"totalProjectedPCRConfirmed":8.508521834024033e4,
		"totalProjectedInfected":5.754698459951403e5,
		"totalInfectedFraction":4.4991956611184644e-2,
		"fatalityRate":1.1261518077841056e-2,
		"fatalityRateSymptomatic":1.6087882968344368e-2,
		"fatalityRatePCR":7.616674435754142e-2,
		"fractionOfSymptomaticHospitalized":6.363003979015927e-2,
		"fractionOfSymptomaticHospitalizedOrICU":8.974728688829096e-2,
		"fractionOfPCRHospitalized":0.24807129059730945,
		"fractionOfPCRHospitalizedOrICU":0.34989331076025076,
		"fractionHospitalizedInICU":0.29100876476232646,
		"fractionOfDeathInICU":0.7519985934590289,
		"fractionDeathOfHospitalizedOrICU":0.1727521911905816,
		"fractionOfInfectionsPCRConfirmed":0.14785347821849015,
		"fractionOfDeathsReported":0.8269492276852073,
		"fractionOfHospitalizationsReported":0.8234700663379463,
		"dateContained":"Sun 7 Jun 2020 11:07:49",
		"dateICUOverCapacity":"Fri 4 Sep 2020 08:29:10",
		"dateHospitalsOverCapacity":"Thu 10 Sep 2020 01:45:34"
	},
	"summaryAug1":{
		"totalProjectedDeaths":6.48066407392668e3,
		"totalProjectedPCRConfirmed":8.508521834024033e4,
		"totalProjectedInfected":5.754698459951403e5,
		"totalInfectedFraction":4.4991956611184644e-2,
		"fatalityRate":1.1261518077841056e-2,
		"fatalityRateSymptomatic":1.6087882968344368e-2,
		"fatalityRatePCR":7.616674435754142e-2,
		"fractionOfSymptomaticHospitalized":6.363003979015927e-2,
		"fractionOfSymptomaticHospitalizedOrICU":8.974728688829096e-2,
		"fractionOfPCRHospitalized":0.24807129059730945,
		"fractionOfPCRHospitalizedOrICU":0.34989331076025076,
		"fractionHospitalizedInICU":0.29100876476232646,
		"fractionOfDeathInICU":0.7519985934590289,
		"fractionDeathOfHospitalizedOrICU":0.1727521911905816,
		"fractionOfInfectionsPCRConfirmed":0.14785347821849015,
		"fractionOfDeathsReported":0.8269492276852073,
		"fractionOfHospitalizationsReported":0.8234700663379463,
		"dateContained":"Sun 7 Jun 2020 11:07:49",
		"dateICUOverCapacity":"Fri 4 Sep 2020 08:29:10",
		"dateHospitalsOverCapacity":"Thu 10 Sep 2020 01:45:34"
	}
}