{
	"distancingLevel":0.11,
	"id":"scenario3",
	"distancingDays":60,
	"maintain":false,
	"name":"Wuhan",
	"gradual":false,
	"events":{
		"herd":{
			"eventName":"herd",
			"day":2.632406819500556e2,
			"thresholdCrossed":0.6999999999999996
		},
		"icu":{
			"eventName":"icu",
			"day":2.485372464141955e2,
			"thresholdCrossed":1.3359128509778163e-4
		},
		"hospital":{
			"eventName":"hospital",
			"day":2.5302771338036942e2,
			"thresholdCrossed":1.3183452727265057e-3
		}
	},
	"summary":{
		"totalProjectedDeaths":7.205896769480549e3,
		"totalProjectedPCRConfirmed":9.747458542679103e4,
		"totalProjectedInfected":6.610125114022725e5,
		"totalInfectedFraction":5.167993847015989e-2,
		"fatalityRate":1.090130163223984e-2,
		"fatalityRateSymptomatic":1.5573288046056916e-2,
		"fatalityRatePCR":7.392590322830957e-2,
		"fractionOfSymptomaticHospitalized":6.291688746436498e-2,
		"fractionOfSymptomaticHospitalizedOrICU":8.874141785867562e-2,
		"fractionOfPCRHospitalized":0.24353535355312037,
		"fractionOfPCRHospitalizedOrICU":0.34349557716532336,
		"fractionHospitalizedInICU":0.29100876476232646,
		"fractionOfDeathInICU":0.7508834704268089,
		"fractionDeathOfHospitalizedOrICU":0.1727521911905816,
		"fractionOfInfectionsPCRConfirmed":0.1474625423049987,
		"fractionOfDeathsReported":0.8240187635943346,
		"fractionOfHospitalizationsReported":0.8154145622765306,
		"dateContained":"Tue 9 Jun 2020 20:50:57",
		"dateICUOverCapacity":"Fri 4 Sep 2020 12:53:38",
		"dateHospitalsOverCapacity":"Wed 9 Sep 2020 00:39:54"
	},
	"summaryAug1":{
		"totalProjectedDeaths":7.205896769480549e3,
		"totalProjectedPCRConfirmed":9.747458542679103e4,
		"totalProjectedInfected":6.610125114022725e5,
		"totalInfectedFraction":5.167993847015989e-2,
		"fatalityRate":1.090130163223984e-2,
		"fatalityRateSymptomatic":1.5573288046056916e-2,
		"fatalityRatePCR":7.392590322830957e-2,
		"fractionOfSymptomaticHospitalized":6.291688746436498e-2,
		"fractionOfSymptomaticHospitalizedOrICU":8.874141785867562e-2,
		"fractionOfPCRHospitalized":0.24353535355312037,
		"fractionOfPCRHospitalizedOrICU":0.34349557716532336,
		"fractionHospitalizedInICU":0.29100876476232646,
		"fractionOfDeathInICU":0.7508834704268089,
		"fractionDeathOfHospitalizedOrICU":0.1727521911905816,
		"fractionOfInfectionsPCRConfirmed":0.1474625423049987,
		"fractionOfDeathsReported":0.8240187635943346,
		"fractionOfHospitalizationsReported":0.8154145622765306,
		"dateContained":"Tue 9 Jun 2020 20:50:57",
		"dateICUOverCapacity":"Fri 4 Sep 2020 12:53:38",
		"dateHospitalsOverCapacity":"Wed 9 Sep 2020 00:39:54"
	}
}