{
	"distancingLevel":0.11,
	"id":"scenario3",
	"distancingDays":60,
	"maintain":false,
	"name":"Wuhan",
	"gradual":false,
	"events":{
		"herd":{
			"eventName":"herd",
			"day":2.862943993649088e2,
			"thresholdCrossed":0.6999999999999962
		},
		"icu":{
			"eventName":"icu",
			"day":2.6652313482116847e2,
			"thresholdCrossed":1.335912850978129e-4
		},
		"hospital":{
			"eventName":"hospital",
			"day":2.730085564219449e2,
			"thresholdCrossed":1.3183452727264981e-3
		}
	},
	"summary":{
		"totalProjectedDeaths":6.39584705319107e3,
		"totalProjectedPCRConfirmed":7.509570423908527e4,
		"totalProjectedInfected":5.744388075094043e5,
		"totalInfectedFraction":4.491134693347951e-2,
		"fatalityRate":1.1134078982096559e-2,
		"fatalityRateSymptomatic":1.59058271172808e-2,
		"fatalityRatePCR":8.516927989420471e-2,
		"fractionOfSymptomaticHospitalized":6.320846581766282e-2,
		"fractionOfSymptomaticHospitalizedOrICU":8.915267590927774e-2,
		"fractionOfPCRHospitalized":0.2584537189869139,
		"fractionOfPCRHospitalizedOrICU":0.36453725538690607,
		"fractionHospitalizedInICU":0.29100876476232634,
		"fractionOfDeathInICU":0.753953554854399,
		"fractionDeathOfHospitalizedOrICU":0.17275219119058158,
		"fractionOfInfectionsPCRConfirmed":0.1307288143791641,
		"fractionOfDeathsReported":0.8010313721956175,
		"fractionOfHospitalizationsReported":0.7636261969019674,
		"dateContained":"Sun 7 Jun 2020 04:36:40",
		"dateICUOverCapacity":"Tue 22 Sep 2020 12:33:18",
		"dateHospitalsOverCapacity":"Tue 29 Sep 2020 00:12:19"
	},
	"summaryAug1":{
		"totalProjectedDeaths":6.39584705319107e3,
		"totalProjectedPCRConfirmed":7.509570423908527e4,
		"totalProjectedInfected":5.744388075094043e5,
		"totalInfectedFraction":4.491134693347951e-2,
		"fatalityRate":1.1134078982096559e-2,
		"fatalityRateSymptomatic":1.59058271172808e-2,
		"fatalityRatePCR":8.516927989420471e-2,
		"fractionOfSymptomaticHospitalized":6.320846581766282e-2,
		"fractionOfSymptomaticHospitalizedOrICU":8.915267590927774e-2,
		"fractionOfPCRHospitalized":0.2584537189869139,
		"fractionOfPCRHospitalizedOrICU":0.36453725538690607,
		"fractionHospitalizedInICU":0.29100876476232634,
		"fractionOfDeathInICU":0.753953554854399,
		"fractionDeathOfHospitalizedOrICU":0.17275219119058158,
		"fractionOfInfectionsPCRConfirmed":0.1307288143791641,
		"fractionOfDeathsReported":0.8010313721956175,
		"fractionOfHospitalizationsReported":0.7636261969019674,
		"dateContained":"Sun 7 Jun 2020 04:36:40",
		"dateICUOverCapacity":"Tue 22 Sep 2020 12:33:18",
		"dateHospitalsOverCapacity":"Tue 29 Sep 2020 00:12:19"
	}
}