{
	"distancingLevel":0.11,
	"id":"scenario3",
	"distancingDays":60,
	"maintain":false,
	"name":"Wuhan",
	"gradual":false,
	"events":{},
	"summary":{
		"totalProjectedDeaths":1.2962273832877805e5,
		"totalProjectedPCRConfirmed":1.9051457634265786e6,
		"totalProjectedInfected":1.065387518207589e7,
		"totalInfectedFraction":0.8329518797010665,
		"fatalityRate":1.2166722071876319e-2,
		"fatalityRateSymptomatic":1.7381031531251884e-2,
		"fatalityRatePCR":6.803822616472124e-2,
		"fractionOfSymptomaticHospitalized":6.490807958399442e-2,
		"fractionOfSymptomaticHospitalizedOrICU":9.154990408624082e-2,
		"fractionOfPCRHospitalized":0.2104279503642813,
		"fractionOfPCRHospitalizedOrICU":0.2967990856667502,
		"fractionHospitalizedInICU":0.2910087647623265,
		"fractionOfDeathInICU":0.7563119260942606,
		"fractionDeathOfHospitalizedOrICU":0.1727521911905816,
		"fractionOfInfectionsPCRConfirmed":0.1788218587947981,
		"fractionOfDeathsReported":0.8283736675373957,
		"fractionOfHospitalizationsReported":0.8281847513699578,
		"dateContained":"",
		"dateICUOverCapacity":"",
		"dateHospitalsOverCapacity":""
	},
	"summaryAug1":{
		"totalProjectedDeaths":9.00792083655411e3,
		"totalProjectedPCRConfirmed":1.1066697393049656e5,
		"totalProjectedInfected":7.411720739252474e5,
		"totalInfectedFraction":5.794705321840282e-2,
		"fatalityRate":1.2153616081145855e-2,
		"fatalityRateSymptomatic":1.736230868735122e-2,
		"fatalityRatePCR":8.139664903290351e-2,
		"fractionOfSymptomaticHospitalized":6.488284443319309e-2,
		"fractionOfSymptomaticHospitalizedOrICU":9.151431104989974e-2,
		"fractionOfPCRHospitalized":0.250842035040811,
		"fractionOfPCRHospitalizedOrICU":0.3538013202049272,
		"fractionHospitalizedInICU":0.2910087647623265,
		"fractionOfDeathInICU":0.7563603155482003,
		"fractionDeathOfHospitalizedOrICU":0.1727521911905816,
		"fractionOfInfectionsPCRConfirmed":0.1493134696028201,
		"fractionOfDeathsReported":0.8273691252015345,
		"fractionOfHospitalizationsReported":0.8246532632639443,
		"dateContained":"",
		"dateICUOverCapacity":"",
		"dateHospitalsOverCapacity":""
	}
}