{
	"distancingLevel":0.11,
	"id":"scenario3",
	"distancingDays":60,
	"maintain":false,
	"name":"Wuhan",
	"events":{
		"herd":{
			"eventName":"herd",
			"day":2.2798315207946052e2,
			"thresholdCrossed":0.7000000000000001
		},
		"icu":{
			"eventName":"icu",
			"day":2.1217452820286752e2,
			"thresholdCrossed":1.908446929968749e-4
		},
		"hospital":{
			"eventName":"hospital",
			"day":2.1504210841315498e2,
			"thresholdCrossed":1.3183452727265016e-3
		}
	},
	"summary":{
		"totalProjectedDeaths":1.607047741311507e5,
		"totalProjectedPCRConfirmed":3.8275813265781687e6,
		"totalProjectedInfected":1.137561693765514e7,
		"totalInfectedFraction":0.8893798124198489,
		"fatalityRate":1.4127126028584156e-2,
		"fatalityRateSymptomatic":2.018160861226308e-2,
		"fatalityRatePCR":4.198598551394325e-2,
		"fractionOfSymptomaticHospitalized":7.992412784596443e-2,
		"fractionOfPCRHospitalized":0.24492589790813435,
		"fractionHospitalizedInICU":0.2918322733153215,
		"fractionDeathOfHospitalized":0.12139639036937287,
		"fractionOfInfectionsPCRConfirmed":0.3364724170614653,
		"dateContained":"Mon 8 Jun 2020 00:00:00",
		"dateICUOverCapacity":"Thu 30 Jul 2020 04:11:19",
		"dateHospitalsOverCapacity":"Sun 2 Aug 2020 01:00:38"
	},
	"summaryAug1":{
		"totalProjectedDeaths":6.429815033991063e3,
		"totalProjectedPCRConfirmed":3.060204663277455e5,
		"totalProjectedInfected":1.9965215321547943e6,
		"totalInfectedFraction":0.15609403476678946,
		"fatalityRate":3.2205087350355437e-3,
		"fatalityRateSymptomatic":4.600726764336492e-3,
		"fatalityRatePCR":2.1011062139565467e-2,
		"fractionOfSymptomaticHospitalized":2.8095585604758923e-2,
		"fractionOfPCRHospitalized":0.15358805806972237,
		"fractionHospitalizedInICU":0.2918322733153216,
		"fractionDeathOfHospitalized":9.687834000643464e-2,
		"fractionOfInfectionsPCRConfirmed":0.15327681740425084,
		"dateContained":"Mon 8 Jun 2020 00:00:00",
		"dateICUOverCapacity":"Thu 30 Jul 2020 04:11:19",
		"dateHospitalsOverCapacity":"Sun 2 Aug 2020 01:00:38"
	}
}