{
	"distancingLevel":0.2,
	"id":"scenario2",
	"distancingDays":90,
	"maintain":false,
	"name":"Italy",
	"gradual":false,
	"events":{
		"herd":{
			"eventName":"herd",
			"day":2.804233098647433e2,
			"thresholdCrossed":0.6999999999999884
		},
		"icu":{
			"eventName":"icu",
			"day":2.6176317581238203e2,
			"thresholdCrossed":1.9084469299686147e-4
		},
		"hospital":{
			"eventName":"hospital",
			"day":2.6543962946565955e2,
			"thresholdCrossed":1.318345272610625e-3
		}
	},
	"summary":{
		"totalProjectedDeaths":7.262110270896175e3,
		"totalProjectedPCRConfirmed":1.0173476232785842e5,
		"totalProjectedInfected":5.019832792439798e5,
		"totalInfectedFraction":3.92465566640238e-2,
		"fatalityRate":1.4466836986748636e-2,
		"fatalityRateSymptomatic":2.0666909981069483e-2,
		"fatalityRatePCR":7.138278111362495e-2,
		"fractionOfSymptomaticHospitalized":7.972325104346137e-2,
		"fractionOfSymptomaticHospitalizedOrICU":0.11257679224763553,
		"fractionOfPCRHospitalized":0.22739704537242778,
		"fractionOfPCRHospitalizedOrICU":0.3211061967438111,
		"fractionHospitalizedInICU":0.2918322733153217,
		"fractionOfDeathInICU":0.8843444756855822,
		"fractionDeathOfHospitalizedOrICU":0.16630465019405616,
		"fractionOfInfectionsPCRConfirmed":0.20266563954296993,
		"fractionOfDeathsReported":0.8277475862557789,
		"fractionOfHospitalizationsReported":0.8258133521255773,
		"dateContained":"Sat 20 Jun 2020 18:47:35",
		"dateICUOverCapacity":"Thu 17 Sep 2020 18:18:58",
		"dateHospitalsOverCapacity":"Mon 21 Sep 2020 10:33:03"
	},
	"summaryAug1":{
		"totalProjectedDeaths":7.262110270896175e3,
		"totalProjectedPCRConfirmed":1.0173476232785842e5,
		"totalProjectedInfected":5.019832792439798e5,
		"totalInfectedFraction":3.92465566640238e-2,
		"fatalityRate":1.4466836986748636e-2,
		"fatalityRateSymptomatic":2.0666909981069483e-2,
		"fatalityRatePCR":7.138278111362495e-2,
		"fractionOfSymptomaticHospitalized":7.972325104346137e-2,
		"fractionOfSymptomaticHospitalizedOrICU":0.11257679224763553,
		"fractionOfPCRHospitalized":0.22739704537242778,
		"fractionOfPCRHospitalizedOrICU":0.3211061967438111,
		"fractionHospitalizedInICU":0.2918322733153217,
		"fractionOfDeathInICU":0.8843444756855822,
		"fractionDeathOfHospitalizedOrICU":0.16630465019405616,
		"fractionOfInfectionsPCRConfirmed":0.20266563954296993,
		"fractionOfDeathsReported":0.8277475862557789,
		"fractionOfHospitalizationsReported":0.8258133521255773,
		"dateContained":"Sat 20 Jun 2020 18:47:35",
		"dateICUOverCapacity":"Thu 17 Sep 2020 18:18:58",
		"dateHospitalsOverCapacity":"Mon 21 Sep 2020 10:33:03"
	}
}