{
	"distancingLevel":0.2,
	"id":"scenario2",
	"distancingDays":90,
	"maintain":false,
	"name":"Italy",
	"gradual":false,
	"events":{
		"herd":{
			"eventName":"herd",
			"day":2.705285423196488e2,
			"thresholdCrossed":0.7000000000000017
		},
		"icu":{
			"eventName":"icu",
			"day":2.5468975873877596e2,
			"thresholdCrossed":1.9084469299687564e-4
		},
		"hospital":{
			"eventName":"hospital",
			"day":2.5772288405152483e2,
			"thresholdCrossed":1.318345272475848e-3
		}
	},
	"summary":{
		"totalProjectedDeaths":1.598275270213598e5,
		"totalProjectedPCRConfirmed":3.873235009568549e6,
		"totalProjectedInfected":1.0882530309612507e7,
		"totalInfectedFraction":0.8508288226002418,
		"fatalityRate":1.4686614461361493e-2,
		"fatalityRateSymptomatic":2.0980877801944995e-2,
		"fatalityRatePCR":4.12646086866708e-2,
		"fractionOfSymptomaticHospitalized":7.992412784596443e-2,
		"fractionOfSymptomaticHospitalizedOrICU":0.1128604493459948,
		"fractionOfPCRHospitalized":0.2027954062459723,
		"fractionOfPCRHospitalizedOrICU":0.2863663488244076,
		"fractionHospitalizedInICU":0.2918322733153217,
		"fractionOfDeathInICU":0.7333434281429927,
		"fractionDeathOfHospitalizedOrICU":0.16630465019405616,
		"fractionOfInfectionsPCRConfirmed":0.35591309184292663,
		"dateContained":"Wed 24 Jun 2020 00:00:00",
		"dateICUOverCapacity":"Thu 10 Sep 2020 16:33:15",
		"dateHospitalsOverCapacity":"Sun 13 Sep 2020 17:20:57"
	},
	"summaryAug1":{
		"totalProjectedDeaths":5.723378097070911e3,
		"totalProjectedPCRConfirmed":8.981481633042349e4,
		"totalProjectedInfected":3.9040411259005335e5,
		"totalInfectedFraction":3.0522963134767028e-2,
		"fatalityRate":1.4660137822576642e-2,
		"fatalityRateSymptomatic":2.094305403225235e-2,
		"fatalityRatePCR":6.37242086652489e-2,
		"fractionOfSymptomaticHospitalized":7.990701458366758e-2,
		"fractionOfSymptomaticHospitalizedOrICU":0.1128362837964336,
		"fractionOfPCRHospitalized":0.217610131673015,
		"fractionOfPCRHospitalizedOrICU":0.307286146308541,
		"fractionHospitalizedInICU":0.2918322733153217,
		"fractionOfDeathInICU":0.7333882066123147,
		"fractionDeathOfHospitalizedOrICU":0.16630465019405616,
		"fractionOfInfectionsPCRConfirmed":0.23005601999058392,
		"dateContained":"Wed 24 Jun 2020 00:00:00",
		"dateICUOverCapacity":"Thu 10 Sep 2020 16:33:15",
		"dateHospitalsOverCapacity":"Sun 13 Sep 2020 17:20:57"
	}
}