{
	"distancingLevel":0.49714285714285716,
	"id":"scenario7",
	"distancingDays":60,
	"maintain":true,
	"postDistancingLevel":1,
	"name":"Open Gradual May 1",
	"gradual":true,
	"events":{
		"herd":{
			"eventName":"herd",
			"day":1.6639523040814888e2,
			"thresholdCrossed":0.6999999999999997
		},
		"icu":{
			"eventName":"icu",
			"day":9.730064788507796e1,
			"thresholdCrossed":1.591329812006082e-4
		},
		"hospital":{
			"eventName":"hospital",
			"day":1.0783020723099528e2,
			"thresholdCrossed":8.771942643502752e-4
		}
	},
	"summary":{
		"totalProjectedDeaths":4.412189246390345e4,
		"totalProjectedPCRConfirmed":8.656695102220556e5,
		"totalProjectedInfected":2.8006263443830293e6,
		"totalInfectedFraction":0.779146887081526,
		"fatalityRate":1.5754294589278166e-2,
		"fatalityRateSymptomatic":2.250613512754024e-2,
		"fatalityRatePCR":5.096851851994372e-2,
		"fractionOfSymptomaticHospitalized":7.858673672404363e-2,
		"fractionOfSymptomaticHospitalizedOrICU":0.10980951397847352,
		"fractionOfPCRHospitalized":0.20654432626999977,
		"fractionOfPCRHospitalizedOrICU":0.28860508818889297,
		"fractionHospitalizedInICU":0.28433581138106706,
		"fractionOfDeathInICU":0.6159029086665924,
		"fractionDeathOfHospitalizedOrICU":0.17660297966259228,
		"fractionOfInfectionsPCRConfirmed":0.30909853860307107,
		"dateContained":"Mon 12 Oct 2020 00:00:00",
		"dateICUOverCapacity":"Mon 6 Apr 2020 07:12:55",
		"dateHospitalsOverCapacity":"Thu 16 Apr 2020 19:55:29"
	},
	"summaryAug1":{
		"totalProjectedDeaths":3.892666544393013e4,
		"totalProjectedPCRConfirmed":8.43405751974326e5,
		"totalProjectedInfected":2.7738791984205595e6,
		"totalInfectedFraction":0.7717057103759042,
		"fatalityRate":1.403329512910832e-2,
		"fatalityRateSymptomatic":2.0047564470154745e-2,
		"fatalityRatePCR":4.61541379731011e-2,
		"fractionOfSymptomaticHospitalized":7.591544212021861e-2,
		"fractionOfSymptomaticHospitalizedOrICU":0.10607690496113535,
		"fractionOfPCRHospitalized":0.2017135653268963,
		"fractionOfPCRHospitalizedOrICU":0.2818550495256119,
		"fractionHospitalizedInICU":0.28433581138106695,
		"fractionOfDeathInICU":0.6184121725220525,
		"fractionDeathOfHospitalizedOrICU":0.16375132555113978,
		"fractionOfInfectionsPCRConfirmed":0.30405280534731266,
		"dateContained":"Mon 12 Oct 2020 00:00:00",
		"dateICUOverCapacity":"Mon 6 Apr 2020 07:12:55",
		"dateHospitalsOverCapacity":"Thu 16 Apr 2020 19:55:29"
	}
}