{
	"distancingLevel":0.5961904761904762,
	"id":"scenario7",
	"distancingDays":60,
	"maintain":true,
	"name":"Open Gradual May 30",
	"gradual":true,
	"events":{
		"herd":{
			"eventName":"herd",
			"day":2.2119842655373552e2,
			"thresholdCrossed":0.6999999999999983
		},
		"icu":{
			"eventName":"icu",
			"day":8.619836367455028e1,
			"thresholdCrossed":1.1139308684042532e-4
		},
		"hospital":{
			"eventName":"hospital",
			"day":2.0319512695811113e2,
			"thresholdCrossed":8.771942643493374e-4
		}
	},
	"summary":{
		"totalProjectedDeaths":2.8020422932597827e4,
		"totalProjectedPCRConfirmed":3.941824679180533e5,
		"totalProjectedInfected":2.4718499850612935e6,
		"totalInfectedFraction":0.6876798202858088,
		"fatalityRate":1.1335810466630328e-2,
		"fatalityRateSymptomatic":1.6194014952329038e-2,
		"fatalityRatePCR":7.108490410695535e-2,
		"fractionOfSymptomaticHospitalized":6.38219558849502e-2,
		"fractionOfSymptomaticHospitalizedOrICU":8.90777134862991e-2,
		"fractionOfPCRHospitalized":0.23028923086649547,
		"fractionOfPCRHospitalizedOrICU":0.32141976599847794,
		"fractionHospitalizedInICU":0.2835249874844784,
		"fractionOfDeathInICU":0.7327405327876952,
		"fractionDeathOfHospitalizedOrICU":0.1708812468711196,
		"fractionOfInfectionsPCRConfirmed":0.1594686046080094,
		"fractionOfDeathsReported":0.825350211463872,
		"fractionOfHospitalizationsReported":0.822016762845975,
		"dateContained":"",
		"dateICUOverCapacity":"Thu 26 Mar 2020 04:45:38",
		"dateHospitalsOverCapacity":"Tue 21 Jul 2020 04:40:58"
	},
	"summaryAug1":{
		"totalProjectedDeaths":9.103828439674639e3,
		"totalProjectedPCRConfirmed":1.5856846340604482e5,
		"totalProjectedInfected":1.3977452092648917e6,
		"totalInfectedFraction":0.3888590246664166,
		"fatalityRate":6.513224570064929e-3,
		"fatalityRateSymptomatic":9.304606528664185e-3,
		"fatalityRatePCR":5.741260427278374e-2,
		"fractionOfSymptomaticHospitalized":4.4749142833373244e-2,
		"fractionOfSymptomaticHospitalizedOrICU":6.2457367042376505e-2,
		"fractionOfPCRHospitalized":0.22484133404621112,
		"fractionOfPCRHospitalizedOrICU":0.31381601607682064,
		"fractionHospitalizedInICU":0.28352498748447824,
		"fractionOfDeathInICU":0.7214092096405536,
		"fractionDeathOfHospitalizedOrICU":0.17088124687111958,
		"fractionOfInfectionsPCRConfirmed":0.11344590012183967,
		"fractionOfDeathsReported":0.8217372324244104,
		"fractionOfHospitalizationsReported":0.8142958057940936,
		"dateContained":"",
		"dateICUOverCapacity":"Thu 26 Mar 2020 04:45:38",
		"dateHospitalsOverCapacity":"Tue 21 Jul 2020 04:40:58"
	}
}