{
	"distancingLevel":0.45222222222222225,
	"id":"scenario6",
	"distancingDays":14,
	"maintain":true,
	"name":"Open May 10",
	"gradual":false,
	"events":{
		"herd":{
			"eventName":"herd",
			"day":1.7246782584116642e2,
			"thresholdCrossed":0.699999999999963
		},
		"icu":{
			"eventName":"icu",
			"day":8.093641466337854e1,
			"thresholdCrossed":1.1226360776334073e-4
		},
		"hospital":{
			"eventName":"hospital",
			"day":1.5884737174947742e2,
			"thresholdCrossed":8.13814972955814e-4
		}
	},
	"summary":{
		"totalProjectedDeaths":7.467429206308589e4,
		"totalProjectedPCRConfirmed":1.141542930942492e6,
		"totalProjectedInfected":7.187854294031649e6,
		"totalInfectedFraction":0.8022014664727173,
		"fatalityRate":1.0388954618221855e-2,
		"fatalityRateSymptomatic":1.4841363740316936e-2,
		"fatalityRatePCR":6.541522884420348e-2,
		"fractionOfSymptomaticHospitalized":6.1780687163159244e-2,
		"fractionOfSymptomaticHospitalizedOrICU":8.561513191886236e-2,
		"fractionOfPCRHospitalized":0.22069481415385706,
		"fractionOfPCRHospitalizedOrICU":0.3058369289045161,
		"fractionHospitalizedInICU":0.27839056276046004,
		"fractionOfDeathInICU":0.7174497468763141,
		"fractionDeathOfHospitalizedOrICU":0.16959764069011501,
		"fractionOfInfectionsPCRConfirmed":0.15881553579770794,
		"fractionOfDeathsReported":0.8126996251750062,
		"fractionOfHospitalizationsReported":0.8104651369461132,
		"dateContained":"",
		"dateICUOverCapacity":"Fri 20 Mar 2020 22:28:26",
		"dateHospitalsOverCapacity":"Sat 6 Jun 2020 20:20:12"
	},
	"summaryAug1":{
		"totalProjectedDeaths":6.747638097989952e4,
		"totalProjectedPCRConfirmed":1.1190305906919558e6,
		"totalProjectedInfected":7.140747159900134e6,
		"totalInfectedFraction":0.7969440682929843,
		"fatalityRate":9.449484692417425e-3,
		"fatalityRateSymptomatic":1.3499263846310608e-2,
		"fatalityRatePCR":6.029896013671556e-2,
		"fractionOfSymptomaticHospitalized":5.9892193183275655e-2,
		"fractionOfSymptomaticHospitalizedOrICU":8.299807360112763e-2,
		"fractionOfPCRHospitalized":0.21678874180665536,
		"fractionOfPCRHospitalizedOrICU":0.300423928262307,
		"fractionHospitalizedInICU":0.2783905627604597,
		"fractionOfDeathInICU":0.7122420332642211,
		"fractionDeathOfHospitalizedOrICU":0.16959764069011493,
		"fractionOfInfectionsPCRConfirmed":0.15671057462670415,
		"fractionOfDeathsReported":0.8125871591007867,
		"fractionOfHospitalizationsReported":0.8103390560235545,
		"dateContained":"",
		"dateICUOverCapacity":"Fri 20 Mar 2020 22:28:26",
		"dateHospitalsOverCapacity":"Sat 6 Jun 2020 20:20:12"
	}
}