{
	"distancingLevel":0.41000000000000003,
	"id":"scenario6",
	"distancingDays":4,
	"maintain":true,
	"name":"Open May 1",
	"gradual":false,
	"events":{
		"herd":{
			"eventName":"herd",
			"day":1.6686225052939832e2,
			"thresholdCrossed":0.7000000000000003
		},
		"icu":{
			"eventName":"icu",
			"day":8.551841441512087e1,
			"thresholdCrossed":1.1226360776329792e-4
		},
		"hospital":{
			"eventName":"hospital",
			"day":1.512315563410069e2,
			"thresholdCrossed":8.138149729555915e-4
		}
	},
	"summary":{
		"totalProjectedDeaths":7.471832813603799e4,
		"totalProjectedPCRConfirmed":1.1352576833423811e6,
		"totalProjectedInfected":7.192093033502272e6,
		"totalInfectedFraction":0.8026745315739608,
		"fatalityRate":1.0388954618354406e-2,
		"fatalityRateSymptomatic":1.4841363740506297e-2,
		"fatalityRatePCR":6.581618361397494e-2,
		"fractionOfSymptomaticHospitalized":6.178068716330511e-2,
		"fractionOfSymptomaticHospitalizedOrICU":8.561513191906452e-2,
		"fractionOfPCRHospitalized":0.22257093348069154,
		"fractionOfPCRHospitalizedOrICU":0.3084368385370887,
		"fractionHospitalizedInICU":0.2783905627604601,
		"fractionOfDeathInICU":0.7173772866447483,
		"fractionDeathOfHospitalizedOrICU":0.169597640690115,
		"fractionOfInfectionsPCRConfirmed":0.1578480253320019,
		"fractionOfDeathsReported":0.813351754960853,
		"fractionOfHospitalizationsReported":0.8123755163940277,
		"dateContained":"",
		"dateICUOverCapacity":"Wed 25 Mar 2020 12:26:31",
		"dateHospitalsOverCapacity":"Sat 30 May 2020 05:33:26"
	},
	"summaryAug1":{
		"totalProjectedDeaths":6.972104443576172e4,
		"totalProjectedPCRConfirmed":1.1205743206813089e6,
		"totalProjectedInfected":7.161589907543557e6,
		"totalInfectedFraction":0.7992702260086126,
		"fatalityRate":9.735414249609864e-3,
		"fatalityRateSymptomatic":1.3907734642299805e-2,
		"fatalityRatePCR":6.2219027465640425e-2,
		"fractionOfSymptomaticHospitalized":6.0534649952845215e-2,
		"fractionOfSymptomaticHospitalizedOrICU":8.388838453168755e-2,
		"fractionOfPCRHospitalized":0.21999322799178236,
		"fractionOfPCRHospitalizedOrICU":0.3048646769828137,
		"fractionHospitalizedInICU":0.27839056276045965,
		"fractionOfDeathInICU":0.7136492691127476,
		"fractionDeathOfHospitalizedOrICU":0.1695976406901149,
		"fractionOfInfectionsPCRConfirmed":0.15647004857133306,
		"fractionOfDeathsReported":0.8133229287919432,
		"fractionOfHospitalizationsReported":0.8123411513913951,
		"dateContained":"",
		"dateICUOverCapacity":"Wed 25 Mar 2020 12:26:31",
		"dateHospitalsOverCapacity":"Sat 30 May 2020 05:33:26"
	}
}