{
	"distancingLevel":0.4919047619047619,
	"id":"scenario7",
	"distancingDays":60,
	"maintain":true,
	"name":"Open Gradual June 02",
	"gradual":true,
	"events":{
		"herd":{
			"eventName":"herd",
			"day":2.1941767616785313e2,
			"thresholdCrossed":0.6999999999999993
		},
		"icu":{
			"eventName":"icu",
			"day":9.110051090631764e1,
			"thresholdCrossed":1.2609512088031106e-4
		},
		"hospital":{
			"eventName":"hospital",
			"day":2.023592544153289e2,
			"thresholdCrossed":9.144354072182898e-4
		}
	},
	"summary":{
		"totalProjectedDeaths":4.852338627498299e4,
		"totalProjectedPCRConfirmed":7.160751632379056e5,
		"totalProjectedInfected":4.5375075735663865e6,
		"totalInfectedFraction":0.6683302955077507,
		"fatalityRate":1.0693841385006135e-2,
		"fatalityRateSymptomatic":1.5276916264294478e-2,
		"fatalityRatePCR":6.77629790364085e-2,
		"fractionOfSymptomaticHospitalized":6.234025735130924e-2,
		"fractionOfSymptomaticHospitalizedOrICU":8.672216766095152e-2,
		"fractionOfPCRHospitalized":0.22445464692970332,
		"fractionOfPCRHospitalizedOrICU":0.31224114802132125,
		"fractionHospitalizedInICU":0.2811496871822399,
		"fractionOfDeathInICU":0.7246395493190273,
		"fractionDeathOfHospitalizedOrICU":0.17028742179555997,
		"fractionOfInfectionsPCRConfirmed":0.1578124447459788,
		"fractionOfDeathsReported":0.8151210277911582,
		"fractionOfHospitalizationsReported":0.8117143393269264,
		"dateContained":"",
		"dateICUOverCapacity":"Tue 31 Mar 2020 02:24:44",
		"dateHospitalsOverCapacity":"Mon 20 Jul 2020 08:37:19"
	},
	"summaryAug1":{
		"totalProjectedDeaths":1.8842980361514183e4,
		"totalProjectedPCRConfirmed":3.322416793284261e5,
		"totalProjectedInfected":2.7266972894618716e6,
		"totalInfectedFraction":0.4016157275069667,
		"fatalityRate":6.910550883054915e-3,
		"fatalityRateSymptomatic":9.872215547221308e-3,
		"fatalityRatePCR":5.671467950560051e-2,
		"fractionOfSymptomaticHospitalized":4.7292167944410865e-2,
		"fractionOfSymptomaticHospitalizedOrICU":6.578861704745499e-2,
		"fractionOfPCRHospitalized":0.21879110751570977,
		"fractionOfPCRHospitalizedOrICU":0.3043625405935889,
		"fractionHospitalizedInICU":0.2811496871822396,
		"fractionOfDeathInICU":0.7151310042976772,
		"fractionDeathOfHospitalizedOrICU":0.17028742179555992,
		"fractionOfInfectionsPCRConfirmed":0.12184765819530913,
		"fractionOfDeathsReported":0.812027030083541,
		"fractionOfHospitalizationsReported":0.8053035068568294,
		"dateContained":"",
		"dateICUOverCapacity":"Tue 31 Mar 2020 02:24:44",
		"dateHospitalsOverCapacity":"Mon 20 Jul 2020 08:37:19"
	}
}