{
	"distancingLevel":0.41571428571428565,
	"id":"scenario7",
	"distancingDays":60,
	"maintain":true,
	"postDistancingLevel":1,
	"name":"Open Gradual May 1",
	"gradual":true,
	"events":{
		"herd":{
			"eventName":"herd",
			"day":1.7398238850799356e2,
			"thresholdCrossed":0.7000000000000002
		},
		"icu":{
			"eventName":"icu",
			"day":9.709957769007772e1,
			"thresholdCrossed":1.8013588697187444e-4
		},
		"hospital":{
			"eventName":"hospital",
			"day":1.1463250625697987e2,
			"thresholdCrossed":9.1443540721831e-4
		}
	},
	"summary":{
		"totalProjectedDeaths":5.9740074614029414e4,
		"totalProjectedPCRConfirmed":1.2408185913561096e6,
		"totalProjectedInfected":4.702140232320764e6,
		"totalInfectedFraction":0.6925790690230882,
		"fatalityRate":1.270486877515867e-2,
		"fatalityRateSymptomatic":1.814981253594096e-2,
		"fatalityRatePCR":4.81456959383068e-2,
		"fractionOfSymptomaticHospitalized":7.67622573056739e-2,
		"fractionOfSymptomaticHospitalizedOrICU":0.10690472888918909,
		"fractionOfPCRHospitalized":0.1662642651015951,
		"fractionOfPCRHospitalizedOrICU":0.23155176526228183,
		"fractionHospitalizedInICU":0.2819563914217399,
		"fractionOfDeathInICU":0.8615490194644816,
		"fractionDeathOfHospitalizedOrICU":0.16304560916917415,
		"fractionOfInfectionsPCRConfirmed":0.26388379122068367,
		"fractionOfDeathsReported":0.8169308758960155,
		"fractionOfHospitalizationsReported":0.816518172183386,
		"dateContained":"",
		"dateICUOverCapacity":"Mon 6 Apr 2020 02:23:23",
		"dateHospitalsOverCapacity":"Thu 23 Apr 2020 15:10:48"
	},
	"summaryAug1":{
		"totalProjectedDeaths":5.2503630870975445e4,
		"totalProjectedPCRConfirmed":1.1890823924151564e6,
		"totalProjectedInfected":4.598261032109273e6,
		"totalInfectedFraction":0.6772786831947759,
		"fatalityRate":1.1418149275203598e-2,
		"fatalityRateSymptomatic":1.6311641821719427e-2,
		"fatalityRatePCR":4.415474588294494e-2,
		"fractionOfSymptomaticHospitalized":7.389204379304093e-2,
		"fractionOfSymptomaticHospitalizedOrICU":0.10290745981201416,
		"fractionOfPCRHospitalized":0.16331438905884457,
		"fractionOfPCRHospitalizedOrICU":0.2274435523243638,
		"fractionHospitalizedInICU":0.28195639142173995,
		"fractionOfDeathInICU":0.8571315518506202,
		"fractionDeathOfHospitalizedOrICU":0.16304560916917418,
		"fractionOfInfectionsPCRConfirmed":0.2585939302079402,
		"fractionOfDeathsReported":0.8169095932092427,
		"fractionOfHospitalizationsReported":0.8164828339593874,
		"dateContained":"",
		"dateICUOverCapacity":"Mon 6 Apr 2020 02:23:23",
		"dateHospitalsOverCapacity":"Thu 23 Apr 2020 15:10:48"
	}
}