{
	"distancingLevel":0.4947619047619047,
	"id":"scenario7",
	"distancingDays":60,
	"maintain":true,
	"name":"Open Gradual May 28",
	"gradual":true,
	"events":{
		"herd":{
			"eventName":"herd",
			"day":2.160792323045168e2,
			"thresholdCrossed":0.7000000000000022
		},
		"icu":{
			"eventName":"icu",
			"day":9.071437994868688e1,
			"thresholdCrossed":1.2609512088031024e-4
		},
		"hospital":{
			"eventName":"hospital",
			"day":1.9768426883015846e2,
			"thresholdCrossed":9.144354072183095e-4
		}
	},
	"summary":{
		"totalProjectedDeaths":4.727488691075598e4,
		"totalProjectedPCRConfirmed":6.9593226927039e5,
		"totalProjectedInfected":4.420758172028719e6,
		"totalInfectedFraction":0.6511342554428095,
		"fatalityRate":1.0693841434230992e-2,
		"fatalityRateSymptomatic":1.5276916334615703e-2,
		"fatalityRatePCR":6.793029867736784e-2,
		"fractionOfSymptomaticHospitalized":6.234025744626587e-2,
		"fractionOfSymptomaticHospitalizedOrICU":8.672216779304659e-2,
		"fractionOfPCRHospitalized":0.22560615299627643,
		"fractionOfPCRHospitalizedOrICU":0.3138430198519938,
		"fractionHospitalizedInICU":0.2811496871822395,
		"fractionOfDeathInICU":0.724561681759791,
		"fractionDeathOfHospitalizedOrICU":0.1702874217955599,
		"fractionOfInfectionsPCRConfirmed":0.15742373642461005,
		"fractionOfDeathsReported":0.8159874272444861,
		"fractionOfHospitalizationsReported":0.8138690337727559,
		"dateContained":"",
		"dateICUOverCapacity":"Mon 30 Mar 2020 17:08:42",
		"dateHospitalsOverCapacity":"Wed 15 Jul 2020 16:25:20"
	},
	"summaryAug1":{
		"totalProjectedDeaths":2.0080387570588562e4,
		"totalProjectedPCRConfirmed":3.6805935070448526e5,
		"totalProjectedInfected":2.9348706274994793e6,
		"totalInfectedFraction":0.43227761539846327,
		"fatalityRate":6.842000932660233e-3,
		"fatalityRateSymptomatic":9.774287046657476e-3,
		"fatalityRatePCR":5.4557471592974416e-2,
		"fractionOfSymptomaticHospitalized":4.760256525755194e-2,
		"fractionOfSymptomaticHospitalizedOrICU":6.622041391476717e-2,
		"fractionOfPCRHospitalized":0.21541777313174917,
		"fractionOfPCRHospitalizedOrICU":0.2996698607354726,
		"fractionHospitalizedInICU":0.28114968718223987,
		"fractionOfDeathInICU":0.7136114321745232,
		"fractionDeathOfHospitalizedOrICU":0.17028742179555997,
		"fractionOfInfectionsPCRConfirmed":0.1254090545783523,
		"fractionOfDeathsReported":0.8145006101685563,
		"fractionOfHospitalizationsReported":0.8107407994164403,
		"dateContained":"",
		"dateICUOverCapacity":"Mon 30 Mar 2020 17:08:42",
		"dateHospitalsOverCapacity":"Wed 15 Jul 2020 16:25:20"
	}
}