{
	"distancingLevel":0.5777777777777778,
	"id":"scenario7",
	"distancingDays":60,
	"maintain":true,
	"name":"Open Gradual May 10",
	"gradual":true,
	"events":{},
	"summary":{
		"totalProjectedDeaths":1.2790578936897103e5,
		"totalProjectedPCRConfirmed":1.871146325863395e6,
		"totalProjectedInfected":1.051275673212036e7,
		"totalInfectedFraction":0.8219188165064913,
		"fatalityRate":1.216672207187783e-2,
		"fatalityRateSymptomatic":1.7381031531254042e-2,
		"fatalityRatePCR":6.835691447591734e-2,
		"fractionOfSymptomaticHospitalized":6.490807958399486e-2,
		"fractionOfSymptomaticHospitalizedOrICU":9.154990408624147e-2,
		"fractionOfPCRHospitalized":0.2112915264075057,
		"fractionOfPCRHospitalizedOrICU":0.2980171205313629,
		"fractionHospitalizedInICU":0.2910087647623266,
		"fractionOfDeathInICU":0.7563287756952797,
		"fractionDeathOfHospitalizedOrICU":0.17275219119058166,
		"fractionOfInfectionsPCRConfirmed":0.17798816937771905,
		"fractionOfDeathsReported":0.8282232735245448,
		"fractionOfHospitalizationsReported":0.8277065974644905,
		"dateContained":"",
		"dateICUOverCapacity":"",
		"dateHospitalsOverCapacity":""
	},
	"summaryAug1":{
		"totalProjectedDeaths":6.431688193522253e4,
		"totalProjectedPCRConfirmed":1.558726198791417e6,
		"totalProjectedInfected":9.806380978251867e6,
		"totalInfectedFraction":0.7666922438364918,
		"fatalityRate":6.5586766492003006e-3,
		"fatalityRateSymptomatic":9.369538070286145e-3,
		"fatalityRatePCR":4.1262462891232365e-2,
		"fractionOfSymptomaticHospitalized":4.968889791214473e-2,
		"fractionOfSymptomaticHospitalizedOrICU":7.008393819634119e-2,
		"fractionOfPCRHospitalized":0.18105762566296307,
		"fractionOfPCRHospitalizedOrICU":0.25537357397975097,
		"fractionHospitalizedInICU":0.2910087647623263,
		"fractionOfDeathInICU":0.7313720110937748,
		"fractionDeathOfHospitalizedOrICU":0.17275219119058155,
		"fractionOfInfectionsPCRConfirmed":0.15895019806473834,
		"fractionOfDeathsReported":0.828000408298027,
		"fractionOfHospitalizationsReported":0.8274094751692777,
		"dateContained":"",
		"dateICUOverCapacity":"",
		"dateHospitalsOverCapacity":""
	}
}