{
	"distancingLevel":0.5380952380952381,
	"id":"scenario7",
	"distancingDays":60,
	"maintain":true,
	"name":"Open Gradual May 1",
	"gradual":true,
	"events":{
		"herd":{
			"eventName":"herd",
			"day":1.930701041424893e2,
			"thresholdCrossed":0.6999999999999996
		},
		"icu":{
			"eventName":"icu",
			"day":1.531795372347628e2,
			"thresholdCrossed":1.3359128509781278e-4
		},
		"hospital":{
			"eventName":"hospital",
			"day":1.7505057593692246e2,
			"thresholdCrossed":1.3183452727265038e-3
		}
	},
	"summary":{
		"totalProjectedDeaths":1.1375713780120552e5,
		"totalProjectedPCRConfirmed":1.6705039695320232e6,
		"totalProjectedInfected":9.349859159140775e6,
		"totalInfectedFraction":0.7310000003237382,
		"fatalityRate":1.2166722071956801e-2,
		"fatalityRateSymptomatic":1.738103153136686e-2,
		"fatalityRatePCR":6.809749625023254e-2,
		"fractionOfSymptomaticHospitalized":6.490807958408594e-2,
		"fractionOfSymptomaticHospitalizedOrICU":9.154990408636988e-2,
		"fractionOfPCRHospitalized":0.21060198973691083,
		"fractionOfPCRHospitalizedOrICU":0.29704456031295096,
		"fractionHospitalizedInICU":0.2910087647623264,
		"fractionOfDeathInICU":0.7563132052758221,
		"fractionDeathOfHospitalizedOrICU":0.17275219119058158,
		"fractionOfInfectionsPCRConfirmed":0.17866621743696273,
		"fractionOfDeathsReported":0.8283632668218095,
		"fractionOfHospitalizationsReported":0.8281482968375954,
		"dateContained":"",
		"dateICUOverCapacity":"Mon 1 Jun 2020 04:18:32",
		"dateHospitalsOverCapacity":"Tue 23 Jun 2020 01:12:49"
	},
	"summaryAug1":{
		"totalProjectedDeaths":7.721866873612786e4,
		"totalProjectedPCRConfirmed":1.5026421818100596e6,
		"totalProjectedInfected":8.923692760237474e6,
		"totalInfectedFraction":0.697681034504695,
		"fatalityRate":8.6532191112856e-3,
		"fatalityRateSymptomatic":1.2361741587550858e-2,
		"fatalityRatePCR":5.138859381886341e-2,
		"fractionOfSymptomaticHospitalized":5.644105814156342e-2,
		"fractionOfSymptomaticHospitalizedOrICU":7.960755413660765e-2,
		"fractionOfPCRHospitalized":0.19429340007543525,
		"fractionOfPCRHospitalizedOrICU":0.27404203383459697,
		"fractionHospitalizedInICU":0.29100876476232634,
		"fractionOfDeathInICU":0.7419724687253711,
		"fractionDeathOfHospitalizedOrICU":0.17275219119058158,
		"fractionOfInfectionsPCRConfirmed":0.1683879333570951,
		"fractionOfDeathsReported":0.8283228460606621,
		"fractionOfHospitalizationsReported":0.8280867353581767,
		"dateContained":"",
		"dateICUOverCapacity":"Mon 1 Jun 2020 04:18:32",
		"dateHospitalsOverCapacity":"Tue 23 Jun 2020 01:12:49"
	}
}