{
	"distancingLevel":0.49714285714285705,
	"id":"scenario7",
	"distancingDays":60,
	"maintain":true,
	"postDistancingLevel":1,
	"name":"Open Gradual May 1",
	"gradual":true,
	"events":{
		"herd":{
			"eventName":"herd",
			"day":1.7150873777509065e2,
			"thresholdCrossed":0.6999999999999998
		},
		"icu":{
			"eventName":"icu",
			"day":1.323898276242447e2,
			"thresholdCrossed":1.9084469299687534e-4
		},
		"hospital":{
			"eventName":"hospital",
			"day":1.4905855518060562e2,
			"thresholdCrossed":1.3183452727265031e-3
		}
	},
	"summary":{
		"totalProjectedDeaths":1.532180125525239e5,
		"totalProjectedPCRConfirmed":3.6370659364198013e6,
		"totalProjectedInfected":1.0432500378314285e7,
		"totalInfectedFraction":0.8156441343257584,
		"fatalityRate":1.4686605032003011e-2,
		"fatalityRateSymptomatic":2.0980864331432873e-2,
		"fatalityRatePCR":4.212681739373312e-2,
		"fractionOfSymptomaticHospitalized":7.992412784596435e-2,
		"fractionOfSymptomaticHospitalizedOrICU":0.11286044934599473,
		"fractionOfPCRHospitalized":0.20430052828113798,
		"fractionOfPCRHospitalizedOrICU":0.2884917238993379,
		"fractionHospitalizedInICU":0.2918322733153219,
		"fractionOfDeathInICU":0.7333432569393392,
		"fractionDeathOfHospitalizedOrICU":0.16630465019405624,
		"fractionOfInfectionsPCRConfirmed":0.34862840206361817,
		"dateContained":"Sat 3 Oct 2020 00:00:00",
		"dateICUOverCapacity":"Mon 11 May 2020 09:21:21",
		"dateHospitalsOverCapacity":"Thu 28 May 2020 01:24:19"
	},
	"summaryAug1":{
		"totalProjectedDeaths":1.3424271184177417e5,
		"totalProjectedPCRConfirmed":3.5727003675571927e6,
		"totalProjectedInfected":1.037539709970874e7,
		"totalInfectedFraction":0.8111796289285481,
		"fatalityRate":1.2938561343887519e-2,
		"fatalityRateSymptomatic":1.8483659062696455e-2,
		"fatalityRatePCR":3.757457889858298e-2,
		"fractionOfSymptomaticHospitalized":7.731223476087962e-2,
		"fractionOfSymptomaticHospitalizedOrICU":0.10917220857101272,
		"fractionOfPCRHospitalized":0.1998868753297061,
		"fractionOfPCRHospitalizedOrICU":0.28225922729561004,
		"fractionHospitalizedInICU":0.29183227331532174,
		"fractionOfDeathInICU":0.7360751180132338,
		"fractionDeathOfHospitalizedOrICU":0.16630465019405619,
		"fractionOfInfectionsPCRConfirmed":0.3443434822998232,
		"dateContained":"Sat 3 Oct 2020 00:00:00",
		"dateICUOverCapacity":"Mon 11 May 2020 09:21:21",
		"dateHospitalsOverCapacity":"Thu 28 May 2020 01:24:19"
	}
}