{
	"distancingLevel":0.5133333333333333,
	"id":"scenario7",
	"distancingDays":60,
	"maintain":true,
	"postDistancingLevel":1,
	"name":"Open Gradual May 1",
	"gradual":true,
	"events":{
		"herd":{
			"eventName":"herd",
			"day":1.6814474344803747e2,
			"thresholdCrossed":0.6999999999999896
		},
		"icu":{
			"eventName":"icu",
			"day":1.2124182903160555e2,
			"thresholdCrossed":2.0140765983902578e-4
		},
		"hospital":{
			"eventName":"hospital",
			"day":1.407158444053265e2,
			"thresholdCrossed":1.3066558979518477e-3
		}
	},
	"summary":{
		"totalProjectedDeaths":1.1546166931230132e5,
		"totalProjectedPCRConfirmed":3.183455212816282e6,
		"totalProjectedInfected":1.02108826836198e7,
		"totalInfectedFraction":0.7943414392424738,
		"fatalityRate":1.1307706972045015e-2,
		"fatalityRateSymptomatic":1.6153867102921448e-2,
		"fatalityRatePCR":3.626929282606642e-2,
		"fractionOfSymptomaticHospitalized":7.334721824632608e-2,
		"fractionOfSymptomaticHospitalizedOrICU":0.10154350292945663,
		"fractionOfPCRHospitalized":0.19376801410647676,
		"fractionOfPCRHospitalizedOrICU":0.2682567025511098,
		"fractionHospitalizedInICU":0.27767689581005306,
		"fractionOfDeathInICU":0.6821624664527391,
		"fractionDeathOfHospitalizedOrICU":0.16163337561731753,
		"fractionOfInfectionsPCRConfirmed":0.3117708146743426,
		"dateContained":"Mon 5 Oct 2020 00:00:00",
		"dateICUOverCapacity":"Thu 30 Apr 2020 05:48:14",
		"dateHospitalsOverCapacity":"Tue 19 May 2020 17:10:48"
	},
	"summaryAug1":{
		"totalProjectedDeaths":1.0236899547967383e5,
		"totalProjectedPCRConfirmed":3.123757196324676e6,
		"totalProjectedInfected":1.0142461892507447e7,
		"totalInfectedFraction":0.789018738808996,
		"fatalityRate":1.0093111176024926e-2,
		"fatalityRateSymptomatic":1.4418730251464179e-2,
		"fatalityRatePCR":3.2771111532009685e-2,
		"fractionOfSymptomaticHospitalized":7.108240201983329e-2,
		"fractionOfSymptomaticHospitalizedOrICU":9.840804150872212e-2,
		"fractionOfPCRHospitalized":0.1896679032731286,
		"fractionOfPCRHospitalizedOrICU":0.26258041889139455,
		"fractionHospitalizedInICU":0.27767689581005334,
		"fractionOfDeathInICU":0.6847869400533768,
		"fractionDeathOfHospitalizedOrICU":0.1616333756173176,
		"fractionOfInfectionsPCRConfirmed":0.30798806339438084,
		"dateContained":"Mon 5 Oct 2020 00:00:00",
		"dateICUOverCapacity":"Thu 30 Apr 2020 05:48:14",
		"dateHospitalsOverCapacity":"Tue 19 May 2020 17:10:48"
	}
}