{
	"distancingLevel":0.5133333333333333,
	"id":"scenario7",
	"distancingDays":60,
	"maintain":true,
	"postDistancingLevel":1,
	"name":"Open Gradual May 1",
	"gradual":true,
	"events":{
		"herd":{
			"eventName":"herd",
			"day":1.6790475361179008e2,
			"thresholdCrossed":0.7000000000000013
		},
		"icu":{
			"eventName":"icu",
			"day":1.213924099737024e2,
			"thresholdCrossed":2.014076598389553e-4
		},
		"hospital":{
			"eventName":"hospital",
			"day":1.408361609407495e2,
			"thresholdCrossed":1.3066558979518475e-3
		}
	},
	"summary":{
		"totalProjectedDeaths":1.3677711581143385e5,
		"totalProjectedPCRConfirmed":3.1920199297631285e6,
		"totalProjectedInfected":1.0236710862859737e7,
		"totalInfectedFraction":0.7963507065806812,
		"fatalityRate":1.336143197202931e-2,
		"fatalityRateSymptomatic":1.9087759960041875e-2,
		"fatalityRatePCR":4.2849706086134524e-2,
		"fractionOfSymptomaticHospitalized":7.334721824632597e-2,
		"fractionOfSymptomaticHospitalizedOrICU":0.10154350292945659,
		"fractionOfPCRHospitalized":0.1937739801617379,
		"fractionOfPCRHospitalizedOrICU":0.26826496208929484,
		"fractionHospitalizedInICU":0.2776768958100539,
		"fractionOfDeathInICU":0.5773105894046361,
		"fractionDeathOfHospitalizedOrICU":0.1597290445700156,
		"fractionOfInfectionsPCRConfirmed":0.31182085462081743,
		"dateContained":"Sun 4 Oct 2020 00:00:00",
		"dateICUOverCapacity":"Thu 30 Apr 2020 09:25:04",
		"dateHospitalsOverCapacity":"Tue 19 May 2020 20:04:04"
	},
	"summaryAug1":{
		"totalProjectedDeaths":1.2152644466681211e5,
		"totalProjectedPCRConfirmed":3.1354589897205355e6,
		"totalProjectedInfected":1.0173122342746735e7,
		"totalInfectedFraction":0.7914039259593652,
		"fatalityRate":1.1945835366214623e-2,
		"fatalityRateSymptomatic":1.7065479094592318e-2,
		"fatalityRatePCR":3.875874156390857e-2,
		"fractionOfSymptomaticHospitalized":7.117020148058883e-2,
		"fractionOfSymptomaticHospitalizedOrICU":9.852959301419975e-2,
		"fractionOfPCRHospitalized":0.18982265789352015,
		"fractionOfPCRHospitalizedOrICU":0.26279466459320566,
		"fractionHospitalizedInICU":0.2776768958100534,
		"fractionOfDeathInICU":0.5802692342954602,
		"fractionDeathOfHospitalizedOrICU":0.14748679020521732,
		"fractionOfInfectionsPCRConfirmed":0.3082100936253917,
		"dateContained":"Sun 4 Oct 2020 00:00:00",
		"dateICUOverCapacity":"Thu 30 Apr 2020 09:25:04",
		"dateHospitalsOverCapacity":"Tue 19 May 2020 20:04:04"
	}
}