{
	"distancingLevel":0.5466666666666665,
	"id":"scenario7",
	"distancingDays":60,
	"maintain":true,
	"postDistancingLevel":1,
	"name":"Open Gradual May 1",
	"gradual":true,
	"events":{
		"herd":{
			"eventName":"herd",
			"day":1.7655460234960665e2,
			"thresholdCrossed":0.7000000000000002
		},
		"icu":{
			"eventName":"icu",
			"day":1.1656449737439242e2,
			"thresholdCrossed":1.409853618873228e-4
		},
		"hospital":{
			"eventName":"hospital",
			"day":1.5541985385160976e2,
			"thresholdCrossed":1.4628878047037005e-3
		}
	},
	"summary":{
		"totalProjectedDeaths":9.376737393963506e4,
		"totalProjectedPCRConfirmed":1.5515071708185992e6,
		"totalProjectedInfected":9.737533914723305e6,
		"totalInfectedFraction":0.7575179290720876,
		"fatalityRate":9.629478547731402e-3,
		"fatalityRateSymptomatic":1.3756397925330574e-2,
		"fatalityRatePCR":6.043631360734346e-2,
		"fractionOfSymptomaticHospitalized":5.956683178801102e-2,
		"fractionOfSymptomaticHospitalizedOrICU":8.23744931761761e-2,
		"fractionOfPCRHospitalized":0.20667284137941916,
		"fractionOfPCRHospitalizedOrICU":0.28580621212989227,
		"fractionHospitalizedInICU":0.2768777143112231,
		"fractionOfDeathInICU":0.7177401406929822,
		"fractionDeathOfHospitalizedOrICU":0.16921942857780578,
		"fractionOfInfectionsPCRConfirmed":0.15933265900852941,
		"fractionOfDeathsReported":0.7899057480119029,
		"fractionOfHospitalizationsReported":0.7897427950944872,
		"dateContained":"",
		"dateICUOverCapacity":"Sat 25 Apr 2020 13:32:52",
		"dateHospitalsOverCapacity":"Wed 3 Jun 2020 10:04:35"
	},
	"summaryAug1":{
		"totalProjectedDeaths":7.781022822035606e4,
		"totalProjectedPCRConfirmed":1.4664633330180584e6,
		"totalProjectedInfected":9.477653906768478e6,
		"totalInfectedFraction":0.7373009247302063,
		"fatalityRate":8.209861742766084e-3,
		"fatalityRateSymptomatic":1.1728373918237264e-2,
		"fatalityRatePCR":5.305978435902556e-2,
		"fractionOfSymptomaticHospitalized":5.581357930843394e-2,
		"fractionOfSymptomaticHospitalizedOrICU":7.718415047224172e-2,
		"fractionOfPCRHospitalized":0.199407272985952,
		"fractionOfPCRHospitalizedOrICU":0.2757587159632561,
		"fractionHospitalizedInICU":0.276877714311223,
		"fractionOfDeathInICU":0.71021856842393,
		"fractionDeathOfHospitalizedOrICU":0.16921942857780573,
		"fractionOfInfectionsPCRConfirmed":0.15472851693505937,
		"fractionOfDeathsReported":0.7898919093553091,
		"fractionOfHospitalizationsReported":0.7897205559108333,
		"dateContained":"",
		"dateICUOverCapacity":"Sat 25 Apr 2020 13:32:52",
		"dateHospitalsOverCapacity":"Wed 3 Jun 2020 10:04:35"
	}
}