{
	"distancingLevel":0.6136310207714286,
	"id":"scenario7",
	"distancingDays":60,
	"maintain":true,
	"postDistancingLevel":1,
	"name":"Open Gradual May 1",
	"gradual":true,
	"events":{
		"herd":{
			"eventName":"herd",
			"day":1.7477747518223276e2,
			"thresholdCrossed":0.6999999999999998
		},
		"icu":{
			"eventName":"icu",
			"day":1.2035058052149616e2,
			"thresholdCrossed":1.711965108631777e-4
		},
		"hospital":{
			"eventName":"hospital",
			"day":1.5056552265001326e2,
			"thresholdCrossed":1.306655897951848e-3
		}
	},
	"summary":{
		"totalProjectedDeaths":8.487771841545128e4,
		"totalProjectedPCRConfirmed":2.318708947978047e6,
		"totalProjectedInfected":8.814362895712793e6,
		"totalInfectedFraction":0.6857011215903872,
		"fatalityRate":9.629478547648049e-3,
		"fatalityRateSymptomatic":1.3756397925211498e-2,
		"fatalityRatePCR":3.66055940265664e-2,
		"fractionOfSymptomaticHospitalized":5.956683178786478e-2,
		"fractionOfSymptomaticHospitalizedOrICU":8.237449317597384e-2,
		"fractionOfPCRHospitalized":0.12517481294489288,
		"fractionOfPCRHospitalizedOrICU":0.17310324328569587,
		"fractionHospitalizedInICU":0.27687771431122266,
		"fractionOfDeathInICU":0.7177413099750685,
		"fractionDeathOfHospitalizedOrICU":0.16921942857780567,
		"fractionOfInfectionsPCRConfirmed":0.26306030003664144,
		"fractionOfDeathsReported":0.7898956592413232,
		"fractionOfHospitalizationsReported":0.7897137877857516,
		"dateContained":"",
		"dateICUOverCapacity":"Wed 29 Apr 2020 08:24:50",
		"dateHospitalsOverCapacity":"Fri 29 May 2020 13:34:21"
	},
	"summaryAug1":{
		"totalProjectedDeaths":7.332103482765247e4,
		"totalProjectedPCRConfirmed":2.222788849618914e6,
		"totalProjectedInfected":8.617248179254835e6,
		"totalInfectedFraction":0.670366855942789,
		"fatalityRate":8.508636783163047e-3,
		"fatalityRateSymptomatic":1.2155195404518638e-2,
		"fatalityRatePCR":3.298605481137941e-2,
		"fractionOfSymptomaticHospitalized":5.6685600026395465e-2,
		"fractionOfSymptomaticHospitalizedOrICU":7.839006091812284e-2,
		"fractionOfPCRHospitalized":0.12147872312712162,
		"fractionOfPCRHospitalizedOrICU":0.16799195036758213,
		"fractionHospitalizedInICU":0.2768777143112229,
		"fractionOfDeathInICU":0.7117599598768939,
		"fractionDeathOfHospitalizedOrICU":0.16921942857780573,
		"fractionOfInfectionsPCRConfirmed":0.257946481681943,
		"fractionOfDeathsReported":0.7898834330316831,
		"fractionOfHospitalizationsReported":0.7896943646878535,
		"dateContained":"",
		"dateICUOverCapacity":"Wed 29 Apr 2020 08:24:50",
		"dateHospitalsOverCapacity":"Fri 29 May 2020 13:34:21"
	}
}