{
	"distancingLevel":0.5790476190476189,
	"id":"scenario7",
	"distancingDays":60,
	"maintain":true,
	"name":"Open Gradual May 10",
	"gradual":true,
	"events":{},
	"summary":{
		"totalProjectedDeaths":9.155052993774944e4,
		"totalProjectedPCRConfirmed":1.5096172332059457e6,
		"totalProjectedInfected":9.50731957975157e6,
		"totalInfectedFraction":0.7396087245653065,
		"fatalityRate":9.629478547532077e-3,
		"fatalityRateSymptomatic":1.3756397925045825e-2,
		"fatalityRatePCR":6.064486276652083e-2,
		"fractionOfSymptomaticHospitalized":5.956683178763508e-2,
		"fractionOfSymptomaticHospitalizedOrICU":8.237449317565615e-2,
		"fractionOfPCRHospitalized":0.2073911474829548,
		"fractionOfPCRHospitalizedOrICU":0.28679955187028117,
		"fractionHospitalizedInICU":0.27687771431122243,
		"fractionOfDeathInICU":0.7177393580833317,
		"fractionDeathOfHospitalizedOrICU":0.16921942857780561,
		"fractionOfInfectionsPCRConfirmed":0.15878473638575136,
		"fractionOfDeathsReported":0.7899120527066338,
		"fractionOfHospitalizationsReported":0.7897623486464014,
		"dateContained":"",
		"dateICUOverCapacity":"",
		"dateHospitalsOverCapacity":""
	},
	"summaryAug1":{
		"totalProjectedDeaths":7.778647087918941e4,
		"totalProjectedPCRConfirmed":1.4262200443174527e6,
		"totalProjectedInfected":9.224312933213824e6,
		"totalInfectedFraction":0.7175926154891923,
		"fatalityRate":8.432765826829768e-3,
		"fatalityRateSymptomatic":1.2046808324042528e-2,
		"fatalityRatePCR":5.454030125934441e-2,
		"fractionOfSymptomaticHospitalized":5.6319428795128246e-2,
		"fractionOfSymptomaticHospitalizedOrICU":7.788368566387598e-2,
		"fractionOfPCRHospitalized":0.20136767196184002,
		"fractionOfPCRHospitalizedOrICU":0.27846973595902436,
		"fractionHospitalizedInICU":0.2768777143112228,
		"fractionOfDeathInICU":0.711661786698255,
		"fractionDeathOfHospitalizedOrICU":0.16921942857780567,
		"fractionOfInfectionsPCRConfirmed":0.15461531440266804,
		"fractionOfDeathsReported":0.7899012279292069,
		"fractionOfHospitalizationsReported":0.7897433463013903,
		"dateContained":"",
		"dateICUOverCapacity":"",
		"dateHospitalsOverCapacity":""
	}
}