{
	"distancingLevel":0.6122222222222221,
	"id":"scenario7",
	"distancingDays":60,
	"maintain":true,
	"name":"Open Gradual May 10",
	"gradual":true,
	"events":{},
	"summary":{
		"totalProjectedDeaths":9.67183681612809e4,
		"totalProjectedPCRConfirmed":1.62060824829087e6,
		"totalProjectedInfected":1.0043988122764206e7,
		"totalInfectedFraction":0.7813581086353714,
		"fatalityRate":9.62947854767704e-3,
		"fatalityRateSymptomatic":1.3756397925252918e-2,
		"fatalityRatePCR":5.9680288720782626e-2,
		"fractionOfSymptomaticHospitalized":5.956683178791997e-2,
		"fractionOfSymptomaticHospitalizedOrICU":8.237449317605017e-2,
		"fractionOfPCRHospitalized":0.20401021764650198,
		"fractionOfPCRHospitalizedOrICU":0.28212409115863624,
		"fractionHospitalizedInICU":0.2768777143112229,
		"fractionOfDeathInICU":0.71775233783775,
		"fractionDeathOfHospitalizedOrICU":0.16921942857780573,
		"fractionOfInfectionsPCRConfirmed":0.16135107175384258,
		"fractionOfDeathsReported":0.7898133355244152,
		"fractionOfHospitalizationsReported":0.7894438248836072,
		"dateContained":"",
		"dateICUOverCapacity":"",
		"dateHospitalsOverCapacity":""
	},
	"summaryAug1":{
		"totalProjectedDeaths":7.055829392319926e4,
		"totalProjectedPCRConfirmed":1.4748931316668938e6,
		"totalProjectedInfected":9.617974870589413e6,
		"totalInfectedFraction":0.7482169992568697,
		"fatalityRate":7.336086325090937e-3,
		"fatalityRateSymptomatic":1.0480123321558482e-2,
		"fatalityRatePCR":4.783959760084836e-2,
		"fractionOfSymptomaticHospitalized":5.305219188616927e-2,
		"fractionOfSymptomaticHospitalizedOrICU":7.336544998836102e-2,
		"fractionOfPCRHospitalized":0.19115930303706774,
		"fractionOfPCRHospitalizedOrICU":0.2643526645773165,
		"fractionHospitalizedInICU":0.276877714311223,
		"fractionOfDeathInICU":0.7055326070411257,
		"fractionDeathOfHospitalizedOrICU":0.16921942857780573,
		"fractionOfInfectionsPCRConfirmed":0.15334757592026324,
		"fractionOfDeathsReported":0.7897540540356127,
		"fractionOfHospitalizationsReported":0.7893524872972032,
		"dateContained":"",
		"dateICUOverCapacity":"",
		"dateHospitalsOverCapacity":""
	}
}