{
	"distancingLevel":0.5738095238095237,
	"id":"scenario1",
	"distancingDays":90,
	"maintain":true,
	"name":"Current",
	"gradual":false,
	"events":{
		"herd":{
			"eventName":"herd",
			"day":2.905556878855128e2,
			"thresholdCrossed":0.7000000000000457
		},
		"icu":{
			"eventName":"icu",
			"day":2.5878900774257687e2,
			"thresholdCrossed":7.732503409985991e-5
		},
		"hospital":{
			"eventName":"hospital",
			"day":2.6704576470410535e2,
			"thresholdCrossed":7.005190594202049e-4
		}
	},
	"summary":{
		"totalProjectedDeaths":5.432088121847874e3,
		"totalProjectedPCRConfirmed":8.12469612043111e4,
		"totalProjectedInfected":4.3482211106322135e5,
		"totalInfectedFraction":0.6961207984541739,
		"fatalityRate":1.2492667653366117e-2,
		"fatalityRateSymptomatic":1.784666807623731e-2,
		"fatalityRatePCR":6.685896975503915e-2,
		"fractionOfSymptomaticHospitalized":6.693379553253798e-2,
		"fractionOfSymptomaticHospitalizedOrICU":9.473300744246822e-2,
		"fractionOfPCRHospitalized":0.21340674146182248,
		"fractionOfPCRHospitalizedOrICU":0.3020396836355703,
		"fractionHospitalizedInICU":0.2934480036096481,
		"fractionOfDeathInICU":0.7337012706576876,
		"fractionDeathOfHospitalizedOrICU":0.17336200090241202,
		"fractionOfInfectionsPCRConfirmed":0.18685103433596575,
		"fractionOfDeathsReported":0.8515166464170644,
		"fractionOfHospitalizationsReported":0.8510599393486898,
		"dateContained":"",
		"dateICUOverCapacity":"Mon 14 Sep 2020 18:56:10",
		"dateHospitalsOverCapacity":"Wed 23 Sep 2020 01:05:54"
	},
	"summaryAug1":{
		"totalProjectedDeaths":1.2428526411986158e2,
		"totalProjectedPCRConfirmed":1.6018304199686902e3,
		"totalProjectedInfected":1.0771655586748755e4,
		"totalInfectedFraction":1.724469224756299e-2,
		"fatalityRate":1.1538176570810226e-2,
		"fatalityRateSymptomatic":1.6483109386871753e-2,
		"fatalityRatePCR":7.758952668803161e-2,
		"fractionOfSymptomaticHospitalized":6.405781648035082e-2,
		"fractionOfSymptomaticHospitalizedOrICU":9.066256525720791e-2,
		"fractionOfPCRHospitalized":0.24736078849362658,
		"fractionOfPCRHospitalizedOrICU":0.3500956614054573,
		"fractionHospitalizedInICU":0.293448003609648,
		"fractionOfDeathInICU":0.7325188552990428,
		"fractionDeathOfHospitalizedOrICU":0.173362000902412,
		"fractionOfInfectionsPCRConfirmed":0.14870791282439955,
		"fractionOfDeathsReported":0.839163685507039,
		"fractionOfHospitalizationsReported":0.820341653672201,
		"dateContained":"",
		"dateICUOverCapacity":"Mon 14 Sep 2020 18:56:10",
		"dateHospitalsOverCapacity":"Wed 23 Sep 2020 01:05:54"
	}
}