{
	"distancingLevel":0.4561904761904762,
	"id":"scenario1",
	"distancingDays":90,
	"maintain":true,
	"name":"Current",
	"gradual":false,
	"events":{
		"herd":{
			"eventName":"herd",
			"day":2.4445619309475617e2,
			"thresholdCrossed":0.7000000000000095
		},
		"icu":{
			"eventName":"icu",
			"day":2.2165296084051568e2,
			"thresholdCrossed":1.1046433442835991e-4
		},
		"hospital":{
			"eventName":"hospital",
			"day":2.256638015789181e2,
			"thresholdCrossed":7.005190594201838e-4
		}
	},
	"summary":{
		"totalProjectedDeaths":8.730844581505478e3,
		"totalProjectedPCRConfirmed":1.8561107374441094e5,
		"totalProjectedInfected":5.024485822463781e5,
		"totalInfectedFraction":0.8043862061206497,
		"fatalityRate":1.7376593128138763e-2,
		"fatalityRateSymptomatic":2.482370446876966e-2,
		"fatalityRatePCR":4.703838195305079e-2,
		"fractionOfSymptomaticHospitalized":8.241847957033596e-2,
		"fractionOfSymptomaticHospitalizedOrICU":0.11678563714991276,
		"fractionOfPCRHospitalized":0.20745070502754936,
		"fractionOfPCRHospitalizedOrICU":0.2939542550425891,
		"fractionHospitalizedInICU":0.29427554978752346,
		"fractionOfDeathInICU":0.6347832466262383,
		"fractionDeathOfHospitalizedOrICU":0.1600193946715815,
		"fractionOfInfectionsPCRConfirmed":0.369413070914778,
		"dateContained":"Thu 10 Dec 2020 00:00:00",
		"dateICUOverCapacity":"Sat 8 Aug 2020 15:40:15",
		"dateHospitalsOverCapacity":"Wed 12 Aug 2020 15:55:52"
	},
	"summaryAug1":{
		"totalProjectedDeaths":3.428261836478601e2,
		"totalProjectedPCRConfirmed":6.462873870282094e3,
		"totalProjectedInfected":2.583920724954711e4,
		"totalInfectedFraction":4.136682363736178e-2,
		"fatalityRate":1.326767421062691e-2,
		"fatalityRateSymptomatic":1.8953820300895586e-2,
		"fatalityRatePCR":5.304547025499916e-2,
		"fractionOfSymptomaticHospitalized":6.851535915691467e-2,
		"fractionOfSymptomaticHospitalizedOrICU":9.708514298503668e-2,
		"fractionOfPCRHospitalized":0.19779042495458998,
		"fractionOfPCRHospitalizedOrICU":0.28026579622548164,
		"fractionHospitalizedInICU":0.2942755497875236,
		"fractionOfDeathInICU":0.6354266172873546,
		"fractionDeathOfHospitalizedOrICU":0.18926844077799138,
		"fractionOfInfectionsPCRConfirmed":0.25011889133693793,
		"dateContained":"Thu 10 Dec 2020 00:00:00",
		"dateICUOverCapacity":"Sat 8 Aug 2020 15:40:15",
		"dateHospitalsOverCapacity":"Wed 12 Aug 2020 15:55:52"
	}
}