{
	"distancingLevel":0.4561904761904762,
	"id":"scenario1",
	"distancingDays":90,
	"maintain":true,
	"name":"Current",
	"gradual":false,
	"events":{},
	"summary":{
		"totalProjectedDeaths":6.8164024999856765e3,
		"totalProjectedPCRConfirmed":1.6419784372911978e5,
		"totalProjectedInfected":4.703943313990041e5,
		"totalInfectedFraction":0.7530695179256465,
		"fatalityRate":1.4490826196210636e-2,
		"fatalityRateSymptomatic":2.0701180280300914e-2,
		"fatalityRatePCR":4.1513349659029766e-2,
		"fractionOfSymptomaticHospitalized":8.241847956984139e-2,
		"fractionOfPCRHospitalized":0.2500694515779959,
		"fractionHospitalizedInICU":0.294275549787524,
		"fractionDeathOfHospitalized":0.11715539694963274,
		"fractionOfInfectionsPCRConfirmed":0.34906424837386424,
		"dateContained":"Tue 22 Dec 2020 00:00:00",
		"dateICUOverCapacity":"",
		"dateHospitalsOverCapacity":""
	},
	"summaryAug1":{
		"totalProjectedDeaths":2.614014299492884e2,
		"totalProjectedPCRConfirmed":4.574107931599594e3,
		"totalProjectedInfected":2.089254055054817e4,
		"totalInfectedFraction":3.344754473092836e-2,
		"fatalityRate":1.2511711025130923e-2,
		"fatalityRateSymptomatic":1.7873872893044176e-2,
		"fatalityRatePCR":5.714806774528267e-2,
		"fractionOfSymptomaticHospitalized":7.525311276474403e-2,
		"fractionOfPCRHospitalized":0.24889544925745855,
		"fractionHospitalizedInICU":0.2942755497875237,
		"fractionDeathOfHospitalized":0.16203907628912345,
		"fractionOfInfectionsPCRConfirmed":0.21893497923494903,
		"dateContained":"Tue 22 Dec 2020 00:00:00",
		"dateICUOverCapacity":"",
		"dateHospitalsOverCapacity":""
	}
}