{
	"distancingLevel":0.5352380952380952,
	"id":"scenario1",
	"distancingDays":90,
	"maintain":true,
	"name":"Current",
	"gradual":false,
	"events":{},
	"summary":{
		"totalProjectedDeaths":5.424046286978053e3,
		"totalProjectedPCRConfirmed":8.118536634327663e4,
		"totalProjectedInfected":4.341783867118701e5,
		"totalInfectedFraction":0.6950902392943572,
		"fatalityRate":1.2492667652242127e-2,
		"fatalityRateSymptomatic":1.7846668074631613e-2,
		"fatalityRatePCR":6.681064003632774e-2,
		"fractionOfSymptomaticHospitalized":6.693379553109585e-2,
		"fractionOfSymptomaticHospitalizedOrICU":9.473300744042712e-2,
		"fractionOfPCRHospitalized":0.2133346356254485,
		"fractionOfPCRHospitalizedOrICU":0.3019376305145793,
		"fractionHospitalizedInICU":0.29344800360964807,
		"fractionOfDeathInICU":0.7336909652442534,
		"fractionDeathOfHospitalizedOrICU":0.173362000902412,
		"fractionOfInfectionsPCRConfirmed":0.18698619928576257,
		"fractionOfDeathsReported":0.8516543236263212,
		"fractionOfHospitalizationsReported":0.8513878180478335,
		"dateContained":"",
		"dateICUOverCapacity":"",
		"dateHospitalsOverCapacity":""
	},
	"summaryAug1":{
		"totalProjectedDeaths":1.0817246101508111e2,
		"totalProjectedPCRConfirmed":1.3512472863213384e3,
		"totalProjectedInfected":8.959694378645976e3,
		"totalInfectedFraction":1.4343864872735443e-2,
		"fatalityRate":1.2073231121911165e-2,
		"fatalityRateSymptomatic":1.7247473031301665e-2,
		"fatalityRatePCR":8.005378594289125e-2,
		"fractionOfSymptomaticHospitalized":6.576047497741028e-2,
		"fractionOfSymptomaticHospitalizedOrICU":9.307237869734826e-2,
		"fractionOfPCRHospitalized":0.2536990586837863,
		"fractionOfPCRHospitalizedOrICU":0.3590663673443561,
		"fractionHospitalizedInICU":0.2934480036096481,
		"fractionOfDeathInICU":0.7333043201068156,
		"fractionDeathOfHospitalizedOrICU":0.17336200090241202,
		"fractionOfInfectionsPCRConfirmed":0.15081399311362942,
		"fractionOfDeathsReported":0.844205561991308,
		"fractionOfHospitalizationsReported":0.8311846483645855,
		"dateContained":"",
		"dateICUOverCapacity":"",
		"dateHospitalsOverCapacity":""
	}
}