{
	"distancingLevel":0.4561904761904762,
	"id":"scenario1",
	"distancingDays":90,
	"maintain":true,
	"name":"Current",
	"gradual":false,
	"events":{
		"herd":{
			"eventName":"herd",
			"day":2.5385283028019174e2,
			"thresholdCrossed":0.7000000000000087
		},
		"icu":{
			"eventName":"icu",
			"day":2.291290077054863e2,
			"thresholdCrossed":1.1046433442837103e-4
		},
		"hospital":{
			"eventName":"hospital",
			"day":2.329009756220788e2,
			"thresholdCrossed":7.005190594202051e-4
		}
	},
	"summary":{
		"totalProjectedDeaths":7.332580294667884e3,
		"totalProjectedPCRConfirmed":1.7645395107352996e5,
		"totalProjectedInfected":5.0599925221119507e5,
		"totalInfectedFraction":0.8100705886487412,
		"fatalityRate":1.4491286820335845e-2,
		"fatalityRateSymptomatic":2.0701838314765495e-2,
		"fatalityRatePCR":4.155520604700051e-2,
		"fractionOfSymptomaticHospitalized":8.241847957040829e-2,
		"fractionOfPCRHospitalized":0.250047335807656,
		"fractionHospitalizedInICU":0.2942755497875239,
		"fractionDeathOfHospitalized":0.1172838928527695,
		"fractionOfInfectionsPCRConfirmed":0.34872373882458074,
		"dateContained":"Sat 12 Dec 2020 00:00:00",
		"dateICUOverCapacity":"Sun 16 Aug 2020 03:05:46",
		"dateHospitalsOverCapacity":"Wed 19 Aug 2020 21:37:24"
	},
	"summaryAug1":{
		"totalProjectedDeaths":2.309352108566572e2,
		"totalProjectedPCRConfirmed":3.210711456800368e3,
		"totalProjectedInfected":1.7513178431616932e4,
		"totalInfectedFraction":2.8037414480780697e-2,
		"fatalityRate":1.318636772635998e-2,
		"fatalityRateSymptomatic":1.8837668180514258e-2,
		"fatalityRatePCR":7.192649167134922e-2,
		"fractionOfSymptomaticHospitalized":7.756425586021443e-2,
		"fractionOfPCRHospitalized":0.25554017626027486,
		"fractionHospitalizedInICU":0.29427554978752307,
		"fractionDeathOfHospitalized":0.19863915151555048,
		"fractionOfInfectionsPCRConfirmed":0.18333116797371282,
		"dateContained":"Sat 12 Dec 2020 00:00:00",
		"dateICUOverCapacity":"Sun 16 Aug 2020 03:05:46",
		"dateHospitalsOverCapacity":"Wed 19 Aug 2020 21:37:24"
	}
}