{
	"distancingLevel":0.7,
	"id":"scenario8",
	"distancingDays":590,
	"maintain":false,
	"name":"relaxed restrictions",
	"gradual":false,
	"events":{},
	"summary":{
		"totalProjectedDeaths":1.986260043654867e2,
		"totalProjectedPCRConfirmed":4.2124190761221635e3,
		"totalProjectedInfected":2.139215996929518e4,
		"totalInfectedFraction":1.2907253922193334e-2,
		"fatalityRate":9.284990606398825e-3,
		"fatalityRateSymptomatic":1.3264272294855464e-2,
		"fatalityRatePCR":4.715247955536664e-2,
		"fractionOfSymptomaticHospitalized":5.778102313203461e-2,
		"fractionOfSymptomaticHospitalizedOrICU":8.06781254083747e-2,
		"fractionOfPCRHospitalized":0.1547947081069903,
		"fractionOfPCRHospitalizedOrICU":0.21613578639255165,
		"fractionHospitalizedInICU":0.28380806024483163,
		"fractionOfDeathInICU":0.7456316521387487,
		"fractionDeathOfHospitalizedOrICU":0.17095201506120788,
		"fractionOfInfectionsPCRConfirmed":0.19691415369782095,
		"fractionOfDeathsReported":0.7571049475487904,
		"fractionOfHospitalizationsReported":0.7536154183389165,
		"dateContained":"Thu 24 Sep 2020 20:34:06",
		"dateICUOverCapacity":"",
		"dateHospitalsOverCapacity":""
	},
	"summaryAug1":{
		"totalProjectedDeaths":1.874561346942134e2,
		"totalProjectedPCRConfirmed":4.110052795314649e3,
		"totalProjectedInfected":2.0904746668277512e4,
		"totalInfectedFraction":1.2613166403666951e-2,
		"fatalityRate":8.967156486936717e-3,
		"fatalityRateSymptomatic":1.2810223552766738e-2,
		"fatalityRatePCR":4.560917925626366e-2,
		"fractionOfSymptomaticHospitalized":5.6860357238975694e-2,
		"fractionOfSymptomaticHospitalizedOrICU":7.939262379637156e-2,
		"fractionOfPCRHospitalized":0.15252464769837523,
		"fractionOfPCRHospitalizedOrICU":0.21296616065033633,
		"fractionHospitalizedInICU":0.2838080602448315,
		"fractionOfDeathInICU":0.7441164401466037,
		"fractionDeathOfHospitalizedOrICU":0.17095201506120788,
		"fractionOfInfectionsPCRConfirmed":0.196608591366073,
		"fractionOfDeathsReported":0.7570151084993814,
		"fractionOfHospitalizationsReported":0.7534161029060423,
		"dateContained":"Thu 24 Sep 2020 20:34:06",
		"dateICUOverCapacity":"",
		"dateHospitalsOverCapacity":""
	}
}