{
	"distancingLevel":0.6136310207714286,
	"id":"scenario1",
	"distancingDays":90,
	"maintain":true,
	"name":"Current",
	"gradual":false,
	"events":{
		"herd":{
			"eventName":"herd",
			"day":2.5758989191640336e2,
			"thresholdCrossed":0.6999999999999997
		},
		"icu":{
			"eventName":"icu",
			"day":1.2034953248809458e2,
			"thresholdCrossed":1.7119651086317772e-4
		},
		"hospital":{
			"eventName":"hospital",
			"day":2.567773360861694e2,
			"thresholdCrossed":1.3066558979517933e-3
		}
	},
	"summary":{
		"totalProjectedDeaths":8.16480946083479e4,
		"totalProjectedPCRConfirmed":2.252946104558242e6,
		"totalProjectedInfected":8.478973621502372e6,
		"totalInfectedFraction":0.6596099787345229,
		"fatalityRate":9.629478549301212e-3,
		"fatalityRateSymptomatic":1.3756397927573162e-2,
		"fatalityRatePCR":3.6240589352383765e-2,
		"fractionOfSymptomaticHospitalized":5.956683179140096e-2,
		"fractionOfSymptomaticHospitalizedOrICU":8.237449318086404e-2,
		"fractionOfPCRHospitalized":0.1239250501842125,
		"fractionOfPCRHospitalizedOrICU":0.1713749564033604,
		"fractionHospitalizedInICU":0.2768777143112232,
		"fractionOfDeathInICU":0.7177417233505813,
		"fractionDeathOfHospitalizedOrICU":0.16921942857780578,
		"fractionOfInfectionsPCRConfirmed":0.26570976690443426,
		"fractionOfDeathsReported":0.7898925923606087,
		"fractionOfHospitalizationsReported":0.7897035314978982,
		"dateContained":"",
		"dateICUOverCapacity":"Wed 29 Apr 2020 08:23:19",
		"dateHospitalsOverCapacity":"Sat 12 Sep 2020 18:39:21"
	},
	"summaryAug1":{
		"totalProjectedDeaths":3.078962140968743e4,
		"totalProjectedPCRConfirmed":7.799914417110108e5,
		"totalProjectedInfected":3.4680239176223297e6,
		"totalInfectedFraction":0.26979010487219285,
		"fatalityRate":8.878145635972641e-3,
		"fatalityRateSymptomatic":1.2683065194246631e-2,
		"fatalityRatePCR":3.9474306720784606e-2,
		"fractionOfSymptomaticHospitalized":5.7355244692858666e-2,
		"fractionOfSymptomaticHospitalizedOrICU":7.931610714808429e-2,
		"fractionOfPCRHospitalized":0.1408961594578859,
		"fractionOfPCRHospitalizedOrICU":0.194844167088118,
		"fractionHospitalizedInICU":0.2768777143112228,
		"fractionOfDeathInICU":0.7144076501271556,
		"fractionDeathOfHospitalizedOrICU":0.16921942857780567,
		"fractionOfInfectionsPCRConfirmed":0.22490947589708993,
		"fractionOfDeathsReported":0.7897593978430246,
		"fractionOfHospitalizationsReported":0.7892884213935224,
		"dateContained":"",
		"dateICUOverCapacity":"Wed 29 Apr 2020 08:23:19",
		"dateHospitalsOverCapacity":"Sat 12 Sep 2020 18:39:21"
	}
}