{
	"distancingLevel":0.6033333333333333,
	"id":"scenario1",
	"distancingDays":90,
	"maintain":true,
	"name":"Current",
	"gradual":false,
	"events":{
		"herd":{
			"eventName":"herd",
			"day":2.760782548064805e2,
			"thresholdCrossed":0.7000000000000132
		},
		"icu":{
			"eventName":"icu",
			"day":1.1788374503337874e2,
			"thresholdCrossed":1.4098536188732284e-4
		},
		"hospital":{
			"eventName":"hospital",
			"day":2.6455402526224873e2,
			"thresholdCrossed":1.3066558979456624e-3
		}
	},
	"summary":{
		"totalProjectedDeaths":8.434408025872313e4,
		"totalProjectedPCRConfirmed":1.4202172004695558e6,
		"totalProjectedInfected":8.758945754833752e6,
		"totalInfectedFraction":0.6813900220695616,
		"fatalityRate":9.629478549079563e-3,
		"fatalityRateSymptomatic":1.3756397927256518e-2,
		"fatalityRatePCR":5.9388155720714465e-2,
		"fractionOfSymptomaticHospitalized":5.9566831790610335e-2,
		"fractionOfSymptomaticHospitalizedOrICU":8.237449317977065e-2,
		"fractionOfPCRHospitalized":0.20284419176284482,
		"fractionOfPCRHospitalizedOrICU":0.28051160333087355,
		"fractionHospitalizedInICU":0.2768777143112228,
		"fractionOfDeathInICU":0.7177785021643206,
		"fractionDeathOfHospitalizedOrICU":0.16921942857780567,
		"fractionOfInfectionsPCRConfirmed":0.16214476493198832,
		"fractionOfDeathsReported":0.7895765920062845,
		"fractionOfHospitalizationsReported":0.7887928519592721,
		"dateContained":"",
		"dateICUOverCapacity":"Sun 26 Apr 2020 21:12:35",
		"dateHospitalsOverCapacity":"Sun 20 Sep 2020 13:17:47"
	},
	"summaryAug1":{
		"totalProjectedDeaths":1.80982952961699e4,
		"totalProjectedPCRConfirmed":2.949413923807437e5,
		"totalProjectedInfected":2.1454238986069113e6,
		"totalInfectedFraction":0.1669002729938787,
		"fatalityRate":8.43576661373152e-3,
		"fatalityRateSymptomatic":1.2051095162473602e-2,
		"fatalityRatePCR":6.136234439690505e-2,
		"fractionOfSymptomaticHospitalized":5.5579587024975716e-2,
		"fractionOfSymptomaticHospitalizedOrICU":7.686056442311955e-2,
		"fractionOfPCRHospitalized":0.22210300570300204,
		"fractionOfPCRHospitalizedOrICU":0.30714446242166077,
		"fractionHospitalizedInICU":0.2768777143112228,
		"fractionOfDeathInICU":0.7133476955698541,
		"fractionDeathOfHospitalizedOrICU":0.16921942857780567,
		"fractionOfInfectionsPCRConfirmed":0.13747464665246717,
		"fractionOfDeathsReported":0.7881247720104313,
		"fractionOfHospitalizationsReported":0.7848084897929548,
		"dateContained":"",
		"dateICUOverCapacity":"Sun 26 Apr 2020 21:12:35",
		"dateHospitalsOverCapacity":"Sun 20 Sep 2020 13:17:47"
	}
}