{
	"distancingLevel":0.2,
	"id":"scenario2",
	"distancingDays":90,
	"maintain":false,
	"name":"Italy",
	"gradual":false,
	"events":{
		"herd":{
			"eventName":"herd",
			"day":3.297901573774974e2,
			"thresholdCrossed":0.6999999999999887
		},
		"icu":{
			"eventName":"icu",
			"day":1.019348009110529e2,
			"thresholdCrossed":2.2254930404693e-4
		},
		"hospital":{
			"eventName":"hospital",
			"day":3.1935944910797787e2,
			"thresholdCrossed":1.8822428978856368e-3
		}
	},
	"summary":{
		"totalProjectedDeaths":3.9439183960039463e3,
		"totalProjectedPCRConfirmed":4.101744809612362e4,
		"totalProjectedInfected":4.526401033378613e5,
		"totalInfectedFraction":9.7060981819696e-2,
		"fatalityRate":8.713143989939645e-3,
		"fatalityRateSymptomatic":1.2447348557056637e-2,
		"fatalityRatePCR":9.615221275495851e-2,
		"fractionOfSymptomaticHospitalized":5.766456039981748e-2,
		"fractionOfSymptomaticHospitalizedOrICU":7.981154841675968e-2,
		"fractionOfPCRHospitalized":0.3407080948786327,
		"fractionOfPCRHospitalizedOrICU":0.47156243664824743,
		"fractionHospitalizedInICU":0.27749102048860314,
		"fractionOfDeathInICU":0.7118024481089219,
		"fractionDeathOfHospitalizedOrICU":0.16937275512215078,
		"fractionOfInfectionsPCRConfirmed":9.061823685893608e-2,
		"fractionOfDeathsReported":0.7708735963568716,
		"fractionOfHospitalizationsReported":0.7648760007731723,
		"dateContained":"Sun 31 May 2020 19:19:52",
		"dateICUOverCapacity":"Fri 10 Apr 2020 22:26:06",
		"dateHospitalsOverCapacity":"Sat 14 Nov 2020 08:37:36"
	},
	"summaryAug1":{
		"totalProjectedDeaths":3.9439183960039463e3,
		"totalProjectedPCRConfirmed":4.101744809612362e4,
		"totalProjectedInfected":4.526401033378613e5,
		"totalInfectedFraction":9.7060981819696e-2,
		"fatalityRate":8.713143989939645e-3,
		"fatalityRateSymptomatic":1.2447348557056637e-2,
		"fatalityRatePCR":9.615221275495851e-2,
		"fractionOfSymptomaticHospitalized":5.766456039981748e-2,
		"fractionOfSymptomaticHospitalizedOrICU":7.981154841675968e-2,
		"fractionOfPCRHospitalized":0.3407080948786327,
		"fractionOfPCRHospitalizedOrICU":0.47156243664824743,
		"fractionHospitalizedInICU":0.27749102048860314,
		"fractionOfDeathInICU":0.7118024481089219,
		"fractionDeathOfHospitalizedOrICU":0.16937275512215078,
		"fractionOfInfectionsPCRConfirmed":9.061823685893608e-2,
		"fractionOfDeathsReported":0.7708735963568716,
		"fractionOfHospitalizationsReported":0.7648760007731723,
		"dateContained":"Sun 31 May 2020 19:19:52",
		"dateICUOverCapacity":"Fri 10 Apr 2020 22:26:06",
		"dateHospitalsOverCapacity":"Sat 14 Nov 2020 08:37:36"
	}
}