{
	"distancingLevel":0.2,
	"id":"scenario2",
	"distancingDays":90,
	"maintain":false,
	"name":"Italy",
	"gradual":false,
	"events":{
		"herd":{
			"eventName":"herd",
			"day":2.97072767067842e2,
			"thresholdCrossed":0.700000000000001
		},
		"icu":{
			"eventName":"icu",
			"day":1.0725845011347297e2,
			"thresholdCrossed":2.6182271064344707e-4
		},
		"hospital":{
			"eventName":"hospital",
			"day":2.86250343971768e2,
			"thresholdCrossed":1.8822428978678342e-3
		}
	},
	"summary":{
		"totalProjectedDeaths":3.942424876594579e4,
		"totalProjectedPCRConfirmed":1.098770782960878e6,
		"totalProjectedInfected":3.6989398470608965e6,
		"totalInfectedFraction":0.793174821674481,
		"fatalityRate":1.0658256256119306e-2,
		"fatalityRateSymptomatic":1.5226080365884725e-2,
		"fatalityRatePCR":3.588032133481792e-2,
		"fractionOfSymptomaticHospitalized":7.178427765330136e-2,
		"fractionOfSymptomaticHospitalizedOrICU":9.946433617111963e-2,
		"fractionOfPCRHospitalized":0.20718527283468877,
		"fractionOfPCRHospitalizedOrICU":0.28707603253268743,
		"fractionHospitalizedInICU":0.2782912909627945,
		"fractionOfDeathInICU":0.6699946145534365,
		"fractionDeathOfHospitalizedOrICU":0.16183612601772218,
		"fractionOfInfectionsPCRConfirmed":0.29705018961958496,
		"dateContained":"Thu 18 Jun 2020 00:00:00",
		"dateICUOverCapacity":"Thu 16 Apr 2020 06:12:10",
		"dateHospitalsOverCapacity":"Mon 12 Oct 2020 06:00:29"
	},
	"summaryAug1":{
		"totalProjectedDeaths":4.988755512005941e3,
		"totalProjectedPCRConfirmed":6.125662779606414e4,
		"totalProjectedInfected":4.6810279121573654e5,
		"totalInfectedFraction":0.10037669259284822,
		"fatalityRate":1.065739321709524e-2,
		"fatalityRateSymptomatic":1.5224847452993203e-2,
		"fatalityRatePCR":8.14402570218937e-2,
		"fractionOfSymptomaticHospitalized":7.178390882233651e-2,
		"fractionOfSymptomaticHospitalizedOrICU":9.946382511872379e-2,
		"fractionOfPCRHospitalized":0.2293057006742357,
		"fractionOfPCRHospitalizedOrICU":0.31772610999822987,
		"fractionHospitalizedInICU":0.27829129096279454,
		"fractionOfDeathInICU":0.6700821921005894,
		"fractionDeathOfHospitalizedOrICU":0.1618361260177222,
		"fractionOfInfectionsPCRConfirmed":0.13086148800132347,
		"dateContained":"Thu 18 Jun 2020 00:00:00",
		"dateICUOverCapacity":"Thu 16 Apr 2020 06:12:10",
		"dateHospitalsOverCapacity":"Mon 12 Oct 2020 06:00:29"
	}
}