{
	"distancingLevel":0.11,
	"id":"scenario3",
	"distancingDays":60,
	"maintain":false,
	"name":"Wuhan",
	"gradual":false,
	"events":{
		"herd":{
			"eventName":"herd",
			"day":2.776831069541897e2,
			"thresholdCrossed":0.7000000000000006
		},
		"icu":{
			"eventName":"icu",
			"day":9.686780993120327e1,
			"thresholdCrossed":1.832758974507871e-4
		},
		"hospital":{
			"eventName":"hospital",
			"day":2.693483346652823e2,
			"thresholdCrossed":1.8822428978855932e-3
		}
	},
	"summary":{
		"totalProjectedDeaths":4.206439539441216e3,
		"totalProjectedPCRConfirmed":4.3461534676967356e4,
		"totalProjectedInfected":4.9995593146969366e5,
		"totalInfectedFraction":0.1072070574772028,
		"fatalityRate":8.41362063067393e-3,
		"fatalityRateSymptomatic":1.2019458043819901e-2,
		"fatalityRatePCR":9.678534296375038e-2,
		"fractionOfSymptomaticHospitalized":5.7019114921384555e-2,
		"fractionOfSymptomaticHospitalizedOrICU":7.891820937636551e-2,
		"fractionOfPCRHospitalized":0.3524638661530341,
		"fractionOfPCRHospitalizedOrICU":0.4878331981304801,
		"fractionHospitalizedInICU":0.2774910204886037,
		"fractionOfDeathInICU":0.7098111586721069,
		"fractionDeathOfHospitalizedOrICU":0.16937275512215094,
		"fractionOfInfectionsPCRConfirmed":8.693073117305722e-2,
		"fractionOfDeathsReported":0.7719098135674141,
		"fractionOfHospitalizationsReported":0.7676609010607566,
		"dateContained":"Mon 1 Jun 2020 18:55:52",
		"dateICUOverCapacity":"Sun 5 Apr 2020 20:49:38",
		"dateHospitalsOverCapacity":"Fri 25 Sep 2020 08:21:36"
	},
	"summaryAug1":{
		"totalProjectedDeaths":4.206439539441216e3,
		"totalProjectedPCRConfirmed":4.3461534676967356e4,
		"totalProjectedInfected":4.9995593146969366e5,
		"totalInfectedFraction":0.1072070574772028,
		"fatalityRate":8.41362063067393e-3,
		"fatalityRateSymptomatic":1.2019458043819901e-2,
		"fatalityRatePCR":9.678534296375038e-2,
		"fractionOfSymptomaticHospitalized":5.7019114921384555e-2,
		"fractionOfSymptomaticHospitalizedOrICU":7.891820937636551e-2,
		"fractionOfPCRHospitalized":0.3524638661530341,
		"fractionOfPCRHospitalizedOrICU":0.4878331981304801,
		"fractionHospitalizedInICU":0.2774910204886037,
		"fractionOfDeathInICU":0.7098111586721069,
		"fractionDeathOfHospitalizedOrICU":0.16937275512215094,
		"fractionOfInfectionsPCRConfirmed":8.693073117305722e-2,
		"fractionOfDeathsReported":0.7719098135674141,
		"fractionOfHospitalizationsReported":0.7676609010607566,
		"dateContained":"Mon 1 Jun 2020 18:55:52",
		"dateICUOverCapacity":"Sun 5 Apr 2020 20:49:38",
		"dateHospitalsOverCapacity":"Fri 25 Sep 2020 08:21:36"
	}
}