{
	"distancingLevel":0.11,
	"id":"scenario3",
	"distancingDays":60,
	"maintain":false,
	"name":"Wuhan",
	"events":{
		"herd":{
			"eventName":"herd",
			"day":2.4113138551963482e2,
			"thresholdCrossed":0.6999999999999996
		},
		"icu":{
			"eventName":"icu",
			"day":9.790871490161013e1,
			"thresholdCrossed":2.61822710643447e-4
		},
		"hospital":{
			"eventName":"hospital",
			"day":2.3106688250423116e2,
			"thresholdCrossed":1.8822428977767148e-3
		}
	},
	"summary":{
		"totalProjectedDeaths":3.98773012607961e4,
		"totalProjectedPCRConfirmed":1.0797877863667787e6,
		"totalProjectedInfected":3.927097270182283e6,
		"totalInfectedFraction":0.8420993056835434,
		"fatalityRate":1.015439611429465e-2,
		"fatalityRateSymptomatic":1.4506280163278071e-2,
		"fatalityRatePCR":3.693068375497508e-2,
		"fractionOfSymptomaticHospitalized":7.178427765445214e-2,
		"fractionOfPCRHospitalized":0.2293898985557927,
		"fractionHospitalizedInICU":0.27829129096279415,
		"fractionDeathOfHospitalized":0.11619167306175744,
		"fractionOfInfectionsPCRConfirmed":0.27495824831368604,
		"dateContained":"Fri 12 Jun 2020 00:00:00",
		"dateICUOverCapacity":"Mon 6 Apr 2020 21:48:32",
		"dateHospitalsOverCapacity":"Tue 18 Aug 2020 01:36:18"
	},
	"summaryAug1":{
		"totalProjectedDeaths":6.331276861961029e3,
		"totalProjectedPCRConfirmed":6.941279564445936e4,
		"totalProjectedInfected":6.674317262281388e5,
		"totalInfectedFraction":0.14311939699466528,
		"fatalityRate":9.486029226900877e-3,
		"fatalityRateSymptomatic":1.3551470324144114e-2,
		"fatalityRatePCR":9.121195599714188e-2,
		"fractionOfSymptomaticHospitalized":6.799150895728645e-2,
		"fractionOfPCRHospitalized":0.24551050189204804,
		"fractionHospitalizedInICU":0.2782912909627944,
		"fractionDeathOfHospitalized":0.26812890896374253,
		"fractionOfInfectionsPCRConfirmed":0.10399984435371741,
		"dateContained":"Fri 12 Jun 2020 00:00:00",
		"dateICUOverCapacity":"Mon 6 Apr 2020 21:48:32",
		"dateHospitalsOverCapacity":"Tue 18 Aug 2020 01:36:18"
	}
}