{
	"distancingLevel":0.11,
	"id":"scenario3",
	"distancingDays":60,
	"maintain":false,
	"name":"Wuhan",
	"gradual":false,
	"events":{
		"herd":{
			"eventName":"herd",
			"day":2.736958600102945e2,
			"thresholdCrossed":0.700000000000002
		}
	},
	"summary":{
		"totalProjectedDeaths":4.415934812522927e3,
		"totalProjectedPCRConfirmed":4.583341320165403e4,
		"totalProjectedInfected":5.2320368793027394e5,
		"totalInfectedFraction":0.11219214397424444,
		"fatalityRate":8.44018288554462e-3,
		"fatalityRateSymptomatic":1.2057404122206601e-2,
		"fatalityRatePCR":9.634750074348739e-2,
		"fractionOfSymptomaticHospitalized":5.7151974004692324e-2,
		"fractionOfSymptomaticHospitalizedOrICU":7.91020950955404e-2,
		"fractionOfPCRHospitalized":0.34976924300190676,
		"fractionOfPCRHospitalizedOrICU":0.4841036622665112,
		"fractionHospitalizedInICU":0.27749102048860363,
		"fractionOfDeathInICU":0.7097899080412029,
		"fractionDeathOfHospitalizedOrICU":0.1693727551221509,
		"fractionOfInfectionsPCRConfirmed":8.760147196776284e-2,
		"fractionOfDeathsReported":0.7712645992876661,
		"fractionOfHospitalizationsReported":0.7658853201641324,
		"dateContained":"Fri 22 May 2020 21:26:29",
		"dateICUOverCapacity":"",
		"dateHospitalsOverCapacity":""
	},
	"summaryAug1":{
		"totalProjectedDeaths":4.415934812522927e3,
		"totalProjectedPCRConfirmed":4.583341320165403e4,
		"totalProjectedInfected":5.2320368793027394e5,
		"totalInfectedFraction":0.11219214397424444,
		"fatalityRate":8.44018288554462e-3,
		"fatalityRateSymptomatic":1.2057404122206601e-2,
		"fatalityRatePCR":9.634750074348739e-2,
		"fractionOfSymptomaticHospitalized":5.7151974004692324e-2,
		"fractionOfSymptomaticHospitalizedOrICU":7.91020950955404e-2,
		"fractionOfPCRHospitalized":0.34976924300190676,
		"fractionOfPCRHospitalizedOrICU":0.4841036622665112,
		"fractionHospitalizedInICU":0.27749102048860363,
		"fractionOfDeathInICU":0.7097899080412029,
		"fractionDeathOfHospitalizedOrICU":0.1693727551221509,
		"fractionOfInfectionsPCRConfirmed":8.760147196776284e-2,
		"fractionOfDeathsReported":0.7712645992876661,
		"fractionOfHospitalizationsReported":0.7658853201641324,
		"dateContained":"Fri 22 May 2020 21:26:29",
		"dateICUOverCapacity":"",
		"dateHospitalsOverCapacity":""
	}
}