{
	"distancingLevel":0.11,
	"id":"scenario3",
	"distancingDays":60,
	"maintain":false,
	"name":"Wuhan",
	"events":{
		"herd":{
			"eventName":"herd",
			"day":2.536644402129625e2,
			"thresholdCrossed":0.6999999999955991
		},
		"icu":{
			"eventName":"icu",
			"day":9.852687887769268e1,
			"thresholdCrossed":2.61822710643447e-4
		},
		"hospital":{
			"eventName":"hospital",
			"day":1.0649555562250538e2,
			"thresholdCrossed":1.882242897885633e-3
		}
	},
	"summary":{
		"totalProjectedDeaths":3.7314272018185395e4,
		"totalProjectedPCRConfirmed":8.605765722844641e5,
		"totalProjectedInfected":3.6745567836446282e6,
		"totalInfectedFraction":0.7879462878846051,
		"fatalityRate":1.0154768102719328e-2,
		"fatalityRateSymptomatic":1.4506811575313326e-2,
		"fatalityRatePCR":4.335961867882587e-2,
		"fractionOfSymptomaticHospitalized":7.17842776543888e-2,
		"fractionOfPCRHospitalized":0.23332440472590374,
		"fractionHospitalizedInICU":0.2782912909627947,
		"fractionDeathOfHospitalized":0.1341180510362908,
		"fractionOfInfectionsPCRConfirmed":0.23419874095152693,
		"dateContained":"Wed 17 Jun 2020 00:00:00",
		"dateICUOverCapacity":"Tue 7 Apr 2020 12:38:42",
		"dateHospitalsOverCapacity":"Wed 15 Apr 2020 11:53:36"
	},
	"summaryAug1":{
		"totalProjectedDeaths":1.2842777550364824e4,
		"totalProjectedPCRConfirmed":1.2067501479197656e5,
		"totalProjectedInfected":1.2734095360816834e6,
		"totalInfectedFraction":0.2730610454513683,
		"fatalityRate":1.0085347397257922e-2,
		"fatalityRateSymptomatic":1.440763913893989e-2,
		"fatalityRatePCR":0.10642449534813493,
		"fractionOfSymptomaticHospitalized":7.143734428888118e-2,
		"fractionOfPCRHospitalized":0.2674661721810009,
		"fractionHospitalizedInICU":0.27829129096279437,
		"fractionDeathOfHospitalized":0.2871671005021939,
		"fractionOfInfectionsPCRConfirmed":9.476528278820413e-2,
		"dateContained":"Wed 17 Jun 2020 00:00:00",
		"dateICUOverCapacity":"Tue 7 Apr 2020 12:38:42",
		"dateHospitalsOverCapacity":"Wed 15 Apr 2020 11:53:36"
	}
}