{
	"distancingLevel":0.4509523809523809,
	"id":"scenario7",
	"distancingDays":60,
	"maintain":true,
	"postDistancingLevel":1,
	"name":"Open Gradual May 1",
	"gradual":true,
	"events":{
		"herd":{
			"eventName":"herd",
			"day":2.007070956193724e2,
			"thresholdCrossed":0.7000000000000806
		},
		"icu":{
			"eventName":"icu",
			"day":9.401849658771728e1,
			"thresholdCrossed":1.6545148851935244e-4
		},
		"hospital":{
			"eventName":"hospital",
			"day":1.827563453770924e2,
			"thresholdCrossed":1.3192451148901654e-3
		}
	},
	"summary":{
		"totalProjectedDeaths":6.896780262918487e4,
		"totalProjectedPCRConfirmed":1.7447034368211085e6,
		"totalProjectedInfected":6.327088366302269e6,
		"totalInfectedFraction":0.6374535307503075,
		"fatalityRate":1.0900401359415756e-2,
		"fatalityRateSymptomatic":1.557200194202251e-2,
		"fatalityRatePCR":3.952981416420309e-2,
		"fractionOfSymptomaticHospitalized":6.26937469350117e-2,
		"fractionOfSymptomaticHospitalizedOrICU":8.779455656361766e-2,
		"fractionOfPCRHospitalized":0.128867176300346,
		"fractionOfPCRHospitalizedOrICU":0.18046196234885015,
		"fractionHospitalizedInICU":0.285903939960303,
		"fractionOfDeathInICU":0.7364075171842881,
		"fractionDeathOfHospitalizedOrICU":0.17147598499007577,
		"fractionOfInfectionsPCRConfirmed":0.2757513939766204,
		"fractionOfDeathsReported":0.8107506014398828,
		"fractionOfHospitalizationsReported":0.8097253996020457,
		"dateContained":"",
		"dateICUOverCapacity":"Fri 3 Apr 2020 00:26:38",
		"dateHospitalsOverCapacity":"Tue 30 Jun 2020 18:09:08"
	},
	"summaryAug1":{
		"totalProjectedDeaths":4.115766083895826e4,
		"totalProjectedPCRConfirmed":1.457874272908239e6,
		"totalProjectedInfected":5.733808767336985e6,
		"totalInfectedFraction":0.5776806694928678,
		"fatalityRate":7.178066536403439e-3,
		"fatalityRateSymptomatic":1.0254380766290627e-2,
		"fatalityRatePCR":2.823128276820123e-2,
		"fractionOfSymptomaticHospitalized":5.185382965118068e-2,
		"fractionOfSymptomaticHospitalizedOrICU":7.26146418568646e-2,
		"fractionOfPCRHospitalized":0.11552049904497093,
		"fractionOfPCRHospitalizedOrICU":0.1617716516158191,
		"fractionHospitalizedInICU":0.28590393996030306,
		"fractionOfDeathInICU":0.719771736660877,
		"fractionDeathOfHospitalizedOrICU":0.17147598499007577,
		"fractionOfInfectionsPCRConfirmed":0.2542593121021257,
		"fractionOfDeathsReported":0.8103853121116475,
		"fractionOfHospitalizationsReported":0.8092021861797265,
		"dateContained":"",
		"dateICUOverCapacity":"Fri 3 Apr 2020 00:26:38",
		"dateHospitalsOverCapacity":"Tue 30 Jun 2020 18:09:08"
	}
}