{
	"distancingLevel":0.4942857142857142,
	"id":"scenario7",
	"distancingDays":60,
	"maintain":true,
	"postDistancingLevel":1,
	"name":"Open Gradual May 1",
	"gradual":true,
	"events":{
		"herd":{
			"eventName":"herd",
			"day":1.9235269355131717e2,
			"thresholdCrossed":0.7000000000000011
		},
		"icu":{
			"eventName":"icu",
			"day":9.293711740954969e1,
			"thresholdCrossed":1.3625416701593294e-4
		},
		"hospital":{
			"eventName":"hospital",
			"day":1.7711397833488482e2,
			"thresholdCrossed":1.3192451148901685e-3
		}
	},
	"summary":{
		"totalProjectedDeaths":8.346164220375588e4,
		"totalProjectedPCRConfirmed":1.2528832689089505e6,
		"totalProjectedInfected":7.656749458295619e6,
		"totalInfectedFraction":0.7714167550205308,
		"fatalityRate":1.0900401359395443e-2,
		"fatalityRateSymptomatic":1.5572001941993489e-2,
		"fatalityRatePCR":6.661565708067668e-2,
		"fractionOfSymptomaticHospitalized":6.269374693492857e-2,
		"fractionOfSymptomaticHospitalizedOrICU":8.779455656350124e-2,
		"fractionOfPCRHospitalized":0.21738028462504538,
		"fractionOfPCRHospitalizedOrICU":0.3044132250400053,
		"fractionHospitalizedInICU":0.2859039399603027,
		"fractionOfDeathInICU":0.736378897089756,
		"fractionDeathOfHospitalizedOrICU":0.17147598499007566,
		"fractionOfInfectionsPCRConfirmed":0.1636312218041206,
		"fractionOfDeathsReported":0.8110553085783611,
		"fractionOfHospitalizationsReported":0.8105206046019885,
		"dateContained":"",
		"dateICUOverCapacity":"Wed 1 Apr 2020 22:29:26",
		"dateHospitalsOverCapacity":"Thu 25 Jun 2020 02:44:07"
	},
	"summaryAug1":{
		"totalProjectedDeaths":5.6042208918222444e4,
		"totalProjectedPCRConfirmed":1.1121361966456878e6,
		"totalProjectedInfected":7.281951442938007e6,
		"totalInfectedFraction":0.7336558918278538,
		"fatalityRate":7.69604265523795e-3,
		"fatalityRateSymptomatic":1.099434665033993e-2,
		"fatalityRatePCR":5.039149799031023e-2,
		"fractionOfSymptomaticHospitalized":5.4096330500500917e-2,
		"fractionOfSymptomaticHospitalizedOrICU":7.575497685492573e-2,
		"fractionOfPCRHospitalized":0.20092290445112837,
		"fractionOfPCRHospitalizedOrICU":0.28136677359620066,
		"fractionHospitalizedInICU":0.2859039399603029,
		"fractionOfDeathInICU":0.7215003498626327,
		"fractionDeathOfHospitalizedOrICU":0.1714759849900757,
		"fractionOfInfectionsPCRConfirmed":0.15272502231860266,
		"fractionOfDeathsReported":0.8109398895712571,
		"fractionOfHospitalizationsReported":0.8103521673469123,
		"dateContained":"",
		"dateICUOverCapacity":"Wed 1 Apr 2020 22:29:26",
		"dateHospitalsOverCapacity":"Thu 25 Jun 2020 02:44:07"
	}
}