{
	"distancingLevel":0.7142857142857143,
	"id":"scenario7",
	"distancingDays":60,
	"maintain":true,
	"name":"Open Gradual May 1",
	"gradual":true,
	"events":{
		"herd":{
			"eventName":"herd",
			"day":2.0834974247277205e2,
			"thresholdCrossed":0.7000000000000002
		},
		"icu":{
			"eventName":"icu",
			"day":1.7184523912461307e2,
			"thresholdCrossed":1.3947232256054871e-4
		},
		"hospital":{
			"eventName":"hospital",
			"day":1.853099976296883e2,
			"thresholdCrossed":1.1685688563269027e-3
		}
	},
	"summary":{
		"totalProjectedDeaths":3.1964918846439195e4,
		"totalProjectedPCRConfirmed":5.191992511181372e5,
		"totalProjectedInfected":2.994901350315725e6,
		"totalInfectedFraction":0.6120232192941668,
		"fatalityRate":1.0673112435930296e-2,
		"fatalityRateSymptomatic":1.5247303479900422e-2,
		"fatalityRatePCR":6.156580306616425e-2,
		"fractionOfSymptomaticHospitalized":6.2149165259158916e-2,
		"fractionOfSymptomaticHospitalizedOrICU":8.74500654556094e-2,
		"fractionOfPCRHospitalized":0.20232880569817557,
		"fractionOfPCRHospitalizedOrICU":0.2846967811728285,
		"fractionHospitalizedInICU":0.2893182533899131,
		"fractionOfDeathInICU":0.7345814405002684,
		"fractionDeathOfHospitalizedOrICU":0.1723295633474783,
		"fractionOfInfectionsPCRConfirmed":0.17336105279841785,
		"fractionOfDeathsReported":0.806377641549475,
		"fractionOfHospitalizationsReported":0.8062614844467303,
		"dateContained":"",
		"dateICUOverCapacity":"Fri 19 Jun 2020 20:17:08",
		"dateHospitalsOverCapacity":"Fri 3 Jul 2020 07:26:23"
	},
	"summaryAug1":{
		"totalProjectedDeaths":1.4992596878671704e4,
		"totalProjectedPCRConfirmed":3.929576163408128e5,
		"totalProjectedInfected":2.5645787290450507e6,
		"totalInfectedFraction":0.5240846179183926,
		"fatalityRate":5.846027150141093e-3,
		"fatalityRateSymptomatic":8.35146735734442e-3,
		"fatalityRatePCR":3.8153216161787275e-2,
		"fractionOfSymptomaticHospitalized":4.692171124590689e-2,
		"fractionOfSymptomaticHospitalizedOrICU":6.602352103416316e-2,
		"fractionOfPCRHospitalized":0.17280836305758077,
		"fractionOfPCRHospitalizedOrICU":0.24315857819884526,
		"fractionHospitalizedInICU":0.289318253389913,
		"fractionOfDeathInICU":0.710615436254104,
		"fractionDeathOfHospitalizedOrICU":0.17232956334747823,
		"fractionOfInfectionsPCRConfirmed":0.15322501582438647,
		"fractionOfDeathsReported":0.8063040317756941,
		"fractionOfHospitalizationsReported":0.8061624188462568,
		"dateContained":"",
		"dateICUOverCapacity":"Fri 19 Jun 2020 20:17:08",
		"dateHospitalsOverCapacity":"Fri 3 Jul 2020 07:26:23"
	}
}