{
	"distancingLevel":0.2,
	"id":"scenario2",
	"distancingDays":90,
	"maintain":false,
	"name":"Italy",
	"gradual":false,
	"events":{
		"herd":{
			"eventName":"herd",
			"day":3.029069119793183e2,
			"thresholdCrossed":0.6999999999999986
		},
		"icu":{
			"eventName":"icu",
			"day":2.854242692263171e2,
			"thresholdCrossed":1.8810655446761644e-4
		},
		"hospital":{
			"eventName":"hospital",
			"day":2.8927710882053015e2,
			"thresholdCrossed":1.205346086515101e-3
		}
	},
	"summary":{
		"totalProjectedDeaths":7.137334535589213e2,
		"totalProjectedPCRConfirmed":9.524483248166018e3,
		"totalProjectedInfected":8.031215191221485e4,
		"totalInfectedFraction":2.781156512902539e-2,
		"fatalityRate":8.886992025055775e-3,
		"fatalityRateSymptomatic":1.2695702892936823e-2,
		"fatalityRatePCR":7.493671152147324e-2,
		"fractionOfSymptomaticHospitalized":5.858993411352086e-2,
		"fractionOfSymptomaticHospitalizedOrICU":8.119395318596645e-2,
		"fractionOfPCRHospitalized":0.2703757627003621,
		"fractionOfPCRHospitalizedOrICU":0.3746868357417571,
		"fractionHospitalizedInICU":0.27839535070639304,
		"fractionOfDeathInICU":0.6935789142211987,
		"fractionDeathOfHospitalizedOrICU":0.16959883767659828,
		"fractionOfInfectionsPCRConfirmed":0.11859330152897345,
		"fractionOfDeathsReported":0.7876084984890657,
		"fractionOfHospitalizationsReported":0.7818201645823226,
		"dateContained":"Fri 19 Jun 2020 22:22:56",
		"dateICUOverCapacity":"Sun 11 Oct 2020 10:10:56",
		"dateHospitalsOverCapacity":"Thu 15 Oct 2020 06:39:02"
	},
	"summaryAug1":{
		"totalProjectedDeaths":7.137334535589213e2,
		"totalProjectedPCRConfirmed":9.524483248166018e3,
		"totalProjectedInfected":8.031215191221485e4,
		"totalInfectedFraction":2.781156512902539e-2,
		"fatalityRate":8.886992025055775e-3,
		"fatalityRateSymptomatic":1.2695702892936823e-2,
		"fatalityRatePCR":7.493671152147324e-2,
		"fractionOfSymptomaticHospitalized":5.858993411352086e-2,
		"fractionOfSymptomaticHospitalizedOrICU":8.119395318596645e-2,
		"fractionOfPCRHospitalized":0.2703757627003621,
		"fractionOfPCRHospitalizedOrICU":0.3746868357417571,
		"fractionHospitalizedInICU":0.27839535070639304,
		"fractionOfDeathInICU":0.6935789142211987,
		"fractionDeathOfHospitalizedOrICU":0.16959883767659828,
		"fractionOfInfectionsPCRConfirmed":0.11859330152897345,
		"fractionOfDeathsReported":0.7876084984890657,
		"fractionOfHospitalizationsReported":0.7818201645823226,
		"dateContained":"Fri 19 Jun 2020 22:22:56",
		"dateICUOverCapacity":"Sun 11 Oct 2020 10:10:56",
		"dateHospitalsOverCapacity":"Thu 15 Oct 2020 06:39:02"
	}
}