{
	"distancingLevel":0.2,
	"id":"scenario2",
	"distancingDays":90,
	"maintain":false,
	"name":"Italy",
	"gradual":false,
	"events":{
		"herd":{
			"eventName":"herd",
			"day":3.081707920538018e2,
			"thresholdCrossed":0.6999999999999924
		},
		"icu":{
			"eventName":"icu",
			"day":2.901911948830529e2,
			"thresholdCrossed":1.8810655446751295e-4
		},
		"hospital":{
			"eventName":"hospital",
			"day":2.9419844316325344e2,
			"thresholdCrossed":1.2053460865151162e-3
		}
	},
	"summary":{
		"totalProjectedDeaths":7.152843157506725e2,
		"totalProjectedPCRConfirmed":9.516024167624051e3,
		"totalProjectedInfected":8.016531727658627e4,
		"totalInfectedFraction":2.7760717269333563e-2,
		"fatalityRate":8.922615665360614e-3,
		"fatalityRateSymptomatic":1.274659380765802e-2,
		"fatalityRatePCR":7.516629877677831e-2,
		"fractionOfSymptomaticHospitalized":5.865315699629708e-2,
		"fractionOfSymptomaticHospitalizedOrICU":8.128156748118763e-2,
		"fractionOfPCRHospitalized":0.270981532491896,
		"fractionOfPCRHospitalizedOrICU":0.3755263117514072,
		"fractionHospitalizedInICU":0.27839535070639265,
		"fractionOfDeathInICU":0.6937750748831022,
		"fractionDeathOfHospitalizedOrICU":0.16959883767659814,
		"fractionOfInfectionsPCRConfirmed":0.1187050022491881,
		"fractionOfDeathsReported":0.7882427930199191,
		"fractionOfHospitalizationsReported":0.7834644269378308,
		"dateContained":"Mon 22 Jun 2020 09:29:31",
		"dateICUOverCapacity":"Fri 16 Oct 2020 04:35:19",
		"dateHospitalsOverCapacity":"Tue 20 Oct 2020 04:45:45"
	},
	"summaryAug1":{
		"totalProjectedDeaths":7.152843157506725e2,
		"totalProjectedPCRConfirmed":9.516024167624051e3,
		"totalProjectedInfected":8.016531727658627e4,
		"totalInfectedFraction":2.7760717269333563e-2,
		"fatalityRate":8.922615665360614e-3,
		"fatalityRateSymptomatic":1.274659380765802e-2,
		"fatalityRatePCR":7.516629877677831e-2,
		"fractionOfSymptomaticHospitalized":5.865315699629708e-2,
		"fractionOfSymptomaticHospitalizedOrICU":8.128156748118763e-2,
		"fractionOfPCRHospitalized":0.270981532491896,
		"fractionOfPCRHospitalizedOrICU":0.3755263117514072,
		"fractionHospitalizedInICU":0.27839535070639265,
		"fractionOfDeathInICU":0.6937750748831022,
		"fractionDeathOfHospitalizedOrICU":0.16959883767659814,
		"fractionOfInfectionsPCRConfirmed":0.1187050022491881,
		"fractionOfDeathsReported":0.7882427930199191,
		"fractionOfHospitalizationsReported":0.7834644269378308,
		"dateContained":"Mon 22 Jun 2020 09:29:31",
		"dateICUOverCapacity":"Fri 16 Oct 2020 04:35:19",
		"dateHospitalsOverCapacity":"Tue 20 Oct 2020 04:45:45"
	}
}