{
	"distancingLevel":0.2,
	"id":"scenario2",
	"distancingDays":90,
	"maintain":false,
	"name":"Italy",
	"gradual":false,
	"events":{
		"herd":{
			"eventName":"herd",
			"day":3.106211973105394e2,
			"thresholdCrossed":0.6999999999999993
		},
		"icu":{
			"eventName":"icu",
			"day":2.9126094653613467e2,
			"thresholdCrossed":1.8810655446760158e-4
		},
		"hospital":{
			"eventName":"hospital",
			"day":2.957945799558936e2,
			"thresholdCrossed":1.2053460865150956e-3
		}
	},
	"summary":{
		"totalProjectedDeaths":9.149297005978059e2,
		"totalProjectedPCRConfirmed":1.2907669775883789e4,
		"totalProjectedInfected":1.0143129793235753e5,
		"totalInfectedFraction":3.512498521582129e-2,
		"fatalityRate":9.020191195896496e-3,
		"fatalityRateSymptomatic":1.288598742270928e-2,
		"fatalityRatePCR":7.088263927445886e-2,
		"fractionOfSymptomaticHospitalized":5.87962311415765e-2,
		"fractionOfSymptomaticHospitalizedOrICU":8.147983968663905e-2,
		"fractionOfPCRHospitalized":0.25444758597114525,
		"fractionOfPCRHospitalizedOrICU":0.35261356231591495,
		"fractionHospitalizedInICU":0.2783953507063928,
		"fractionOfDeathInICU":0.694423658449067,
		"fractionDeathOfHospitalizedOrICU":0.1695988376765982,
		"fractionOfInfectionsPCRConfirmed":0.12725529534771063,
		"fractionOfDeathsReported":0.7893534366085642,
		"fractionOfHospitalizationsReported":0.786731736142897,
		"dateContained":"Sat 4 Jul 2020 14:52:46",
		"dateICUOverCapacity":"Sat 17 Oct 2020 06:15:45",
		"dateHospitalsOverCapacity":"Wed 21 Oct 2020 19:04:11"
	},
	"summaryAug1":{
		"totalProjectedDeaths":9.149297005978059e2,
		"totalProjectedPCRConfirmed":1.2907669775883789e4,
		"totalProjectedInfected":1.0143129793235753e5,
		"totalInfectedFraction":3.512498521582129e-2,
		"fatalityRate":9.020191195896496e-3,
		"fatalityRateSymptomatic":1.288598742270928e-2,
		"fatalityRatePCR":7.088263927445886e-2,
		"fractionOfSymptomaticHospitalized":5.87962311415765e-2,
		"fractionOfSymptomaticHospitalizedOrICU":8.147983968663905e-2,
		"fractionOfPCRHospitalized":0.25444758597114525,
		"fractionOfPCRHospitalizedOrICU":0.35261356231591495,
		"fractionHospitalizedInICU":0.2783953507063928,
		"fractionOfDeathInICU":0.694423658449067,
		"fractionDeathOfHospitalizedOrICU":0.1695988376765982,
		"fractionOfInfectionsPCRConfirmed":0.12725529534771063,
		"fractionOfDeathsReported":0.7893534366085642,
		"fractionOfHospitalizationsReported":0.786731736142897,
		"dateContained":"Sat 4 Jul 2020 14:52:46",
		"dateICUOverCapacity":"Sat 17 Oct 2020 06:15:45",
		"dateHospitalsOverCapacity":"Wed 21 Oct 2020 19:04:11"
	}
}