{
	"distancingLevel":0.5504761904761903,
	"id":"scenario7",
	"distancingDays":60,
	"maintain":true,
	"postDistancingLevel":1,
	"name":"Open Gradual May 1",
	"gradual":true,
	"events":{
		"herd":{
			"eventName":"herd",
			"day":1.7438768975871739e2,
			"thresholdCrossed":0.6999999999999854
		},
		"icu":{
			"eventName":"icu",
			"day":1.0725845011347297e2,
			"thresholdCrossed":2.6182271064344707e-4
		},
		"hospital":{
			"eventName":"hospital",
			"day":1.5807424714242563e2,
			"thresholdCrossed":1.882242897885633e-3
		}
	},
	"summary":{
		"totalProjectedDeaths":3.734437055454877e4,
		"totalProjectedPCRConfirmed":1.0020913311331526e6,
		"totalProjectedInfected":3.503797399211953e6,
		"totalInfectedFraction":0.7513298383350805,
		"fatalityRate":1.0658256257324689e-2,
		"fatalityRateSymptomatic":1.52260803676067e-2,
		"fatalityRatePCR":3.7266434100692414e-2,
		"fractionOfSymptomaticHospitalized":7.178427765449856e-2,
		"fractionOfSymptomaticHospitalizedOrICU":9.946433617277843e-2,
		"fractionOfPCRHospitalized":0.20926314569781881,
		"fractionOfPCRHospitalizedOrICU":0.2899551343602129,
		"fractionHospitalizedInICU":0.2782912909627943,
		"fractionOfDeathInICU":0.6699953862008383,
		"fractionDeathOfHospitalizedOrICU":0.16183612601772213,
		"fractionOfInfectionsPCRConfirmed":0.2860015054975882,
		"dateContained":"Mon 12 Oct 2020 00:00:00",
		"dateICUOverCapacity":"Thu 16 Apr 2020 06:12:10",
		"dateHospitalsOverCapacity":"Sat 6 Jun 2020 01:46:54"
	},
	"summaryAug1":{
		"totalProjectedDeaths":3.293447983827346e4,
		"totalProjectedPCRConfirmed":9.65752208687631e5,
		"totalProjectedInfected":3.4455071208776967e6,
		"totalInfectedFraction":0.7388304782387366,
		"fatalityRate":9.558674146603953e-3,
		"fatalityRateSymptomatic":1.3655248780862791e-2,
		"fatalityRatePCR":3.4102412132226353e-2,
		"fractionOfSymptomaticHospitalized":6.922183989235493e-2,
		"fractionOfSymptomaticHospitalizedOrICU":9.59138209440485e-2,
		"fractionOfPCRHospitalized":0.20472800504220698,
		"fractionOfPCRHospitalizedOrICU":0.2836712408740696,
		"fractionHospitalizedInICU":0.2782912909627943,
		"fractionOfDeathInICU":0.6658343866421188,
		"fractionDeathOfHospitalizedOrICU":0.16183612601772213,
		"fractionOfInfectionsPCRConfirmed":0.2802931977228416,
		"dateContained":"Mon 12 Oct 2020 00:00:00",
		"dateICUOverCapacity":"Thu 16 Apr 2020 06:12:10",
		"dateHospitalsOverCapacity":"Sat 6 Jun 2020 01:46:54"
	}
}