{
	"distancingLevel":0.7004761904761905,
	"id":"scenario7",
	"distancingDays":60,
	"maintain":true,
	"name":"Open Gradual May 28",
	"gradual":true,
	"events":{
		"herd":{
			"eventName":"herd",
			"day":2.2018752790767613e2,
			"thresholdCrossed":0.7
		},
		"icu":{
			"eventName":"icu",
			"day":9.222522550276756e1,
			"thresholdCrossed":1.83275897450414e-4
		},
		"hospital":{
			"eventName":"hospital",
			"day":2.102127713560099e2,
			"thresholdCrossed":1.8822428978856342e-3
		}
	},
	"summary":{
		"totalProjectedDeaths":3.0132919932199857e4,
		"totalProjectedPCRConfirmed":5.068307114394828e5,
		"totalProjectedInfected":3.29864242869589e6,
		"totalInfectedFraction":0.7073378395779208,
		"fatalityRate":9.134945840162745e-3,
		"fatalityRateSymptomatic":1.304992262880392e-2,
		"fatalityRatePCR":5.9453618835799034e-2,
		"fractionOfSymptomaticHospitalized":5.829753458024069e-2,
		"fractionOfSymptomaticHospitalizedOrICU":8.068762635955745e-2,
		"fractionOfPCRHospitalized":0.2041335232185097,
		"fractionOfPCRHospitalizedOrICU":0.28253423695378427,
		"fractionHospitalizedInICU":0.27749102048860375,
		"fractionOfDeathInICU":0.7150919445675625,
		"fractionDeathOfHospitalizedOrICU":0.16937275512215094,
		"fractionOfInfectionsPCRConfirmed":0.15364827270467657,
		"fractionOfDeathsReported":0.7720249650004916,
		"fractionOfHospitalizationsReported":0.7685883280725208,
		"dateContained":"",
		"dateICUOverCapacity":"Wed 1 Apr 2020 05:24:19",
		"dateHospitalsOverCapacity":"Tue 28 Jul 2020 05:06:23"
	},
	"summaryAug1":{
		"totalProjectedDeaths":7.660199085519535e3,
		"totalProjectedPCRConfirmed":2.1095842523514718e5,
		"totalProjectedInfected":1.9184942418758527e6,
		"totalInfectedFraction":0.4113885034904018,
		"fatalityRate":3.992818387627579e-3,
		"fatalityRateSymptomatic":5.704026268039398e-3,
		"fatalityRatePCR":3.6311415753985686e-2,
		"fractionOfSymptomaticHospitalized":3.5123694274125934e-2,
		"fractionOfSymptomaticHospitalizedOrICU":4.8613505534393024e-2,
		"fractionOfPCRHospitalized":0.1696284787890546,
		"fractionOfPCRHospitalizedOrICU":0.23477698353834642,
		"fractionHospitalizedInICU":0.2774910204886034,
		"fractionOfDeathInICU":0.6935999628316646,
		"fractionDeathOfHospitalizedOrICU":0.16937275512215083,
		"fractionOfInfectionsPCRConfirmed":0.10996041615891307,
		"fractionOfDeathsReported":0.7663667881885411,
		"fractionOfHospitalizationsReported":0.7586420549075741,
		"dateContained":"",
		"dateICUOverCapacity":"Wed 1 Apr 2020 05:24:19",
		"dateHospitalsOverCapacity":"Tue 28 Jul 2020 05:06:23"
	}
}