{
	"distancingLevel":0.6628571428571428,
	"id":"scenario7",
	"distancingDays":60,
	"maintain":true,
	"name":"Open Gradual May 10",
	"gradual":true,
	"events":{
		"herd":{
			"eventName":"herd",
			"day":1.8693236137481372e2,
			"thresholdCrossed":0.699999999999738
		},
		"icu":{
			"eventName":"icu",
			"day":9.75971761698758e1,
			"thresholdCrossed":1.8327589745041292e-4
		},
		"hospital":{
			"eventName":"hospital",
			"day":1.7707586995211332e2,
			"thresholdCrossed":1.882242897885633e-3
		}
	},
	"summary":{
		"totalProjectedDeaths":3.142957510161025e4,
		"totalProjectedPCRConfirmed":5.215036625357163e5,
		"totalProjectedInfected":3.440586912271121e6,
		"totalInfectedFraction":0.7377754230755057,
		"fatalityRate":9.134945840058343e-3,
		"fatalityRateSymptomatic":1.3049922628654776e-2,
		"fatalityRatePCR":6.0267218352388324e-2,
		"fractionOfSymptomaticHospitalized":5.829753458007106e-2,
		"fractionOfSymptomaticHospitalizedOrICU":8.068762635932265e-2,
		"fractionOfPCRHospitalized":0.20813966187450272,
		"fractionOfPCRHospitalizedOrICU":0.2880789966309611,
		"fractionHospitalizedInICU":0.2774910204886035,
		"fractionOfDeathInICU":0.7149020193319885,
		"fractionDeathOfHospitalizedOrICU":0.1693727551221509,
		"fractionOfInfectionsPCRConfirmed":0.1515740412415489,
		"fractionOfDeathsReported":0.7736903244202231,
		"fractionOfHospitalizationsReported":0.7730924746700245,
		"dateContained":"",
		"dateICUOverCapacity":"Mon 6 Apr 2020 14:19:56",
		"dateHospitalsOverCapacity":"Thu 25 Jun 2020 01:49:15"
	},
	"summaryAug1":{
		"totalProjectedDeaths":2.2583972646409427e4,
		"totalProjectedPCRConfirmed":4.607651587956339e5,
		"totalProjectedInfected":3.2309045614122734e6,
		"totalInfectedFraction":0.692812604503881,
		"fatalityRate":6.989984450836782e-3,
		"fatalityRateSymptomatic":9.985692072623975e-3,
		"fatalityRatePCR":4.9014063271277504e-2,
		"fractionOfSymptomaticHospitalized":5.161825425895183e-2,
		"fractionOfSymptomaticHospitalizedOrICU":7.144306260921374e-2,
		"fractionOfPCRHospitalized":0.19583000103053746,
		"fractionOfPCRHospitalizedOrICU":0.27104161551454947,
		"fractionHospitalizedInICU":0.2774910204886034,
		"fractionOfDeathInICU":0.7034110633962131,
		"fractionDeathOfHospitalizedOrICU":0.16937275512215083,
		"fractionOfInfectionsPCRConfirmed":0.1426118135146112,
		"fractionOfDeathsReported":0.7735871867580801,
		"fractionOfHospitalizationsReported":0.7729179196244683,
		"dateContained":"",
		"dateICUOverCapacity":"Mon 6 Apr 2020 14:19:56",
		"dateHospitalsOverCapacity":"Thu 25 Jun 2020 01:49:15"
	}
}