{
	"scenario1":{
		"Deaths":[
			8.609499364129372e4
		],
		"PCR Confirmed":[
			3.805530466173838e6
		],
		"Population Infected":[
			0.1922157107279418
		],
		"Fatality Rate":[
			2.262365113262527e-2
		],
		"Date Contained":"Not Contained",
		"Date ICU Over Capacity":"Sat 11 Apr 2020 14:08:39"
	},
	"scenario2":{
		"Deaths":[
			8.116350910051193e4
		],
		"PCR Confirmed":[
			4.405892871561814e6
		],
		"Population Infected":[
			0.22253975818249058
		],
		"Fatality Rate":[
			1.842158024866838e-2
		],
		"Date Contained":"Not Contained",
		"Date ICU Over Capacity":"Tue 14 Jul 2020 08:34:44"
	},
	"scenario3":{
		"Deaths":[
			1.1229812717269122e5
		],
		"PCR Confirmed":[
			4.623637148384327e6
		],
		"Population Infected":[
			0.23353792816126406
		],
		"Fatality Rate":[
			2.4287833056262302e-2
		],
		"Date Contained":"Not Contained",
		"Date ICU Over Capacity":"Thu 2 Jul 2020 09:18:37"
	}
}