{
	"scenario1":{
		"Deaths":[
			5.813735292008552e4
		],
		"PCR Confirmed":[
			3.403951861828688e6
		],
		"Population Infected":[
			0.17193214775729868
		],
		"Fatality Rate":[
			1.7079369885346345e-2
		],
		"Date Contained":"Mon 27 Sep 2021 01:37:51"
	},
	"scenario2":{
		"Deaths":[
			7.565123183310022e4
		],
		"PCR Confirmed":[
			4.1856572508970364e6
		],
		"Population Infected":[
			0.2114157514953882
		],
		"Fatality Rate":[
			1.807391941059848e-2
		],
		"Date Contained":"Not Contained"
	},
	"scenario3":{
		"Deaths":[
			1.0358268458694185e3
		],
		"PCR Confirmed":[
			7.795708829273033e4
		],
		"Population Infected":[
			3.937579074891466e-3
		],
		"Fatality Rate":[
			1.3287141279313427e-2
		],
		"Date Contained":"Wed 20 May 2020 20:24:10"
	}
}