{
	"distancingLevel":0.11,
	"id":"scenario3",
	"distancingDays":60,
	"maintain":false,
	"name":"Wuhan",
	"events":{
		"herd":{
			"eventName":"herd",
			"day":2.7512216500702226e2,
			"thresholdCrossed":0.7000000000001156
		},
		"icu":{
			"eventName":"icu",
			"day":2.4987053243278783e2,
			"thresholdCrossed":1.8546402570593094e-4
		},
		"hospital":{
			"eventName":"hospital",
			"day":2.5401473221846888e2,
			"thresholdCrossed":1.0967057000389015e-3
		}
	},
	"summary":{
		"totalProjectedDeaths":6.231740903631958e4,
		"totalProjectedPCRConfirmed":1.6202075139777195e6,
		"totalProjectedInfected":5.156662256715593e6,
		"totalInfectedFraction":0.7572251316993692,
		"fatalityRate":1.208483432382308e-2,
		"fatalityRateSymptomatic":1.7264049034032974e-2,
		"fatalityRatePCR":3.846260957235417e-2,
		"fractionOfSymptomaticHospitalized":7.457383846323341e-2,
		"fractionOfPCRHospitalized":0.2328577244008162,
		"fractionHospitalizedInICU":0.2919272542917045,
		"fractionDeathOfHospitalized":0.1169569342699783,
		"fractionOfInfectionsPCRConfirmed":0.31419694238607554,
		"dateContained":"Fri 15 May 2020 00:00:00",
		"dateICUOverCapacity":"Sat 5 Sep 2020 20:53:34",
		"dateHospitalsOverCapacity":"Thu 10 Sep 2020 00:21:12"
	},
	"summaryAug1":{
		"totalProjectedDeaths":5.81958372852953e2,
		"totalProjectedPCRConfirmed":7.044094428499934e3,
		"totalProjectedInfected":4.938593623490104e4,
		"totalInfectedFraction":7.2520305204917986e-3,
		"fatalityRate":1.178388863754461e-2,
		"fatalityRateSymptomatic":1.6834126625063728e-2,
		"fatalityRatePCR":8.26164922631344e-2,
		"fractionOfSymptomaticHospitalized":7.312302861326725e-2,
		"fractionOfPCRHospitalized":0.24527328853234107,
		"fractionHospitalizedInICU":0.29192725429170446,
		"fractionDeathOfHospitalized":0.23850329103339055,
		"fractionOfInfectionsPCRConfirmed":0.14263361121666604,
		"dateContained":"Fri 15 May 2020 00:00:00",
		"dateICUOverCapacity":"Sat 5 Sep 2020 20:53:34",
		"dateHospitalsOverCapacity":"Thu 10 Sep 2020 00:21:12"
	}
}