{
	"distancingLevel":0.11,
	"id":"scenario3",
	"distancingDays":60,
	"maintain":false,
	"name":"Wuhan",
	"events":{
		"herd":{
			"eventName":"herd",
			"day":2.441278046252331e2,
			"thresholdCrossed":0.7000000000000011
		}
	},
	"summary":{
		"totalProjectedDeaths":6.908699084770642e4,
		"totalProjectedPCRConfirmed":1.7852386411471213e6,
		"totalProjectedInfected":5.716884729769431e6,
		"totalInfectedFraction":0.839490464354553,
		"fatalityRate":1.2084726929677447e-2,
		"fatalityRateSymptomatic":1.7263895613824926e-2,
		"fatalityRatePCR":3.8699022783482855e-2,
		"fractionOfSymptomaticHospitalized":7.457383846327717e-2,
		"fractionOfPCRHospitalized":0.23301358334206915,
		"fractionHospitalizedInICU":0.29192725429170474,
		"fractionDeathOfHospitalized":0.11759710711071401,
		"fractionOfInfectionsPCRConfirmed":0.31227473100006375,
		"dateContained":"Tue 2 Jun 2020 00:00:00",
		"dateICUOverCapacity":"",
		"dateHospitalsOverCapacity":""
	},
	"summaryAug1":{
		"totalProjectedDeaths":1.4845338462907307e3,
		"totalProjectedPCRConfirmed":2.476079430550243e4,
		"totalProjectedInfected":1.71308201824369e5,
		"totalInfectedFraction":2.5155588873152446e-2,
		"fatalityRate":8.665865559739664e-3,
		"fatalityRateSymptomatic":1.2379807942485235e-2,
		"fatalityRatePCR":5.99550171119039e-2,
		"fractionOfSymptomaticHospitalized":5.714638935614336e-2,
		"fractionOfPCRHospitalized":0.21578835243677602,
		"fractionHospitalizedInICU":0.2919272542917047,
		"fractionDeathOfHospitalized":0.19673218274305054,
		"fractionOfInfectionsPCRConfirmed":0.14453945603193033,
		"dateContained":"Tue 2 Jun 2020 00:00:00",
		"dateICUOverCapacity":"",
		"dateHospitalsOverCapacity":""
	}
}