{
	"distancingLevel":0.11,
	"id":"scenario3",
	"distancingDays":60,
	"maintain":false,
	"name":"Wuhan",
	"gradual":false,
	"events":{},
	"summary":{
		"totalProjectedDeaths":5.7159251898938055e4,
		"totalProjectedPCRConfirmed":9.029180007986117e5,
		"totalProjectedInfected":5.404641986224231e6,
		"totalInfectedFraction":0.7936394776440564,
		"fatalityRate":1.0575955270419385e-2,
		"fatalityRateSymptomatic":1.5108507529170553e-2,
		"fatalityRatePCR":6.330503085372306e-2,
		"fractionOfSymptomaticHospitalized":6.056299608534971e-2,
		"fractionOfSymptomaticHospitalizedOrICU":8.543278686539875e-2,
		"fractionOfPCRHospitalized":0.19850900034731433,
		"fractionOfPCRHospitalizedOrICU":0.2800253985723459,
		"fractionHospitalizedInICU":0.2911035878910512,
		"fractionOfDeathInICU":0.7657662739048591,
		"fractionDeathOfHospitalizedOrICU":0.1727758969727628,
		"fractionOfInfectionsPCRConfirmed":0.1670634249410116,
		"fractionOfDeathsReported":0.7823715979395776,
		"fractionOfHospitalizationsReported":0.7822691276204908,
		"dateContained":"",
		"dateICUOverCapacity":"",
		"dateHospitalsOverCapacity":""
	},
	"summaryAug1":{
		"totalProjectedDeaths":1.292092500955927e3,
		"totalProjectedPCRConfirmed":1.4580788589675283e4,
		"totalProjectedInfected":1.2233437644642511e5,
		"totalInfectedFraction":1.796407437686365e-2,
		"fatalityRate":1.0561973980566155e-2,
		"fatalityRateSymptomatic":1.5088534257951649e-2,
		"fatalityRatePCR":8.861609185328036e-2,
		"fractionOfSymptomaticHospitalized":6.050764712263219e-2,
		"fractionOfSymptomaticHospitalizedOrICU":8.535470921995988e-2,
		"fractionOfPCRHospitalized":0.2756687299121035,
		"fractionOfPCRHospitalizedOrICU":0.38887025692794225,
		"fractionHospitalizedInICU":0.29110358789105106,
		"fractionOfDeathInICU":0.7659863165826407,
		"fractionDeathOfHospitalizedOrICU":0.17277589697276274,
		"fractionOfInfectionsPCRConfirmed":0.11918799125167215,
		"fractionOfDeathsReported":0.7802623101778926,
		"fractionOfHospitalizationsReported":0.7757319878813372,
		"dateContained":"",
		"dateICUOverCapacity":"",
		"dateHospitalsOverCapacity":""
	}
}