{
	"distancingLevel":0.11,
	"id":"scenario3",
	"distancingDays":60,
	"maintain":false,
	"name":"Wuhan",
	"gradual":false,
	"events":{
		"herd":{
			"eventName":"herd",
			"day":2.828298127037594e2,
			"thresholdCrossed":0.6999999999999995
		},
		"icu":{
			"eventName":"icu",
			"day":2.602245865651187e2,
			"thresholdCrossed":1.2982481799415135e-4
		},
		"hospital":{
			"eventName":"hospital",
			"day":2.660566238971134e2,
			"thresholdCrossed":1.0967056999734311e-3
		}
	},
	"summary":{
		"totalProjectedDeaths":1.0687621714722163e3,
		"totalProjectedPCRConfirmed":1.4493834072257041e4,
		"totalProjectedInfected":1.207266211328642e5,
		"totalInfectedFraction":1.772798508723332e-2,
		"fatalityRate":8.852746489906341e-3,
		"fatalityRateSymptomatic":1.2646780699866203e-2,
		"fatalityRatePCR":7.373909250954906e-2,
		"fractionOfSymptomaticHospitalized":5.728884402569058e-2,
		"fractionOfSymptomaticHospitalizedOrICU":8.081412607980018e-2,
		"fractionOfPCRHospitalized":0.26009337496196644,
		"fractionOfPCRHospitalizedOrICU":0.3668989862541343,
		"fractionHospitalizedInICU":0.291103587891051,
		"fractionOfDeathInICU":0.7560772110845525,
		"fractionDeathOfHospitalizedOrICU":0.17277589697276274,
		"fractionOfInfectionsPCRConfirmed":0.12005499645605115,
		"fractionOfDeathsReported":0.781072189774692,
		"fractionOfHospitalizationsReported":0.778648462150814,
		"dateContained":"Sun 31 May 2020 11:56:49",
		"dateICUOverCapacity":"Wed 16 Sep 2020 05:23:24",
		"dateHospitalsOverCapacity":"Tue 22 Sep 2020 01:21:32"
	},
	"summaryAug1":{
		"totalProjectedDeaths":1.0687621714722163e3,
		"totalProjectedPCRConfirmed":1.4493834072257041e4,
		"totalProjectedInfected":1.207266211328642e5,
		"totalInfectedFraction":1.772798508723332e-2,
		"fatalityRate":8.852746489906341e-3,
		"fatalityRateSymptomatic":1.2646780699866203e-2,
		"fatalityRatePCR":7.373909250954906e-2,
		"fractionOfSymptomaticHospitalized":5.728884402569058e-2,
		"fractionOfSymptomaticHospitalizedOrICU":8.081412607980018e-2,
		"fractionOfPCRHospitalized":0.26009337496196644,
		"fractionOfPCRHospitalizedOrICU":0.3668989862541343,
		"fractionHospitalizedInICU":0.291103587891051,
		"fractionOfDeathInICU":0.7560772110845525,
		"fractionDeathOfHospitalizedOrICU":0.17277589697276274,
		"fractionOfInfectionsPCRConfirmed":0.12005499645605115,
		"fractionOfDeathsReported":0.781072189774692,
		"fractionOfHospitalizationsReported":0.778648462150814,
		"dateContained":"Sun 31 May 2020 11:56:49",
		"dateICUOverCapacity":"Wed 16 Sep 2020 05:23:24",
		"dateHospitalsOverCapacity":"Tue 22 Sep 2020 01:21:32"
	}
}