{
	"distancingLevel":0.11,
	"id":"scenario3",
	"distancingDays":60,
	"maintain":false,
	"name":"Wuhan",
	"gradual":false,
	"events":{},
	"summary":{
		"totalProjectedDeaths":5.7579090571674635e4,
		"totalProjectedPCRConfirmed":9.076957023360725e5,
		"totalProjectedInfected":5.444339456709758e6,
		"totalInfectedFraction":0.7994688146880693,
		"fatalityRate":1.0575955270517256e-2,
		"fatalityRateSymptomatic":1.5108507529310368e-2,
		"fatalityRatePCR":6.343435407206115e-2,
		"fractionOfSymptomaticHospitalized":6.0562996085424564e-2,
		"fractionOfSymptomaticHospitalizedOrICU":8.543278686550435e-2,
		"fractionOfPCRHospitalized":0.19893469702390146,
		"fractionOfPCRHospitalizedOrICU":0.2806259047525375,
		"fractionHospitalizedInICU":0.2911035878910511,
		"fractionOfDeathInICU":0.765763107339861,
		"fractionDeathOfHospitalizedOrICU":0.1727758969727628,
		"fractionOfInfectionsPCRConfirmed":0.1667228337897635,
		"fractionOfDeathsReported":0.782398563944282,
		"fractionOfHospitalizationsReported":0.7823484534575875,
		"dateContained":"",
		"dateICUOverCapacity":"",
		"dateHospitalsOverCapacity":""
	},
	"summaryAug1":{
		"totalProjectedDeaths":1.9424535890193274e3,
		"totalProjectedPCRConfirmed":2.3035928769945313e4,
		"totalProjectedInfected":1.838547082527062e5,
		"totalInfectedFraction":2.699796859662414e-2,
		"fatalityRate":1.0565155537651217e-2,
		"fatalityRateSymptomatic":1.5093079339501738e-2,
		"fatalityRatePCR":8.43227815304596e-2,
		"fractionOfSymptomaticHospitalized":6.054544114599749e-2,
		"fractionOfSymptomaticHospitalizedOrICU":8.540802310717914e-2,
		"fractionOfPCRHospitalized":0.263939541339316,
		"fractionOfPCRHospitalizedOrICU":0.3723245552253573,
		"fractionHospitalizedInICU":0.2911035878910511,
		"fractionOfDeathInICU":0.7657552130032644,
		"fractionDeathOfHospitalizedOrICU":0.1727758969727628,
		"fractionOfInfectionsPCRConfirmed":0.12529420099637967,
		"fractionOfDeathsReported":0.781773657689611,
		"fractionOfHospitalizationsReported":0.7802898195733745,
		"dateContained":"",
		"dateICUOverCapacity":"",
		"dateHospitalsOverCapacity":""
	}
}