{
	"distancingLevel":0.11,
	"id":"scenario3",
	"distancingDays":60,
	"maintain":false,
	"name":"Wuhan",
	"gradual":false,
	"events":{},
	"summary":{
		"totalProjectedDeaths":5.5382596098346796e4,
		"totalProjectedPCRConfirmed":1.2505695838679916e6,
		"totalProjectedInfected":4.242638387467771e6,
		"totalInfectedFraction":0.6230061717769525,
		"fatalityRate":1.3053810162548885e-2,
		"fatalityRateSymptomatic":1.8648300232212693e-2,
		"fatalityRatePCR":4.428589725255377e-2,
		"fractionOfSymptomaticHospitalized":7.457383846381178e-2,
		"fractionOfSymptomaticHospitalizedOrICU":0.10531945893386213,
		"fractionOfPCRHospitalized":0.13853499593768828,
		"fractionOfPCRHospitalizedOrICU":0.1956507954547944,
		"fractionHospitalizedInICU":0.291927254291705,
		"fractionOfDeathInICU":0.7669930460044616,
		"fractionDeathOfHospitalizedOrICU":0.17298181357292625,
		"fractionOfInfectionsPCRConfirmed":0.29476223747044283,
		"fractionOfDeathsReported":0.7823622218410209,
		"fractionOfHospitalizationsReported":0.7822522178158752,
		"dateContained":"",
		"dateICUOverCapacity":"",
		"dateHospitalsOverCapacity":""
	},
	"summaryAug1":{
		"totalProjectedDeaths":7.691714414551807e2,
		"totalProjectedPCRConfirmed":8.675327008415508e3,
		"totalProjectedInfected":5.909221401668441e4,
		"totalInfectedFraction":8.677339587815294e-3,
		"fatalityRate":1.3016460023616795e-2,
		"fatalityRateSymptomatic":1.859494289088114e-2,
		"fatalityRatePCR":8.866195368878259e-2,
		"fractionOfSymptomaticHospitalized":7.440360919662498e-2,
		"fractionOfSymptomaticHospitalizedOrICU":0.10507904681770792,
		"fractionOfPCRHospitalized":0.2732795502555791,
		"fractionOfPCRHospitalizedOrICU":0.3859484098377682,
		"fractionHospitalizedInICU":0.2919272542917046,
		"fractionOfDeathInICU":0.7675990968878827,
		"fractionDeathOfHospitalizedOrICU":0.17298181357292614,
		"fractionOfInfectionsPCRConfirmed":0.14680998423863542,
		"fractionOfDeathsReported":0.7782327208915527,
		"fractionOfHospitalizationsReported":0.7703191302327084,
		"dateContained":"",
		"dateICUOverCapacity":"",
		"dateHospitalsOverCapacity":""
	}
}