{
	"distancingLevel":0.11,
	"id":"scenario3",
	"distancingDays":60,
	"maintain":false,
	"name":"Wuhan",
	"gradual":false,
	"events":{
		"herd":{
			"eventName":"herd",
			"day":2.757338078964713e2,
			"thresholdCrossed":0.7000000000000449
		},
		"icu":{
			"eventName":"icu",
			"day":2.542318266683988e2,
			"thresholdCrossed":1.2982481799415132e-4
		},
		"hospital":{
			"eventName":"hospital",
			"day":2.5969538194884825e2,
			"thresholdCrossed":1.0967057000421505e-3
		}
	},
	"summary":{
		"totalProjectedDeaths":9.827364523483496e2,
		"totalProjectedPCRConfirmed":1.5641378153149886e4,
		"totalProjectedInfected":1.1169301922442546e5,
		"totalInfectedFraction":1.640145446445911e-2,
		"fatalityRate":8.798548550055142e-3,
		"fatalityRateSymptomatic":1.2569355071507344e-2,
		"fatalityRatePCR":6.282927519084656e-2,
		"fractionOfSymptomaticHospitalized":5.719139902861147e-2,
		"fractionOfSymptomaticHospitalizedOrICU":8.067666594399668e-2,
		"fractionOfPCRHospitalized":0.2225773495223601,
		"fractionOfPCRHospitalizedOrICU":0.31397725495633155,
		"fractionHospitalizedInICU":0.2911035878910512,
		"fractionOfDeathInICU":0.7556976226812845,
		"fractionDeathOfHospitalizedOrICU":0.1727758969727628,
		"fractionOfInfectionsPCRConfirmed":0.1400389949323652,
		"fractionOfDeathsReported":0.7810813795509427,
		"fractionOfHospitalizationsReported":0.778576320696347,
		"dateContained":"Wed 27 May 2020 04:34:23",
		"dateICUOverCapacity":"Thu 10 Sep 2020 05:33:49",
		"dateHospitalsOverCapacity":"Tue 15 Sep 2020 16:41:21"
	},
	"summaryAug1":{
		"totalProjectedDeaths":9.827364523483496e2,
		"totalProjectedPCRConfirmed":1.5641378153149886e4,
		"totalProjectedInfected":1.1169301922442546e5,
		"totalInfectedFraction":1.640145446445911e-2,
		"fatalityRate":8.798548550055142e-3,
		"fatalityRateSymptomatic":1.2569355071507344e-2,
		"fatalityRatePCR":6.282927519084656e-2,
		"fractionOfSymptomaticHospitalized":5.719139902861147e-2,
		"fractionOfSymptomaticHospitalizedOrICU":8.067666594399668e-2,
		"fractionOfPCRHospitalized":0.2225773495223601,
		"fractionOfPCRHospitalizedOrICU":0.31397725495633155,
		"fractionHospitalizedInICU":0.2911035878910512,
		"fractionOfDeathInICU":0.7556976226812845,
		"fractionDeathOfHospitalizedOrICU":0.1727758969727628,
		"fractionOfInfectionsPCRConfirmed":0.1400389949323652,
		"fractionOfDeathsReported":0.7810813795509427,
		"fractionOfHospitalizationsReported":0.778576320696347,
		"dateContained":"Wed 27 May 2020 04:34:23",
		"dateICUOverCapacity":"Thu 10 Sep 2020 05:33:49",
		"dateHospitalsOverCapacity":"Tue 15 Sep 2020 16:41:21"
	}
}