{
	"distancingLevel":0.11,
	"id":"scenario3",
	"distancingDays":60,
	"maintain":false,
	"name":"Wuhan",
	"gradual":false,
	"events":{
		"herd":{
			"eventName":"herd",
			"day":2.764465114077706e2,
			"thresholdCrossed":0.7000000000000011
		},
		"icu":{
			"eventName":"icu",
			"day":2.5938227460559636e2,
			"thresholdCrossed":1.2982481799415126e-4
		},
		"hospital":{
			"eventName":"hospital",
			"day":2.6381119897399515e2,
			"thresholdCrossed":1.096705700009437e-3
		}
	},
	"summary":{
		"totalProjectedDeaths":1.2239126201587394e3,
		"totalProjectedPCRConfirmed":1.6436909351055547e4,
		"totalProjectedInfected":1.3954831297467116e5,
		"totalInfectedFraction":2.049183840439721e-2,
		"fatalityRate":8.770529675847008e-3,
		"fatalityRateSymptomatic":1.2529328108352873e-2,
		"fatalityRatePCR":7.446123805994843e-2,
		"fractionOfSymptomaticHospitalized":5.687232529743185e-2,
		"fractionOfSymptomaticHospitalizedOrICU":8.022656671126055e-2,
		"fractionOfPCRHospitalized":0.26284009508757095,
		"fractionOfPCRHospitalizedOrICU":0.3707736286965092,
		"fractionHospitalizedInICU":0.29110358789105106,
		"fractionOfDeathInICU":0.7562380649818322,
		"fractionDeathOfHospitalizedOrICU":0.17277589697276274,
		"fractionOfInfectionsPCRConfirmed":0.11778651422349293,
		"fractionOfDeathsReported":0.7808220873881997,
		"fractionOfHospitalizationsReported":0.7776571328001906,
		"dateContained":"Wed 3 Jun 2020 02:08:47",
		"dateICUOverCapacity":"Tue 15 Sep 2020 09:10:28",
		"dateHospitalsOverCapacity":"Sat 19 Sep 2020 19:28:07"
	},
	"summaryAug1":{
		"totalProjectedDeaths":1.2239126201587394e3,
		"totalProjectedPCRConfirmed":1.6436909351055547e4,
		"totalProjectedInfected":1.3954831297467116e5,
		"totalInfectedFraction":2.049183840439721e-2,
		"fatalityRate":8.770529675847008e-3,
		"fatalityRateSymptomatic":1.2529328108352873e-2,
		"fatalityRatePCR":7.446123805994843e-2,
		"fractionOfSymptomaticHospitalized":5.687232529743185e-2,
		"fractionOfSymptomaticHospitalizedOrICU":8.022656671126055e-2,
		"fractionOfPCRHospitalized":0.26284009508757095,
		"fractionOfPCRHospitalizedOrICU":0.3707736286965092,
		"fractionHospitalizedInICU":0.29110358789105106,
		"fractionOfDeathInICU":0.7562380649818322,
		"fractionDeathOfHospitalizedOrICU":0.17277589697276274,
		"fractionOfInfectionsPCRConfirmed":0.11778651422349293,
		"fractionOfDeathsReported":0.7808220873881997,
		"fractionOfHospitalizationsReported":0.7776571328001906,
		"dateContained":"Wed 3 Jun 2020 02:08:47",
		"dateICUOverCapacity":"Tue 15 Sep 2020 09:10:28",
		"dateHospitalsOverCapacity":"Sat 19 Sep 2020 19:28:07"
	}
}