{
	"distancingLevel":0.7,
	"id":"scenario8",
	"distancingDays":595,
	"maintain":false,
	"name":"relaxed restrictions",
	"gradual":false,
	"events":{
		"herd":{
			"eventName":"herd",
			"day":2.9599729623540634e2,
			"thresholdCrossed":0.6999999999999998
		},
		"icu":{
			"eventName":"icu",
			"day":1.1788374503337874e2,
			"thresholdCrossed":1.4098536188732284e-4
		}
	},
	"summary":{
		"totalProjectedDeaths":4.633359285161294e4,
		"totalProjectedPCRConfirmed":7.540319141080587e5,
		"totalProjectedInfected":4.811640886386945e6,
		"totalInfectedFraction":0.37431492117149595,
		"fatalityRate":9.629478580311253e-3,
		"fatalityRateSymptomatic":1.3756397971873219e-2,
		"fatalityRatePCR":6.144778753353001e-2,
		"fractionOfSymptomaticHospitalized":5.956683187824446e-2,
		"fractionOfSymptomaticHospitalizedOrICU":8.237449330095915e-2,
		"fractionOfPCRHospitalized":0.20962134847234384,
		"fractionOfPCRHospitalizedOrICU":0.28988367890318645,
		"fractionHospitalizedInICU":0.2768777143112227,
		"fractionOfDeathInICU":0.7178176266783277,
		"fractionDeathOfHospitalizedOrICU":0.16921942857780567,
		"fractionOfInfectionsPCRConfirmed":0.15670993158308208,
		"fractionOfDeathsReported":0.789251205414024,
		"fractionOfHospitalizationsReported":0.7878245119604198,
		"dateContained":"",
		"dateICUOverCapacity":"Sun 26 Apr 2020 21:12:35",
		"dateHospitalsOverCapacity":""
	},
	"summaryAug1":{
		"totalProjectedDeaths":2.876999301141339e4,
		"totalProjectedPCRConfirmed":5.548809394537929e5,
		"totalProjectedInfected":3.8590906429874627e6,
		"totalInfectedFraction":0.3002125977253041,
		"fatalityRate":7.45512237803813e-3,
		"fatalityRateSymptomatic":1.0650174825768757e-2,
		"fatalityRatePCR":5.184894806394621e-2,
		"fractionOfSymptomaticHospitalized":5.2192177814315156e-2,
		"fractionOfSymptomaticHospitalizedOrICU":7.217614343693181e-2,
		"fractionOfPCRHospitalized":0.19994786908988332,
		"fractionOfPCRHospitalizedOrICU":0.27650630197274595,
		"fractionHospitalizedInICU":0.27687771431122277,
		"fractionOfDeathInICU":0.7087832954452655,
		"fractionDeathOfHospitalizedOrICU":0.1692194285778057,
		"fractionOfInfectionsPCRConfirmed":0.14378541236446296,
		"fractionOfDeathsReported":0.7888104226547669,
		"fractionOfHospitalizationsReported":0.786915588078224,
		"dateContained":"",
		"dateICUOverCapacity":"Sun 26 Apr 2020 21:12:35",
		"dateHospitalsOverCapacity":""
	}
}