{
	"distancingLevel":0.7,
	"id":"scenario8",
	"distancingDays":602,
	"maintain":false,
	"name":"relaxed restrictions",
	"gradual":false,
	"events":{},
	"summary":{
		"totalProjectedDeaths":7.204111502110264e4,
		"totalProjectedPCRConfirmed":1.170222094665114e6,
		"totalProjectedInfected":7.481310090337141e6,
		"totalInfectedFraction":0.5819981297122229,
		"fatalityRate":9.629478547367116e-3,
		"fatalityRateSymptomatic":1.3756397924810166e-2,
		"fatalityRatePCR":6.156191662209117e-2,
		"fractionOfSymptomaticHospitalized":5.956683178726772e-2,
		"fractionOfSymptomaticHospitalizedOrICU":8.237449317514813e-2,
		"fractionOfPCRHospitalized":0.2105084589866666,
		"fractionOfPCRHospitalizedOrICU":0.2911104569072385,
		"fractionHospitalizedInICU":0.2768777143112223,
		"fractionOfDeathInICU":0.717742198531071,
		"fractionDeathOfHospitalizedOrICU":0.16921942857780556,
		"fractionOfInfectionsPCRConfirmed":0.15641940790244382,
		"fractionOfDeathsReported":0.789891282301275,
		"fractionOfHospitalizationsReported":0.7896918355682364,
		"dateContained":"",
		"dateICUOverCapacity":"",
		"dateHospitalsOverCapacity":""
	},
	"summaryAug1":{
		"totalProjectedDeaths":6.484819439281258e4,
		"totalProjectedPCRConfirmed":1.1296287209426255e6,
		"totalProjectedInfected":7.342108557263374e6,
		"totalInfectedFraction":0.571169139746061,
		"fatalityRate":8.832366599736501e-3,
		"fatalityRateSymptomatic":1.2617666571052144e-2,
		"fatalityRatePCR":5.740664449351077e-2,
		"fractionOfSymptomaticHospitalized":5.756368845601248e-2,
		"fractionOfSymptomaticHospitalizedOrICU":7.960436235371005e-2,
		"fractionOfPCRHospitalized":0.20681448663197796,
		"fractionOfPCRHospitalizedOrICU":0.2860020922118121,
		"fractionHospitalizedInICU":0.2768777143112226,
		"fractionOfDeathInICU":0.713461824521718,
		"fractionDeathOfHospitalizedOrICU":0.16921942857780567,
		"fractionOfInfectionsPCRConfirmed":0.15385617253304032,
		"fractionOfDeathsReported":0.7898821929291836,
		"fractionOfHospitalizationsReported":0.7896765227985423,
		"dateContained":"",
		"dateICUOverCapacity":"",
		"dateHospitalsOverCapacity":""
	}
}