{
	"distancingLevel":0.588095238095238,
	"id":"scenario1",
	"distancingDays":90,
	"maintain":true,
	"name":"Current",
	"gradual":false,
	"events":{
		"herd":{
			"eventName":"herd",
			"day":2.444066557505449e2,
			"thresholdCrossed":0.7000000000000076
		},
		"icu":{
			"eventName":"icu",
			"day":2.0524171649588865e2,
			"thresholdCrossed":2.125548977246562e-4
		},
		"hospital":{
			"eventName":"hospital",
			"day":2.2638457711135032e2,
			"thresholdCrossed":1.3340159358889072e-3
		}
	},
	"summary":{
		"totalProjectedDeaths":5.362309376706345e4,
		"totalProjectedPCRConfirmed":1.4121274990500847e6,
		"totalProjectedInfected":4.1913032888335353e6,
		"totalInfectedFraction":0.7272506464416549,
		"fatalityRate":1.2793894898974749e-2,
		"fatalityRateSymptomatic":1.8276992712821072e-2,
		"fatalityRatePCR":3.7973266438855444e-2,
		"fractionOfSymptomaticHospitalized":7.667352353629465e-2,
		"fractionOfSymptomaticHospitalizedOrICU":0.10715961676262192,
		"fractionOfPCRHospitalized":0.21643671775565712,
		"fractionOfPCRHospitalizedOrICU":0.3024939334772723,
		"fractionHospitalizedInICU":0.2844923689290482,
		"fractionOfDeathInICU":0.7063470815233572,
		"fractionDeathOfHospitalizedOrICU":0.16388248174658593,
		"fractionOfInfectionsPCRConfirmed":0.3369184718300565,
		"dateContained":"Sun 13 Dec 2020 00:00:00",
		"dateICUOverCapacity":"Thu 23 Jul 2020 05:48:04",
		"dateHospitalsOverCapacity":"Thu 13 Aug 2020 09:13:47"
	},
	"summaryAug1":{
		"totalProjectedDeaths":5.427843186953969e3,
		"totalProjectedPCRConfirmed":1.6307513738301134e5,
		"totalProjectedInfected":6.007023276007129e5,
		"totalInfectedFraction":0.10423038514786323,
		"fatalityRate":9.035828458720172e-3,
		"fatalityRateSymptomatic":1.2908326369600247e-2,
		"fatalityRatePCR":3.328430853444999e-2,
		"fractionOfSymptomaticHospitalized":6.297115997612618e-2,
		"fractionOfSymptomaticHospitalizedOrICU":8.800906830563462e-2,
		"fractionOfPCRHospitalized":0.20102806489859418,
		"fractionOfPCRHospitalizedOrICU":0.28095865951520466,
		"fractionHospitalizedInICU":0.28449236892904856,
		"fractionOfDeathInICU":0.6993966289797932,
		"fractionDeathOfHospitalizedOrICU":0.163882481746586,
		"fractionOfInfectionsPCRConfirmed":0.27147412268961185,
		"dateContained":"Sun 13 Dec 2020 00:00:00",
		"dateICUOverCapacity":"Thu 23 Jul 2020 05:48:04",
		"dateHospitalsOverCapacity":"Thu 13 Aug 2020 09:13:47"
	}
}