{
	"distancingLevel":0.6342857142857142,
	"id":"scenario1",
	"distancingDays":90,
	"maintain":true,
	"name":"Current",
	"gradual":false,
	"events":{
		"herd":{
			"eventName":"herd",
			"day":2.5736946862301744e2,
			"thresholdCrossed":0.7000000000000004
		},
		"icu":{
			"eventName":"icu",
			"day":2.2971277558396406e2,
			"thresholdCrossed":1.4878842840725941e-4
		},
		"hospital":{
			"eventName":"hospital",
			"day":2.428499157989843e2,
			"thresholdCrossed":1.3340159359733104e-3
		}
	},
	"summary":{
		"totalProjectedDeaths":4.6587257654197194e4,
		"totalProjectedPCRConfirmed":7.503391858883442e5,
		"totalProjectedInfected":4.331729905168552e6,
		"totalInfectedFraction":0.7516166587460704,
		"fatalityRate":1.0754885155376379e-2,
		"fatalityRateSymptomatic":1.5364121650537684e-2,
		"fatalityRatePCR":6.208826425484022e-2,
		"fractionOfSymptomaticHospitalized":6.226819487544708e-2,
		"fractionOfSymptomaticHospitalizedOrICU":8.692805695325875e-2,
		"fractionOfPCRHospitalized":0.2034546465352562,
		"fractionOfPCRHospitalizedOrICU":0.28402810032952497,
		"fractionHospitalizedInICU":0.283681275552625,
		"fractionOfDeathInICU":0.7354136548511016,
		"fractionDeathOfHospitalizedOrICU":0.17092031888815623,
		"fractionOfInfectionsPCRConfirmed":0.17321929167214495,
		"fractionOfDeathsReported":0.8086396457439627,
		"fractionOfHospitalizationsReported":0.8085363604677567,
		"dateContained":"",
		"dateICUOverCapacity":"Sun 16 Aug 2020 17:06:23",
		"dateHospitalsOverCapacity":"Sat 29 Aug 2020 20:23:52"
	},
	"summaryAug1":{
		"totalProjectedDeaths":3.403349379861059e3,
		"totalProjectedPCRConfirmed":6.2954130403115516e4,
		"totalProjectedInfected":4.2687333012718096e5,
		"totalInfectedFraction":7.406858532780927e-2,
		"fatalityRate":7.972738373810044e-3,
		"fatalityRateSymptomatic":1.1389626248300063e-2,
		"fatalityRatePCR":5.4060779778361163e-2,
		"fractionOfSymptomaticHospitalized":5.27390058900043e-2,
		"fractionOfSymptomaticHospitalizedOrICU":7.362505556544176e-2,
		"fractionOfPCRHospitalized":0.2019754088564864,
		"fractionOfPCRHospitalizedOrICU":0.2819630451686243,
		"fractionHospitalizedInICU":0.2836812755526256,
		"fractionOfDeathInICU":0.7264377871588489,
		"fractionDeathOfHospitalizedOrICU":0.17092031888815643,
		"fractionOfInfectionsPCRConfirmed":0.1474773099185166,
		"fractionOfDeathsReported":0.8080035847497611,
		"fractionOfHospitalizationsReported":0.8068517102061937,
		"dateContained":"",
		"dateICUOverCapacity":"Sun 16 Aug 2020 17:06:23",
		"dateHospitalsOverCapacity":"Sat 29 Aug 2020 20:23:52"
	}
}