{
	"distancingLevel":0.588095238095238,
	"id":"scenario1",
	"distancingDays":90,
	"maintain":true,
	"name":"Current",
	"gradual":false,
	"events":{
		"herd":{
			"eventName":"herd",
			"day":2.3320392678058303e2,
			"thresholdCrossed":0.7000000000000001
		},
		"icu":{
			"eventName":"icu",
			"day":1.5647257202931556e2,
			"thresholdCrossed":2.1255489772454094e-4
		},
		"hospital":{
			"eventName":"hospital",
			"day":1.904146565429124e2,
			"thresholdCrossed":1.3340159359733102e-3
		}
	},
	"summary":{
		"totalProjectedDeaths":6.382025107765676e4,
		"totalProjectedPCRConfirmed":1.4550942325601699e6,
		"totalProjectedInfected":4.271621358378563e6,
		"totalInfectedFraction":0.741186972202949,
		"fatalityRate":1.4940521577942917e-2,
		"fatalityRateSymptomatic":2.134360225420417e-2,
		"fatalityRatePCR":4.3859874948008026e-2,
		"fractionOfSymptomaticHospitalized":7.667352353751077e-2,
		"fractionOfSymptomaticHospitalizedOrICU":0.10715961676432156,
		"fractionOfPCRHospitalized":0.19733661689439422,
		"fractionOfPCRHospitalizedOrICU":0.2757994580701067,
		"fractionHospitalizedInICU":0.2844923689290484,
		"fractionOfDeathInICU":0.6048423557916655,
		"fractionDeathOfHospitalizedOrICU":0.15902814042824948,
		"fractionOfInfectionsPCRConfirmed":0.3406421380738904,
		"dateContained":"Sat 12 Dec 2020 00:00:00",
		"dateICUOverCapacity":"Thu 4 Jun 2020 11:20:30",
		"dateHospitalsOverCapacity":"Wed 8 Jul 2020 09:57:06"
	},
	"summaryAug1":{
		"totalProjectedDeaths":1.15897124594324e4,
		"totalProjectedPCRConfirmed":3.499724648410425e5,
		"totalProjectedInfected":1.2946402901847176e6,
		"totalInfectedFraction":0.2246384771187199,
		"fatalityRate":8.95207151152294e-3,
		"fatalityRateSymptomatic":1.2788673587889914e-2,
		"fatalityRatePCR":3.3116069473341135e-2,
		"fractionOfSymptomaticHospitalized":5.6592175194555575e-2,
		"fractionOfSymptomaticHospitalizedOrICU":7.909374091489427e-2,
		"fractionOfPCRHospitalized":0.1727600976344729,
		"fractionOfPCRHospitalizedOrICU":0.24145109029220346,
		"fractionHospitalizedInICU":0.2844923689290486,
		"fractionOfDeathInICU":0.6062365342548317,
		"fractionDeathOfHospitalizedOrICU":0.13715435881140217,
		"fractionOfInfectionsPCRConfirmed":0.2703240950357793,
		"dateContained":"Sat 12 Dec 2020 00:00:00",
		"dateICUOverCapacity":"Thu 4 Jun 2020 11:20:30",
		"dateHospitalsOverCapacity":"Wed 8 Jul 2020 09:57:06"
	}
}