{
	"distancingLevel":0.7044444444444444,
	"id":"scenario1",
	"distancingDays":90,
	"maintain":true,
	"name":"Current",
	"gradual":false,
	"events":{
		"herd":{
			"eventName":"herd",
			"day":2.343370578971757e2,
			"thresholdCrossed":0.6999999999999648
		},
		"icu":{
			"eventName":"icu",
			"day":1.533754946006366e2,
			"thresholdCrossed":1.4878842840725925e-4
		},
		"hospital":{
			"eventName":"hospital",
			"day":1.8108282498405083e2,
			"thresholdCrossed":1.3340159359733102e-3
		}
	},
	"summary":{
		"totalProjectedDeaths":4.08427097934784e4,
		"totalProjectedPCRConfirmed":6.539795140000014e5,
		"totalProjectedInfected":3.7975960892839567e6,
		"totalInfectedFraction":0.6589368558018823,
		"fatalityRate":1.0754885151880217e-2,
		"fatalityRateSymptomatic":1.5364121645543167e-2,
		"fatalityRatePCR":6.245258287016972e-2,
		"fractionOfSymptomaticHospitalized":6.22681948676425e-2,
		"fractionOfSymptomaticHospitalizedOrICU":8.692805694236344e-2,
		"fractionOfPCRHospitalized":0.20464133449381208,
		"fractionOfPCRHospitalizedOrICU":0.2856847482964918,
		"fractionHospitalizedInICU":0.28368127555262573,
		"fractionOfDeathInICU":0.7354147331912129,
		"fractionDeathOfHospitalizedOrICU":0.17092031888815643,
		"fractionOfInfectionsPCRConfirmed":0.17220881279222888,
		"fractionOfDeathsReported":0.808630030112448,
		"fractionOfHospitalizationsReported":0.8085081760624405,
		"dateContained":"",
		"dateICUOverCapacity":"Mon 1 Jun 2020 09:00:42",
		"dateHospitalsOverCapacity":"Mon 29 Jun 2020 01:59:16"
	},
	"summaryAug1":{
		"totalProjectedDeaths":1.5050554777894924e4,
		"totalProjectedPCRConfirmed":3.0686235026288906e5,
		"totalProjectedInfected":1.94883711367532e6,
		"totalInfectedFraction":0.33815091704430356,
		"fatalityRate":7.7228387494689184e-3,
		"fatalityRateSymptomatic":1.1032626784955597e-2,
		"fatalityRatePCR":4.904659944434731e-2,
		"fractionOfSymptomaticHospitalized":5.292855348868467e-2,
		"fractionOfSymptomaticHospitalizedOrICU":7.388966905691037e-2,
		"fractionOfPCRHospitalized":0.1901859012453132,
		"fractionOfPCRHospitalizedOrICU":0.2655045788340069,
		"fractionHospitalizedInICU":0.28368127555262546,
		"fractionOfDeathInICU":0.7232750469625597,
		"fractionDeathOfHospitalizedOrICU":0.17092031888815637,
		"fractionOfInfectionsPCRConfirmed":0.15745920893520757,
		"fractionOfDeathsReported":0.808527646785786,
		"fractionOfHospitalizationsReported":0.8082734604844956,
		"dateContained":"",
		"dateICUOverCapacity":"Mon 1 Jun 2020 09:00:42",
		"dateHospitalsOverCapacity":"Mon 29 Jun 2020 01:59:16"
	}
}