{
	"distancingLevel":0.7057142857142856,
	"id":"scenario1",
	"distancingDays":90,
	"maintain":true,
	"name":"Current",
	"gradual":false,
	"events":{
		"herd":{
			"eventName":"herd",
			"day":2.8950911456269586e2,
			"thresholdCrossed":0.7000000000007156
		},
		"icu":{
			"eventName":"icu",
			"day":1.7684791424470583e2,
			"thresholdCrossed":1.487884284072561e-4
		},
		"hospital":{
			"eventName":"hospital",
			"day":2.6928282515969704e2,
			"thresholdCrossed":1.3340159359733089e-3
		}
	},
	"summary":{
		"totalProjectedDeaths":3.339795904221454e4,
		"totalProjectedPCRConfirmed":5.361122556461536e5,
		"totalProjectedInfected":3.1053757062389664e6,
		"totalInfectedFraction":0.5388267882744944,
		"fatalityRate":1.0754885141632033e-2,
		"fatalityRateSymptomatic":1.5364121630902904e-2,
		"fatalityRatePCR":6.2296578170855994e-2,
		"fractionOfSymptomaticHospitalized":6.226819484405216e-2,
		"fractionOfSymptomaticHospitalizedOrICU":8.69280569094306e-2,
		"fractionOfPCRHospitalized":0.20414190574861155,
		"fractionOfPCRHospitalizedOrICU":0.28498753247879,
		"fractionHospitalizedInICU":0.2836812755526249,
		"fractionOfDeathInICU":0.7354129393303752,
		"fractionDeathOfHospitalizedOrICU":0.17092031888815623,
		"fractionOfInfectionsPCRConfirmed":0.1726400623824866,
		"fractionOfDeathsReported":0.8086441335920638,
		"fractionOfHospitalizationsReported":0.8085547509810392,
		"dateContained":"",
		"dateICUOverCapacity":"Wed 24 Jun 2020 20:20:59",
		"dateHospitalsOverCapacity":"Fri 25 Sep 2020 06:47:16"
	},
	"summaryAug1":{
		"totalProjectedDeaths":5.429667093634238e3,
		"totalProjectedPCRConfirmed":1.0873987606057512e5,
		"totalProjectedInfected":7.223448822824105e5,
		"totalInfectedFraction":0.12533709597997272,
		"fatalityRate":7.5167239732882e-3,
		"fatalityRateSymptomatic":1.0738177104697431e-2,
		"fatalityRatePCR":4.9932621687094475e-2,
		"fractionOfSymptomaticHospitalized":5.1240221955197604e-2,
		"fractionOfSymptomaticHospitalizedOrICU":7.15327133110033e-2,
		"fractionOfPCRHospitalized":0.19251641819212786,
		"fractionOfPCRHospitalizedOrICU":0.2687580425049623,
		"fractionHospitalizedInICU":0.2836812755526256,
		"fractionOfDeathInICU":0.7241913966808445,
		"fractionDeathOfHospitalizedOrICU":0.17092031888815643,
		"fractionOfInfectionsPCRConfirmed":0.1505373385037174,
		"fractionOfDeathsReported":0.8084090387547932,
		"fractionOfHospitalizationsReported":0.8079843782056135,
		"dateContained":"",
		"dateICUOverCapacity":"Wed 24 Jun 2020 20:20:59",
		"dateHospitalsOverCapacity":"Fri 25 Sep 2020 06:47:16"
	}
}