{
	"distancingLevel":0.6209523809523809,
	"id":"scenario1",
	"distancingDays":90,
	"maintain":true,
	"name":"Current",
	"gradual":false,
	"events":{
		"herd":{
			"eventName":"herd",
			"day":2.7140408668673103e2,
			"thresholdCrossed":0.6999999999999996
		},
		"icu":{
			"eventName":"icu",
			"day":2.2287152568978357e2,
			"thresholdCrossed":1.1338772664812812e-4
		},
		"hospital":{
			"eventName":"hospital",
			"day":2.4889606613901796e2,
			"thresholdCrossed":9.548563621663167e-4
		}
	},
	"summary":{
		"totalProjectedDeaths":2.961462079844233e4,
		"totalProjectedPCRConfirmed":4.7478048364988057e5,
		"totalProjectedInfected":2.68992790480147e6,
		"totalInfectedFraction":0.668283983288346,
		"fatalityRate":1.1009447779466799e-2,
		"fatalityRateSymptomatic":1.572778254209543e-2,
		"fatalityRatePCR":6.237539624792406e-2,
		"fractionOfSymptomaticHospitalized":6.276599003145418e-2,
		"fractionOfSymptomaticHospitalizedOrICU":8.835002231491755e-2,
		"fractionOfPCRHospitalized":0.20311498764252153,
		"fractionOfPCRHospitalizedOrICU":0.285906645967315,
		"fractionHospitalizedInICU":0.28957584404756403,
		"fractionOfDeathInICU":0.7363578776370215,
		"fractionDeathOfHospitalizedOrICU":0.17239396101189103,
		"fractionOfInfectionsPCRConfirmed":0.1765030515510867,
		"fractionOfDeathsReported":0.8160359193481115,
		"fractionOfHospitalizationsReported":0.8159654414459725,
		"dateContained":"",
		"dateICUOverCapacity":"Sun 9 Aug 2020 20:54:59",
		"dateHospitalsOverCapacity":"Fri 4 Sep 2020 21:30:20"
	},
	"summaryAug1":{
		"totalProjectedDeaths":1.3617841633695741e3,
		"totalProjectedPCRConfirmed":2.869187141591744e4,
		"totalProjectedInfected":1.878575943213553e5,
		"totalInfectedFraction":4.667122163384045e-2,
		"fatalityRate":7.24902375274785e-3,
		"fatalityRateSymptomatic":1.0355748218211214e-2,
		"fatalityRatePCR":4.746236812612002e-2,
		"fractionOfSymptomaticHospitalized":4.953559576577751e-2,
		"fractionOfSymptomaticHospitalizedOrICU":6.972678976458394e-2,
		"fractionOfPCRHospitalized":0.18480792401353813,
		"fractionOfPCRHospitalizedOrICU":0.26013744389895327,
		"fractionHospitalizedInICU":0.28957584404756376,
		"fractionOfDeathInICU":0.724371192951807,
		"fractionDeathOfHospitalizedOrICU":0.17239396101189094,
		"fractionOfInfectionsPCRConfirmed":0.15273202831947372,
		"fractionOfDeathsReported":0.8151442067837946,
		"fractionOfHospitalizationsReported":0.8140203783258685,
		"dateContained":"",
		"dateICUOverCapacity":"Sun 9 Aug 2020 20:54:59",
		"dateHospitalsOverCapacity":"Fri 4 Sep 2020 21:30:20"
	}
}