{
	"distancingLevel":0.6900519300000001,
	"id":"scenario1",
	"distancingDays":90,
	"maintain":true,
	"name":"Current",
	"events":{
		"herd":{
			"eventName":"herd",
			"day":2.1269526584800073e2,
			"thresholdCrossed":0.6999999999999996
		},
		"icu":{
			"eventName":"icu",
			"day":1.3825220672605857e2,
			"thresholdCrossed":1.6198246664018292e-4
		},
		"hospital":{
			"eventName":"hospital",
			"day":1.5040267316349713e2,
			"thresholdCrossed":9.548563621663107e-4
		}
	},
	"summary":{
		"totalProjectedDeaths":3.222170090446221e4,
		"totalProjectedPCRConfirmed":8.313103461885318e5,
		"totalProjectedInfected":2.5586874404782034e6,
		"totalInfectedFraction":0.6356786855366808,
		"fatalityRate":1.2593058610722756e-2,
		"fatalityRateSymptomatic":1.799008372960394e-2,
		"fatalityRatePCR":3.876013459016266e-2,
		"fractionOfSymptomaticHospitalized":7.728648030571308e-2,
		"fractionOfPCRHospitalized":0.24014340656040395,
		"fractionHospitalizedInICU":0.29039695853176684,
		"fractionDeathOfHospitalized":0.1145328526268709,
		"fractionOfInfectionsPCRConfirmed":0.32489718479767304,
		"dateContained":"Tue 5 Jan 2021 00:00:00",
		"dateICUOverCapacity":"Sun 17 May 2020 06:03:10",
		"dateHospitalsOverCapacity":"Fri 29 May 2020 09:39:50"
	},
	"summaryAug1":{
		"totalProjectedDeaths":1.572393993407639e4,
		"totalProjectedPCRConfirmed":5.128632036583188e5,
		"totalProjectedInfected":1.7430905655118383e6,
		"totalInfectedFraction":0.4330523149982195,
		"fatalityRate":9.020724594111516e-3,
		"fatalityRateSymptomatic":1.2886749420159311e-2,
		"fatalityRatePCR":3.0659130586705222e-2,
		"fractionOfSymptomaticHospitalized":6.660119728005408e-2,
		"fractionOfPCRHospitalized":0.22553474102110657,
		"fractionHospitalizedInICU":0.29039695853176695,
		"fractionDeathOfHospitalized":9.646324204687269e-2,
		"fractionOfInfectionsPCRConfirmed":0.2942263665501066,
		"dateContained":"Tue 5 Jan 2021 00:00:00",
		"dateICUOverCapacity":"Sun 17 May 2020 06:03:10",
		"dateHospitalsOverCapacity":"Fri 29 May 2020 09:39:50"
	}
}