{
	"distancingLevel":0.6109523809523809,
	"id":"scenario1",
	"distancingDays":90,
	"maintain":true,
	"name":"Current",
	"gradual":false,
	"events":{},
	"summary":{
		"totalProjectedDeaths":2.9847787106991065e4,
		"totalProjectedPCRConfirmed":4.7854198026425176e5,
		"totalProjectedInfected":2.711106647717131e6,
		"totalInfectedFraction":0.6735456167512555,
		"fatalityRate":1.1009447795837983e-2,
		"fatalityRateSymptomatic":1.5727782565482833e-2,
		"fatalityRatePCR":6.237234837894277e-2,
		"fractionOfSymptomaticHospitalized":6.276599005720013e-2,
		"fractionOfSymptomaticHospitalizedOrICU":8.835002235115777e-2,
		"fractionOfPCRHospitalized":0.20310528316813337,
		"fractionOfPCRHospitalizedOrICU":0.2858929858541177,
		"fractionHospitalizedInICU":0.2895758440475637,
		"fractionOfDeathInICU":0.7363578461526131,
		"fractionDeathOfHospitalizedOrICU":0.17239396101189092,
		"fractionOfInfectionsPCRConfirmed":0.17651167676019122,
		"fractionOfDeathsReported":0.8160362551048684,
		"fractionOfHospitalizationsReported":0.8159663277651139,
		"dateContained":"",
		"dateICUOverCapacity":"",
		"dateHospitalsOverCapacity":""
	},
	"summaryAug1":{
		"totalProjectedDeaths":1.1710667519855251e3,
		"totalProjectedPCRConfirmed":2.3856878794321434e4,
		"totalProjectedInfected":1.5518119920040632e5,
		"totalInfectedFraction":3.855311874641628e-2,
		"fatalityRate":7.546447366173329e-3,
		"fatalityRateSymptomatic":1.0780639094533329e-2,
		"fatalityRatePCR":4.908717364420151e-2,
		"fractionOfSymptomaticHospitalized":5.067156353856488e-2,
		"fractionOfSymptomaticHospitalizedOrICU":7.132578912752707e-2,
		"fractionOfPCRHospitalized":0.187724778814263,
		"fractionOfPCRHospitalizedOrICU":0.26424323728489796,
		"fractionHospitalizedInICU":0.2895758440475637,
		"fractionOfDeathInICU":0.7255855312513215,
		"fractionDeathOfHospitalizedOrICU":0.17239396101189092,
		"fractionOfInfectionsPCRConfirmed":0.15373562594726337,
		"fractionOfDeathsReported":0.8149919846883122,
		"fractionOfHospitalizationsReported":0.8136427828107368,
		"dateContained":"",
		"dateICUOverCapacity":"",
		"dateHospitalsOverCapacity":""
	}
}