{
	"distancingLevel":0.5952380952380951,
	"id":"scenario1",
	"distancingDays":90,
	"maintain":true,
	"name":"Current",
	"gradual":false,
	"events":{
		"herd":{
			"eventName":"herd",
			"day":2.845862699842118e2,
			"thresholdCrossed":0.6999999999999995
		},
		"icu":{
			"eventName":"icu",
			"day":2.5443678235538354e2,
			"thresholdCrossed":1.1338772664812832e-4
		},
		"hospital":{
			"eventName":"hospital",
			"day":2.6272490806859145e2,
			"thresholdCrossed":9.54856362166312e-4
		}
	},
	"summary":{
		"totalProjectedDeaths":2.9997987414750718e4,
		"totalProjectedPCRConfirmed":4.8104417037280265e5,
		"totalProjectedInfected":2.724749503448411e6,
		"totalInfectedFraction":0.6769350391797354,
		"fatalityRate":1.1009447795764573e-2,
		"fatalityRateSymptomatic":1.5727782565377962e-2,
		"fatalityRatePCR":6.236015164990502e-2,
		"fractionOfSymptomaticHospitalized":6.27659900571076e-2,
		"fractionOfSymptomaticHospitalizedOrICU":8.83500223510275e-2,
		"fractionOfPCRHospitalized":0.2030548001352805,
		"fractionOfPCRHospitalizedOrICU":0.2858219254426299,
		"fractionHospitalizedInICU":0.2895758440475635,
		"fractionOfDeathInICU":0.7363593332605575,
		"fractionDeathOfHospitalizedOrICU":0.17239396101189086,
		"fractionOfInfectionsPCRConfirmed":0.1765461998484627,
		"fractionOfDeathsReported":0.816017969915519,
		"fractionOfHospitalizationsReported":0.8159230658026309,
		"dateContained":"",
		"dateICUOverCapacity":"Thu 10 Sep 2020 10:28:57",
		"dateHospitalsOverCapacity":"Fri 18 Sep 2020 17:23:52"
	},
	"summaryAug1":{
		"totalProjectedDeaths":4.3970750385712614e2,
		"totalProjectedPCRConfirmed":7.078341864037079e3,
		"totalProjectedInfected":4.547903603884119e4,
		"totalInfectedFraction":1.1298782880351648e-2,
		"fatalityRate":9.668355843813306e-3,
		"fatalityRateSymptomatic":1.3811936919733295e-2,
		"fatalityRatePCR":6.212012817453017e-2,
		"fractionOfSymptomaticHospitalized":5.8439978978854536e-2,
		"fractionOfSymptomaticHospitalizedOrICU":8.226068678718625e-2,
		"fractionOfPCRHospitalized":0.21186077369522957,
		"fractionOfPCRHospitalizedOrICU":0.2982173000736392,
		"fractionHospitalizedInICU":0.28957584404756354,
		"fractionOfDeathInICU":0.732820532085612,
		"fractionDeathOfHospitalizedOrICU":0.1723939610118909,
		"fractionOfInfectionsPCRConfirmed":0.15563966347026023,
		"fractionOfDeathsReported":0.8119221040411381,
		"fractionOfHospitalizationsReported":0.8060514173599628,
		"dateContained":"",
		"dateICUOverCapacity":"Thu 10 Sep 2020 10:28:57",
		"dateHospitalsOverCapacity":"Fri 18 Sep 2020 17:23:52"
	}
}