{
	"distancingLevel":0.6828571428571427,
	"id":"scenario6",
	"distancingDays":6,
	"maintain":true,
	"postDistancingLevel":1,
	"name":"Open May 1",
	"gradual":false,
	"events":{
		"herd":{
			"eventName":"herd",
			"day":1.6961540722722393e2,
			"thresholdCrossed":0.6999999999999993
		},
		"icu":{
			"eventName":"icu",
			"day":1.455237414514361e2,
			"thresholdCrossed":1.3947232256055227e-4
		},
		"hospital":{
			"eventName":"hospital",
			"day":1.54742398723298e2,
			"thresholdCrossed":1.1685688563201962e-3
		}
	},
	"summary":{
		"totalProjectedDeaths":4.165929305207852e4,
		"totalProjectedPCRConfirmed":6.661861637061416e5,
		"totalProjectedInfected":3.9032000556017514e6,
		"totalInfectedFraction":0.7976386478728992,
		"fatalityRate":1.0673112435600221e-2,
		"fatalityRateSymptomatic":1.5247303479428886e-2,
		"fatalityRatePCR":6.253401124442247e-2,
		"fractionOfSymptomaticHospitalized":6.214916525860699e-2,
		"fractionOfSymptomaticHospitalizedOrICU":8.745006545483273e-2,
		"fractionOfPCRHospitalized":0.2055432090401743,
		"fractionOfPCRHospitalizedOrICU":0.28921976682334133,
		"fractionHospitalizedInICU":0.2893182533899126,
		"fractionOfDeathInICU":0.73457678858735,
		"fractionDeathOfHospitalizedOrICU":0.17232956334747818,
		"fractionOfInfectionsPCRConfirmed":0.17067692001849916,
		"fractionOfDeathsReported":0.8064273542008702,
		"fractionOfHospitalizationsReported":0.8063889906466851,
		"dateContained":"",
		"dateICUOverCapacity":"Sun 24 May 2020 12:34:11",
		"dateHospitalsOverCapacity":"Tue 2 Jun 2020 17:49:03"
	},
	"summaryAug1":{
		"totalProjectedDeaths":3.9014879307676296e4,
		"totalProjectedPCRConfirmed":6.599967011768485e5,
		"totalProjectedInfected":3.8923783244980313e6,
		"totalInfectedFraction":0.7954271724572778,
		"fatalityRate":1.0023403702081742e-2,
		"fatalityRateSymptomatic":1.431914814583106e-2,
		"fatalityRatePCR":5.911374895981809e-2,
		"fractionOfSymptomaticHospitalized":6.105132225848864e-2,
		"fractionOfSymptomaticHospitalizedOrICU":8.59052910106389e-2,
		"fractionOfPCRHospitalized":0.20324056017015799,
		"fractionOfPCRHospitalizedOrICU":0.2859797105238799,
		"fractionHospitalizedInICU":0.28931825338991324,
		"fractionOfDeathInICU":0.7306799902067098,
		"fractionDeathOfHospitalizedOrICU":0.17232956334747832,
		"fractionOfInfectionsPCRConfirmed":0.16956129290488817,
		"fractionOfDeathsReported":0.8064263164298031,
		"fractionOfHospitalizationsReported":0.8063878735443559,
		"dateContained":"",
		"dateICUOverCapacity":"Sun 24 May 2020 12:34:11",
		"dateHospitalsOverCapacity":"Tue 2 Jun 2020 17:49:03"
	}
}