{
	"distancingLevel":0.11,
	"id":"scenario3",
	"distancingDays":60,
	"maintain":false,
	"name":"Wuhan",
	"gradual":false,
	"events":{
		"herd":{
			"eventName":"herd",
			"day":2.810488212858329e2,
			"thresholdCrossed":0.7000000000000036
		},
		"icu":{
			"eventName":"icu",
			"day":2.6123648635583635e2,
			"thresholdCrossed":1.2434956328351174e-4
		},
		"hospital":{
			"eventName":"hospital",
			"day":2.6579996886222034e2,
			"thresholdCrossed":9.525570076091374e-4
		}
	},
	"summary":{
		"totalProjectedDeaths":7.511459023340281e3,
		"totalProjectedPCRConfirmed":1.092849419879621e5,
		"totalProjectedInfected":9.404367444765472e5,
		"totalInfectedFraction":2.4124373073022277e-2,
		"fatalityRate":7.98720282619455e-3,
		"fatalityRateSymptomatic":1.1410289751706501e-2,
		"fatalityRatePCR":6.873279050802517e-2,
		"fractionOfSymptomaticHospitalized":5.58140102231215e-2,
		"fractionOfSymptomaticHospitalizedOrICU":7.639818400669554e-2,
		"fractionOfPCRHospitalized":0.2560250154158516,
		"fractionOfPCRHospitalizedOrICU":0.3504468888701073,
		"fractionHospitalizedInICU":0.2694327627181563,
		"fractionOfDeathInICU":0.6917069610828459,
		"fractionDeathOfHospitalizedOrICU":0.16735819067953908,
		"fractionOfInfectionsPCRConfirmed":0.1162065844723993,
		"fractionOfDeathsReported":0.7665300954523763,
		"fractionOfHospitalizationsReported":0.7615034408036374,
		"dateContained":"Tue 16 Jun 2020 13:25:25",
		"dateICUOverCapacity":"Thu 17 Sep 2020 05:40:32",
		"dateHospitalsOverCapacity":"Mon 21 Sep 2020 19:11:57"
	},
	"summaryAug1":{
		"totalProjectedDeaths":7.511459023340281e3,
		"totalProjectedPCRConfirmed":1.092849419879621e5,
		"totalProjectedInfected":9.404367444765472e5,
		"totalInfectedFraction":2.4124373073022277e-2,
		"fatalityRate":7.98720282619455e-3,
		"fatalityRateSymptomatic":1.1410289751706501e-2,
		"fatalityRatePCR":6.873279050802517e-2,
		"fractionOfSymptomaticHospitalized":5.58140102231215e-2,
		"fractionOfSymptomaticHospitalizedOrICU":7.639818400669554e-2,
		"fractionOfPCRHospitalized":0.2560250154158516,
		"fractionOfPCRHospitalizedOrICU":0.3504468888701073,
		"fractionHospitalizedInICU":0.2694327627181563,
		"fractionOfDeathInICU":0.6917069610828459,
		"fractionDeathOfHospitalizedOrICU":0.16735819067953908,
		"fractionOfInfectionsPCRConfirmed":0.1162065844723993,
		"fractionOfDeathsReported":0.7665300954523763,
		"fractionOfHospitalizationsReported":0.7615034408036374,
		"dateContained":"Tue 16 Jun 2020 13:25:25",
		"dateICUOverCapacity":"Thu 17 Sep 2020 05:40:32",
		"dateHospitalsOverCapacity":"Mon 21 Sep 2020 19:11:57"
	}
}