{
	"distancingLevel":0.11,
	"id":"scenario3",
	"distancingDays":60,
	"maintain":false,
	"name":"Wuhan",
	"gradual":false,
	"events":{
		"herd":{
			"eventName":"herd",
			"day":3.182524942182584e2,
			"thresholdCrossed":0.7000000000002793
		},
		"icu":{
			"eventName":"icu",
			"day":2.8862287676235184e2,
			"thresholdCrossed":1.2434956328356427e-4
		},
		"hospital":{
			"eventName":"hospital",
			"day":2.962547696977385e2,
			"thresholdCrossed":9.525570076091431e-4
		}
	},
	"summary":{
		"totalProjectedDeaths":7.882206804314683e3,
		"totalProjectedPCRConfirmed":1.2817459515050577e5,
		"totalProjectedInfected":9.753884973169737e5,
		"totalInfectedFraction":2.5020966203853037e-2,
		"fatalityRate":8.081094687907917e-3,
		"fatalityRateSymptomatic":1.1544420982725597e-2,
		"fatalityRatePCR":6.149585879369621e-2,
		"fractionOfSymptomaticHospitalized":5.6003832383434364e-2,
		"fractionOfSymptomaticHospitalizedOrICU":7.665801246686453e-2,
		"fractionOfPCRHospitalized":0.22845695130769245,
		"fractionOfPCRHospitalizedOrICU":0.31271173911068306,
		"fractionHospitalizedInICU":0.269432762718156,
		"fractionOfDeathInICU":0.69223016033132,
		"fractionDeathOfHospitalizedOrICU":0.167358190679539,
		"fractionOfInfectionsPCRConfirmed":0.13140876225532588,
		"fractionOfDeathsReported":0.7682115606234464,
		"fractionOfHospitalizationsReported":0.7657956842878296,
		"dateContained":"Wed 24 Jun 2020 19:38:13",
		"dateICUOverCapacity":"Wed 14 Oct 2020 14:56:56",
		"dateHospitalsOverCapacity":"Thu 22 Oct 2020 06:06:52"
	},
	"summaryAug1":{
		"totalProjectedDeaths":7.882206804314683e3,
		"totalProjectedPCRConfirmed":1.2817459515050577e5,
		"totalProjectedInfected":9.753884973169737e5,
		"totalInfectedFraction":2.5020966203853037e-2,
		"fatalityRate":8.081094687907917e-3,
		"fatalityRateSymptomatic":1.1544420982725597e-2,
		"fatalityRatePCR":6.149585879369621e-2,
		"fractionOfSymptomaticHospitalized":5.6003832383434364e-2,
		"fractionOfSymptomaticHospitalizedOrICU":7.665801246686453e-2,
		"fractionOfPCRHospitalized":0.22845695130769245,
		"fractionOfPCRHospitalizedOrICU":0.31271173911068306,
		"fractionHospitalizedInICU":0.269432762718156,
		"fractionOfDeathInICU":0.69223016033132,
		"fractionDeathOfHospitalizedOrICU":0.167358190679539,
		"fractionOfInfectionsPCRConfirmed":0.13140876225532588,
		"fractionOfDeathsReported":0.7682115606234464,
		"fractionOfHospitalizationsReported":0.7657956842878296,
		"dateContained":"Wed 24 Jun 2020 19:38:13",
		"dateICUOverCapacity":"Wed 14 Oct 2020 14:56:56",
		"dateHospitalsOverCapacity":"Thu 22 Oct 2020 06:06:52"
	}
}