{
	"distancingLevel":0.11,
	"id":"scenario3",
	"distancingDays":60,
	"maintain":false,
	"name":"Wuhan",
	"gradual":false,
	"events":{
		"herd":{
			"eventName":"herd",
			"day":2.669451357577865e2,
			"thresholdCrossed":0.7000000000000067
		},
		"icu":{
			"eventName":"icu",
			"day":2.4726640055181383e2,
			"thresholdCrossed":1.2434956328356383e-4
		},
		"hospital":{
			"eventName":"hospital",
			"day":2.513122350271301e2,
			"thresholdCrossed":9.525570076091415e-4
		}
	},
	"summary":{
		"totalProjectedDeaths":4.1538771206040765e3,
		"totalProjectedPCRConfirmed":7.617870631919686e4,
		"totalProjectedInfected":5.80348906312511e5,
		"totalInfectedFraction":1.4887288922548703e-2,
		"fatalityRate":7.157551389210794e-3,
		"fatalityRateSymptomatic":1.0225073413158276e-2,
		"fatalityRatePCR":5.452806067877933e-2,
		"fractionOfSymptomaticHospitalized":5.370432416402155e-2,
		"fractionOfSymptomaticHospitalizedOrICU":7.351044698340761e-2,
		"fractionOfPCRHospitalized":0.21831096849846252,
		"fractionOfPCRHospitalizedOrICU":0.29882392387415646,
		"fractionHospitalizedInICU":0.26943276271815625,
		"fractionOfDeathInICU":0.6858482370348016,
		"fractionDeathOfHospitalizedOrICU":0.16735819067953905,
		"fractionOfInfectionsPCRConfirmed":0.13126363380820355,
		"fractionOfDeathsReported":0.766830294758659,
		"fractionOfHospitalizationsReported":0.7622767671842687,
		"dateContained":"Fri 22 May 2020 03:46:42",
		"dateICUOverCapacity":"Thu 3 Sep 2020 06:23:37",
		"dateHospitalsOverCapacity":"Mon 7 Sep 2020 07:29:37"
	},
	"summaryAug1":{
		"totalProjectedDeaths":4.1538771206040765e3,
		"totalProjectedPCRConfirmed":7.617870631919686e4,
		"totalProjectedInfected":5.80348906312511e5,
		"totalInfectedFraction":1.4887288922548703e-2,
		"fatalityRate":7.157551389210794e-3,
		"fatalityRateSymptomatic":1.0225073413158276e-2,
		"fatalityRatePCR":5.452806067877933e-2,
		"fractionOfSymptomaticHospitalized":5.370432416402155e-2,
		"fractionOfSymptomaticHospitalizedOrICU":7.351044698340761e-2,
		"fractionOfPCRHospitalized":0.21831096849846252,
		"fractionOfPCRHospitalizedOrICU":0.29882392387415646,
		"fractionHospitalizedInICU":0.26943276271815625,
		"fractionOfDeathInICU":0.6858482370348016,
		"fractionDeathOfHospitalizedOrICU":0.16735819067953905,
		"fractionOfInfectionsPCRConfirmed":0.13126363380820355,
		"fractionOfDeathsReported":0.766830294758659,
		"fractionOfHospitalizationsReported":0.7622767671842687,
		"dateContained":"Fri 22 May 2020 03:46:42",
		"dateICUOverCapacity":"Thu 3 Sep 2020 06:23:37",
		"dateHospitalsOverCapacity":"Mon 7 Sep 2020 07:29:37"
	}
}