{
	"distancingLevel":0.11,
	"id":"scenario3",
	"distancingDays":60,
	"maintain":false,
	"name":"Wuhan",
	"gradual":false,
	"events":{
		"herd":{
			"eventName":"herd",
			"day":2.568159652421177e2,
			"thresholdCrossed":0.6999999999999872
		},
		"icu":{
			"eventName":"icu",
			"day":2.3755075719928655e2,
			"thresholdCrossed":1.2434956328356508e-4
		},
		"hospital":{
			"eventName":"hospital",
			"day":2.416912351972688e2,
			"thresholdCrossed":9.525570076087616e-4
		}
	},
	"summary":{
		"totalProjectedDeaths":1.0748749886427597e4,
		"totalProjectedPCRConfirmed":1.4816923790468075e5,
		"totalProjectedInfected":1.3140202252085528e6,
		"totalInfectedFraction":3.370765160401324e-2,
		"fatalityRate":8.18004904355382e-3,
		"fatalityRateSymptomatic":1.168578434793403e-2,
		"fatalityRatePCR":7.254373470789133e-2,
		"fractionOfSymptomaticHospitalized":5.6260785732561734e-2,
		"fractionOfSymptomaticHospitalizedOrICU":7.700973005836702e-2,
		"fractionOfPCRHospitalized":0.26829929115365697,
		"fractionOfPCRHospitalizedOrICU":0.3672479102017963,
		"fractionHospitalizedInICU":0.2694327627181564,
		"fractionOfDeathInICU":0.6926261584039642,
		"fractionDeathOfHospitalizedOrICU":0.16735819067953908,
		"fractionOfInfectionsPCRConfirmed":0.11276024148042643,
		"fractionOfDeathsReported":0.7691240226930396,
		"fractionOfHospitalizationsReported":0.7681953771324082,
		"dateContained":"Fri 19 Jun 2020 06:33:55",
		"dateICUOverCapacity":"Mon 24 Aug 2020 13:13:05",
		"dateHospitalsOverCapacity":"Fri 28 Aug 2020 16:35:22"
	},
	"summaryAug1":{
		"totalProjectedDeaths":1.0748749886427597e4,
		"totalProjectedPCRConfirmed":1.4816923790468075e5,
		"totalProjectedInfected":1.3140202252085528e6,
		"totalInfectedFraction":3.370765160401324e-2,
		"fatalityRate":8.18004904355382e-3,
		"fatalityRateSymptomatic":1.168578434793403e-2,
		"fatalityRatePCR":7.254373470789133e-2,
		"fractionOfSymptomaticHospitalized":5.6260785732561734e-2,
		"fractionOfSymptomaticHospitalizedOrICU":7.700973005836702e-2,
		"fractionOfPCRHospitalized":0.26829929115365697,
		"fractionOfPCRHospitalizedOrICU":0.3672479102017963,
		"fractionHospitalizedInICU":0.2694327627181564,
		"fractionOfDeathInICU":0.6926261584039642,
		"fractionDeathOfHospitalizedOrICU":0.16735819067953908,
		"fractionOfInfectionsPCRConfirmed":0.11276024148042643,
		"fractionOfDeathsReported":0.7691240226930396,
		"fractionOfHospitalizationsReported":0.7681953771324082,
		"dateContained":"Fri 19 Jun 2020 06:33:55",
		"dateICUOverCapacity":"Mon 24 Aug 2020 13:13:05",
		"dateHospitalsOverCapacity":"Fri 28 Aug 2020 16:35:22"
	}
}