{
	"distancingLevel":0.11,
	"id":"scenario3",
	"distancingDays":60,
	"maintain":false,
	"name":"Wuhan",
	"gradual":false,
	"events":{
		"herd":{
			"eventName":"herd",
			"day":2.5560066774011247e2,
			"thresholdCrossed":0.6999999999999967
		},
		"icu":{
			"eventName":"icu",
			"day":2.3662972392826202e2,
			"thresholdCrossed":1.7764223326223412e-4
		},
		"hospital":{
			"eventName":"hospital",
			"day":2.3896456782177262e2,
			"thresholdCrossed":9.525570076091398e-4
		}
	},
	"summary":{
		"totalProjectedDeaths":3.069803444070135e5,
		"totalProjectedPCRConfirmed":9.718529003244739e6,
		"totalProjectedInfected":3.093883815698679e7,
		"totalInfectedFraction":0.7936526071835336,
		"fatalityRate":9.922167821860802e-3,
		"fatalityRateSymptomatic":1.4174525459801147e-2,
		"fatalityRatePCR":3.158712026321283e-2,
		"fractionOfSymptomaticHospitalized":7.003009058834836e-2,
		"fractionOfSymptomaticHospitalizedOrICU":9.596035137587218e-2,
		"fractionOfPCRHospitalized":0.20264344748375915,
		"fractionOfPCRHospitalizedOrICU":0.277676870916329,
		"fractionHospitalizedInICU":0.2702184851945384,
		"fractionOfDeathInICU":0.6541634771243181,
		"fractionDeathOfHospitalizedOrICU":0.1591721001141977,
		"fractionOfInfectionsPCRConfirmed":0.31412068397436066,
		"dateContained":"Mon 1 Jun 2020 00:00:00",
		"dateICUOverCapacity":"Sun 23 Aug 2020 15:06:48",
		"dateHospitalsOverCapacity":"Tue 25 Aug 2020 23:08:58"
	},
	"summaryAug1":{
		"totalProjectedDeaths":4.868306429167024e3,
		"totalProjectedPCRConfirmed":7.946845540570293e4,
		"totalProjectedInfected":5.1993564217593503e5,
		"totalInfectedFraction":1.3337549260471792e-2,
		"fatalityRate":9.363286595996998e-3,
		"fatalityRateSymptomatic":1.3376123708567141e-2,
		"fatalityRatePCR":6.12608663942606e-2,
		"fractionOfSymptomaticHospitalized":6.672800575223016e-2,
		"fractionOfSymptomaticHospitalizedOrICU":9.143559325426034e-2,
		"fractionOfPCRHospitalized":0.21390028861750168,
		"fractionOfPCRHospitalizedOrICU":0.2931018178427296,
		"fractionHospitalizedInICU":0.2702184851945385,
		"fractionOfDeathInICU":0.6540055176220848,
		"fractionDeathOfHospitalizedOrICU":0.15917210011419772,
		"fractionOfInfectionsPCRConfirmed":0.15284286930806815,
		"dateContained":"Mon 1 Jun 2020 00:00:00",
		"dateICUOverCapacity":"Sun 23 Aug 2020 15:06:48",
		"dateHospitalsOverCapacity":"Tue 25 Aug 2020 23:08:58"
	}
}