{
	"distancingLevel":0.11,
	"id":"scenario3",
	"distancingDays":60,
	"maintain":false,
	"name":"Wuhan",
	"gradual":false,
	"events":{
		"herd":{
			"eventName":"herd",
			"day":2.729874862425944e2,
			"thresholdCrossed":0.6999999999999899
		},
		"icu":{
			"eventName":"icu",
			"day":2.5012755361246e2,
			"thresholdCrossed":1.2434956328356435e-4
		},
		"hospital":{
			"eventName":"hospital",
			"day":2.5513687932731906e2,
			"thresholdCrossed":9.525570076091387e-4
		}
	},
	"summary":{
		"totalProjectedDeaths":6.6243321548272415e3,
		"totalProjectedPCRConfirmed":1.1613964595293743e5,
		"totalProjectedInfected":8.614136594993884e5,
		"totalInfectedFraction":2.2097248553944467e-2,
		"fatalityRate":7.690070945330703e-3,
		"fatalityRateSymptomatic":1.0985815636186719e-2,
		"fatalityRatePCR":5.703764722609522e-2,
		"fractionOfSymptomaticHospitalized":5.524766909356333e-2,
		"fractionOfSymptomaticHospitalizedOrICU":7.562297660529975e-2,
		"fractionOfPCRHospitalized":0.21912896956698627,
		"fractionOfPCRHospitalizedOrICU":0.2999436032503727,
		"fractionHospitalizedInICU":0.2694327627181563,
		"fractionOfDeathInICU":0.6890932624089616,
		"fractionDeathOfHospitalizedOrICU":0.16735819067953908,
		"fractionOfInfectionsPCRConfirmed":0.13482447680297074,
		"fractionOfDeathsReported":0.7674033036114868,
		"fractionOfHospitalizationsReported":0.7639352330272612,
		"dateContained":"Mon 1 Jun 2020 08:02:50",
		"dateICUOverCapacity":"Sun 6 Sep 2020 03:03:40",
		"dateHospitalsOverCapacity":"Fri 11 Sep 2020 03:17:06"
	},
	"summaryAug1":{
		"totalProjectedDeaths":6.6243321548272415e3,
		"totalProjectedPCRConfirmed":1.1613964595293743e5,
		"totalProjectedInfected":8.614136594993884e5,
		"totalInfectedFraction":2.2097248553944467e-2,
		"fatalityRate":7.690070945330703e-3,
		"fatalityRateSymptomatic":1.0985815636186719e-2,
		"fatalityRatePCR":5.703764722609522e-2,
		"fractionOfSymptomaticHospitalized":5.524766909356333e-2,
		"fractionOfSymptomaticHospitalizedOrICU":7.562297660529975e-2,
		"fractionOfPCRHospitalized":0.21912896956698627,
		"fractionOfPCRHospitalizedOrICU":0.2999436032503727,
		"fractionHospitalizedInICU":0.2694327627181563,
		"fractionOfDeathInICU":0.6890932624089616,
		"fractionDeathOfHospitalizedOrICU":0.16735819067953908,
		"fractionOfInfectionsPCRConfirmed":0.13482447680297074,
		"fractionOfDeathsReported":0.7674033036114868,
		"fractionOfHospitalizationsReported":0.7639352330272612,
		"dateContained":"Mon 1 Jun 2020 08:02:50",
		"dateICUOverCapacity":"Sun 6 Sep 2020 03:03:40",
		"dateHospitalsOverCapacity":"Fri 11 Sep 2020 03:17:06"
	}
}