{
	"distancingLevel":0.11,
	"id":"scenario3",
	"distancingDays":60,
	"maintain":false,
	"name":"Wuhan",
	"gradual":false,
	"events":{
		"herd":{
			"eventName":"herd",
			"day":2.4577218203754057e2,
			"thresholdCrossed":0.7000000000000034
		},
		"icu":{
			"eventName":"icu",
			"day":2.2802146670967358e2,
			"thresholdCrossed":1.7764223326219688e-4
		},
		"hospital":{
			"eventName":"hospital",
			"day":2.2987506708638625e2,
			"thresholdCrossed":9.525570076091421e-4
		}
	},
	"summary":{
		"totalProjectedDeaths":3.1125500871913985e5,
		"totalProjectedPCRConfirmed":1.0038653070210561e7,
		"totalProjectedInfected":3.1370164894230787e7,
		"totalInfectedFraction":0.8047171335185136,
		"fatalityRate":9.922007415918366e-3,
		"fatalityRateSymptomatic":1.4174296308454808e-2,
		"fatalityRatePCR":3.100565449789085e-2,
		"fractionOfSymptomaticHospitalized":7.003009058865992e-2,
		"fractionOfSymptomaticHospitalizedOrICU":9.59603513762991e-2,
		"fractionOfPCRHospitalized":0.1838214870302427,
		"fractionOfPCRHospitalizedOrICU":0.25188564426607085,
		"fractionHospitalizedInICU":0.2702184851945384,
		"fractionOfDeathInICU":0.6541552233332317,
		"fractionDeathOfHospitalizedOrICU":0.1591721001141977,
		"fractionOfInfectionsPCRConfirmed":0.3200063851770427,
		"dateContained":"Mon 8 Jun 2020 00:00:00",
		"dateICUOverCapacity":"Sat 15 Aug 2020 00:30:54",
		"dateHospitalsOverCapacity":"Sun 16 Aug 2020 21:00:05"
	},
	"summaryAug1":{
		"totalProjectedDeaths":6.509945939997156e3,
		"totalProjectedPCRConfirmed":1.2467822027425446e5,
		"totalProjectedInfected":8.606817675201187e5,
		"totalInfectedFraction":2.207847383543123e-2,
		"fatalityRate":7.563708429370189e-3,
		"fatalityRateSymptomatic":1.0805297756243129e-2,
		"fatalityRatePCR":5.2213978717992916e-2,
		"fractionOfSymptomaticHospitalized":5.573430982512667e-2,
		"fractionOfSymptomaticHospitalizedOrICU":7.637122713362206e-2,
		"fractionOfPCRHospitalized":0.1774603522569743,
		"fractionOfPCRHospitalizedOrICU":0.2431691522143859,
		"fractionHospitalizedInICU":0.27021848519453845,
		"fractionOfDeathInICU":0.6535140165377035,
		"fractionDeathOfHospitalizedOrICU":0.15917210011419772,
		"fractionOfInfectionsPCRConfirmed":0.14485983667748611,
		"dateContained":"Mon 8 Jun 2020 00:00:00",
		"dateICUOverCapacity":"Sat 15 Aug 2020 00:30:54",
		"dateHospitalsOverCapacity":"Sun 16 Aug 2020 21:00:05"
	}
}