{
	"distancingLevel":0.5004761904761904,
	"id":"scenario7",
	"distancingDays":60,
	"maintain":true,
	"postDistancingLevel":1,
	"name":"Open Gradual May 1",
	"gradual":true,
	"events":{
		"herd":{
			"eventName":"herd",
			"day":1.749999320164373e2,
			"thresholdCrossed":0.7000000000000002
		}
	},
	"summary":{
		"totalProjectedDeaths":3.9700274664904646e4,
		"totalProjectedPCRConfirmed":1.1332003514502172e6,
		"totalProjectedInfected":4.203242052592433e6,
		"totalInfectedFraction":0.7009984445822733,
		"fatalityRate":9.445155470030263e-3,
		"fatalityRateSymptomatic":1.3493079242900377e-2,
		"fatalityRatePCR":3.503376487140873e-2,
		"fractionOfSymptomaticHospitalized":5.9943261302725544e-2,
		"fractionOfSymptomaticHospitalizedOrICU":8.256400818254571e-2,
		"fractionOfPCRHospitalized":0.12456683687926369,
		"fractionOfPCRHospitalizedOrICU":0.1715745375853569,
		"fractionHospitalizedInICU":0.2739783033523107,
		"fractionOfDeathInICU":0.694217179698729,
		"fractionDeathOfHospitalizedOrICU":0.16849457583807767,
		"fractionOfInfectionsPCRConfirmed":0.2696014974325101,
		"fractionOfDeathsReported":0.8004951836241215,
		"fractionOfHospitalizationsReported":0.800361756940159,
		"dateContained":"",
		"dateICUOverCapacity":"",
		"dateHospitalsOverCapacity":""
	},
	"summaryAug1":{
		"totalProjectedDeaths":3.4542335129865205e4,
		"totalProjectedPCRConfirmed":1.093523589339726e6,
		"totalProjectedInfected":4.126719187969255e6,
		"totalInfectedFraction":0.6882362937461722,
		"fatalityRate":8.37041086550485e-3,
		"fatalityRateSymptomatic":1.1957729807864075e-2,
		"fatalityRatePCR":3.1588102411875735e-2,
		"fractionOfSymptomaticHospitalized":5.720982118751274e-2,
		"fractionOfSymptomaticHospitalizedOrICU":7.87990516697664e-2,
		"fractionOfPCRHospitalized":0.12095530974796848,
		"fractionOfPCRHospitalizedOrICU":0.16660013096917597,
		"fractionHospitalizedInICU":0.27397830335231055,
		"fractionOfDeathInICU":0.6881908031935237,
		"fractionDeathOfHospitalizedOrICU":0.16849457583807764,
		"fractionOfInfectionsPCRConfirmed":0.2649861886720345,
		"fractionOfDeathsReported":0.8004873358534343,
		"fractionOfHospitalizationsReported":0.8003492573343448,
		"dateContained":"",
		"dateICUOverCapacity":"",
		"dateHospitalsOverCapacity":""
	}
}