{
	"distancingLevel":0.5166666666666666,
	"id":"scenario7",
	"distancingDays":60,
	"maintain":true,
	"postDistancingLevel":1,
	"name":"Open Gradual May 1",
	"gradual":true,
	"events":{
		"herd":{
			"eventName":"herd",
			"day":1.7849432785239776e2,
			"thresholdCrossed":0.6999999999999862
		},
		"icu":{
			"eventName":"icu",
			"day":1.0846267313599061e2,
			"thresholdCrossed":1.0775375040922578e-4
		},
		"hospital":{
			"eventName":"hospital",
			"day":1.5497678409040375e2,
			"thresholdCrossed":1.20114757236285e-3
		}
	},
	"summary":{
		"totalProjectedDeaths":4.3713884593828814e4,
		"totalProjectedPCRConfirmed":7.376303908977924e5,
		"totalProjectedInfected":4.628180524286512e6,
		"totalInfectedFraction":0.7718678363454704,
		"fatalityRate":9.445155469722698e-3,
		"fatalityRateSymptomatic":1.3493079242460997e-2,
		"fatalityRatePCR":5.9262586158663165e-2,
		"fractionOfSymptomaticHospitalized":5.9943261302181874e-2,
		"fractionOfSymptomaticHospitalizedOrICU":8.256400818179686e-2,
		"fractionOfPCRHospitalized":0.21072065722872776,
		"fractionOfPCRHospitalizedOrICU":0.2902401652756426,
		"fractionHospitalizedInICU":0.2739783033523106,
		"fractionOfDeathInICU":0.694216385960088,
		"fractionDeathOfHospitalizedOrICU":0.16849457583807764,
		"fractionOfInfectionsPCRConfirmed":0.1593780508402936,
		"fractionOfDeathsReported":0.8005005262618967,
		"fractionOfHospitalizationsReported":0.8003818203922074,
		"dateContained":"",
		"dateICUOverCapacity":"Fri 17 Apr 2020 11:06:14",
		"dateHospitalsOverCapacity":"Tue 2 Jun 2020 23:26:34"
	},
	"summaryAug1":{
		"totalProjectedDeaths":3.5807267452354456e4,
		"totalProjectedPCRConfirmed":6.961438593449236e5,
		"totalProjectedInfected":4.508978249496084e6,
		"totalInfectedFraction":0.7519877989426229,
		"fatalityRate":7.941326276381179e-3,
		"fatalityRateSymptomatic":1.1344751823401684e-2,
		"fatalityRatePCR":5.143659169248343e-2,
		"fractionOfSymptomaticHospitalized":5.589535648953244e-2,
		"fractionOfSymptomaticHospitalizedOrICU":7.698854834176715e-2,
		"fractionOfPCRHospitalized":0.20283414109643935,
		"fractionOfPCRHospitalizedOrICU":0.2793775200286708,
		"fractionHospitalizedInICU":0.2739783033523106,
		"fractionOfDeathInICU":0.6859875977750204,
		"fractionDeathOfHospitalizedOrICU":0.16849457583807764,
		"fractionOfInfectionsPCRConfirmed":0.1543906004476122,
		"fractionOfDeathsReported":0.8004901010751491,
		"fractionOfHospitalizationsReported":0.8003651006327838,
		"dateContained":"",
		"dateICUOverCapacity":"Fri 17 Apr 2020 11:06:14",
		"dateHospitalsOverCapacity":"Tue 2 Jun 2020 23:26:34"
	}
}