{
	"distancingLevel":0.5004761904761904,
	"id":"scenario7",
	"distancingDays":60,
	"maintain":true,
	"postDistancingLevel":1,
	"name":"Open Gradual May 1",
	"gradual":true,
	"events":{
		"herd":{
			"eventName":"herd",
			"day":1.7564896193785447e2,
			"thresholdCrossed":0.7
		},
		"icu":{
			"eventName":"icu",
			"day":1.1759652712368515e2,
			"thresholdCrossed":1.5393392915603272e-4
		},
		"hospital":{
			"eventName":"hospital",
			"day":1.2781220565521362e2,
			"thresholdCrossed":5.889434527283125e-4
		}
	},
	"summary":{
		"totalProjectedDeaths":4.928942571931807e4,
		"totalProjectedPCRConfirmed":1.1814514909766132e6,
		"totalProjectedInfected":4.228653517269167e6,
		"totalInfectedFraction":0.7052364582369857,
		"fatalityRate":1.1656056831808915e-2,
		"fatalityRateSymptomatic":1.6651509759727023e-2,
		"fatalityRatePCR":4.171938170612013e-2,
		"fractionOfSymptomaticHospitalized":7.381073220024362e-2,
		"fractionOfSymptomaticHospitalizedOrICU":0.10177594125463531,
		"fractionOfPCRHospitalized":0.14801344056313456,
		"fractionOfPCRHospitalizedOrICU":0.20409236953214133,
		"fractionHospitalizedInICU":0.27477229598324193,
		"fractionOfDeathInICU":0.695448403463379,
		"fractionDeathOfHospitalizedOrICU":0.1686930739958105,
		"fractionOfInfectionsPCRConfirmed":0.2793918882575146,
		"fractionOfDeathsReported":0.8005044551736494,
		"fractionOfHospitalizationsReported":0.8003821475685289,
		"dateContained":"",
		"dateICUOverCapacity":"Sun 26 Apr 2020 14:18:59",
		"dateHospitalsOverCapacity":"Wed 6 May 2020 19:29:34"
	},
	"summaryAug1":{
		"totalProjectedDeaths":4.264611507481707e4,
		"totalProjectedPCRConfirmed":1.140161146806707e6,
		"totalProjectedInfected":4.154565472100934e6,
		"totalInfectedFraction":0.692880376009211,
		"fatalityRate":1.0264879771710816e-2,
		"fatalityRateSymptomatic":1.4664113959586878e-2,
		"fatalityRatePCR":3.740358561967989e-2,
		"fractionOfSymptomaticHospitalized":7.046364772118305e-2,
		"fractionOfSymptomaticHospitalizedOrICU":9.716072253019559e-2,
		"fractionOfPCRHospitalized":0.14385136205772037,
		"fractionOfPCRHospitalizedOrICU":0.19835337406580428,
		"fractionHospitalizedInICU":0.274772295983242,
		"fractionOfDeathInICU":0.6860919809351145,
		"fractionDeathOfHospitalizedOrICU":0.1686930739958105,
		"fractionOfInfectionsPCRConfirmed":0.2744357152301985,
		"fractionOfDeathsReported":0.8004977124350557,
		"fractionOfHospitalizationsReported":0.8003711885465228,
		"dateContained":"",
		"dateICUOverCapacity":"Sun 26 Apr 2020 14:18:59",
		"dateHospitalsOverCapacity":"Wed 6 May 2020 19:29:34"
	}
}