{
	"distancingLevel":0.5004761904761904,
	"id":"scenario7",
	"distancingDays":60,
	"maintain":true,
	"postDistancingLevel":1,
	"name":"Open Gradual May 1",
	"gradual":true,
	"events":{
		"herd":{
			"eventName":"herd",
			"day":1.646778323062346e2,
			"thresholdCrossed":0.6999999999999997
		},
		"icu":{
			"eventName":"icu",
			"day":1.162307945060283e2,
			"thresholdCrossed":1.539339291560368e-4
		},
		"hospital":{
			"eventName":"hospital",
			"day":1.1953685106570344e2,
			"thresholdCrossed":5.889434527283124e-4
		}
	},
	"summary":{
		"totalProjectedDeaths":6.189698196292499e4,
		"totalProjectedPCRConfirmed":1.4718914369367515e6,
		"totalProjectedInfected":4.725103505088254e6,
		"totalInfectedFraction":0.7880322299102888,
		"fatalityRate":1.3099603404723489e-2,
		"fatalityRateSymptomatic":1.8713719149604985e-2,
		"fatalityRatePCR":4.205268161063754e-2,
		"fractionOfSymptomaticHospitalized":7.381073220045897e-2,
		"fractionOfSymptomaticHospitalizedOrICU":0.10177594125493222,
		"fractionOfPCRHospitalized":0.1959386809942797,
		"fractionOfPCRHospitalizedOrICU":0.27017539444377336,
		"fractionHospitalizedInICU":0.27477229598324165,
		"fractionOfDeathInICU":0.5661375231111209,
		"fractionDeathOfHospitalizedOrICU":0.15564956126820495,
		"fractionOfInfectionsPCRConfirmed":0.31150459145534837,
		"dateContained":"Sat 3 Oct 2020 00:00:00",
		"dateICUOverCapacity":"Sat 25 Apr 2020 05:32:20",
		"dateHospitalsOverCapacity":"Tue 28 Apr 2020 12:53:03"
	},
	"summaryAug1":{
		"totalProjectedDeaths":5.596783679638982e4,
		"totalProjectedPCRConfirmed":1.448630641167979e6,
		"totalProjectedInfected":4.698055608423687e6,
		"totalInfectedFraction":0.7835212992396676,
		"fatalityRate":1.1912978785529618e-2,
		"fatalityRateSymptomatic":1.701854112218517e-2,
		"fatalityRatePCR":3.863499446019239e-2,
		"fractionOfSymptomaticHospitalized":7.195959493329288e-2,
		"fractionOfSymptomaticHospitalizedOrICU":9.922345014501828e-2,
		"fractionOfPCRHospitalized":0.19257039118240168,
		"fractionOfPCRHospitalizedOrICU":0.2655309361678107,
		"fractionHospitalizedInICU":0.2747722959832419,
		"fractionOfDeathInICU":0.5688416247929432,
		"fractionDeathOfHospitalizedOrICU":0.14550091608073787,
		"fractionOfInfectionsPCRConfirmed":0.30834684854954925,
		"dateContained":"Sat 3 Oct 2020 00:00:00",
		"dateICUOverCapacity":"Sat 25 Apr 2020 05:32:20",
		"dateHospitalsOverCapacity":"Tue 28 Apr 2020 12:53:03"
	}
}