{
	"distancingLevel":0.6257142857142856,
	"id":"scenario7",
	"distancingDays":60,
	"maintain":true,
	"postDistancingLevel":1,
	"name":"Open Gradual May 1",
	"gradual":true,
	"events":{
		"herd":{
			"eventName":"herd",
			"day":1.6649769938801595e2,
			"thresholdCrossed":0.6999999999999996
		},
		"icu":{
			"eventName":"icu",
			"day":1.2118983182225935e2,
			"thresholdCrossed":2.3751144847513416e-4
		},
		"hospital":{
			"eventName":"hospital",
			"day":1.353584767741918e2,
			"thresholdCrossed":1.4080908434100997e-3
		}
	},
	"summary":{
		"totalProjectedDeaths":6.600468589414902e4,
		"totalProjectedPCRConfirmed":1.4507792225339036e6,
		"totalProjectedInfected":4.888269229390449e6,
		"totalInfectedFraction":0.7390324030610779,
		"fatalityRate":1.3502669921963278e-2,
		"fatalityRateSymptomatic":1.928952845994754e-2,
		"fatalityRatePCR":4.549602370157086e-2,
		"fractionOfSymptomaticHospitalized":7.339390647225144e-2,
		"fractionOfSymptomaticHospitalizedOrICU":0.10204521252331325,
		"fractionOfPCRHospitalized":0.19594733843399514,
		"fractionOfPCRHospitalizedOrICU":0.27244070734175213,
		"fractionHospitalizedInICU":0.2807707029324492,
		"fractionOfDeathInICU":0.5814656781936892,
		"fractionDeathOfHospitalizedOrICU":0.16699422103797515,
		"fractionOfInfectionsPCRConfirmed":0.29678791295110624,
		"dateContained":"Mon 12 Oct 2020 00:00:00",
		"dateICUOverCapacity":"Thu 30 Apr 2020 04:33:21",
		"dateHospitalsOverCapacity":"Thu 14 May 2020 08:36:12"
	},
	"summaryAug1":{
		"totalProjectedDeaths":5.861043658844754e4,
		"totalProjectedPCRConfirmed":1.4157961946405268e6,
		"totalProjectedInfected":4.8398726362897605e6,
		"totalInfectedFraction":0.731715569879279,
		"fatalityRate":1.2109913006590646e-2,
		"fatalityRateSymptomatic":1.729987572370093e-2,
		"fatalityRatePCR":4.139750962060527e-2,
		"fractionOfSymptomaticHospitalized":7.105563815700497e-2,
		"fractionOfSymptomaticHospitalizedOrICU":9.879413762302745e-2,
		"fractionOfPCRHospitalized":0.19171757292199326,
		"fractionOfPCRHospitalizedOrICU":0.2665597379078771,
		"fractionHospitalizedInICU":0.28077070293244866,
		"fractionOfDeathInICU":0.5840508434217448,
		"fractionDeathOfHospitalizedOrICU":0.15530293489001035,
		"fractionOfInfectionsPCRConfirmed":0.29252757273502844,
		"dateContained":"Mon 12 Oct 2020 00:00:00",
		"dateICUOverCapacity":"Thu 30 Apr 2020 04:33:21",
		"dateHospitalsOverCapacity":"Thu 14 May 2020 08:36:12"
	}
}