{
	"distancingLevel":0.7633333333333334,
	"id":"scenario7",
	"distancingDays":60,
	"maintain":true,
	"name":"Open Gradual May 30",
	"gradual":true,
	"events":{
		"herd":{
			"eventName":"herd",
			"day":2.06148465139131e2,
			"thresholdCrossed":0.7000000000000003
		},
		"icu":{
			"eventName":"icu",
			"day":1.4282504769850118e2,
			"thresholdCrossed":1.66258013932594e-4
		},
		"hospital":{
			"eventName":"hospital",
			"day":1.853462447598562e2,
			"thresholdCrossed":1.408090843414664e-3
		}
	},
	"summary":{
		"totalProjectedDeaths":4.180880796578117e4,
		"totalProjectedPCRConfirmed":6.828745107257945e5,
		"totalProjectedInfected":4.297089893241718e6,
		"totalInfectedFraction":0.6496550253161681,
		"fatalityRate":9.72956326362553e-3,
		"fatalityRateSymptomatic":1.3899376090893614e-2,
		"fatalityRatePCR":6.122473061901901e-2,
		"fractionOfSymptomaticHospitalized":5.9604748286322035e-2,
		"fractionOfSymptomaticHospitalizedOrICU":8.278047140309006e-2,
		"fractionOfPCRHospitalized":0.20543464513746743,
		"fractionOfPCRHospitalizedOrICU":0.28531245003023614,
		"fractionHospitalizedInICU":0.2799660683727746,
		"fractionOfDeathInICU":0.7290125477971106,
		"fractionDeathOfHospitalizedOrICU":0.16999151709319366,
		"fractionOfInfectionsPCRConfirmed":0.1589155748870394,
		"fractionOfDeathsReported":0.7831667402326585,
		"fractionOfHospitalizationsReported":0.7824583892188066,
		"dateContained":"",
		"dateICUOverCapacity":"Thu 21 May 2020 19:48:04",
		"dateHospitalsOverCapacity":"Fri 3 Jul 2020 08:18:35"
	},
	"summaryAug1":{
		"totalProjectedDeaths":2.1447853030139537e4,
		"totalProjectedPCRConfirmed":4.851109846963547e5,
		"totalProjectedInfected":3.473255970692766e6,
		"totalInfectedFraction":0.5251037915494252,
		"fatalityRate":6.175143211763229e-3,
		"fatalityRateSymptomatic":8.821633159661757e-3,
		"fatalityRatePCR":4.421226009459337e-2,
		"fractionOfSymptomaticHospitalized":4.697700084314501e-2,
		"fractionOfSymptomaticHospitalizedOrICU":6.524275979186192e-2,
		"fractionOfPCRHospitalized":0.1840775993004456,
		"fractionOfPCRHospitalizedOrICU":0.25565128421718025,
		"fractionHospitalizedInICU":0.27996606837277443,
		"fractionOfDeathInICU":0.7131797679409319,
		"fractionDeathOfHospitalizedOrICU":0.1699915170931936,
		"fractionOfInfectionsPCRConfirmed":0.1396703809882448,
		"fractionOfDeathsReported":0.7828209851821197,
		"fractionOfHospitalizationsReported":0.781847285882978,
		"dateContained":"",
		"dateICUOverCapacity":"Thu 21 May 2020 19:48:04",
		"dateHospitalsOverCapacity":"Fri 3 Jul 2020 08:18:35"
	}
}