{
	"distancingLevel":0.6257142857142856,
	"id":"scenario7",
	"distancingDays":60,
	"maintain":true,
	"postDistancingLevel":1,
	"name":"Open Gradual May 1",
	"gradual":true,
	"events":{
		"herd":{
			"eventName":"herd",
			"day":1.6554690349081343e2,
			"thresholdCrossed":0.6999999999999996
		},
		"icu":{
			"eventName":"icu",
			"day":1.2389890076036369e2,
			"thresholdCrossed":2.3751144847513424e-4
		},
		"hospital":{
			"eventName":"hospital",
			"day":1.396718407899773e2,
			"thresholdCrossed":1.4080908434146657e-3
		}
	},
	"summary":{
		"totalProjectedDeaths":5.6390850451217964e4,
		"totalProjectedPCRConfirmed":1.4486862415180404e6,
		"totalProjectedInfected":4.925841859017171e6,
		"totalInfectedFraction":0.7447128166101947,
		"fatalityRate":1.144796200632989e-2,
		"fatalityRateSymptomatic":1.635423143761413e-2,
		"fatalityRatePCR":3.892550977230754e-2,
		"fractionOfSymptomaticHospitalized":7.339390647225161e-2,
		"fractionOfSymptomaticHospitalizedOrICU":0.1020452125233134,
		"fractionOfPCRHospitalized":0.21398071946197272,
		"fractionOfPCRHospitalizedOrICU":0.2975139087554094,
		"fractionHospitalizedInICU":0.2807707029324485,
		"fractionOfDeathInICU":0.6858596013023769,
		"fractionDeathOfHospitalizedOrICU":0.162654331967708,
		"fractionOfInfectionsPCRConfirmed":0.2940992185662838,
		"dateContained":"Mon 5 Oct 2020 00:00:00",
		"dateICUOverCapacity":"Sat 2 May 2020 21:34:25",
		"dateHospitalsOverCapacity":"Mon 18 May 2020 16:07:27"
	},
	"summaryAug1":{
		"totalProjectedDeaths":5.271557877235314e4,
		"totalProjectedPCRConfirmed":1.4223302487642341e6,
		"totalProjectedInfected":4.884503607692487e6,
		"totalInfectedFraction":0.7384630979917639,
		"fatalityRate":1.0792412700715922e-2,
		"fatalityRateSymptomatic":1.5417732429594174e-2,
		"fatalityRatePCR":3.706282617426868e-2,
		"fractionOfSymptomaticHospitalized":7.206901758796065e-2,
		"fractionOfSymptomaticHospitalizedOrICU":0.10020311725593094,
		"fractionOfPCRHospitalized":0.21171512618099358,
		"fractionOfPCRHospitalizedOrICU":0.29436387956413973,
		"fractionHospitalizedInICU":0.2807707029324486,
		"fractionOfDeathInICU":0.6835009524862788,
		"fractionDeathOfHospitalizedOrICU":0.16265433196770804,
		"fractionOfInfectionsPCRConfirmed":0.2911923837100336,
		"dateContained":"Mon 5 Oct 2020 00:00:00",
		"dateICUOverCapacity":"Sat 2 May 2020 21:34:25",
		"dateHospitalsOverCapacity":"Mon 18 May 2020 16:07:27"
	}
}