{
	"distancingLevel":0.6152380952380953,
	"id":"scenario7",
	"distancingDays":60,
	"maintain":true,
	"name":"Open Gradual May 1",
	"gradual":true,
	"events":{
		"herd":{
			"eventName":"herd",
			"day":2.0110945670034775e2,
			"thresholdCrossed":0.7000000000000243
		},
		"icu":{
			"eventName":"icu",
			"day":1.6076854887892222e2,
			"thresholdCrossed":1.622779093743306e-4
		},
		"hospital":{
			"eventName":"hospital",
			"day":1.7563611470317906e2,
			"thresholdCrossed":1.034079531341461e-3
		}
	},
	"summary":{
		"totalProjectedDeaths":4.944328210668679e4,
		"totalProjectedPCRConfirmed":9.673369024125959e5,
		"totalProjectedInfected":6.181045576968537e6,
		"totalInfectedFraction":0.6058877402463955,
		"fatalityRate":7.999177726648637e-3,
		"fatalityRateSymptomatic":1.1427396752355195e-2,
		"fatalityRatePCR":5.111278395703947e-2,
		"fractionOfSymptomaticHospitalized":5.606869635613846e-2,
		"fractionOfSymptomaticHospitalizedOrICU":7.643853924977777e-2,
		"fractionOfPCRHospitalized":0.1918885304542686,
		"fractionOfPCRHospitalizedOrICU":0.26160192620752737,
		"fractionHospitalizedInICU":0.2664865536882762,
		"fractionOfDeathInICU":0.6653535754576035,
		"fractionDeathOfHospitalizedOrICU":0.16662163842206906,
		"fractionOfInfectionsPCRConfirmed":0.15650052897474695,
		"fractionOfDeathsReported":0.7654027629477111,
		"fractionOfHospitalizationsReported":0.7651495517858117,
		"dateContained":"",
		"dateICUOverCapacity":"Mon 8 Jun 2020 18:26:42",
		"dateHospitalsOverCapacity":"Tue 23 Jun 2020 15:16:00"
	},
	"summaryAug1":{
		"totalProjectedDeaths":3.0298979024414297e4,
		"totalProjectedPCRConfirmed":8.031613163728504e5,
		"totalProjectedInfected":5.553861866876296e6,
		"totalInfectedFraction":0.5444089958988236,
		"fatalityRate":5.455479403461578e-3,
		"fatalityRateSymptomatic":7.793542004945111e-3,
		"fatalityRatePCR":3.772464934099073e-2,
		"fractionOfSymptomaticHospitalized":4.691206586238043e-2,
		"fractionOfSymptomaticHospitalizedOrICU":6.395529093333628e-2,
		"fractionOfPCRHospitalized":0.17371853554169014,
		"fractionOfPCRHospitalizedOrICU":0.23683074443309451,
		"fractionHospitalizedInICU":0.26648655368827634,
		"fractionOfDeathInICU":0.6486608508285858,
		"fractionDeathOfHospitalizedOrICU":0.1666216384220691,
		"fractionOfInfectionsPCRConfirmed":0.144613124277176,
		"fractionOfDeathsReported":0.7653096992893625,
		"fractionOfHospitalizationsReported":0.7650173242129954,
		"dateContained":"",
		"dateICUOverCapacity":"Mon 8 Jun 2020 18:26:42",
		"dateHospitalsOverCapacity":"Tue 23 Jun 2020 15:16:00"
	}
}