{
	"distancingLevel":0.6342857142857143,
	"id":"scenario7",
	"distancingDays":60,
	"maintain":true,
	"name":"Open Gradual May 10",
	"gradual":true,
	"events":{},
	"summary":{
		"totalProjectedDeaths":5.667286034460145e4,
		"totalProjectedPCRConfirmed":1.1143542081880278e6,
		"totalProjectedInfected":7.084835751238894e6,
		"totalInfectedFraction":0.6944804191915211,
		"fatalityRate":7.999177727541718e-3,
		"fatalityRateSymptomatic":1.1427396753631027e-2,
		"fatalityRatePCR":5.085713315226149e-2,
		"fractionOfSymptomaticHospitalized":5.606869635811537e-2,
		"fractionOfSymptomaticHospitalizedOrICU":7.643853925247288e-2,
		"fractionOfPCRHospitalized":0.1909316387197882,
		"fractionOfPCRHospitalizedOrICU":0.2602973942466043,
		"fractionHospitalizedInICU":0.26648655368827595,
		"fractionOfDeathInICU":0.6653530917025938,
		"fractionDeathOfHospitalizedOrICU":0.16662163842206898,
		"fractionOfInfectionsPCRConfirmed":0.15728723252238636,
		"fractionOfDeathsReported":0.7654070440488157,
		"fractionOfHospitalizationsReported":0.7651610818727602,
		"dateContained":"",
		"dateICUOverCapacity":"",
		"dateHospitalsOverCapacity":""
	},
	"summaryAug1":{
		"totalProjectedDeaths":3.484888031974486e4,
		"totalProjectedPCRConfirmed":9.406983269274192e5,
		"totalProjectedInfected":6.463889146754204e6,
		"totalInfectedFraction":0.6336130577847771,
		"fatalityRate":5.391317754458085e-3,
		"fatalityRateSymptomatic":7.701882506368694e-3,
		"fatalityRatePCR":3.704575560750803e-2,
		"fractionOfSymptomaticHospitalized":4.677804749305678e-2,
		"fractionOfSymptomaticHospitalizedOrICU":6.377258348605289e-2,
		"fractionOfPCRHospitalized":0.17213423628967714,
		"fractionOfPCRHospitalizedOrICU":0.2346708668466927,
		"fractionHospitalizedInICU":0.26648655368827623,
		"fractionOfDeathInICU":0.6478422892905474,
		"fractionDeathOfHospitalizedOrICU":0.16662163842206906,
		"fractionOfInfectionsPCRConfirmed":0.1455313210932437,
		"fractionOfDeathsReported":0.7653174862645576,
		"fractionOfHospitalizationsReported":0.7650390409039497,
		"dateContained":"",
		"dateICUOverCapacity":"",
		"dateHospitalsOverCapacity":""
	}
}