{
	"distancingLevel":0.6699999999999999,
	"id":"scenario7",
	"distancingDays":60,
	"maintain":true,
	"name":"Open Gradual May 10",
	"gradual":true,
	"events":{
		"herd":{
			"eventName":"herd",
			"day":1.9757319796303855e2,
			"thresholdCrossed":0.6999999999999997
		},
		"icu":{
			"eventName":"icu",
			"day":1.526151634613565e2,
			"thresholdCrossed":1.622779093743306e-4
		},
		"hospital":{
			"eventName":"hospital",
			"day":1.7222369783904094e2,
			"thresholdCrossed":1.034079531341461e-3
		}
	},
	"summary":{
		"totalProjectedDeaths":5.6040450950807295e4,
		"totalProjectedPCRConfirmed":1.0988450650475184e6,
		"totalProjectedInfected":7.005776450996218e6,
		"totalInfectedFraction":0.686730749629468,
		"fatalityRate":7.999177727522034e-3,
		"fatalityRateSymptomatic":1.1427396753602905e-2,
		"fatalityRatePCR":5.0999410866338905e-2,
		"fractionOfSymptomaticHospitalized":5.60686963580727e-2,
		"fractionOfSymptomaticHospitalizedOrICU":7.643853925241474e-2,
		"fractionOfPCRHospitalized":0.1913322009904447,
		"fractionOfPCRHospitalizedOrICU":0.2608434814010671,
		"fractionHospitalizedInICU":0.26648655368827645,
		"fractionOfDeathInICU":0.6653753669526629,
		"fractionDeathOfHospitalizedOrICU":0.16662163842206912,
		"fractionOfInfectionsPCRConfirmed":0.15684843396498374,
		"fractionOfDeathsReported":0.7651832026528314,
		"fractionOfHospitalizationsReported":0.7646272224132817,
		"dateContained":"",
		"dateICUOverCapacity":"Sun 31 May 2020 14:45:50",
		"dateHospitalsOverCapacity":"Sat 20 Jun 2020 05:22:07"
	},
	"summaryAug1":{
		"totalProjectedDeaths":3.413986552071422e4,
		"totalProjectedPCRConfirmed":9.11779607614083e5,
		"totalProjectedInfected":6.305468536456045e6,
		"totalInfectedFraction":0.6180841146008502,
		"fatalityRate":5.41432652043687e-3,
		"fatalityRateSymptomatic":7.734752172052673e-3,
		"fatalityRatePCR":3.744311151030278e-2,
		"fractionOfSymptomaticHospitalized":4.6639375786095186e-2,
		"fractionOfSymptomaticHospitalizedOrICU":6.358353213647115e-2,
		"fractionOfPCRHospitalized":0.17256472514886773,
		"fractionOfPCRHospitalizedOrICU":0.2352577529649434,
		"fractionHospitalizedInICU":0.2664865536882765,
		"fractionOfDeathInICU":0.6486503731414738,
		"fractionDeathOfHospitalizedOrICU":0.16662163842206915,
		"fractionOfInfectionsPCRConfirmed":0.14460140469221086,
		"fractionOfDeathsReported":0.7649478706990901,
		"fractionOfHospitalizationsReported":0.7643174352227118,
		"dateContained":"",
		"dateICUOverCapacity":"Sun 31 May 2020 14:45:50",
		"dateHospitalsOverCapacity":"Sat 20 Jun 2020 05:22:07"
	}
}