{
	"distancingLevel":0.5620955767428573,
	"id":"scenario7",
	"distancingDays":60,
	"maintain":true,
	"postDistancingLevel":1,
	"name":"Open Gradual May 1",
	"gradual":true,
	"events":{
		"herd":{
			"eventName":"herd",
			"day":2.0163676386095548e2,
			"thresholdCrossed":0.7000000000000459
		},
		"icu":{
			"eventName":"icu",
			"day":1.7060178235050748e2,
			"thresholdCrossed":1.622779093743188e-4
		},
		"hospital":{
			"eventName":"hospital",
			"day":1.7995839942225575e2,
			"thresholdCrossed":1.0340795313414615e-3
		}
	},
	"summary":{
		"totalProjectedDeaths":5.0877592529090536e4,
		"totalProjectedPCRConfirmed":1.7156887542259532e6,
		"totalProjectedInfected":6.360352808764693e6,
		"totalInfectedFraction":0.6234640632373823,
		"fatalityRate":7.999177727842425e-3,
		"fatalityRateSymptomatic":1.1427396754060607e-2,
		"fatalityRatePCR":2.9654325356958097e-2,
		"fractionOfSymptomaticHospitalized":5.606869635871997e-2,
		"fractionOfSymptomaticHospitalizedOrICU":7.643853925329719e-2,
		"fractionOfPCRHospitalized":0.11132890984797666,
		"fractionOfPCRHospitalizedOrICU":0.15177487257767985,
		"fractionHospitalizedInICU":0.2664865536882764,
		"fractionOfDeathInICU":0.6653535046702884,
		"fractionDeathOfHospitalizedOrICU":0.16662163842206906,
		"fractionOfInfectionsPCRConfirmed":0.2697474190207971,
		"fractionOfDeathsReported":0.765400425009114,
		"fractionOfHospitalizationsReported":0.7651503052550906,
		"dateContained":"",
		"dateICUOverCapacity":"Thu 18 Jun 2020 14:26:33",
		"dateHospitalsOverCapacity":"Sat 27 Jun 2020 23:00:05"
	},
	"summaryAug1":{
		"totalProjectedDeaths":2.9874228816446233e4,
		"totalProjectedPCRConfirmed":1.4492012733412683e6,
		"totalProjectedInfected":5.763297637341063e6,
		"totalInfectedFraction":0.564938623793251,
		"fatalityRate":5.183530453622194e-3,
		"fatalityRateSymptomatic":7.405043505174564e-3,
		"fatalityRatePCR":2.061427171366502e-2,
		"fractionOfSymptomaticHospitalized":4.606984686006028e-2,
		"fractionOfSymptomaticHospitalizedOrICU":6.28070924830488e-2,
		"fractionOfPCRHospitalized":9.811288544672564e-2,
		"fractionOfPCRHospitalizedOrICU":0.13375744635638256,
		"fractionHospitalizedInICU":0.26648655368827634,
		"fractionOfDeathInICU":0.6456909865514334,
		"fractionDeathOfHospitalizedOrICU":0.1666216384220691,
		"fractionOfInfectionsPCRConfirmed":0.2514534845383879,
		"fractionOfDeathsReported":0.7652952287713136,
		"fractionOfHospitalizationsReported":0.7650131455717,
		"dateContained":"",
		"dateICUOverCapacity":"Thu 18 Jun 2020 14:26:33",
		"dateHospitalsOverCapacity":"Sat 27 Jun 2020 23:00:05"
	}
}