{
	"distancingLevel":0.5304761904761904,
	"id":"scenario7",
	"distancingDays":60,
	"maintain":true,
	"postDistancingLevel":1,
	"name":"Open Gradual May 1",
	"gradual":true,
	"events":{
		"herd":{
			"eventName":"herd",
			"day":1.834977686880619e2,
			"thresholdCrossed":0.6999999999999995
		},
		"icu":{
			"eventName":"icu",
			"day":1.5598677114631656e2,
			"thresholdCrossed":2.318255848204723e-4
		},
		"hospital":{
			"eventName":"hospital",
			"day":1.6153533673611565e2,
			"thresholdCrossed":1.034079531341462e-3
		}
	},
	"summary":{
		"totalProjectedDeaths":7.057460709557672e4,
		"totalProjectedPCRConfirmed":2.333987861348598e6,
		"totalProjectedInfected":7.72191944328396e6,
		"totalInfectedFraction":0.7569295944506895,
		"fatalityRate":9.139516102691031e-3,
		"fatalityRateSymptomatic":1.3056451575272904e-2,
		"fatalityRatePCR":3.0237778124003665e-2,
		"fractionOfSymptomaticHospitalized":6.903981267980935e-2,
		"fractionOfSymptomaticHospitalizedOrICU":9.422231076350797e-2,
		"fractionOfPCRHospitalized":0.20168776966084023,
		"fractionOfPCRHospitalizedOrICU":0.27525404505826584,
		"fractionHospitalizedInICU":0.26726682756597947,
		"fractionOfDeathInICU":0.6298614350869121,
		"fractionDeathOfHospitalizedOrICU":0.15819805309677323,
		"fractionOfInfectionsPCRConfirmed":0.30225488345110274,
		"dateContained":"Thu 8 Oct 2020 00:00:00",
		"dateICUOverCapacity":"Wed 3 Jun 2020 23:40:57",
		"dateHospitalsOverCapacity":"Tue 9 Jun 2020 12:50:53"
	},
	"summaryAug1":{
		"totalProjectedDeaths":5.8978300416942024e4,
		"totalProjectedPCRConfirmed":2.2404076803790634e6,
		"totalProjectedInfected":7.584502948362103e6,
		"totalInfectedFraction":0.7434595482353664,
		"fatalityRate":7.776158941263062e-3,
		"fatalityRateSymptomatic":1.110879848751866e-2,
		"fatalityRatePCR":2.6324807281040592e-2,
		"fractionOfSymptomaticHospitalized":6.558657170120419e-2,
		"fractionOfSymptomaticHospitalizedOrICU":8.950948881341922e-2,
		"fractionOfPCRHospitalized":0.19560556709774904,
		"fractionOfPCRHospitalizedOrICU":0.2669533391643496,
		"fractionHospitalizedInICU":0.26726682756597886,
		"fractionOfDeathInICU":0.623036698752392,
		"fractionDeathOfHospitalizedOrICU":0.15819805309677304,
		"fractionOfInfectionsPCRConfirmed":0.2953928155388068,
		"dateContained":"Thu 8 Oct 2020 00:00:00",
		"dateICUOverCapacity":"Wed 3 Jun 2020 23:40:57",
		"dateHospitalsOverCapacity":"Tue 9 Jun 2020 12:50:53"
	}
}