{
	"distancingLevel":1,
	"id":"scenario4",
	"distancingDays":90,
	"maintain":false,
	"name":"Normal",
	"events":{
		"herd":{
			"eventName":"herd",
			"day":1.4568194834226196e2,
			"thresholdCrossed":0.7000000000000006
		},
		"icu":{
			"eventName":"icu",
			"day":1.2468097590352727e2,
			"thresholdCrossed":2.455316228111552e-4
		},
		"hospital":{
			"eventName":"hospital",
			"day":1.272484183320737e2,
			"thresholdCrossed":1.1191896431429242e-3
		}
	},
	"summary":{
		"totalProjectedDeaths":2.7342676215095195e5,
		"totalProjectedPCRConfirmed":5.188226272204951e6,
		"totalProjectedInfected":1.6662868634276912e7,
		"totalInfectedFraction":0.8217033895286415,
		"fatalityRate":1.6409345122513314e-2,
		"fatalityRateSymptomatic":2.3441921603590446e-2,
		"fatalityRatePCR":5.270139500580184e-2,
		"fractionOfSymptomaticHospitalized":8.321480152686458e-2,
		"fractionOfPCRHospitalized":0.2582604600024041,
		"fractionHospitalizedInICU":0.30258246539405775,
		"fractionDeathOfHospitalized":0.14231708940229587,
		"fractionOfInfectionsPCRConfirmed":0.3113645306866512,
		"dateContained":"Sun 23 Aug 2020 00:00:00",
		"dateICUOverCapacity":"Sun 3 May 2020 16:20:36",
		"dateHospitalsOverCapacity":"Wed 6 May 2020 05:57:43"
	},
	"summaryAug1":{
		"totalProjectedDeaths":2.706405347547542e5,
		"totalProjectedPCRConfirmed":5.184714816380323e6,
		"totalProjectedInfected":1.6659879437214408e7,
		"totalInfectedFraction":0.8215559819356191,
		"fatalityRate":1.6245047617223708e-2,
		"fatalityRateSymptomatic":2.3207210881748156e-2,
		"fatalityRatePCR":5.219969551646435e-2,
		"fractionOfSymptomaticHospitalized":8.313767010452786e-2,
		"fractionOfPCRHospitalized":0.25811987756425003,
		"fractionHospitalizedInICU":0.30258246539405786,
		"fractionDeathOfHospitalized":0.14103905246589016,
		"fractionOfInfectionsPCRConfirmed":0.3112096240503902,
		"dateContained":"Sun 23 Aug 2020 00:00:00",
		"dateICUOverCapacity":"Sun 3 May 2020 16:20:36",
		"dateHospitalsOverCapacity":"Wed 6 May 2020 05:57:43"
	}
}