{
	"distancingLevel":0.5640780183714286,
	"id":"scenario5",
	"distancingDays":610,
	"maintain":true,
	"name":"Current Indefinite",
	"gradual":false,
	"events":{
		"icu":{
			"eventName":"icu",
			"day":9.260669927676307e1,
			"thresholdCrossed":1.5311550392609435e-4
		}
	},
	"summary":{
		"totalProjectedDeaths":2.293271339474225e4,
		"totalProjectedPCRConfirmed":4.318532994844571e5,
		"totalProjectedInfected":2.145049146893465e6,
		"totalInfectedFraction":0.3159446693981333,
		"fatalityRate":1.0690996720496688e-2,
		"fatalityRateSymptomatic":1.527285245785241e-2,
		"fatalityRatePCR":5.3103017673175434e-2,
		"fractionOfSymptomaticHospitalized":6.23330063942498e-2,
		"fractionOfSymptomaticHospitalizedOrICU":8.671208078065093e-2,
		"fractionOfPCRHospitalized":0.17654906621684627,
		"fractionOfPCRHospitalizedOrICU":0.24559920621694753,
		"fractionHospitalizedInICU":0.28114968718223987,
		"fractionOfDeathInICU":0.7245233019708401,
		"fractionDeathOfHospitalizedOrICU":0.17028742179555997,
		"fractionOfInfectionsPCRConfirmed":0.2013255967164585,
		"fractionOfDeathsReported":0.8163137527403873,
		"fractionOfHospitalizationsReported":0.8146073155397681,
		"dateContained":"Wed 2 Dec 2020 22:50:01",
		"dateICUOverCapacity":"Wed 1 Apr 2020 14:33:38",
		"dateHospitalsOverCapacity":""
	},
	"summaryAug1":{
		"totalProjectedDeaths":2.137583085184988e4,
		"totalProjectedPCRConfirmed":4.113626959943939e5,
		"totalProjectedInfected":2.0930272364428157e6,
		"totalInfectedFraction":0.3082823529786737,
		"fatalityRate":1.0212877539127951e-2,
		"fatalityRateSymptomatic":1.4589825055897072e-2,
		"fatalityRatePCR":5.19634645046696e-2,
		"fractionOfSymptomaticHospitalized":6.105514831639563e-2,
		"fractionOfSymptomaticHospitalizedOrICU":8.493443937872229e-2,
		"fractionOfPCRHospitalized":0.17711585246738334,
		"fractionOfPCRHospitalizedOrICU":0.24638766834937018,
		"fractionHospitalizedInICU":0.28114968718223965,
		"fractionOfDeathInICU":0.7226756414567054,
		"fractionDeathOfHospitalizedOrICU":0.17028742179555992,
		"fractionOfInfectionsPCRConfirmed":0.19653958096289345,
		"fractionOfDeathsReported":0.8162575586718901,
		"fractionOfHospitalizationsReported":0.8144925737684574,
		"dateContained":"Wed 2 Dec 2020 22:50:01",
		"dateICUOverCapacity":"Wed 1 Apr 2020 14:33:38",
		"dateHospitalsOverCapacity":""
	}
}