{
	"distancingLevel":0.41571428571428565,
	"id":"scenario5",
	"distancingDays":618,
	"maintain":true,
	"name":"Current Indefinite",
	"gradual":false,
	"events":{
		"icu":{
			"eventName":"icu",
			"day":1.037424857500344e2,
			"thresholdCrossed":1.801358869718745e-4
		},
		"hospital":{
			"eventName":"hospital",
			"day":1.1817903107787642e2,
			"thresholdCrossed":9.144354072183098e-4
		}
	},
	"summary":{
		"totalProjectedDeaths":2.831150148623195e4,
		"totalProjectedPCRConfirmed":5.299255664332078e5,
		"totalProjectedInfected":1.9062250462621453e6,
		"totalInfectedFraction":0.280768225246471,
		"fatalityRate":1.4852129627478694e-2,
		"fatalityRateSymptomatic":2.121732803925528e-2,
		"fatalityRatePCR":5.342543043693732e-2,
		"fractionOfSymptomaticHospitalized":7.676225750729196e-2,
		"fractionOfSymptomaticHospitalizedOrICU":0.10690472916997712,
		"fractionOfPCRHospitalized":0.20568958790217184,
		"fractionOfPCRHospitalizedOrICU":0.2864583507810077,
		"fractionHospitalizedInICU":0.2819563914217399,
		"fractionOfDeathInICU":0.6020305504046884,
		"fractionDeathOfHospitalizedOrICU":0.18650330943844648,
		"fractionOfInfectionsPCRConfirmed":0.27799737888887865,
		"dateContained":"Wed 6 Jan 2021 00:00:00",
		"dateICUOverCapacity":"Sun 12 Apr 2020 17:49:10",
		"dateHospitalsOverCapacity":"Mon 27 Apr 2020 04:17:48"
	},
	"summaryAug1":{
		"totalProjectedDeaths":2.3214504900515964e4,
		"totalProjectedPCRConfirmed":4.6366623290919815e5,
		"totalProjectedInfected":1.7566267455186779e6,
		"totalInfectedFraction":0.2587338649897991,
		"fatalityRate":1.321538850512118e-2,
		"fatalityRateSymptomatic":1.8879126435887402e-2,
		"fatalityRatePCR":5.006727523559423e-2,
		"fractionOfSymptomaticHospitalized":7.297181025068633e-2,
		"fractionOfSymptomaticHospitalizedOrICU":0.10162587533530437,
		"fractionOfPCRHospitalized":0.19983760444767104,
		"fractionOfPCRHospitalizedOrICU":0.27830845099137264,
		"fractionHospitalizedInICU":0.28195639142174006,
		"fractionOfDeathInICU":0.6033725577018714,
		"fractionDeathOfHospitalizedOrICU":0.1798985084974882,
		"fractionOfInfectionsPCRConfirmed":0.26395262060768165,
		"dateContained":"Wed 6 Jan 2021 00:00:00",
		"dateICUOverCapacity":"Sun 12 Apr 2020 17:49:10",
		"dateHospitalsOverCapacity":"Mon 27 Apr 2020 04:17:48"
	}
}