{
	"distancingLevel":0.5640780183714286,
	"id":"scenario5",
	"distancingDays":611,
	"maintain":true,
	"name":"Current Indefinite",
	"gradual":false,
	"events":{
		"icu":{
			"eventName":"icu",
			"day":9.260669883818863e1,
			"thresholdCrossed":1.5311550392609438e-4
		}
	},
	"summary":{
		"totalProjectedDeaths":2.2942391418468244e4,
		"totalProjectedPCRConfirmed":4.320454423289724e5,
		"totalProjectedInfected":2.1460175440379553e6,
		"totalInfectedFraction":0.3160873047853482,
		"fatalityRate":1.0690682134545717e-2,
		"fatalityRateSymptomatic":1.5272403049351022e-2,
		"fatalityRatePCR":5.310180173362231e-2,
		"fractionOfSymptomaticHospitalized":6.233218811590113e-2,
		"fractionOfSymptomaticHospitalizedOrICU":8.671094246529636e-2,
		"fractionOfPCRHospitalized":0.17654813629940344,
		"fractionOfPCRHospitalizedOrICU":0.2455979125993107,
		"fractionHospitalizedInICU":0.28114968718223937,
		"fractionOfDeathInICU":0.7245223149501582,
		"fractionDeathOfHospitalizedOrICU":0.17028742179555983,
		"fractionOfInfectionsPCRConfirmed":0.20132428252009252,
		"fractionOfDeathsReported":0.8163140781842693,
		"fractionOfHospitalizationsReported":0.8146084011464297,
		"dateContained":"Mon 30 Nov 2020 05:34:12",
		"dateICUOverCapacity":"Wed 1 Apr 2020 14:33:38",
		"dateHospitalsOverCapacity":""
	},
	"summaryAug1":{
		"totalProjectedDeaths":2.139016673361547e4,
		"totalProjectedPCRConfirmed":4.1163791383919725e5,
		"totalProjectedInfected":2.0942249181126058e6,
		"totalInfectedFraction":0.3084587597242972,
		"fatalityRate":1.0213882257161324e-2,
		"fatalityRateSymptomatic":1.4591260367373321e-2,
		"fatalityRatePCR":5.1963548581123536e-2,
		"fractionOfSymptomaticHospitalized":6.105837629493619e-2,
		"fractionOfSymptomaticHospitalizedOrICU":8.49389298525845e-2,
		"fractionOfPCRHospitalized":0.1771084318807126,
		"fractionOfPCRHospitalizedOrICU":0.24637734549558765,
		"fractionHospitalizedInICU":0.28114968718223954,
		"fractionOfDeathInICU":0.7226787217252483,
		"fractionDeathOfHospitalizedOrICU":0.17028742179555986,
		"fractionOfInfectionsPCRConfirmed":0.19655859801829728,
		"fractionOfDeathsReported":0.8162581134019958,
		"fractionOfHospitalizationsReported":0.8144941934522114,
		"dateContained":"Mon 30 Nov 2020 05:34:12",
		"dateICUOverCapacity":"Wed 1 Apr 2020 14:33:38",
		"dateHospitalsOverCapacity":""
	}
}