{
	"distancingLevel":0.41571428571428565,
	"id":"scenario5",
	"distancingDays":612,
	"maintain":true,
	"name":"Current Indefinite",
	"gradual":false,
	"events":{
		"icu":{
			"eventName":"icu",
			"day":1.0031002020680695e2,
			"thresholdCrossed":1.8013588697187447e-4
		},
		"hospital":{
			"eventName":"hospital",
			"day":1.1841002862074825e2,
			"thresholdCrossed":9.144354072184287e-4
		}
	},
	"summary":{
		"totalProjectedDeaths":2.200670960443706e4,
		"totalProjectedPCRConfirmed":3.6532223806439e5,
		"totalProjectedInfected":1.667908321927665e6,
		"totalInfectedFraction":0.24566651263958358,
		"fatalityRate":1.3194196176803692e-2,
		"fatalityRateSymptomatic":1.8848851681148134e-2,
		"fatalityRatePCR":6.023917328722337e-2,
		"fractionOfSymptomaticHospitalized":7.675018752118981e-2,
		"fractionOfSymptomaticHospitalizedOrICU":0.10688791962532286,
		"fractionOfPCRHospitalized":0.2000877402985715,
		"fractionOfPCRHospitalizedOrICU":0.2786568084558945,
		"fractionHospitalizedInICU":0.28195639142174017,
		"fractionOfDeathInICU":0.7256691701841675,
		"fractionDeathOfHospitalizedOrICU":0.170489097855435,
		"fractionOfInfectionsPCRConfirmed":0.21903016686323218,
		"fractionOfDeathsReported":0.816730843095993,
		"fractionOfHospitalizationsReported":0.8157309272796527,
		"dateContained":"Sat 12 Dec 2020 13:45:30",
		"dateICUOverCapacity":"Thu 9 Apr 2020 07:26:25",
		"dateHospitalsOverCapacity":"Mon 27 Apr 2020 09:50:26"
	},
	"summaryAug1":{
		"totalProjectedDeaths":2.0289971392121766e4,
		"totalProjectedPCRConfirmed":3.447690182578715e5,
		"totalProjectedInfected":1.6158661376954743e6,
		"totalInfectedFraction":0.23800121009124395,
		"fatalityRate":1.2556715509280392e-2,
		"fatalityRateSymptomatic":1.7938165013257703e-2,
		"fatalityRatePCR":5.885091269119138e-2,
		"fractionOfSymptomaticHospitalized":7.506226344121827e-2,
		"fractionOfSymptomaticHospitalizedOrICU":0.10453719320730812,
		"fractionOfPCRHospitalized":0.2008647877797923,
		"fractionOfPCRHospitalizedOrICU":0.2797389815606164,
		"fractionHospitalizedInICU":0.28195639142174006,
		"fractionOfDeathInICU":0.7228725922746508,
		"fractionDeathOfHospitalizedOrICU":0.170489097855435,
		"fractionOfInfectionsPCRConfirmed":0.21336483896467828,
		"fractionOfDeathsReported":0.8167008531688695,
		"fractionOfHospitalizationsReported":0.8156558708447921,
		"dateContained":"Sat 12 Dec 2020 13:45:30",
		"dateICUOverCapacity":"Thu 9 Apr 2020 07:26:25",
		"dateHospitalsOverCapacity":"Mon 27 Apr 2020 09:50:26"
	}
}