{
	"distancingLevel":0.41571428571428565,
	"id":"scenario5",
	"distancingDays":612,
	"maintain":true,
	"name":"Current Indefinite",
	"gradual":false,
	"events":{},
	"summary":{
		"totalProjectedDeaths":2.201940323879918e4,
		"totalProjectedPCRConfirmed":3.6546683528027334e5,
		"totalProjectedInfected":1.6682710269758734e6,
		"totalInfectedFraction":0.24571993553048155,
		"fatalityRate":1.3198936433436977e-2,
		"fatalityRateSymptomatic":1.885562347633854e-2,
		"fatalityRatePCR":6.02500722723929e-2,
		"fractionOfSymptomaticHospitalized":7.676225737123843e-2,
		"fractionOfSymptomaticHospitalizedOrICU":0.10690472898049912,
		"fractionOfPCRHospitalized":0.20008365444688017,
		"fractionOfPCRHospitalizedOrICU":0.2786511182002577,
		"fractionHospitalizedInICU":0.2819563914217405,
		"fractionOfDeathInICU":0.7256901615059707,
		"fractionDeathOfHospitalizedOrICU":0.17048909785543515,
		"fractionOfInfectionsPCRConfirmed":0.2190692215897116,
		"fractionOfDeathsReported":0.8167310474264989,
		"fractionOfHospitalizationsReported":0.8157314346465361,
		"dateContained":"",
		"dateICUOverCapacity":"",
		"dateHospitalsOverCapacity":""
	},
	"summaryAug1":{
		"totalProjectedDeaths":2.0289971392121766e4,
		"totalProjectedPCRConfirmed":3.447690182578715e5,
		"totalProjectedInfected":1.6158661376954743e6,
		"totalInfectedFraction":0.23800121009124395,
		"fatalityRate":1.2556715509280392e-2,
		"fatalityRateSymptomatic":1.7938165013257703e-2,
		"fatalityRatePCR":5.885091269119138e-2,
		"fractionOfSymptomaticHospitalized":7.506226344121827e-2,
		"fractionOfSymptomaticHospitalizedOrICU":0.10453719320730812,
		"fractionOfPCRHospitalized":0.2008647877797923,
		"fractionOfPCRHospitalizedOrICU":0.2797389815606164,
		"fractionHospitalizedInICU":0.28195639142174006,
		"fractionOfDeathInICU":0.7228725922746508,
		"fractionDeathOfHospitalizedOrICU":0.170489097855435,
		"fractionOfInfectionsPCRConfirmed":0.21336483896467828,
		"fractionOfDeathsReported":0.8167008531688695,
		"fractionOfHospitalizationsReported":0.8156558708447921,
		"dateContained":"",
		"dateICUOverCapacity":"",
		"dateHospitalsOverCapacity":""
	}
}