{
	"distancingLevel":0.4947619047619047,
	"id":"scenario5",
	"distancingDays":595,
	"maintain":true,
	"name":"Current Indefinite",
	"gradual":false,
	"events":{
		"icu":{
			"eventName":"icu",
			"day":9.071437994868688e1,
			"thresholdCrossed":1.2609512088031024e-4
		}
	},
	"summary":{
		"totalProjectedDeaths":1.5896210825141696e4,
		"totalProjectedPCRConfirmed":1.7907340557927123e5,
		"totalProjectedInfected":1.4864827150476705e6,
		"totalInfectedFraction":0.21894430281559468,
		"fatalityRate":1.0693841686973075e-2,
		"fatalityRateSymptomatic":1.5276916695675822e-2,
		"fatalityRatePCR":8.876924395177624e-2,
		"fractionOfSymptomaticHospitalized":6.234025814666411e-2,
		"fractionOfSymptomaticHospitalizedOrICU":8.672216876737775e-2,
		"fractionOfPCRHospitalized":0.29251545614976904,
		"fractionOfPCRHospitalizedOrICU":0.406921233717159,
		"fractionHospitalizedInICU":0.28114968718223965,
		"fractionOfDeathInICU":0.7247970188678645,
		"fractionDeathOfHospitalizedOrICU":0.17028742179555992,
		"fractionOfInfectionsPCRConfirmed":0.12046786939835254,
		"fractionOfDeathsReported":0.8138202742839532,
		"fractionOfHospitalizationsReported":0.8075202311607357,
		"dateContained":"",
		"dateICUOverCapacity":"Mon 30 Mar 2020 17:08:42",
		"dateHospitalsOverCapacity":""
	},
	"summaryAug1":{
		"totalProjectedDeaths":1.4793820052332909e4,
		"totalProjectedPCRConfirmed":1.6822403441680677e5,
		"totalProjectedInfected":1.4372732059342484e6,
		"totalInfectedFraction":0.2116962254880421,
		"fatalityRate":1.0292977000650834e-2,
		"fatalityRateSymptomatic":1.4704252858072621e-2,
		"fatalityRatePCR":8.794117977029625e-2,
		"fractionOfSymptomaticHospitalized":6.119844125455112e-2,
		"fractionOfSymptomaticHospitalizedOrICU":8.51337756460932e-2,
		"fractionOfPCRHospitalized":0.2953708395980375,
		"fractionOfPCRHospitalizedOrICU":0.41089338674728876,
		"fractionHospitalizedInICU":0.28114968718223965,
		"fractionOfDeathInICU":0.7234033292893096,
		"fractionDeathOfHospitalizedOrICU":0.17028742179555992,
		"fractionOfInfectionsPCRConfirmed":0.11704388123443707,
		"fractionOfDeathsReported":0.8135769750812711,
		"fractionOfHospitalizationsReported":0.8070081702672149,
		"dateContained":"",
		"dateICUOverCapacity":"Mon 30 Mar 2020 17:08:42",
		"dateHospitalsOverCapacity":""
	}
}