{
	"distancingLevel":0.43809523809523804,
	"id":"scenario5",
	"distancingDays":602,
	"maintain":true,
	"name":"Current Indefinite",
	"gradual":false,
	"events":{
		"icu":{
			"eventName":"icu",
			"day":8.827425119445941e1,
			"thresholdCrossed":1.2609512088030656e-4
		}
	},
	"summary":{
		"totalProjectedDeaths":1.2147275349983398e4,
		"totalProjectedPCRConfirmed":1.432247084976521e5,
		"totalProjectedInfected":1.1363744483171713e6,
		"totalInfectedFraction":0.1673767940963109,
		"fatalityRate":1.0689500602527623e-2,
		"fatalityRateSymptomatic":1.5270715146468031e-2,
		"fatalityRatePCR":8.481270778905114e-2,
		"fractionOfSymptomaticHospitalized":6.232782592379456e-2,
		"fractionOfSymptomaticHospitalizedOrICU":8.670487417537731e-2,
		"fractionOfPCRHospitalized":0.28104345696203337,
		"fractionOfPCRHospitalizedOrICU":0.3909624186715519,
		"fractionHospitalizedInICU":0.2811496871822393,
		"fractionOfDeathInICU":0.7246223686823955,
		"fractionDeathOfHospitalizedOrICU":0.17028742179555983,
		"fractionOfInfectionsPCRConfirmed":0.12603654430082442,
		"fractionOfDeathsReported":0.8155496825455385,
		"fractionOfHospitalizationsReported":0.8118764564358404,
		"dateContained":"Thu 7 Jan 2021 22:55:28",
		"dateICUOverCapacity":"Sat 28 Mar 2020 06:34:55",
		"dateHospitalsOverCapacity":""
	},
	"summaryAug1":{
		"totalProjectedDeaths":1.1351123648025454e4,
		"totalProjectedPCRConfirmed":1.348713374816155e5,
		"totalProjectedInfected":1.097349460836675e6,
		"totalInfectedFraction":0.16162879676690328,
		"fatalityRate":1.0344128332072792e-2,
		"fatalityRateSymptomatic":1.4777326188675418e-2,
		"fatalityRatePCR":8.41626090463642e-2,
		"fractionOfSymptomaticHospitalized":6.1324125363126224e-2,
		"fractionOfSymptomaticHospitalizedOrICU":8.530861609108437e-2,
		"fractionOfPCRHospitalized":0.28346425306277284,
		"fractionOfPCRHospitalizedOrICU":0.3943300128112142,
		"fractionHospitalizedInICU":0.28114968718223954,
		"fractionOfDeathInICU":0.7234553304564026,
		"fractionDeathOfHospitalizedOrICU":0.17028742179555986,
		"fractionOfInfectionsPCRConfirmed":0.12290645987904596,
		"fractionOfDeathsReported":0.8154419771275184,
		"fractionOfHospitalizationsReported":0.811602929280708,
		"dateContained":"Thu 7 Jan 2021 22:55:28",
		"dateICUOverCapacity":"Sat 28 Mar 2020 06:34:55",
		"dateHospitalsOverCapacity":""
	}
}