{
	"distancingLevel":0.4509523809523809,
	"id":"scenario5",
	"distancingDays":612,
	"maintain":true,
	"name":"Current Indefinite",
	"gradual":false,
	"events":{},
	"summary":{
		"totalProjectedDeaths":8.719300604557477e3,
		"totalProjectedPCRConfirmed":8.915987701576472e4,
		"totalProjectedInfected":8.00728087385615e5,
		"totalInfectedFraction":8.067327606698327e-2,
		"fatalityRate":1.088921538024984e-2,
		"fatalityRateSymptomatic":1.5556021971785485e-2,
		"fatalityRatePCR":9.779399542033668e-2,
		"fractionOfSymptomaticHospitalized":6.266445793262801e-2,
		"fractionOfSymptomaticHospitalizedOrICU":8.775354107001294e-2,
		"fractionOfPCRHospitalized":0.31472726081622143,
		"fractionOfPCRHospitalizedOrICU":0.4407351873622235,
		"fractionHospitalizedInICU":0.28590393996030283,
		"fractionOfDeathInICU":0.7367639278606618,
		"fractionDeathOfHospitalizedOrICU":0.17147598499007569,
		"fractionOfInfectionsPCRConfirmed":0.11134850696554505,
		"fractionOfDeathsReported":0.8070150986214352,
		"fractionOfHospitalizationsReported":0.7989128982565477,
		"dateContained":"Tue 29 Sep 2020 07:43:05",
		"dateICUOverCapacity":"",
		"dateHospitalsOverCapacity":""
	},
	"summaryAug1":{
		"totalProjectedDeaths":8.599904384967569e3,
		"totalProjectedPCRConfirmed":8.754395493452868e4,
		"totalProjectedInfected":7.96491200582489e5,
		"totalInfectedFraction":8.024641013818948e-2,
		"fatalityRate":1.0797237155511947e-2,
		"fatalityRateSymptomatic":1.5424624507874211e-2,
		"fatalityRatePCR":9.823527382786353e-2,
		"fractionOfSymptomaticHospitalized":6.2423074681025835e-2,
		"fractionOfSymptomaticHospitalizedOrICU":8.741551476639668e-2,
		"fractionOfPCRHospitalized":0.31756709154880747,
		"fractionOfPCRHospitalizedOrICU":0.44471200629667923,
		"fractionHospitalizedInICU":0.2859039399603029,
		"fractionOfDeathInICU":0.7364236326769141,
		"fractionDeathOfHospitalizedOrICU":0.1714759849900757,
		"fractionOfInfectionsPCRConfirmed":0.10991201769775501,
		"fractionOfDeathsReported":0.806955731477304,
		"fractionOfHospitalizationsReported":0.7987989323520983,
		"dateContained":"Tue 29 Sep 2020 07:43:05",
		"dateICUOverCapacity":"",
		"dateHospitalsOverCapacity":""
	}
}