{
	"distancingLevel":0.3737902158914287,
	"id":"scenario5",
	"distancingDays":621,
	"maintain":true,
	"name":"Current Indefinite",
	"events":{
		"icu":{
			"eventName":"icu",
			"day":9.877637762452731e1,
			"thresholdCrossed":1.9464881002276765e-4
		}
	},
	"summary":{
		"totalProjectedDeaths":1.3833849058862728e4,
		"totalProjectedPCRConfirmed":2.1739662578044517e5,
		"totalProjectedInfected":1.1127116300269025e6,
		"totalInfectedFraction":0.11210558731015723,
		"fatalityRate":1.2432555466799838e-2,
		"fatalityRateSymptomatic":1.776079352399977e-2,
		"fatalityRatePCR":6.363414799654671e-2,
		"fractionOfSymptomaticHospitalized":7.719751106056758e-2,
		"fractionOfPCRHospitalized":0.25209943126336926,
		"fractionHospitalizedInICU":0.2867188446261208,
		"fractionDeathOfHospitalized":0.18004419278832556,
		"fractionOfInfectionsPCRConfirmed":0.19537553119238002,
		"dateContained":"Tue 5 Jan 2021 00:00:00",
		"dateICUOverCapacity":"Tue 7 Apr 2020 18:37:59",
		"dateHospitalsOverCapacity":""
	},
	"summaryAug1":{
		"totalProjectedDeaths":1.2210331030544286e4,
		"totalProjectedPCRConfirmed":1.882062954216672e5,
		"totalProjectedInfected":1.0366300480532042e6,
		"totalInfectedFraction":0.10444037540755392,
		"fatalityRate":1.1778870440303504e-2,
		"fatalityRateSymptomatic":1.6826957771862147e-2,
		"fatalityRatePCR":6.487737832141918e-2,
		"fractionOfSymptomaticHospitalized":7.552938406770347e-2,
		"fractionOfPCRHospitalized":0.24990838257710596,
		"fractionHospitalizedInICU":0.2867188446261205,
		"fractionDeathOfHospitalized":0.18517110506468254,
		"fractionOfInfectionsPCRConfirmed":0.18155589428950034,
		"dateContained":"Tue 5 Jan 2021 00:00:00",
		"dateICUOverCapacity":"Tue 7 Apr 2020 18:37:59",
		"dateHospitalsOverCapacity":""
	}
}