{
	"distancingLevel":0.4942857142857142,
	"id":"scenario5",
	"distancingDays":604,
	"maintain":true,
	"name":"Current Indefinite",
	"gradual":false,
	"events":{
		"icu":{
			"eventName":"icu",
			"day":9.293704711131107e1,
			"thresholdCrossed":1.3625416701595257e-4
		}
	},
	"summary":{
		"totalProjectedDeaths":1.6196742775527917e4,
		"totalProjectedPCRConfirmed":1.7440302987583398e5,
		"totalProjectedInfected":1.4865174131045009e6,
		"totalInfectedFraction":0.14976648319819086,
		"fatalityRate":1.0895763906123379e-2,
		"fatalityRateSymptomatic":1.5565377008747685e-2,
		"fatalityRatePCR":9.286961807406195e-2,
		"fractionOfSymptomaticHospitalized":6.268033920483981e-2,
		"fractionOfSymptomaticHospitalizedOrICU":8.777578075610078e-2,
		"fractionOfPCRHospitalized":0.3019198705289324,
		"fractionOfPCRHospitalizedOrICU":0.42280007890275806,
		"fractionHospitalizedInICU":0.2859039399603032,
		"fractionOfDeathInICU":0.7364834337440131,
		"fractionDeathOfHospitalizedOrICU":0.1714759849900758,
		"fractionOfInfectionsPCRConfirmed":0.11732323371281868,
		"fractionOfDeathsReported":0.8100756290781425,
		"fractionOfHospitalizationsReported":0.8073211742076578,
		"dateContained":"Mon 22 Feb 2021 19:12:19",
		"dateICUOverCapacity":"Wed 1 Apr 2020 22:29:20",
		"dateHospitalsOverCapacity":""
	},
	"summaryAug1":{
		"totalProjectedDeaths":1.4119554213214811e4,
		"totalProjectedPCRConfirmed":1.513598556336199e5,
		"totalProjectedInfected":1.3748659061212835e6,
		"totalInfectedFraction":0.13851760484853698,
		"fatalityRate":1.0269768237288196e-2,
		"fatalityRateSymptomatic":1.467109748184028e-2,
		"fatalityRatePCR":9.32846701928182e-2,
		"fractionOfSymptomaticHospitalized":6.082561209952307e-2,
		"fractionOfSymptomaticHospitalizedOrICU":8.51784731820839e-2,
		"fractionOfPCRHospitalized":0.31205891568360106,
		"fractionOfPCRHospitalizedOrICU":0.43699851202967516,
		"fractionHospitalizedInICU":0.2859039399603032,
		"fractionOfDeathInICU":0.7344624805658527,
		"fractionDeathOfHospitalizedOrICU":0.1714759849900758,
		"fractionOfInfectionsPCRConfirmed":0.11009063135519177,
		"fractionOfDeathsReported":0.8098967994387263,
		"fractionOfHospitalizationsReported":0.8068678839577555,
		"dateContained":"Mon 22 Feb 2021 19:12:19",
		"dateICUOverCapacity":"Wed 1 Apr 2020 22:29:20",
		"dateHospitalsOverCapacity":""
	}
}