{
	"distancingLevel":0.6882541542857143,
	"id":"scenario5",
	"distancingDays":622,
	"maintain":true,
	"name":"Current Indefinite",
	"events":{
		"icu":{
			"eventName":"icu",
			"day":9.766510206242623e1,
			"thresholdCrossed":1.946488100227615e-4
		}
	},
	"summary":{
		"totalProjectedDeaths":2.72088032621346e4,
		"totalProjectedPCRConfirmed":4.870593114354187e5,
		"totalProjectedInfected":2.1872084380758656e6,
		"totalInfectedFraction":0.22036103506377325,
		"fatalityRate":1.2439968129453069e-2,
		"fatalityRateSymptomatic":1.7771383042075817e-2,
		"fatalityRatePCR":5.5863428997891824e-2,
		"fractionOfSymptomaticHospitalized":7.719752260609529e-2,
		"fractionOfPCRHospitalized":0.2505115274890647,
		"fractionHospitalizedInICU":0.2867188446261206,
		"fractionDeathOfHospitalized":0.15905987072991015,
		"fractionOfInfectionsPCRConfirmed":0.22268536594705865,
		"dateContained":"Tue 19 Jan 2021 00:00:00",
		"dateICUOverCapacity":"Mon 6 Apr 2020 15:57:44",
		"dateHospitalsOverCapacity":""
	},
	"summaryAug1":{
		"totalProjectedDeaths":2.320184440467823e4,
		"totalProjectedPCRConfirmed":4.188610053983342e5,
		"totalProjectedInfected":2.0139599909281747e6,
		"totalInfectedFraction":0.20290627104949305,
		"fatalityRate":1.1520509101069672e-2,
		"fatalityRateSymptomatic":1.6457870144385246e-2,
		"fatalityRatePCR":5.5392705708217985e-2,
		"fractionOfSymptomaticHospitalized":7.486939045832362e-2,
		"fractionOfPCRHospitalized":0.24721840764323755,
		"fractionHospitalizedInICU":0.28671884462612035,
		"fractionDeathOfHospitalized":0.1598205145947747,
		"fractionOfInfectionsPCRConfirmed":0.20797881153800554,
		"dateContained":"Tue 19 Jan 2021 00:00:00",
		"dateICUOverCapacity":"Mon 6 Apr 2020 15:57:44",
		"dateHospitalsOverCapacity":""
	}
}