{
	"distancingLevel":0.4509523809523809,
	"id":"scenario5",
	"distancingDays":620,
	"maintain":true,
	"name":"Current Indefinite",
	"events":{},
	"summary":{
		"totalProjectedDeaths":2.0360594144047165e4,
		"totalProjectedPCRConfirmed":3.7455152392894734e5,
		"totalProjectedInfected":1.6371022627632108e6,
		"totalInfectedFraction":0.1649378919940109,
		"fatalityRate":1.2436971475246264e-2,
		"fatalityRateSymptomatic":1.7767102107494662e-2,
		"fatalityRatePCR":5.435992872347673e-2,
		"fractionOfSymptomaticHospitalized":7.71974926229492e-2,
		"fractionOfPCRHospitalized":0.24879575723022038,
		"fractionHospitalizedInICU":0.2867188446261202,
		"fractionDeathOfHospitalized":0.15584635846520575,
		"fractionOfInfectionsPCRConfirmed":0.22878932638988242,
		"dateContained":"Sun 21 Feb 2021 00:00:00",
		"dateICUOverCapacity":"",
		"dateHospitalsOverCapacity":""
	},
	"summaryAug1":{
		"totalProjectedDeaths":1.6475314011810096e4,
		"totalProjectedPCRConfirmed":3.016659622794103e5,
		"totalProjectedInfected":1.4446528736372103e6,
		"totalInfectedFraction":0.14554863496348122,
		"fatalityRate":1.1404341009844192e-2,
		"fatalityRateSymptomatic":1.6291915728348847e-2,
		"fatalityRatePCR":5.4614428115526886e-2,
		"fractionOfSymptomaticHospitalized":7.446723775812379e-2,
		"fractionOfPCRHospitalized":0.2452007209593745,
		"fractionHospitalizedInICU":0.2867188446261205,
		"fractionDeathOfHospitalized":0.15887164700784448,
		"fractionOfInfectionsPCRConfirmed":0.20881553471035863,
		"dateContained":"Sun 21 Feb 2021 00:00:00",
		"dateICUOverCapacity":"",
		"dateHospitalsOverCapacity":""
	}
}