{
	"distancingLevel":0.2,
	"id":"scenario2",
	"distancingDays":90,
	"maintain":false,
	"name":"Italy",
	"gradual":false,
	"events":{},
	"summary":{
		"totalProjectedDeaths":3.929228083048876e4,
		"totalProjectedPCRConfirmed":6.941401354465991e5,
		"totalProjectedInfected":4.163076642284904e6,
		"totalInfectedFraction":0.580627029703889,
		"fatalityRate":9.4382794761432e-3,
		"fatalityRateSymptomatic":1.3483256394490287e-2,
		"fatalityRatePCR":5.6605689289539074e-2,
		"fractionOfSymptomaticHospitalized":5.951765017707904e-2,
		"fractionOfSymptomaticHospitalizedOrICU":8.237757958932822e-2,
		"fractionOfPCRHospitalized":0.19769158101028375,
		"fractionOfPCRHospitalizedOrICU":0.2736222599575422,
		"fractionHospitalizedInICU":0.27750183394816114,
		"fractionOfDeathInICU":0.7041324902628963,
		"fractionDeathOfHospitalizedOrICU":0.16937545848704028,
		"fractionOfInfectionsPCRConfirmed":0.16673729433566717,
		"fractionOfDeathsReported":0.7923063298017006,
		"fractionOfHospitalizationsReported":0.7911832932277519,
		"dateContained":"",
		"dateICUOverCapacity":"",
		"dateHospitalsOverCapacity":""
	},
	"summaryAug1":{
		"totalProjectedDeaths":1.6739549632214494e3,
		"totalProjectedPCRConfirmed":2.0132463052551822e4,
		"totalProjectedInfected":1.774106998443316e5,
		"totalInfectedFraction":2.474358666425265e-2,
		"fatalityRate":9.435479171719944e-3,
		"fatalityRateSymptomatic":1.3479255959599921e-2,
		"fatalityRatePCR":8.314705254155541e-2,
		"fractionOfSymptomaticHospitalized":5.951500075762715e-2,
		"fractionOfSymptomaticHospitalizedOrICU":8.237391256347769e-2,
		"fractionOfPCRHospitalized":0.2723746501053639,
		"fractionOfPCRHospitalizedOrICU":0.3769900920216609,
		"fractionHospitalizedInICU":0.2775018339481613,
		"fractionOfDeathInICU":0.7058747999858253,
		"fractionDeathOfHospitalizedOrICU":0.1693754584870403,
		"fractionOfInfectionsPCRConfirmed":0.11347941849176506,
		"fractionOfDeathsReported":0.7682715481036149,
		"fractionOfHospitalizationsReported":0.7419238010197559,
		"dateContained":"",
		"dateICUOverCapacity":"",
		"dateHospitalsOverCapacity":""
	}
}