{
	"distancingLevel":0.2,
	"id":"scenario2",
	"distancingDays":90,
	"maintain":false,
	"name":"Italy",
	"gradual":false,
	"events":{
		"herd":{
			"eventName":"herd",
			"day":4.058530156171122e2,
			"thresholdCrossed":0.7000000000000003
		},
		"icu":{
			"eventName":"icu",
			"day":3.59789761800325e2,
			"thresholdCrossed":1.3121399303511419e-4
		},
		"hospital":{
			"eventName":"hospital",
			"day":3.686686693807928e2,
			"thresholdCrossed":8.298988186727963e-4
		}
	},
	"summary":{
		"totalProjectedDeaths":1.3415826549278136e3,
		"totalProjectedPCRConfirmed":1.878028373754475e4,
		"totalProjectedInfected":1.487946711398931e5,
		"totalInfectedFraction":2.0752490372674393e-2,
		"fatalityRate":9.016335361005573e-3,
		"fatalityRateSymptomatic":1.2880479087150818e-2,
		"fatalityRatePCR":7.143569680184216e-2,
		"fractionOfSymptomaticHospitalized":5.877061409782189e-2,
		"fractionOfSymptomaticHospitalizedOrICU":8.134361699349303e-2,
		"fractionOfPCRHospitalized":0.24036916700037378,
		"fractionOfPCRHospitalizedOrICU":0.3326917330654198,
		"fractionHospitalizedInICU":0.27750183394816125,
		"fractionOfDeathInICU":0.7030974396243159,
		"fractionDeathOfHospitalizedOrICU":0.1693754584870403,
		"fractionOfInfectionsPCRConfirmed":0.12621610433809144,
		"fractionOfDeathsReported":0.7648916868152701,
		"fractionOfHospitalizationsReported":0.7374545529379666,
		"dateContained":"Thu 28 May 2020 10:57:13",
		"dateICUOverCapacity":"Thu 24 Dec 2020 18:57:15",
		"dateHospitalsOverCapacity":"Sat 2 Jan 2021 16:02:53"
	},
	"summaryAug1":{
		"totalProjectedDeaths":1.3415826549278136e3,
		"totalProjectedPCRConfirmed":1.878028373754475e4,
		"totalProjectedInfected":1.487946711398931e5,
		"totalInfectedFraction":2.0752490372674393e-2,
		"fatalityRate":9.016335361005573e-3,
		"fatalityRateSymptomatic":1.2880479087150818e-2,
		"fatalityRatePCR":7.143569680184216e-2,
		"fractionOfSymptomaticHospitalized":5.877061409782189e-2,
		"fractionOfSymptomaticHospitalizedOrICU":8.134361699349303e-2,
		"fractionOfPCRHospitalized":0.24036916700037378,
		"fractionOfPCRHospitalizedOrICU":0.3326917330654198,
		"fractionHospitalizedInICU":0.27750183394816125,
		"fractionOfDeathInICU":0.7030974396243159,
		"fractionDeathOfHospitalizedOrICU":0.1693754584870403,
		"fractionOfInfectionsPCRConfirmed":0.12621610433809144,
		"fractionOfDeathsReported":0.7648916868152701,
		"fractionOfHospitalizationsReported":0.7374545529379666,
		"dateContained":"Thu 28 May 2020 10:57:13",
		"dateICUOverCapacity":"Thu 24 Dec 2020 18:57:15",
		"dateHospitalsOverCapacity":"Sat 2 Jan 2021 16:02:53"
	}
}