{
	"distancingLevel":0.2,
	"id":"scenario2",
	"distancingDays":90,
	"maintain":false,
	"name":"Italy",
	"gradual":false,
	"events":{
		"herd":{
			"eventName":"herd",
			"day":3.968993155728219e2,
			"thresholdCrossed":0.6999999999999992
		},
		"icu":{
			"eventName":"icu",
			"day":3.594964693725192e2,
			"thresholdCrossed":1.3121399303511465e-4
		},
		"hospital":{
			"eventName":"hospital",
			"day":3.675833721587954e2,
			"thresholdCrossed":8.298988186727952e-4
		}
	},
	"summary":{
		"totalProjectedDeaths":1.478965890540143e3,
		"totalProjectedPCRConfirmed":1.8090949963783944e4,
		"totalProjectedInfected":1.6184406423705764e5,
		"totalInfectedFraction":2.2572497786538994e-2,
		"fatalityRate":9.138215216678318e-3,
		"fatalityRateSymptomatic":1.305459316668331e-2,
		"fatalityRatePCR":8.175169869469913e-2,
		"fractionOfSymptomaticHospitalized":5.896676243645911e-2,
		"fractionOfSymptomaticHospitalizedOrICU":8.161510327242587e-2,
		"fractionOfPCRHospitalized":0.2740628000790491,
		"fractionOfPCRHospitalizedOrICU":0.37932663770856584,
		"fractionHospitalizedInICU":0.27750183394816136,
		"fractionOfDeathInICU":0.7038804934852481,
		"fractionDeathOfHospitalizedOrICU":0.16937545848704033,
		"fractionOfInfectionsPCRConfirmed":0.11178012643877759,
		"fractionOfDeathsReported":0.7682005559828877,
		"fractionOfHospitalizationsReported":0.7421801992269479,
		"dateContained":"Tue 9 Jun 2020 15:30:28",
		"dateICUOverCapacity":"Thu 24 Dec 2020 11:54:54",
		"dateHospitalsOverCapacity":"Fri 1 Jan 2021 14:00:03"
	},
	"summaryAug1":{
		"totalProjectedDeaths":1.478965890540143e3,
		"totalProjectedPCRConfirmed":1.8090949963783944e4,
		"totalProjectedInfected":1.6184406423705764e5,
		"totalInfectedFraction":2.2572497786538994e-2,
		"fatalityRate":9.138215216678318e-3,
		"fatalityRateSymptomatic":1.305459316668331e-2,
		"fatalityRatePCR":8.175169869469913e-2,
		"fractionOfSymptomaticHospitalized":5.896676243645911e-2,
		"fractionOfSymptomaticHospitalizedOrICU":8.161510327242587e-2,
		"fractionOfPCRHospitalized":0.2740628000790491,
		"fractionOfPCRHospitalizedOrICU":0.37932663770856584,
		"fractionHospitalizedInICU":0.27750183394816136,
		"fractionOfDeathInICU":0.7038804934852481,
		"fractionDeathOfHospitalizedOrICU":0.16937545848704033,
		"fractionOfInfectionsPCRConfirmed":0.11178012643877759,
		"fractionOfDeathsReported":0.7682005559828877,
		"fractionOfHospitalizationsReported":0.7421801992269479,
		"dateContained":"Tue 9 Jun 2020 15:30:28",
		"dateICUOverCapacity":"Thu 24 Dec 2020 11:54:54",
		"dateHospitalsOverCapacity":"Fri 1 Jan 2021 14:00:03"
	}
}