{
	"distancingLevel":0.2,
	"id":"scenario2",
	"distancingDays":90,
	"maintain":false,
	"name":"Italy",
	"gradual":false,
	"events":{
		"herd":{
			"eventName":"herd",
			"day":3.965127592138333e2,
			"thresholdCrossed":0.6999999999999994
		}
	},
	"summary":{
		"totalProjectedDeaths":1.1868090659181835e3,
		"totalProjectedPCRConfirmed":1.5896309647169961e4,
		"totalProjectedInfected":1.324101830216212e5,
		"totalInfectedFraction":1.8467335068853345e-2,
		"fatalityRate":8.963125333981223e-3,
		"fatalityRateSymptomatic":1.2804464762830321e-2,
		"fatalityRatePCR":7.465940789153365e-2,
		"fractionOfSymptomaticHospitalized":5.8646807837555756e-2,
		"fractionOfSymptomaticHospitalizedOrICU":8.117225841283018e-2,
		"fractionOfPCRHospitalized":0.2493145002817206,
		"fractionOfPCRHospitalizedOrICU":0.34507284861928966,
		"fractionHospitalizedInICU":0.2775018339481611,
		"fractionOfDeathInICU":0.7031024507781526,
		"fractionDeathOfHospitalizedOrICU":0.16937545848704028,
		"fractionOfInfectionsPCRConfirmed":0.12005352824392862,
		"fractionOfDeathsReported":0.7609168003820742,
		"fractionOfHospitalizationsReported":0.7290881636509727,
		"dateContained":"Thu 21 May 2020 19:47:02",
		"dateICUOverCapacity":"",
		"dateHospitalsOverCapacity":""
	},
	"summaryAug1":{
		"totalProjectedDeaths":1.1868090659181835e3,
		"totalProjectedPCRConfirmed":1.5896309647169961e4,
		"totalProjectedInfected":1.324101830216212e5,
		"totalInfectedFraction":1.8467335068853345e-2,
		"fatalityRate":8.963125333981223e-3,
		"fatalityRateSymptomatic":1.2804464762830321e-2,
		"fatalityRatePCR":7.465940789153365e-2,
		"fractionOfSymptomaticHospitalized":5.8646807837555756e-2,
		"fractionOfSymptomaticHospitalizedOrICU":8.117225841283018e-2,
		"fractionOfPCRHospitalized":0.2493145002817206,
		"fractionOfPCRHospitalizedOrICU":0.34507284861928966,
		"fractionHospitalizedInICU":0.2775018339481611,
		"fractionOfDeathInICU":0.7031024507781526,
		"fractionDeathOfHospitalizedOrICU":0.16937545848704028,
		"fractionOfInfectionsPCRConfirmed":0.12005352824392862,
		"fractionOfDeathsReported":0.7609168003820742,
		"fractionOfHospitalizationsReported":0.7290881636509727,
		"dateContained":"Thu 21 May 2020 19:47:02",
		"dateICUOverCapacity":"",
		"dateHospitalsOverCapacity":""
	}
}