{
	"distancingLevel":0.2,
	"id":"scenario2",
	"distancingDays":90,
	"maintain":false,
	"name":"Italy",
	"gradual":false,
	"events":{
		"herd":{
			"eventName":"herd",
			"day":3.947619220466416e2,
			"thresholdCrossed":0.7000000000009589
		},
		"icu":{
			"eventName":"icu",
			"day":3.573816700618791e2,
			"thresholdCrossed":1.312139930351146e-4
		},
		"hospital":{
			"eventName":"hospital",
			"day":3.654550863363449e2,
			"thresholdCrossed":8.298988186629311e-4
		}
	},
	"summary":{
		"totalProjectedDeaths":1.4501105174674478e3,
		"totalProjectedPCRConfirmed":1.7645768915570996e4,
		"totalProjectedInfected":1.58966428538772e5,
		"totalInfectedFraction":2.2171152048366748e-2,
		"fatalityRate":9.122117989294609e-3,
		"fatalityRateSymptomatic":1.303159712756373e-2,
		"fatalityRatePCR":8.217893617476991e-2,
		"fractionOfSymptomaticHospitalized":5.893592430316522e-2,
		"fractionOfSymptomaticHospitalizedOrICU":8.157242062665193e-2,
		"fractionOfPCRHospitalized":0.2754823097795102,
		"fractionOfPCRHospitalizedOrICU":0.381291362004294,
		"fractionHospitalizedInICU":0.2775018339481611,
		"fractionOfDeathInICU":0.703802398718202,
		"fractionDeathOfHospitalizedOrICU":0.16937545848704028,
		"fractionOfInfectionsPCRConfirmed":0.11100311605269024,
		"fractionOfDeathsReported":0.7676995995576429,
		"fractionOfHospitalizationsReported":0.7412261746119478,
		"dateContained":"Sat 6 Jun 2020 19:35:12",
		"dateICUOverCapacity":"Tue 22 Dec 2020 09:09:36",
		"dateHospitalsOverCapacity":"Wed 30 Dec 2020 10:55:19"
	},
	"summaryAug1":{
		"totalProjectedDeaths":1.4501105174674478e3,
		"totalProjectedPCRConfirmed":1.7645768915570996e4,
		"totalProjectedInfected":1.58966428538772e5,
		"totalInfectedFraction":2.2171152048366748e-2,
		"fatalityRate":9.122117989294609e-3,
		"fatalityRateSymptomatic":1.303159712756373e-2,
		"fatalityRatePCR":8.217893617476991e-2,
		"fractionOfSymptomaticHospitalized":5.893592430316522e-2,
		"fractionOfSymptomaticHospitalizedOrICU":8.157242062665193e-2,
		"fractionOfPCRHospitalized":0.2754823097795102,
		"fractionOfPCRHospitalizedOrICU":0.381291362004294,
		"fractionHospitalizedInICU":0.2775018339481611,
		"fractionOfDeathInICU":0.703802398718202,
		"fractionDeathOfHospitalizedOrICU":0.16937545848704028,
		"fractionOfInfectionsPCRConfirmed":0.11100311605269024,
		"fractionOfDeathsReported":0.7676995995576429,
		"fractionOfHospitalizationsReported":0.7412261746119478,
		"dateContained":"Sat 6 Jun 2020 19:35:12",
		"dateICUOverCapacity":"Tue 22 Dec 2020 09:09:36",
		"dateHospitalsOverCapacity":"Wed 30 Dec 2020 10:55:19"
	}
}