{
	"distancingLevel":1,
	"id":"scenario4",
	"distancingDays":90,
	"maintain":false,
	"name":"Normal",
	"gradual":false,
	"events":{
		"herd":{
			"eventName":"herd",
			"day":1.9921647110893068e2,
			"thresholdCrossed":0.700000000000057
		},
		"icu":{
			"eventName":"icu",
			"day":9.02497791539658e1,
			"thresholdCrossed":1.3625416701593292e-4
		},
		"hospital":{
			"eventName":"hospital",
			"day":1.807126183165756e2,
			"thresholdCrossed":1.3192451148901735e-3
		}
	},
	"summary":{
		"totalProjectedDeaths":7.116384571881706e4,
		"totalProjectedPCRConfirmed":1.0778097320276378e6,
		"totalProjectedInfected":6.528552792021131e6,
		"totalInfectedFraction":0.6577510518311024,
		"fatalityRate":1.0900401357830778e-2,
		"fatalityRateSymptomatic":1.5572001939758254e-2,
		"fatalityRatePCR":6.602635289341795e-2,
		"fractionOfSymptomaticHospitalized":6.269374693238156e-2,
		"fractionOfSymptomaticHospitalizedOrICU":8.779455655993451e-2,
		"fractionOfPCRHospitalized":0.21528090034721967,
		"fractionOfPCRHospitalizedOrICU":0.3014733064557901,
		"fractionHospitalizedInICU":0.28590393996030317,
		"fractionOfDeathInICU":0.7364035434384425,
		"fractionDeathOfHospitalizedOrICU":0.1714759849900758,
		"fractionOfInfectionsPCRConfirmed":0.16509167749166134,
		"fractionOfDeathsReported":0.8108336576675432,
		"fractionOfHospitalizationsReported":0.8098571390807483,
		"dateContained":"",
		"dateICUOverCapacity":"Mon 30 Mar 2020 05:59:40",
		"dateHospitalsOverCapacity":"Sun 28 Jun 2020 17:06:10"
	},
	"summaryAug1":{
		"totalProjectedDeaths":4.30780371019669e4,
		"totalProjectedPCRConfirmed":8.93928764220918e5,
		"totalProjectedInfected":5.92907892825515e6,
		"totalInfectedFraction":0.5973541190040862,
		"fatalityRate":7.26555298440667e-3,
		"fatalityRateSymptomatic":1.0379361406295244e-2,
		"fatalityRatePCR":4.8189563672347564e-2,
		"fractionOfSymptomaticHospitalized":5.2205060171598275e-2,
		"fractionOfSymptomaticHospitalizedOrICU":7.310649518034892e-2,
		"fractionOfPCRHospitalized":0.19618031052259208,
		"fractionOfPCRHospitalizedOrICU":0.27472537870001174,
		"fractionHospitalizedInICU":0.28590393996030294,
		"fractionOfDeathInICU":0.72008452344054,
		"fractionDeathOfHospitalizedOrICU":0.1714759849900757,
		"fractionOfInfectionsPCRConfirmed":0.1507702587599031,
		"fractionOfDeathsReported":0.8105353436726054,
		"fractionOfHospitalizationsReported":0.8093948879904914,
		"dateContained":"",
		"dateICUOverCapacity":"Mon 30 Mar 2020 05:59:40",
		"dateHospitalsOverCapacity":"Sun 28 Jun 2020 17:06:10"
	}
}