{
	"distancingLevel":1,
	"id":"scenario4",
	"distancingDays":90,
	"maintain":false,
	"name":"Normal",
	"gradual":false,
	"events":{},
	"summary":{
		"totalProjectedDeaths":7.113050165111256e4,
		"totalProjectedPCRConfirmed":1.0710812350148316e6,
		"totalProjectedInfected":6.525493815097212e6,
		"totalInfectedFraction":0.6574428602068125,
		"fatalityRate":1.0900401359134981e-2,
		"fatalityRateSymptomatic":1.5572001941621401e-2,
		"fatalityRatePCR":6.640999704390077e-2,
		"fractionOfSymptomaticHospitalized":6.269374693454886e-2,
		"fractionOfSymptomaticHospitalizedOrICU":8.779455656296954e-2,
		"fractionOfPCRHospitalized":0.21655682354314706,
		"fractionOfPCRHospitalizedOrICU":0.3032600733451863,
		"fractionHospitalizedInICU":0.28590393996030306,
		"fractionOfDeathInICU":0.7364000322998584,
		"fractionDeathOfHospitalizedOrICU":0.17147598499007577,
		"fractionOfInfectionsPCRConfirmed":0.16413795880655135,
		"fractionOfDeathsReported":0.8108668107959252,
		"fractionOfHospitalizationsReported":0.8099507918597009,
		"dateContained":"",
		"dateICUOverCapacity":"",
		"dateHospitalsOverCapacity":""
	},
	"summaryAug1":{
		"totalProjectedDeaths":4.8369635115299054e4,
		"totalProjectedPCRConfirmed":9.360021464232835e5,
		"totalProjectedInfected":6.100706703258565e6,
		"totalInfectedFraction":0.6146456004591944,
		"fatalityRate":7.928529835644028e-3,
		"fatalityRateSymptomatic":1.1326471193777185e-2,
		"fatalityRatePCR":5.1676842088591864e-2,
		"fractionOfSymptomaticHospitalized":5.463041758251388e-2,
		"fractionOfSymptomaticHospitalizedOrICU":7.650289735456171e-2,
		"fractionOfPCRHospitalized":0.2018045487573131,
		"fractionOfPCRHospitalizedOrICU":0.28260140343876794,
		"fractionHospitalizedInICU":0.2859039399603029,
		"fractionOfDeathInICU":0.7229880703389175,
		"fractionDeathOfHospitalizedOrICU":0.1714759849900757,
		"fractionOfInfectionsPCRConfirmed":0.1534252000548293,
		"fractionOfDeathsReported":0.8106671041522397,
		"fractionOfHospitalizationsReported":0.8096458408332267,
		"dateContained":"",
		"dateICUOverCapacity":"",
		"dateHospitalsOverCapacity":""
	}
}