{
	"distancingLevel":1,
	"id":"scenario4",
	"distancingDays":90,
	"maintain":false,
	"name":"Normal",
	"gradual":false,
	"events":{
		"herd":{
			"eventName":"herd",
			"day":1.689821182753866e2,
			"thresholdCrossed":0.6999999999999998
		},
		"icu":{
			"eventName":"icu",
			"day":9.033985033243819e1,
			"thresholdCrossed":1.3625416701593327e-4
		},
		"hospital":{
			"eventName":"hospital",
			"day":1.559906032018468e2,
			"thresholdCrossed":1.3192451148901657e-3
		}
	},
	"summary":{
		"totalProjectedDeaths":8.608613170817215e4,
		"totalProjectedPCRConfirmed":1.2877547519147089e6,
		"totalProjectedInfected":7.897519446365419e6,
		"totalInfectedFraction":0.7956743076431917,
		"fatalityRate":1.0900401359288903e-2,
		"fatalityRateSymptomatic":1.5572001941841293e-2,
		"fatalityRatePCR":6.684978764797744e-2,
		"fractionOfSymptomaticHospitalized":6.269374693479327e-2,
		"fractionOfSymptomaticHospitalizedOrICU":8.779455656331178e-2,
		"fractionOfPCRHospitalized":0.2180820849486249,
		"fractionOfPCRHospitalizedOrICU":0.3053960064371474,
		"fractionHospitalizedInICU":0.28590393996030306,
		"fractionOfDeathInICU":0.7363875575626628,
		"fractionDeathOfHospitalizedOrICU":0.17147598499007577,
		"fractionOfInfectionsPCRConfirmed":0.16305812991791452,
		"fractionOfDeathsReported":0.8109827424193197,
		"fractionOfHospitalizationsReported":0.8102894439560977,
		"dateContained":"",
		"dateICUOverCapacity":"Mon 30 Mar 2020 08:09:23",
		"dateHospitalsOverCapacity":"Wed 3 Jun 2020 23:46:28"
	},
	"summaryAug1":{
		"totalProjectedDeaths":8.053777844882123e4,
		"totalProjectedPCRConfirmed":1.2740468832189809e6,
		"totalProjectedInfected":7.8722200283801425e6,
		"totalInfectedFraction":0.793125393768915,
		"fatalityRate":1.0230631023837556e-2,
		"fatalityRateSymptomatic":1.4615187176910792e-2,
		"fatalityRatePCR":6.32141403190251e-2,
		"fractionOfSymptomaticHospitalized":6.154066057924698e-2,
		"fractionOfSymptomaticHospitalizedOrICU":8.617980692377146e-2,
		"fractionOfPCRHospitalized":0.21567528017706175,
		"fractionOfPCRHospitalizedOrICU":0.3020255848562898,
		"fractionHospitalizedInICU":0.28590393996030317,
		"fractionOfDeathInICU":0.732587735544729,
		"fractionDeathOfHospitalizedOrICU":0.1714759849900758,
		"fractionOfInfectionsPCRConfirmed":0.16184086301270978,
		"fractionOfDeathsReported":0.8109614915501393,
		"fractionOfHospitalizationsReported":0.8102673940825044,
		"dateContained":"",
		"dateICUOverCapacity":"Mon 30 Mar 2020 08:09:23",
		"dateHospitalsOverCapacity":"Wed 3 Jun 2020 23:46:28"
	}
}