{
	"distancingLevel":1,
	"id":"scenario4",
	"distancingDays":90,
	"maintain":false,
	"name":"Normal",
	"gradual":false,
	"events":{
		"herd":{
			"eventName":"herd",
			"day":1.6286700117810926e2,
			"thresholdCrossed":0.6999999999999955
		},
		"icu":{
			"eventName":"icu",
			"day":9.80400658285147e1,
			"thresholdCrossed":1.9464881002276141e-4
		},
		"hospital":{
			"eventName":"hospital",
			"day":1.4271240954448268e2,
			"thresholdCrossed":1.319245114890173e-3
		}
	},
	"summary":{
		"totalProjectedDeaths":8.482121513465978e4,
		"totalProjectedPCRConfirmed":1.7106708051593266e6,
		"totalProjectedInfected":6.533212454844106e6,
		"totalInfectedFraction":0.6582205124023236,
		"fatalityRate":1.298307926168364e-2,
		"fatalityRateSymptomatic":1.8547256088119485e-2,
		"fatalityRatePCR":4.958359894775885e-2,
		"fractionOfSymptomaticHospitalized":7.719752421083102e-2,
		"fractionOfSymptomaticHospitalizedOrICU":0.10822874490545949,
		"fractionOfPCRHospitalized":0.167166295185882,
		"fractionOfPCRHospitalizedOrICU":0.23436241645590475,
		"fractionHospitalizedInICU":0.2867188446261205,
		"fractionOfDeathInICU":0.8735190956301558,
		"fractionDeathOfHospitalizedOrICU":0.1646172187266198,
		"fractionOfInfectionsPCRConfirmed":0.2618422126913897,
		"fractionOfDeathsReported":0.8108630871288511,
		"fractionOfHospitalizationsReported":0.8100036343014544,
		"dateContained":"",
		"dateICUOverCapacity":"Tue 7 Apr 2020 00:57:41",
		"dateHospitalsOverCapacity":"Thu 21 May 2020 17:05:52"
	},
	"summaryAug1":{
		"totalProjectedDeaths":8.194020828748777e4,
		"totalProjectedPCRConfirmed":1.698235269735256e6,
		"totalProjectedInfected":6.511391051332817e6,
		"totalInfectedFraction":0.6560220081443014,
		"fatalityRate":1.2584132582655349e-2,
		"fatalityRateSymptomatic":1.7977332260936212e-2,
		"fatalityRatePCR":4.825020993720248e-2,
		"fractionOfSymptomaticHospitalized":7.655316127808759e-2,
		"fractionOfSymptomaticHospitalizedOrICU":0.10732536630378356,
		"fractionOfPCRHospitalized":0.16642398437596806,
		"fractionOfPCRHospitalizedOrICU":0.2333217177015336,
		"fractionHospitalizedInICU":0.28671884462612035,
		"fractionOfDeathInICU":0.8718747218345935,
		"fractionDeathOfHospitalizedOrICU":0.16461721872661972,
		"fractionOfInfectionsPCRConfirmed":0.2608099031907543,
		"fractionOfDeathsReported":0.8108480343177998,
		"fractionOfHospitalizationsReported":0.8099884451732722,
		"dateContained":"",
		"dateICUOverCapacity":"Tue 7 Apr 2020 00:57:41",
		"dateHospitalsOverCapacity":"Thu 21 May 2020 17:05:52"
	}
}