{
	"distancingLevel":1,
	"id":"scenario4",
	"distancingDays":90,
	"maintain":false,
	"name":"Normal",
	"gradual":false,
	"events":{
		"herd":{
			"eventName":"herd",
			"day":1.410807550943301e2,
			"thresholdCrossed":0.7000000000000007
		},
		"icu":{
			"eventName":"icu",
			"day":9.575350703498346e1,
			"thresholdCrossed":1.9464881002276147e-4
		},
		"hospital":{
			"eventName":"hospital",
			"day":1.2457364899384503e2,
			"thresholdCrossed":1.3192451148901743e-3
		}
	},
	"summary":{
		"totalProjectedDeaths":1.0652743455296427e5,
		"totalProjectedPCRConfirmed":2.0948556056739592e6,
		"totalProjectedInfected":8.562357167476263e6,
		"totalInfectedFraction":0.8626566426703502,
		"fatalityRate":1.2441367776341316e-2,
		"fatalityRateSymptomatic":1.777338253763045e-2,
		"fatalityRatePCR":5.0851922330318405e-2,
		"fractionOfSymptomaticHospitalized":7.719752421073495e-2,
		"fractionOfPCRHospitalized":0.2554171702035287,
		"fractionHospitalizedInICU":0.28671884462612024,
		"fractionDeathOfHospitalized":0.14200970860278994,
		"fractionOfInfectionsPCRConfirmed":0.2446587504701598,
		"dateContained":"Fri 14 Aug 2020 00:00:00",
		"dateICUOverCapacity":"Sat 4 Apr 2020 18:05:03",
		"dateHospitalsOverCapacity":"Sun 3 May 2020 13:46:03"
	},
	"summaryAug1":{
		"totalProjectedDeaths":1.0583410140074024e5,
		"totalProjectedPCRConfirmed":2.094173723010395e6,
		"totalProjectedInfected":8.561819667619377e6,
		"totalInfectedFraction":0.8626024896126224,
		"fatalityRate":1.2361169180075422e-2,
		"fatalityRateSymptomatic":1.765881311439346e-2,
		"fatalityRatePCR":5.053740300427545e-2,
		"fractionOfSymptomaticHospitalized":7.71641960617447e-2,
		"fractionOfPCRHospitalized":0.2553408125979169,
		"fractionHospitalizedInICU":0.28671884462612024,
		"fractionDeathOfHospitalized":0.1411735822320284,
		"fractionOfInfectionsPCRConfirmed":0.24459446756750977,
		"dateContained":"Fri 14 Aug 2020 00:00:00",
		"dateICUOverCapacity":"Sat 4 Apr 2020 18:05:03",
		"dateHospitalsOverCapacity":"Sun 3 May 2020 13:46:03"
	}
}