{
	"distancingLevel":0.5604761904761905,
	"id":"scenario7",
	"distancingDays":60,
	"maintain":true,
	"name":"Open Gradual May 30",
	"gradual":true,
	"events":{
		"herd":{
			"eventName":"herd",
			"day":2.3476938167042684e2,
			"thresholdCrossed":0.7000000000009876
		},
		"icu":{
			"eventName":"icu",
			"day":2.059617168645605e2,
			"thresholdCrossed":1.8810655446761747e-4
		},
		"hospital":{
			"eventName":"hospital",
			"day":2.138805782676748e2,
			"thresholdCrossed":1.2053460865151001e-3
		}
	},
	"summary":{
		"totalProjectedDeaths":1.6955792369824485e4,
		"totalProjectedPCRConfirmed":3.066033948867025e5,
		"totalProjectedInfected":1.8453082380580867e6,
		"totalInfectedFraction":0.6390179944621066,
		"fatalityRate":9.188596257321184e-3,
		"fatalityRateSymptomatic":1.312656608188741e-2,
		"fatalityRatePCR":5.530203726573241e-2,
		"fractionOfSymptomaticHospitalized":5.9065177929654204e-2,
		"fractionOfSymptomaticHospitalizedOrICU":8.185254624880019e-2,
		"fractionOfPCRHospitalized":0.1964709769871082,
		"fractionOfPCRHospitalizedOrICU":0.27226955532982977,
		"fractionHospitalizedInICU":0.278395350706393,
		"fractionOfDeathInICU":0.6956682665720484,
		"fractionDeathOfHospitalizedOrICU":0.16959883767659825,
		"fractionOfInfectionsPCRConfirmed":0.16615294321200075,
		"fractionOfDeathsReported":0.7902562525576703,
		"fractionOfHospitalizationsReported":0.7895449986991881,
		"dateContained":"",
		"dateICUOverCapacity":"Thu 23 Jul 2020 23:04:52",
		"dateHospitalsOverCapacity":"Fri 31 Jul 2020 21:08:01"
	},
	"summaryAug1":{
		"totalProjectedDeaths":1.6949286696568206e3,
		"totalProjectedPCRConfirmed":6.2372814670981024e4,
		"totalProjectedInfected":5.622280296611107e5,
		"totalInfectedFraction":0.19469583483922837,
		"fatalityRate":3.0146641224530514e-3,
		"fatalityRateSymptomatic":4.306663032075789e-3,
		"fatalityRatePCR":2.7174157180458087e-2,
		"fractionOfSymptomaticHospitalized":2.9274141484881697e-2,
		"fractionOfSymptomaticHospitalizedOrICU":4.056811650747916e-2,
		"fractionOfPCRHospitalized":0.14463343828590786,
		"fractionOfPCRHospitalizedOrICU":0.20043307429836035,
		"fractionHospitalizedInICU":0.2783953507063928,
		"fractionOfDeathInICU":0.6679614956634896,
		"fractionDeathOfHospitalizedOrICU":0.1695988376765982,
		"fractionOfInfectionsPCRConfirmed":0.1109386430067831,
		"fractionOfDeathsReported":0.7862005438605686,
		"fractionOfHospitalizationsReported":0.7830136848702861,
		"dateContained":"",
		"dateICUOverCapacity":"Thu 23 Jul 2020 23:04:52",
		"dateHospitalsOverCapacity":"Fri 31 Jul 2020 21:08:01"
	}
}