{
	"distancingLevel":0.5422222222222223,
	"id":"scenario7",
	"distancingDays":60,
	"maintain":true,
	"name":"Open Gradual May 10",
	"gradual":true,
	"events":{
		"herd":{
			"eventName":"herd",
			"day":1.9738794911213986e2,
			"thresholdCrossed":0.6999999999999994
		},
		"icu":{
			"eventName":"icu",
			"day":1.6999541267464025e2,
			"thresholdCrossed":1.8810655446761733e-4
		},
		"hospital":{
			"eventName":"hospital",
			"day":1.8019192809090853e2,
			"thresholdCrossed":1.2053460865151019e-3
		}
	},
	"summary":{
		"totalProjectedDeaths":2.041784370312053e4,
		"totalProjectedPCRConfirmed":3.689258463424878e5,
		"totalProjectedInfected":2.222085194645868e6,
		"totalInfectedFraction":0.7694933536420082,
		"fatalityRate":9.188596257388099e-3,
		"fatalityRateSymptomatic":1.3126566081983e-2,
		"fatalityRatePCR":5.534403161378364e-2,
		"fractionOfSymptomaticHospitalized":5.906517792978095e-2,
		"fractionOfSymptomaticHospitalizedOrICU":8.185254624897581e-2,
		"fractionOfPCRHospitalized":0.19683012612143533,
		"fractionOfPCRHospitalizedOrICU":0.27276726433805004,
		"fractionHospitalizedInICU":0.2783953507063928,
		"fractionOfDeathInICU":0.6956352984446186,
		"fractionDeathOfHospitalizedOrICU":0.1695988376765982,
		"fractionOfInfectionsPCRConfirmed":0.1660268684708478,
		"fractionOfDeathsReported":0.7905983930952418,
		"fractionOfHospitalizationsReported":0.790388095854625,
		"dateContained":"",
		"dateICUOverCapacity":"Wed 17 Jun 2020 23:53:23",
		"dateHospitalsOverCapacity":"Sun 28 Jun 2020 04:36:22"
	},
	"summaryAug1":{
		"totalProjectedDeaths":1.2009325008783178e4,
		"totalProjectedPCRConfirmed":3.186718130011953e5,
		"totalProjectedInfected":2.0828449423479575e6,
		"totalInfectedFraction":0.7212753784892805,
		"fatalityRate":5.765827673780296e-3,
		"fatalityRateSymptomatic":8.236896676828993e-3,
		"fatalityRatePCR":3.7685557739423066e-2,
		"fractionOfSymptomaticHospitalized":4.833744503829924e-2,
		"fractionOfSymptomaticHospitalizedOrICU":6.698604988980836e-2,
		"fractionOfPCRHospitalized":0.1747761850053859,
		"fractionOfPCRHospitalizedOrICU":0.24220490427338248,
		"fractionHospitalizedInICU":0.27839535070639276,
		"fractionOfDeathInICU":0.6744198445897943,
		"fractionDeathOfHospitalizedOrICU":0.1695988376765982,
		"fractionOfInfectionsPCRConfirmed":0.15299833728475332,
		"fractionOfDeathsReported":0.7905225639780757,
		"fractionOfHospitalizationsReported":0.7902913623060069,
		"dateContained":"",
		"dateICUOverCapacity":"Wed 17 Jun 2020 23:53:23",
		"dateHospitalsOverCapacity":"Sun 28 Jun 2020 04:36:22"
	}
}