{
	"distancingLevel":0.5604761904761905,
	"id":"scenario7",
	"distancingDays":60,
	"maintain":true,
	"name":"Open Gradual June 02",
	"gradual":true,
	"events":{
		"herd":{
			"eventName":"herd",
			"day":2.3645725658987047e2,
			"thresholdCrossed":0.6999999999999996
		},
		"icu":{
			"eventName":"icu",
			"day":2.080248623948663e2,
			"thresholdCrossed":1.881065544676175e-4
		},
		"hospital":{
			"eventName":"hospital",
			"day":2.15865075031511e2,
			"thresholdCrossed":1.2053460865150995e-3
		}
	},
	"summary":{
		"totalProjectedDeaths":1.7091984478693677e4,
		"totalProjectedPCRConfirmed":3.0929082522250153e5,
		"totalProjectedInfected":1.8601301004036756e6,
		"totalInfectedFraction":0.6441507070111162,
		"fatalityRate":9.18859625731795e-3,
		"fatalityRateSymptomatic":1.3126566081882788e-2,
		"fatalityRatePCR":5.526185416718336e-2,
		"fractionOfSymptomaticHospitalized":5.906517792965005e-2,
		"fractionOfSymptomaticHospitalizedOrICU":8.185254624879437e-2,
		"fractionOfPCRHospitalized":0.19616792674131753,
		"fractionOfPCRHospitalizedOrICU":0.27184958818287835,
		"fractionHospitalizedInICU":0.2783953507063927,
		"fractionOfDeathInICU":0.695692258080364,
		"fractionDeathOfHospitalizedOrICU":0.16959883767659817,
		"fractionOfInfectionsPCRConfirmed":0.16627375964475866,
		"fractionOfDeathsReported":0.7899500774024215,
		"fractionOfHospitalizationsReported":0.7889003747169376,
		"dateContained":"",
		"dateICUOverCapacity":"Sun 26 Jul 2020 00:35:48",
		"dateHospitalsOverCapacity":"Sun 2 Aug 2020 20:45:42"
	},
	"summaryAug1":{
		"totalProjectedDeaths":1.519271158706228e3,
		"totalProjectedPCRConfirmed":5.360374601908707e4,
		"totalProjectedInfected":4.8832276263522333e5,
		"totalInfectedFraction":0.16910293142013985,
		"fatalityRate":3.1112028251714372e-3,
		"fatalityRateSymptomatic":4.444575464530625e-3,
		"fatalityRatePCR":2.8342630348357566e-2,
		"fractionOfSymptomaticHospitalized":2.938997640519203e-2,
		"fractionOfSymptomaticHospitalizedOrICU":4.0728640584511824e-2,
		"fractionOfPCRHospitalized":0.1456002921982285,
		"fractionOfPCRHospitalizedOrICU":0.20177294082120936,
		"fractionHospitalizedInICU":0.27839535070639276,
		"fractionOfDeathInICU":0.6705886977520733,
		"fractionDeathOfHospitalizedOrICU":0.1695988376765982,
		"fractionOfInfectionsPCRConfirmed":0.10977113933787482,
		"fractionOfDeathsReported":0.7821946579536248,
		"fractionOfHospitalizationsReported":0.7768785686937968,
		"dateContained":"",
		"dateICUOverCapacity":"Sun 26 Jul 2020 00:35:48",
		"dateHospitalsOverCapacity":"Sun 2 Aug 2020 20:45:42"
	}
}