{
	"distancingLevel":0.5296448914285714,
	"id":"scenario5",
	"distancingDays":622,
	"maintain":true,
	"name":"Current Indefinite",
	"events":{
		"herd":{
			"eventName":"herd",
			"day":1.4464305615852484e2,
			"thresholdCrossed":0.700000000000394
		},
		"icu":{
			"eventName":"icu",
			"day":8.678266436701956e1,
			"thresholdCrossed":1.570342557929932e-4
		},
		"hospital":{
			"eventName":"hospital",
			"day":9.052074351332014e1,
			"thresholdCrossed":8.571121135744668e-4
		}
	},
	"summary":{
		"totalProjectedDeaths":1.0734240613979902e5,
		"totalProjectedPCRConfirmed":1.5359021729668223e6,
		"totalProjectedInfected":9.140012179864094e6,
		"totalInfectedFraction":0.46165809282851444,
		"fatalityRate":1.1744230098104217e-2,
		"fatalityRateSymptomatic":1.677747156872031e-2,
		"fatalityRatePCR":6.98888301801483e-2,
		"fractionOfSymptomaticHospitalized":7.54209191170797e-2,
		"fractionOfPCRHospitalized":0.2559615578843037,
		"fractionHospitalizedInICU":0.28126041775431987,
		"fractionDeathOfHospitalized":0.19624770618884974,
		"fractionOfInfectionsPCRConfirmed":0.168041589304497,
		"dateContained":"Thu 24 Sep 2020 00:00:00",
		"dateICUOverCapacity":"Thu 26 Mar 2020 18:47:02",
		"dateHospitalsOverCapacity":"Mon 30 Mar 2020 12:29:52"
	},
	"summaryAug1":{
		"totalProjectedDeaths":1.0584096876609139e5,
		"totalProjectedPCRConfirmed":1.5228107755001534e6,
		"totalProjectedInfected":9.113627016996266e6,
		"totalInfectedFraction":0.46032538957508046,
		"fatalityRate":1.1613484792465779e-2,
		"fatalityRateSymptomatic":1.6590692560665397e-2,
		"fatalityRatePCR":6.950369045775164e-2,
		"fractionOfSymptomaticHospitalized":7.519300883348325e-2,
		"fractionOfPCRHospitalized":0.2554503929202697,
		"fractionHospitalizedInICU":0.2812604177543198,
		"fractionDeathOfHospitalized":0.19555676886247456,
		"fractionOfInfectionsPCRConfirmed":0.1670916280269337,
		"dateContained":"Thu 24 Sep 2020 00:00:00",
		"dateICUOverCapacity":"Thu 26 Mar 2020 18:47:02",
		"dateHospitalsOverCapacity":"Mon 30 Mar 2020 12:29:52"
	}
}