{
	"distancingLevel":0.2,
	"id":"scenario2",
	"distancingDays":90,
	"maintain":false,
	"name":"Italy",
	"gradual":false,
	"events":{
		"herd":{
			"eventName":"herd",
			"day":3.296837161613745e2,
			"thresholdCrossed":0.6999999999999993
		},
		"icu":{
			"eventName":"icu",
			"day":3.0135059663995736e2,
			"thresholdCrossed":7.732503409985985e-5
		},
		"hospital":{
			"eventName":"hospital",
			"day":3.0773213229733074e2,
			"thresholdCrossed":7.005190593826563e-4
		}
	},
	"summary":{
		"totalProjectedDeaths":8.727544666692772e1,
		"totalProjectedPCRConfirmed":1.082477265225785e3,
		"totalProjectedInfected":7.532647276920272e3,
		"totalInfectedFraction":1.2059258955488112e-2,
		"fatalityRate":1.1586291440239897e-2,
		"fatalityRateSymptomatic":1.6551844914628428e-2,
		"fatalityRatePCR":8.062566251562213e-2,
		"fractionOfSymptomaticHospitalized":6.54069142602116e-2,
		"fractionOfSymptomaticHospitalizedOrICU":9.25719757277084e-2,
		"fractionOfPCRHospitalized":0.26232826864515796,
		"fractionOfPCRHospitalizedOrICU":0.37127949533133614,
		"fractionHospitalizedInICU":0.29344800360964773,
		"fractionOfDeathInICU":0.7307704893096637,
		"fractionDeathOfHospitalizedOrICU":0.17336200090241194,
		"fractionOfInfectionsPCRConfirmed":0.14370475948640946,
		"fractionOfDeathsReported":0.8412413257867594,
		"fractionOfHospitalizationsReported":0.8233690620484276,
		"dateContained":"Sat 23 May 2020 10:01:17",
		"dateICUOverCapacity":"Tue 27 Oct 2020 08:24:51",
		"dateHospitalsOverCapacity":"Mon 2 Nov 2020 17:34:16"
	},
	"summaryAug1":{
		"totalProjectedDeaths":8.727544666692772e1,
		"totalProjectedPCRConfirmed":1.082477265225785e3,
		"totalProjectedInfected":7.532647276920272e3,
		"totalInfectedFraction":1.2059258955488112e-2,
		"fatalityRate":1.1586291440239897e-2,
		"fatalityRateSymptomatic":1.6551844914628428e-2,
		"fatalityRatePCR":8.062566251562213e-2,
		"fractionOfSymptomaticHospitalized":6.54069142602116e-2,
		"fractionOfSymptomaticHospitalizedOrICU":9.25719757277084e-2,
		"fractionOfPCRHospitalized":0.26232826864515796,
		"fractionOfPCRHospitalizedOrICU":0.37127949533133614,
		"fractionHospitalizedInICU":0.29344800360964773,
		"fractionOfDeathInICU":0.7307704893096637,
		"fractionDeathOfHospitalizedOrICU":0.17336200090241194,
		"fractionOfInfectionsPCRConfirmed":0.14370475948640946,
		"fractionOfDeathsReported":0.8412413257867594,
		"fractionOfHospitalizationsReported":0.8233690620484276,
		"dateContained":"Sat 23 May 2020 10:01:17",
		"dateICUOverCapacity":"Tue 27 Oct 2020 08:24:51",
		"dateHospitalsOverCapacity":"Mon 2 Nov 2020 17:34:16"
	}
}