{
	"distancingLevel":0.4,
	"id":"scenario2",
	"distancingDays":90,
	"maintain":false,
	"name":"Italy",
	"events":{
		"herd":{
			"eventName":"herd",
			"day":3.180056844173606e2,
			"thresholdCrossed":0.6999999999999997
		},
		"icu":{
			"eventName":"icu",
			"day":1.0337623579441473e2,
			"thresholdCrossed":1.1046433442837111e-4
		},
		"hospital":{
			"eventName":"hospital",
			"day":2.9494379939002005e2,
			"thresholdCrossed":7.005190594202073e-4
		}
	},
	"summary":{
		"totalProjectedDeaths":7.0489208240788475e3,
		"totalProjectedPCRConfirmed":1.682132235215656e5,
		"totalProjectedInfected":4.8640837938286e5,
		"totalInfectedFraction":0.7787069259262354,
		"fatalityRate":1.4491775065681028e-2,
		"fatalityRateSymptomatic":2.0702535808115756e-2,
		"fatalityRatePCR":4.190467715027854e-2,
		"fractionOfSymptomaticHospitalized":8.241847987597237e-2,
		"fractionOfPCRHospitalized":0.2501286893668159,
		"fractionHospitalizedInICU":0.2942755497875234,
		"fractionDeathOfHospitalized":0.11823176029136895,
		"fractionOfInfectionsPCRConfirmed":0.3458271498837857,
		"dateContained":"Sun 31 May 2020 00:00:00",
		"dateICUOverCapacity":"Sun 12 Apr 2020 09:01:46",
		"dateHospitalsOverCapacity":"Tue 20 Oct 2020 22:39:04"
	},
	"summaryAug1":{
		"totalProjectedDeaths":2.5705131464825456e2,
		"totalProjectedPCRConfirmed":2.2508833529034823e3,
		"totalProjectedInfected":1.775784573712588e4,
		"totalInfectedFraction":2.842911029323619e-2,
		"fatalityRate":1.4475365900428106e-2,
		"fatalityRateSymptomatic":2.0679094143468725e-2,
		"fatalityRatePCR":0.11420019358918639,
		"fractionOfSymptomaticHospitalized":8.241822810611844e-2,
		"fractionOfPCRHospitalized":0.2750860956510517,
		"fractionHospitalizedInICU":0.29427554978752374,
		"fractionDeathOfHospitalized":0.2929768901773965,
		"fractionOfInfectionsPCRConfirmed":0.1267543026459351,
		"dateContained":"Sun 31 May 2020 00:00:00",
		"dateICUOverCapacity":"Sun 12 Apr 2020 09:01:46",
		"dateHospitalsOverCapacity":"Tue 20 Oct 2020 22:39:04"
	}
}