{
	"distancingLevel":0.2,
	"id":"scenario2",
	"distancingDays":90,
	"maintain":false,
	"name":"Italy",
	"gradual":false,
	"events":{},
	"summary":{
		"totalProjectedDeaths":5.970912502783125e3,
		"totalProjectedPCRConfirmed":1.2575829938745128e5,
		"totalProjectedInfected":3.871891339511619e5,
		"totalInfectedFraction":0.6198636228958335,
		"fatalityRate":1.5421177866877502e-2,
		"fatalityRateSymptomatic":2.2030254095539287e-2,
		"fatalityRatePCR":4.747927199927554e-2,
		"fractionOfSymptomaticHospitalized":8.241847957111006e-2,
		"fractionOfSymptomaticHospitalizedOrICU":0.11678563715100962,
		"fractionOfPCRHospitalized":0.15124223912300996,
		"fractionOfPCRHospitalizedOrICU":0.21430777845017926,
		"fractionHospitalizedInICU":0.2942755497875233,
		"fractionOfDeathInICU":0.7347900802335704,
		"fractionDeathOfHospitalizedOrICU":0.1735688874468808,
		"fractionOfInfectionsPCRConfirmed":0.3247981112076193,
		"fractionOfDeathsReported":0.8516947986120452,
		"fractionOfHospitalizationsReported":0.851459420570872,
		"dateContained":"",
		"dateICUOverCapacity":"",
		"dateHospitalsOverCapacity":""
	},
	"summaryAug1":{
		"totalProjectedDeaths":1.0399303054438684e2,
		"totalProjectedPCRConfirmed":1.066939696481113e3,
		"totalProjectedInfected":6.744283652784401e3,
		"totalInfectedFraction":1.079714210001409e-2,
		"fatalityRate":1.5419433093009508e-2,
		"fatalityRateSymptomatic":2.2027761561442157e-2,
		"fatalityRatePCR":9.746851756230228e-2,
		"fractionOfSymptomaticHospitalized":8.241728344559644e-2,
		"fractionOfSymptomaticHospitalizedOrICU":0.11678394226072603,
		"fractionOfPCRHospitalized":0.30338276259776487,
		"fractionOfPCRHospitalizedOrICU":0.4298884111304684,
		"fractionHospitalizedInICU":0.29427554978752374,
		"fractionOfDeathInICU":0.7356771754603485,
		"fractionDeathOfHospitalizedOrICU":0.17356888744688093,
		"fractionOfInfectionsPCRConfirmed":0.15819911371026385,
		"fractionOfDeathsReported":0.8454269568494089,
		"fractionOfHospitalizationsReported":0.8319143431957996,
		"dateContained":"",
		"dateICUOverCapacity":"",
		"dateHospitalsOverCapacity":""
	}
}