{
	"distancingLevel":0.2,
	"id":"scenario2",
	"distancingDays":90,
	"maintain":false,
	"name":"Italy",
	"gradual":false,
	"events":{
		"herd":{
			"eventName":"herd",
			"day":3.0557235078215e2,
			"thresholdCrossed":0.6999999999999993
		},
		"icu":{
			"eventName":"icu",
			"day":2.806747818816372e2,
			"thresholdCrossed":1.104643344283714e-4
		},
		"hospital":{
			"eventName":"hospital",
			"day":2.8473123174534436e2,
			"thresholdCrossed":7.005190593278527e-4
		}
	},
	"summary":{
		"totalProjectedDeaths":7.235312881576887e3,
		"totalProjectedPCRConfirmed":1.7507988708032435e5,
		"totalProjectedInfected":4.801381813552783e5,
		"totalInfectedFraction":0.7686687628559326,
		"fatalityRate":1.5069230406034124e-2,
		"fatalityRateSymptomatic":2.152747200862018e-2,
		"fatalityRatePCR":4.132577991815485e-2,
		"fractionOfSymptomaticHospitalized":8.241847956797017e-2,
		"fractionOfSymptomaticHospitalizedOrICU":0.11678563714656044,
		"fractionOfPCRHospitalized":0.22732393251809377,
		"fractionOfPCRHospitalizedOrICU":0.3221142932622668,
		"fractionHospitalizedInICU":0.2942755497875231,
		"fractionOfDeathInICU":0.7320076807531218,
		"fractionDeathOfHospitalizedOrICU":0.16711093142988265,
		"fractionOfInfectionsPCRConfirmed":0.3646447916017201,
		"dateContained":"Mon 1 Jun 2020 00:00:00",
		"dateICUOverCapacity":"Tue 6 Oct 2020 16:11:41",
		"dateHospitalsOverCapacity":"Sat 10 Oct 2020 17:32:58"
	},
	"summaryAug1":{
		"totalProjectedDeaths":1.1607499656232187e2,
		"totalProjectedPCRConfirmed":1.3672319838179178e3,
		"totalProjectedInfected":7.7034274842645555e3,
		"totalInfectedFraction":1.2332666519804423e-2,
		"fatalityRate":1.5067967706507661e-2,
		"fatalityRateSymptomatic":2.1525668152153805e-2,
		"fatalityRatePCR":8.489780661668624e-2,
		"fractionOfSymptomaticHospitalized":8.241769681214155e-2,
		"fractionOfSymptomaticHospitalizedOrICU":0.11678452799435758,
		"fractionOfPCRHospitalized":0.24211895410754522,
		"fractionOfPCRHospitalizedOrICU":0.34307859680169656,
		"fractionHospitalizedInICU":0.2942755497875237,
		"fractionOfDeathInICU":0.7322771627578877,
		"fractionDeathOfHospitalizedOrICU":0.16711093142988281,
		"fractionOfInfectionsPCRConfirmed":0.17748359241528544,
		"dateContained":"Mon 1 Jun 2020 00:00:00",
		"dateICUOverCapacity":"Tue 6 Oct 2020 16:11:41",
		"dateHospitalsOverCapacity":"Sat 10 Oct 2020 17:32:58"
	}
}