{
	"distancingLevel":0.4,
	"id":"scenario2",
	"distancingDays":90,
	"maintain":false,
	"name":"Italy",
	"events":{
		"herd":{
			"eventName":"herd",
			"day":2.5170606893194312e2,
			"thresholdCrossed":0.7000000000000005
		},
		"icu":{
			"eventName":"icu",
			"day":7.282265227100878e2,
			"thresholdCrossed":-7.424758839940163e-27
		}
	},
	"summary":{
		"totalProjectedDeaths":7.537209427597398e3,
		"totalProjectedPCRConfirmed":1.8234091661287844e5,
		"totalProjectedInfected":5.2010086448169564e5,
		"totalInfectedFraction":0.8326463163853759,
		"fatalityRate":1.4491822533516788e-2,
		"fatalityRateSymptomatic":2.0702603619309697e-2,
		"fatalityRatePCR":4.133580968883348e-2,
		"fractionOfSymptomaticHospitalized":8.241847957035095e-2,
		"fractionOfPCRHospitalized":0.24998765710231627,
		"fractionHospitalizedInICU":0.2942755497875234,
		"fractionDeathOfHospitalized":0.11669252756267097,
		"fractionOfInfectionsPCRConfirmed":0.3505876053380329,
		"dateContained":"Sun 6 Dec 2020 00:00:00",
		"dateICUOverCapacity":"Tue 28 Dec 2021 05:26:11",
		"dateHospitalsOverCapacity":""
	},
	"summaryAug1":{
		"totalProjectedDeaths":2.0104716453391575e2,
		"totalProjectedPCRConfirmed":3.3102263302279875e3,
		"totalProjectedInfected":1.5213135863447238e4,
		"totalInfectedFraction":2.4355201851073646e-2,
		"fatalityRate":1.3215366400360223e-2,
		"fatalityRateSymptomatic":1.887909485765746e-2,
		"fatalityRatePCR":6.073517170050088e-2,
		"fractionOfSymptomaticHospitalized":7.737195842158529e-2,
		"fractionOfPCRHospitalized":0.25362988001452785,
		"fractionHospitalizedInICU":0.29427554978752346,
		"fractionDeathOfHospitalized":0.16899544980442055,
		"fractionOfInfectionsPCRConfirmed":0.21759000642211465,
		"dateContained":"Sun 6 Dec 2020 00:00:00",
		"dateICUOverCapacity":"Tue 28 Dec 2021 05:26:11",
		"dateHospitalsOverCapacity":""
	}
}