{
	"distancingLevel":1,
	"id":"scenario4",
	"distancingDays":90,
	"maintain":false,
	"name":"Normal",
	"gradual":false,
	"events":{},
	"summary":{
		"totalProjectedDeaths":1.2319254410813867e5,
		"totalProjectedPCRConfirmed":1.7976314137528269e6,
		"totalProjectedInfected":1.0125368474785015e7,
		"totalInfectedFraction":0.7916316419707443,
		"fatalityRate":1.2166722071885322e-2,
		"fatalityRateSymptomatic":1.7381031531264746e-2,
		"fatalityRatePCR":6.853048025621428e-2,
		"fractionOfSymptomaticHospitalized":6.490807958400116e-2,
		"fractionOfSymptomaticHospitalizedOrICU":9.154990408625031e-2,
		"fractionOfPCRHospitalized":0.21110141615490516,
		"fractionOfPCRHospitalizedOrICU":0.2977489786374271,
		"fractionHospitalizedInICU":0.29100876476232623,
		"fractionOfDeathInICU":0.7564240578940047,
		"fractionDeathOfHospitalizedOrICU":0.17275219119058155,
		"fractionOfInfectionsPCRConfirmed":0.1775373822917585,
		"fractionOfDeathsReported":0.8270252519510695,
		"fractionOfHospitalizationsReported":0.8248674358839614,
		"dateContained":"",
		"dateICUOverCapacity":"",
		"dateHospitalsOverCapacity":""
	},
	"summaryAug1":{
		"totalProjectedDeaths":1.0848387974060692e5,
		"totalProjectedPCRConfirmed":1.7593341357613744e6,
		"totalProjectedInfected":1.0055647059882244e7,
		"totalInfectedFraction":0.7861806128751166,
		"fatalityRate":1.0788353956197554e-2,
		"fatalityRateSymptomatic":1.5411934223139365e-2,
		"fatalityRatePCR":6.16618967002872e-2,
		"fractionOfSymptomaticHospitalized":6.24989713972339e-2,
		"fractionOfSymptomaticHospitalizedOrICU":8.815196618937399e-2,
		"fractionOfPCRHospitalized":0.2062198632836228,
		"fractionOfPCRHospitalizedOrICU":0.29086376958453114,
		"fractionHospitalizedInICU":0.2910087647623265,
		"fractionOfDeathInICU":0.750048832863383,
		"fractionDeathOfHospitalizedOrICU":0.1727521911905816,
		"fractionOfInfectionsPCRConfirmed":0.17495981365340174,
		"fractionOfDeathsReported":0.8268322566907953,
		"fractionOfHospitalizationsReported":0.8247036035752715,
		"dateContained":"",
		"dateICUOverCapacity":"",
		"dateHospitalsOverCapacity":""
	}
}