{
	"distancingLevel":1,
	"id":"scenario4",
	"distancingDays":90,
	"maintain":false,
	"name":"Normal",
	"gradual":false,
	"events":{},
	"summary":{
		"totalProjectedDeaths":1.2966042620437536e5,
		"totalProjectedPCRConfirmed":1.8885289724598434e6,
		"totalProjectedInfected":1.0656972801578598e7,
		"totalInfectedFraction":0.8331940608739529,
		"fatalityRate":1.2166722071878515e-2,
		"fatalityRateSymptomatic":1.7381031531255024e-2,
		"fatalityRatePCR":6.865683719720238e-2,
		"fractionOfSymptomaticHospitalized":6.490807958399529e-2,
		"fractionOfSymptomaticHospitalizedOrICU":9.154990408624213e-2,
		"fractionOfPCRHospitalized":0.2123412049616676,
		"fractionOfPCRHospitalizedOrICU":0.29949764455195954,
		"fractionHospitalizedInICU":0.2910087647623269,
		"fractionOfDeathInICU":0.7563119232805724,
		"fractionDeathOfHospitalizedOrICU":0.17275219119058172,
		"fractionOfInfectionsPCRConfirmed":0.1772106401716723,
		"fractionOfDeathsReported":0.828373690217988,
		"fractionOfHospitalizationsReported":0.8281848314735798,
		"dateContained":"",
		"dateICUOverCapacity":"",
		"dateHospitalsOverCapacity":""
	},
	"summaryAug1":{
		"totalProjectedDeaths":1.2443729470329112e5,
		"totalProjectedPCRConfirmed":1.8794930084881913e6,
		"totalProjectedInfected":1.0644676978297096e7,
		"totalInfectedFraction":0.832232736572723,
		"fatalityRate":1.1690095900232591e-2,
		"fatalityRateSymptomatic":1.670013700033227e-2,
		"fatalityRatePCR":6.620790507935159e-2,
		"fractionOfSymptomaticHospitalized":6.42599264682664e-2,
		"fractionOfSymptomaticHospitalizedOrICU":9.063571349612622e-2,
		"fractionOfPCRHospitalized":0.21098702652841134,
		"fractionOfPCRHospitalizedOrICU":0.29758763725433446,
		"fractionHospitalizedInICU":0.2910087647623265,
		"fractionOfDeathInICU":0.753790331763308,
		"fractionDeathOfHospitalizedOrICU":0.1727521911905816,
		"fractionOfInfectionsPCRConfirmed":0.17656646719484267,
		"fractionOfDeathsReported":0.8283705421708538,
		"fractionOfHospitalizationsReported":0.8281818622208834,
		"dateContained":"",
		"dateICUOverCapacity":"",
		"dateHospitalsOverCapacity":""
	}
}