{
	"distancingLevel":1,
	"id":"scenario4",
	"distancingDays":90,
	"maintain":false,
	"name":"Normal",
	"gradual":false,
	"events":{
		"herd":{
			"eventName":"herd",
			"day":1.6703860245173448e2,
			"thresholdCrossed":0.7000000000000233
		},
		"icu":{
			"eventName":"icu",
			"day":1.4232700093868158e2,
			"thresholdCrossed":1.335912850978127e-4
		},
		"hospital":{
			"eventName":"hospital",
			"day":1.5282715534296977e2,
			"thresholdCrossed":1.3183452727265016e-3
		}
	},
	"summary":{
		"totalProjectedDeaths":1.1768041684676708e5,
		"totalProjectedPCRConfirmed":1.7139344497544284e6,
		"totalProjectedInfected":9.672318982168728e6,
		"totalInfectedFraction":0.7562108753461046,
		"fatalityRate":1.2166722071895604e-2,
		"fatalityRateSymptomatic":1.7381031531279435e-2,
		"fatalityRatePCR":6.866097875775137e-2,
		"fractionOfSymptomaticHospitalized":6.490807958401022e-2,
		"fractionOfSymptomaticHospitalizedOrICU":9.154990408626312e-2,
		"fractionOfPCRHospitalized":0.2123472139747845,
		"fractionOfPCRHospitalizedOrICU":0.2995061199925833,
		"fractionHospitalizedInICU":0.29100876476232646,
		"fractionOfDeathInICU":0.7563128539601099,
		"fractionDeathOfHospitalizedOrICU":0.1727521911905816,
		"fractionOfInfectionsPCRConfirmed":0.17719995100597166,
		"fractionOfDeathsReported":0.8283661147002752,
		"fractionOfHospitalizationsReported":0.8281583114754669,
		"dateContained":"",
		"dateICUOverCapacity":"Thu 21 May 2020 07:50:52",
		"dateHospitalsOverCapacity":"Sun 31 May 2020 19:51:06"
	},
	"summaryAug1":{
		"totalProjectedDeaths":1.1164762744682397e5,
		"totalProjectedPCRConfirmed":1.700632010094161e6,
		"totalProjectedInfected":9.648928707988396e6,
		"totalInfectedFraction":0.7543821536357161,
		"fatalityRate":1.1570986875920262e-2,
		"fatalityRateSymptomatic":1.652998125131466e-2,
		"fatalityRatePCR":6.56506679776316e-2,
		"fractionOfSymptomaticHospitalized":6.399924373591051e-2,
		"fractionOfSymptomaticHospitalizedOrICU":9.026803231841955e-2,
		"fractionOfPCRHospitalized":0.21050017360513226,
		"fractionOfPCRHospitalizedOrICU":0.2969009532742203,
		"fractionHospitalizedInICU":0.29100876476232657,
		"fractionOfDeathInICU":0.7533652871657871,
		"fractionDeathOfHospitalizedOrICU":0.17275219119058166,
		"fractionOfInfectionsPCRConfirmed":0.17625086282233585,
		"fractionOfDeathsReported":0.828361652802922,
		"fractionOfHospitalizationsReported":0.8281534739747571,
		"dateContained":"",
		"dateICUOverCapacity":"Thu 21 May 2020 07:50:52",
		"dateHospitalsOverCapacity":"Sun 31 May 2020 19:51:06"
	}
}