{
	"distancingLevel":1,
	"id":"scenario4",
	"distancingDays":90,
	"maintain":false,
	"name":"Normal",
	"gradual":false,
	"events":{
		"herd":{
			"eventName":"herd",
			"day":1.46407622320246e2,
			"thresholdCrossed":0.699999999999998
		},
		"icu":{
			"eventName":"icu",
			"day":1.2781110513532339e2,
			"thresholdCrossed":1.9084469299687553e-4
		},
		"hospital":{
			"eventName":"hospital",
			"day":1.327875993223115e2,
			"thresholdCrossed":1.318345272646568e-3
		}
	},
	"summary":{
		"totalProjectedDeaths":1.5995246465905284e5,
		"totalProjectedPCRConfirmed":3.4694337450168165e6,
		"totalProjectedInfected":1.0890875119630923e7,
		"totalInfectedFraction":0.851481244847715,
		"fatalityRate":1.4686833050792839e-2,
		"fatalityRateSymptomatic":2.09811900725612e-2,
		"fatalityRatePCR":4.610333455388627e-2,
		"fractionOfSymptomaticHospitalized":7.992412784596427e-2,
		"fractionOfSymptomaticHospitalizedOrICU":0.11286044934599455,
		"fractionOfPCRHospitalized":0.22833843720459016,
		"fractionOfPCRHospitalizedOrICU":0.3224355313021218,
		"fractionHospitalizedInICU":0.2918322733153216,
		"fractionOfDeathInICU":0.7333495228266308,
		"fractionDeathOfHospitalizedOrICU":0.16630465019405613,
		"fractionOfInfectionsPCRConfirmed":0.3185633575729028,
		"dateContained":"Tue 18 Aug 2020 00:00:00",
		"dateICUOverCapacity":"Wed 6 May 2020 19:27:59",
		"dateHospitalsOverCapacity":"Mon 11 May 2020 18:54:08"
	},
	"summaryAug1":{
		"totalProjectedDeaths":1.5917149850556784e5,
		"totalProjectedPCRConfirmed":3.468095250269066e6,
		"totalProjectedInfected":1.0889895715242518e7,
		"totalInfectedFraction":0.85140467207843,
		"fatalityRate":1.4616439189842423e-2,
		"fatalityRateSymptomatic":2.0880627414060608e-2,
		"fatalityRatePCR":4.589594201405477e-2,
		"fractionOfSymptomaticHospitalized":7.9871830924801e-2,
		"fractionOfSymptomaticHospitalizedOrICU":0.11278660113293339,
		"fractionOfPCRHospitalized":0.22824243281297993,
		"fractionOfPCRHospitalizedOrICU":0.32229996399512295,
		"fractionHospitalizedInICU":0.2918322733153217,
		"fractionOfDeathInICU":0.7330684756358627,
		"fractionDeathOfHospitalizedOrICU":0.16630465019405616,
		"fractionOfInfectionsPCRConfirmed":0.31846909657865635,
		"dateContained":"Tue 18 Aug 2020 00:00:00",
		"dateICUOverCapacity":"Wed 6 May 2020 19:27:59",
		"dateHospitalsOverCapacity":"Mon 11 May 2020 18:54:08"
	}
}