{
	"distancingLevel":0.6471428571428571,
	"id":"scenario6",
	"distancingDays":4,
	"maintain":true,
	"name":"Open May 1",
	"gradual":false,
	"events":{
		"herd":{
			"eventName":"herd",
			"day":1.6749242308912991e2,
			"thresholdCrossed":0.7000000000000157
		},
		"icu":{
			"eventName":"icu",
			"day":9.718483599492586e1,
			"thresholdCrossed":1.8327589745078393e-4
		},
		"hospital":{
			"eventName":"hospital",
			"day":1.577785883879348e2,
			"thresholdCrossed":1.8822428978856318e-3
		}
	},
	"summary":{
		"totalProjectedDeaths":3.2597850996191828e4,
		"totalProjectedPCRConfirmed":5.321552195945551e5,
		"totalProjectedInfected":3.5684777520307596e6,
		"totalInfectedFraction":0.7651994413657066,
		"fatalityRate":9.134945840040883e-3,
		"fatalityRateSymptomatic":1.3049922628629832e-2,
		"fatalityRatePCR":6.125628349756276e-2,
		"fractionOfSymptomaticHospitalized":5.829753458002626e-2,
		"fractionOfSymptomaticHospitalizedOrICU":8.068762635926062e-2,
		"fractionOfPCRHospitalized":0.21154105938131515,
		"fractionOfPCRHospitalizedOrICU":0.29278675473953525,
		"fractionHospitalizedInICU":0.27749102048860336,
		"fractionOfDeathInICU":0.7149041084473933,
		"fractionDeathOfHospitalizedOrICU":0.16937275512215086,
		"fractionOfInfectionsPCRConfirmed":0.14912667433381493,
		"fractionOfDeathsReported":0.7736651988953298,
		"fractionOfHospitalizationsReported":0.7730396662041429,
		"dateContained":"",
		"dateICUOverCapacity":"Mon 6 Apr 2020 04:26:09",
		"dateHospitalsOverCapacity":"Fri 5 Jun 2020 18:41:10"
	},
	"summaryAug1":{
		"totalProjectedDeaths":3.042127788886306e4,
		"totalProjectedPCRConfirmed":5.249925815239485e5,
		"totalProjectedInfected":3.551211074313465e6,
		"totalInfectedFraction":0.7614968956132505,
		"fatalityRate":8.56645162798278e-3,
		"fatalityRateSymptomatic":1.2237788039975401e-2,
		"fatalityRatePCR":5.794611002036672e-2,
		"fractionOfSymptomaticHospitalized":5.710904056865404e-2,
		"fractionOfSymptomaticHospitalizedOrICU":7.904267239318542e-2,
		"fractionOfPCRHospitalized":0.20903295891313095,
		"fractionOfPCRHospitalizedOrICU":0.2893153785500237,
		"fractionHospitalizedInICU":0.2774910204886034,
		"fractionOfDeathInICU":0.7109644840890834,
		"fractionDeathOfHospitalizedOrICU":0.16937275512215083,
		"fractionOfInfectionsPCRConfirmed":0.1478348007307457,
		"fractionOfDeathsReported":0.7736445609995135,
		"fractionOfHospitalizationsReported":0.7730161089176513,
		"dateContained":"",
		"dateICUOverCapacity":"Mon 6 Apr 2020 04:26:09",
		"dateHospitalsOverCapacity":"Fri 5 Jun 2020 18:41:10"
	}
}