{
	"distancingLevel":0.6207809690571428,
	"id":"scenario6",
	"distancingDays":3,
	"maintain":true,
	"postDistancingLevel":1,
	"name":"Open May 1",
	"gradual":false,
	"events":{
		"herd":{
			"eventName":"herd",
			"day":1.6527291722976312e2,
			"thresholdCrossed":0.6999999999999821
		},
		"icu":{
			"eventName":"icu",
			"day":1.019348009110529e2,
			"thresholdCrossed":2.2254930404693e-4
		},
		"hospital":{
			"eventName":"hospital",
			"day":1.5398385746368407e2,
			"thresholdCrossed":1.8822428978856334e-3
		}
	},
	"summary":{
		"totalProjectedDeaths":2.91684368000206e4,
		"totalProjectedPCRConfirmed":7.77861847915042e5,
		"totalProjectedInfected":3.193060726429917e6,
		"totalInfectedFraction":0.6846976368902661,
		"fatalityRate":9.134945840079e-3,
		"fatalityRateSymptomatic":1.3049922628684287e-2,
		"fatalityRatePCR":3.749822269623176e-2,
		"fractionOfSymptomaticHospitalized":5.8297534580094505e-2,
		"fractionOfSymptomaticHospitalizedOrICU":8.068762635935507e-2,
		"fractionOfPCRHospitalized":0.12943539531969805,
		"fractionOfPCRHospitalizedOrICU":0.17914710957257574,
		"fractionHospitalizedInICU":0.27749102048860325,
		"fractionOfDeathInICU":0.7149191210895838,
		"fractionDeathOfHospitalizedOrICU":0.1693727551221508,
		"fractionOfInfectionsPCRConfirmed":0.24361010157948051,
		"fractionOfDeathsReported":0.7735371887474751,
		"fractionOfHospitalizationsReported":0.7726807961196425,
		"dateContained":"",
		"dateICUOverCapacity":"Fri 10 Apr 2020 22:26:06",
		"dateHospitalsOverCapacity":"Mon 1 Jun 2020 23:36:45"
	},
	"summaryAug1":{
		"totalProjectedDeaths":2.7564516179125287e4,
		"totalProjectedPCRConfirmed":7.690638356943876e5,
		"totalProjectedInfected":3.1770338068902446e6,
		"totalInfectedFraction":0.6812609362210266,
		"fatalityRate":8.67617968664491e-3,
		"fatalityRateSymptomatic":1.239454240949273e-2,
		"fatalityRatePCR":3.584164915807969e-2,
		"fractionOfSymptomaticHospitalized":5.7313156825842086e-2,
		"fractionOfSymptomaticHospitalizedOrICU":7.932518273281619e-2,
		"fractionOfPCRHospitalized":0.12805483366600207,
		"fractionOfPCRHospitalizedOrICU":0.1772363213431622,
		"fractionHospitalizedInICU":0.27749102048860325,
		"fractionOfDeathInICU":0.7118049491041926,
		"fractionDeathOfHospitalizedOrICU":0.1693727551221508,
		"fractionOfInfectionsPCRConfirmed":0.24206976772688651,
		"fractionOfDeathsReported":0.7735129558525343,
		"fractionOfHospitalizationsReported":0.7726524030082826,
		"dateContained":"",
		"dateICUOverCapacity":"Fri 10 Apr 2020 22:26:06",
		"dateHospitalsOverCapacity":"Mon 1 Jun 2020 23:36:45"
	}
}