{
	"distancingLevel":0.5504761904761903,
	"id":"scenario6",
	"distancingDays":11,
	"maintain":true,
	"postDistancingLevel":1,
	"name":"Open May 1",
	"gradual":false,
	"events":{},
	"summary":{
		"totalProjectedDeaths":3.949213927446635e4,
		"totalProjectedPCRConfirmed":9.657938394386838e5,
		"totalProjectedInfected":3.889171407461384e6,
		"totalInfectedFraction":0.8339667486146842,
		"fatalityRate":1.0154383835770418e-2,
		"fatalityRateSymptomatic":1.4506262622529166e-2,
		"fatalityRatePCR":4.089085854742981e-2,
		"fractionOfSymptomaticHospitalized":7.178427765446509e-2,
		"fractionOfPCRHospitalized":0.23669706754930903,
		"fractionHospitalizedInICU":0.27829129096279437,
		"fractionDeathOfHospitalized":0.12467957055505441,
		"fractionOfInfectionsPCRConfirmed":0.24832894677406253,
		"dateContained":"Sat 29 Aug 2020 00:00:00",
		"dateICUOverCapacity":"",
		"dateHospitalsOverCapacity":""
	},
	"summaryAug1":{
		"totalProjectedDeaths":3.881473657191423e4,
		"totalProjectedPCRConfirmed":9.644073016665567e5,
		"totalProjectedInfected":3.887652635447113e6,
		"totalInfectedFraction":0.8336410737534018,
		"fatalityRate":9.984106146214427e-3,
		"fatalityRateSymptomatic":1.4263008780306325e-2,
		"fatalityRatePCR":4.024724460799904e-2,
		"fractionOfSymptomaticHospitalized":7.165164485071146e-2,
		"fractionOfPCRHospitalized":0.2364058007737085,
		"fractionHospitalizedInICU":0.2782912909627943,
		"fractionDeathOfHospitalized":0.12286833425101815,
		"fractionOfInfectionsPCRConfirmed":0.24806930868082608,
		"dateContained":"Sat 29 Aug 2020 00:00:00",
		"dateICUOverCapacity":"",
		"dateHospitalsOverCapacity":""
	}
}