{
	"distancingLevel":0.631904761904762,
	"id":"scenario6",
	"distancingDays":7,
	"maintain":true,
	"postDistancingLevel":1,
	"name":"Open May 1",
	"gradual":false,
	"events":{
		"herd":{
			"eventName":"herd",
			"day":1.6702317747778173e2,
			"thresholdCrossed":0.6999999999999926
		},
		"icu":{
			"eventName":"icu",
			"day":9.650433175427037e1,
			"thresholdCrossed":1.8327589745041294e-4
		},
		"hospital":{
			"eventName":"hospital",
			"day":1.579608138008481e2,
			"thresholdCrossed":1.8822428978856314e-3
		}
	},
	"summary":{
		"totalProjectedDeaths":3.352183250797262e4,
		"totalProjectedPCRConfirmed":5.466233990358596e5,
		"totalProjectedInfected":3.669625753130444e6,
		"totalInfectedFraction":0.7868889121471035,
		"fatalityRate":9.13494584001548e-3,
		"fatalityRateSymptomatic":1.3049922628593544e-2,
		"fatalityRatePCR":6.132527909909966e-2,
		"fractionOfSymptomaticHospitalized":5.8297534579992254e-2,
		"fractionOfSymptomaticHospitalizedOrICU":8.068762635921359e-2,
		"fractionOfPCRHospitalized":0.21181171658408615,
		"fractionOfPCRHospitalizedOrICU":0.2931613621291266,
		"fractionHospitalizedInICU":0.2774910204886036,
		"fractionOfDeathInICU":0.7148993022232183,
		"fractionDeathOfHospitalizedOrICU":0.16937275512215086,
		"fractionOfInfectionsPCRConfirmed":0.14895889548669974,
		"fractionOfDeathsReported":0.7737141798900765,
		"fractionOfHospitalizationsReported":0.7731578942603902,
		"dateContained":"",
		"dateICUOverCapacity":"Sun 5 Apr 2020 12:06:14",
		"dateHospitalsOverCapacity":"Fri 5 Jun 2020 23:03:34"
	},
	"summaryAug1":{
		"totalProjectedDeaths":3.144662396659395e4,
		"totalProjectedPCRConfirmed":5.404324090793625e5,
		"totalProjectedInfected":3.655841064843343e6,
		"totalInfectedFraction":0.783933019884447,
		"fatalityRate":8.601748109074724e-3,
		"fatalityRateSymptomatic":1.2288211584392464e-2,
		"fatalityRatePCR":5.818789443098705e-2,
		"fractionOfSymptomaticHospitalized":5.7227796256524494e-2,
		"fractionOfSymptomaticHospitalizedOrICU":7.920703808446136e-2,
		"fractionOfPCRHospitalized":0.2095120981330383,
		"fractionOfPCRHospitalizedOrICU":0.28997853877847,
		"fractionHospitalizedInICU":0.27749102048860363,
		"fractionOfDeathInICU":0.7110986421744799,
		"fractionDeathOfHospitalizedOrICU":0.1693727551221509,
		"fractionOfInfectionsPCRConfirmed":0.14782710722204784,
		"fractionOfDeathsReported":0.7736983770223496,
		"fractionOfHospitalizationsReported":0.7731399629698011,
		"dateContained":"",
		"dateICUOverCapacity":"Sun 5 Apr 2020 12:06:14",
		"dateHospitalsOverCapacity":"Fri 5 Jun 2020 23:03:34"
	}
}