{
	"distancingLevel":0.5614285714285714,
	"id":"scenario1",
	"distancingDays":90,
	"maintain":true,
	"name":"Current",
	"gradual":false,
	"events":{
		"herd":{
			"eventName":"herd",
			"day":3.1253049022116755e2,
			"thresholdCrossed":0.7000000000015258
		},
		"icu":{
			"eventName":"icu",
			"day":2.748135704426983e2,
			"thresholdCrossed":1.3121399303511438e-4
		},
		"hospital":{
			"eventName":"hospital",
			"day":2.8309440321341526e2,
			"thresholdCrossed":8.298988186727909e-4
		}
	},
	"summary":{
		"totalProjectedDeaths":3.9512602710868865e4,
		"totalProjectedPCRConfirmed":6.986616497543955e5,
		"totalProjectedInfected":4.1864200726178517e6,
		"totalInfectedFraction":0.5838827532424977,
		"fatalityRate":9.43827949070597e-3,
		"fatalityRateSymptomatic":1.3483256415294244e-2,
		"fatalityRatePCR":5.655470387527203e-2,
		"fractionOfSymptomaticHospitalized":5.9517650207165845e-2,
		"fractionOfSymptomaticHospitalizedOrICU":8.2377579630971e-2,
		"fractionOfPCRHospitalized":0.19757135430779338,
		"fractionOfPCRHospitalizedOrICU":0.2734558557946814,
		"fractionHospitalizedInICU":0.27750183394816147,
		"fractionOfDeathInICU":0.7041249200313077,
		"fractionDeathOfHospitalizedOrICU":0.16937545848704036,
		"fractionOfInfectionsPCRConfirmed":0.16688761224038096,
		"fractionOfDeathsReported":0.7924335222256916,
		"fractionOfHospitalizationsReported":0.791414970487339,
		"dateContained":"",
		"dateICUOverCapacity":"Wed 30 Sep 2020 19:31:32",
		"dateHospitalsOverCapacity":"Fri 9 Oct 2020 02:15:56"
	},
	"summaryAug1":{
		"totalProjectedDeaths":1.786893274254287e3,
		"totalProjectedPCRConfirmed":2.3504447204449745e4,
		"totalProjectedInfected":1.955050694596111e5,
		"totalInfectedFraction":2.7267220261907917e-2,
		"fatalityRate":9.139882045991839e-3,
		"fatalityRateSymptomatic":1.3056974351416912e-2,
		"fatalityRatePCR":7.602362475114927e-2,
		"fractionOfSymptomaticHospitalized":5.852998308877413e-2,
		"fractionOfSymptomaticHospitalizedOrICU":8.101056284836938e-2,
		"fractionOfPCRHospitalized":0.2558223057612173,
		"fractionOfPCRHospitalizedOrICU":0.3540802147072331,
		"fractionHospitalizedInICU":0.27750183394816097,
		"fractionOfDeathInICU":0.7044626572662079,
		"fractionDeathOfHospitalizedOrICU":0.16937545848704025,
		"fractionOfInfectionsPCRConfirmed":0.12022423392609503,
		"fractionOfDeathsReported":0.7725389007051889,
		"fractionOfHospitalizationsReported":0.7506785193862828,
		"dateContained":"",
		"dateICUOverCapacity":"Wed 30 Sep 2020 19:31:32",
		"dateHospitalsOverCapacity":"Fri 9 Oct 2020 02:15:56"
	}
}