{
	"distancingLevel":0.499047619047619,
	"id":"scenario1",
	"distancingDays":90,
	"maintain":true,
	"name":"Current",
	"gradual":false,
	"events":{
		"herd":{
			"eventName":"herd",
			"day":3.116341288912302e2,
			"thresholdCrossed":0.7000000000005407
		},
		"icu":{
			"eventName":"icu",
			"day":2.715960694932592e2,
			"thresholdCrossed":1.8744856147873408e-4
		},
		"hospital":{
			"eventName":"hospital",
			"day":2.764520050702684e2,
			"thresholdCrossed":8.29898818672797e-4
		}
	},
	"summary":{
		"totalProjectedDeaths":4.487721127068426e4,
		"totalProjectedPCRConfirmed":1.3278299041144992e6,
		"totalProjectedInfected":4.0650479943882315e6,
		"totalInfectedFraction":0.56695490988846,
		"fatalityRate":1.1039774027917238e-2,
		"fatalityRateSymptomatic":1.5771105754167482e-2,
		"fatalityRatePCR":3.3797409692028206e-2,
		"fractionOfSymptomaticHospitalized":7.32866588219339e-2,
		"fractionOfSymptomaticHospitalizedOrICU":0.10154756057625264,
		"fractionOfPCRHospitalized":0.20937870140352052,
		"fractionOfPCRHospitalizedOrICU":0.29011960302094786,
		"fractionHospitalizedInICU":0.2783021235955488,
		"fractionOfDeathInICU":0.6747539526008792,
		"fractionDeathOfHospitalizedOrICU":0.16183970078653112,
		"fractionOfInfectionsPCRConfirmed":0.3266455662879155,
		"dateContained":"Mon 1 Mar 2021 00:00:00",
		"dateICUOverCapacity":"Sun 27 Sep 2020 14:18:20",
		"dateHospitalsOverCapacity":"Fri 2 Oct 2020 10:50:53"
	},
	"summaryAug1":{
		"totalProjectedDeaths":1.2761293725936612e3,
		"totalProjectedPCRConfirmed":2.181992335971506e4,
		"totalProjectedInfected":1.1733197804498323e5,
		"totalInfectedFraction":1.6364367931537654e-2,
		"fatalityRate":1.0876228235958088e-2,
		"fatalityRateSymptomatic":1.5537468908511556e-2,
		"fatalityRatePCR":5.848459463197334e-2,
		"fractionOfSymptomaticHospitalized":7.27428869242317e-2,
		"fractionOfSymptomaticHospitalizedOrICU":0.10079409861456402,
		"fractionOfPCRHospitalized":0.22052794166232925,
		"fractionOfPCRHospitalizedOrICU":0.30556822857927035,
		"fractionHospitalizedInICU":0.27830212359554884,
		"fractionOfDeathInICU":0.6756431327291341,
		"fractionDeathOfHospitalizedOrICU":0.16183970078653112,
		"fractionOfInfectionsPCRConfirmed":0.18596740397020875,
		"dateContained":"Mon 1 Mar 2021 00:00:00",
		"dateICUOverCapacity":"Sun 27 Sep 2020 14:18:20",
		"dateHospitalsOverCapacity":"Fri 2 Oct 2020 10:50:53"
	}
}