{
	"distancingLevel":0.5333333333333333,
	"id":"scenario1",
	"distancingDays":90,
	"maintain":true,
	"name":"Current",
	"gradual":false,
	"events":{
		"herd":{
			"eventName":"herd",
			"day":3.2287416555359766e2,
			"thresholdCrossed":0.7000000000000002
		},
		"icu":{
			"eventName":"icu",
			"day":2.7797974476574234e2,
			"thresholdCrossed":1.3121399303511465e-4
		},
		"hospital":{
			"eventName":"hospital",
			"day":2.8675306180536165e2,
			"thresholdCrossed":8.298988186727959e-4
		}
	},
	"summary":{
		"totalProjectedDeaths":3.3389259067357394e4,
		"totalProjectedPCRConfirmed":5.904863085819068e5,
		"totalProjectedInfected":3.538834697408859e6,
		"totalInfectedFraction":0.4935635962353605,
		"fatalityRate":9.43509994739372e-3,
		"fatalityRateSymptomatic":1.3478714210562457e-2,
		"fatalityRatePCR":5.654535690682479e-2,
		"fractionOfSymptomaticHospitalized":5.951058800754529e-2,
		"fractionOfSymptomaticHospitalizedOrICU":8.236780493540442e-2,
		"fractionOfPCRHospitalized":0.19749338949446807,
		"fractionOfPCRHospitalizedOrICU":0.2733479457445406,
		"fractionHospitalizedInICU":0.2775018339481612,
		"fractionOfDeathInICU":0.7041174502891664,
		"fractionDeathOfHospitalizedOrICU":0.1693754584870403,
		"fractionOfInfectionsPCRConfirmed":0.16685896886177304,
		"fractionOfDeathsReported":0.7922623553559928,
		"fractionOfHospitalizationsReported":0.7910607514530575,
		"dateContained":"Mon 22 Mar 2021 04:14:36",
		"dateICUOverCapacity":"Sat 3 Oct 2020 23:30:49",
		"dateHospitalsOverCapacity":"Mon 12 Oct 2020 18:04:24"
	},
	"summaryAug1":{
		"totalProjectedDeaths":1.6754618736554999e3,
		"totalProjectedPCRConfirmed":2.2489688288705915e4,
		"totalProjectedInfected":1.8058451982801562e5,
		"totalInfectedFraction":2.518624141896547e-2,
		"fatalityRate":9.277992793907085e-3,
		"fatalityRateSymptomatic":1.3254275419867265e-2,
		"fatalityRatePCR":7.449911497870333e-2,
		"fractionOfSymptomaticHospitalized":5.901825989431857e-2,
		"fractionOfSymptomaticHospitalizedOrICU":8.168638021163371e-2,
		"fractionOfPCRHospitalized":0.24800933896276461,
		"fractionOfPCRHospitalizedOrICU":0.3432663923813616,
		"fractionHospitalizedInICU":0.27750183394816136,
		"fractionOfDeathInICU":0.7050461904060167,
		"fractionDeathOfHospitalizedOrICU":0.16937545848704033,
		"fractionOfInfectionsPCRConfirmed":0.12453829547585007,
		"fractionOfDeathsReported":0.7711859034644747,
		"fractionOfHospitalizationsReported":0.7476296413982104,
		"dateContained":"Mon 22 Mar 2021 04:14:36",
		"dateICUOverCapacity":"Sat 3 Oct 2020 23:30:49",
		"dateHospitalsOverCapacity":"Mon 12 Oct 2020 18:04:24"
	}
}