{
	"distancingLevel":0.499047619047619,
	"id":"scenario1",
	"distancingDays":90,
	"maintain":true,
	"name":"Current",
	"gradual":false,
	"events":{
		"herd":{
			"eventName":"herd",
			"day":3.1423744552886615e2,
			"thresholdCrossed":0.6999999999999996
		},
		"icu":{
			"eventName":"icu",
			"day":2.722810889116261e2,
			"thresholdCrossed":1.8744856147873463e-4
		},
		"hospital":{
			"eventName":"hospital",
			"day":2.7724862889845326e2,
			"thresholdCrossed":8.298988186727966e-4
		}
	},
	"summary":{
		"totalProjectedDeaths":4.369998392260874e4,
		"totalProjectedPCRConfirmed":1.292616755809975e6,
		"totalProjectedInfected":3.9584128988870857e6,
		"totalInfectedFraction":0.5520824431809918,
		"fatalityRate":1.1039774030368349e-2,
		"fatalityRateSymptomatic":1.5771105757669067e-2,
		"fatalityRatePCR":3.380737850270679e-2,
		"fractionOfSymptomaticHospitalized":7.32866588267688e-2,
		"fractionOfSymptomaticHospitalizedOrICU":0.10154756058295195,
		"fractionOfPCRHospitalized":0.20938328882634713,
		"fractionOfPCRHospitalizedOrICU":0.2901259594520483,
		"fractionHospitalizedInICU":0.2783021235955486,
		"fractionOfDeathInICU":0.674754919698411,
		"fractionDeathOfHospitalizedOrICU":0.16183970078653104,
		"fractionOfInfectionsPCRConfirmed":0.32654924810228775,
		"dateContained":"Sun 7 Mar 2021 00:00:00",
		"dateICUOverCapacity":"Mon 28 Sep 2020 06:44:46",
		"dateHospitalsOverCapacity":"Sat 3 Oct 2020 05:58:01"
	},
	"summaryAug1":{
		"totalProjectedDeaths":1.2681149989112655e3,
		"totalProjectedPCRConfirmed":2.1627141041327803e4,
		"totalProjectedInfected":1.1654941543109849e5,
		"totalInfectedFraction":1.6255223410525946e-2,
		"fatalityRate":1.088049214335998e-2,
		"fatalityRateSymptomatic":1.5543560204799974e-2,
		"fatalityRatePCR":5.8635350668310486e-2,
		"fractionOfSymptomaticHospitalized":7.275850105101975e-2,
		"fractionOfSymptomaticHospitalizedOrICU":0.10081573388231048,
		"fractionOfPCRHospitalized":0.22060847191251912,
		"fractionOfPCRHospitalizedOrICU":0.3056798130148392,
		"fractionHospitalizedInICU":0.2783021235955488,
		"fractionOfDeathInICU":0.6756601381810936,
		"fractionDeathOfHospitalizedOrICU":0.16183970078653112,
		"fractionOfInfectionsPCRConfirmed":0.185561986401496,
		"dateContained":"Sun 7 Mar 2021 00:00:00",
		"dateICUOverCapacity":"Mon 28 Sep 2020 06:44:46",
		"dateHospitalsOverCapacity":"Sat 3 Oct 2020 05:58:01"
	}
}