{
	"distancingLevel":0.11,
	"id":"scenario3",
	"distancingDays":60,
	"maintain":false,
	"name":"Wuhan",
	"gradual":false,
	"events":{},
	"summary":{
		"totalProjectedDeaths":4.879421358035927e3,
		"totalProjectedPCRConfirmed":1.2326824266082836e5,
		"totalProjectedInfected":3.9058281980705494e5,
		"totalInfectedFraction":0.6252966844803293,
		"fatalityRate":1.2492667650989681e-2,
		"fatalityRateSymptomatic":1.7846668072842402e-2,
		"fatalityRatePCR":3.958376669213674e-2,
		"fractionOfSymptomaticHospitalized":6.693379552945262e-2,
		"fractionOfSymptomaticHospitalizedOrICU":9.473300743810144e-2,
		"fractionOfPCRHospitalized":0.1263986090794872,
		"fractionOfPCRHospitalizedOrICU":0.1788949854012658,
		"fractionHospitalizedInICU":0.2934480036096479,
		"fractionOfDeathInICU":0.7336904865053655,
		"fractionDeathOfHospitalizedOrICU":0.17336200090241197,
		"fractionOfInfectionsPCRConfirmed":0.315600780192334,
		"fractionOfDeathsReported":0.8516680692593014,
		"fractionOfHospitalizationsReported":0.8514063214077321,
		"dateContained":"",
		"dateICUOverCapacity":"",
		"dateHospitalsOverCapacity":""
	},
	"summaryAug1":{
		"totalProjectedDeaths":9.740304409419883e1,
		"totalProjectedPCRConfirmed":1.1850853185915887e3,
		"totalProjectedInfected":7.816234955761687e3,
		"totalInfectedFraction":1.2513263653970772e-2,
		"fatalityRate":1.2461632057567411e-2,
		"fatalityRateSymptomatic":1.7802331510810586e-2,
		"fatalityRatePCR":8.219074404698322e-2,
		"fractionOfSymptomaticHospitalized":6.679914337825027e-2,
		"fractionOfSymptomaticHospitalizedOrICU":9.45424310164222e-2,
		"fractionOfPCRHospitalized":0.2565281696854802,
		"fractionOfPCRHospitalizedOrICU":0.36307047605277004,
		"fractionHospitalizedInICU":0.29344800360964773,
		"fractionOfDeathInICU":0.7343129941656015,
		"fractionDeathOfHospitalizedOrICU":0.17336200090241194,
		"fractionOfInfectionsPCRConfirmed":0.15161843589642998,
		"fractionOfDeathsReported":0.8449013389511195,
		"fractionOfHospitalizationsReported":0.8317985163981367,
		"dateContained":"",
		"dateICUOverCapacity":"",
		"dateHospitalsOverCapacity":""
	}
}