{
	"distancingLevel":0.11,
	"id":"scenario3",
	"distancingDays":60,
	"maintain":false,
	"name":"Wuhan",
	"gradual":false,
	"events":{
		"herd":{
			"eventName":"herd",
			"day":2.8642434732671046e2,
			"thresholdCrossed":0.7000000000000001
		},
		"icu":{
			"eventName":"icu",
			"day":2.580947315485845e2,
			"thresholdCrossed":7.732503409985962e-5
		},
		"hospital":{
			"eventName":"hospital",
			"day":2.644742222882848e2,
			"thresholdCrossed":7.005190594202066e-4
		}
	},
	"summary":{
		"totalProjectedDeaths":8.275587156236374e1,
		"totalProjectedPCRConfirmed":1.054088713160857e3,
		"totalProjectedInfected":7.4582718228427175e3,
		"totalInfectedFraction":1.1940188882553547e-2,
		"fatalityRate":1.1095850825509517e-2,
		"fatalityRateSymptomatic":1.5851215465013595e-2,
		"fatalityRatePCR":7.850939918918849e-2,
		"fractionOfSymptomaticHospitalized":6.426885452838602e-2,
		"fractionOfSymptomaticHospitalizedOrICU":9.096125247218052e-2,
		"fractionOfPCRHospitalized":0.2618400998136173,
		"fractionOfPCRHospitalizedOrICU":0.3705885782664427,
		"fractionHospitalizedInICU":0.29344800360964773,
		"fractionOfDeathInICU":0.7291057077598224,
		"fractionDeathOfHospitalizedOrICU":0.17336200090241194,
		"fractionOfInfectionsPCRConfirmed":0.14133149584766563,
		"fractionOfDeathsReported":0.8406643591353176,
		"fractionOfHospitalizationsReported":0.8225769087223566,
		"dateContained":"Sat 16 May 2020 14:09:53",
		"dateICUOverCapacity":"Mon 14 Sep 2020 02:16:24",
		"dateHospitalsOverCapacity":"Sun 20 Sep 2020 11:22:52"
	},
	"summaryAug1":{
		"totalProjectedDeaths":8.275587156236374e1,
		"totalProjectedPCRConfirmed":1.054088713160857e3,
		"totalProjectedInfected":7.4582718228427175e3,
		"totalInfectedFraction":1.1940188882553547e-2,
		"fatalityRate":1.1095850825509517e-2,
		"fatalityRateSymptomatic":1.5851215465013595e-2,
		"fatalityRatePCR":7.850939918918849e-2,
		"fractionOfSymptomaticHospitalized":6.426885452838602e-2,
		"fractionOfSymptomaticHospitalizedOrICU":9.096125247218052e-2,
		"fractionOfPCRHospitalized":0.2618400998136173,
		"fractionOfPCRHospitalizedOrICU":0.3705885782664427,
		"fractionHospitalizedInICU":0.29344800360964773,
		"fractionOfDeathInICU":0.7291057077598224,
		"fractionDeathOfHospitalizedOrICU":0.17336200090241194,
		"fractionOfInfectionsPCRConfirmed":0.14133149584766563,
		"fractionOfDeathsReported":0.8406643591353176,
		"fractionOfHospitalizationsReported":0.8225769087223566,
		"dateContained":"Sat 16 May 2020 14:09:53",
		"dateICUOverCapacity":"Mon 14 Sep 2020 02:16:24",
		"dateHospitalsOverCapacity":"Sun 20 Sep 2020 11:22:52"
	}
}