{
	"distancingLevel":0.11,
	"id":"scenario3",
	"distancingDays":60,
	"maintain":false,
	"name":"Wuhan",
	"gradual":false,
	"events":{
		"herd":{
			"eventName":"herd",
			"day":3.1578372416794167e2,
			"thresholdCrossed":0.7000000000002398
		},
		"icu":{
			"eventName":"icu",
			"day":2.8463297135945027e2,
			"thresholdCrossed":7.732503409985958e-5
		},
		"hospital":{
			"eventName":"hospital",
			"day":2.924385707245311e2,
			"thresholdCrossed":7.005190594202072e-4
		}
	},
	"summary":{
		"totalProjectedDeaths":9.026090145476815e1,
		"totalProjectedPCRConfirmed":1.0764666419718385e3,
		"totalProjectedInfected":7.786816749050712e3,
		"totalInfectedFraction":1.24661670941968e-2,
		"fatalityRate":1.1591501940221184e-2,
		"fatalityRateSymptomatic":1.6559288486030263e-2,
		"fatalityRatePCR":8.384923223392321e-2,
		"fractionOfSymptomaticHospitalized":6.517001797167882e-2,
		"fractionOfSymptomaticHospitalizedOrICU":9.223669072427904e-2,
		"fractionOfPCRHospitalized":0.26697245174525086,
		"fractionOfPCRHospitalizedOrICU":0.37785251914815243,
		"fractionHospitalizedInICU":0.2934480036096479,
		"fractionOfDeathInICU":0.7317299557448378,
		"fractionDeathOfHospitalizedOrICU":0.17336200090241197,
		"fractionOfInfectionsPCRConfirmed":0.13824219532366291,
		"fractionOfDeathsReported":0.8343981312098739,
		"fractionOfHospitalizationsReported":0.8090236007484936,
		"dateContained":"Mon 1 Jun 2020 23:21:41",
		"dateICUOverCapacity":"Sat 10 Oct 2020 15:11:28",
		"dateHospitalsOverCapacity":"Sun 18 Oct 2020 10:31:32"
	},
	"summaryAug1":{
		"totalProjectedDeaths":9.026090145476815e1,
		"totalProjectedPCRConfirmed":1.0764666419718385e3,
		"totalProjectedInfected":7.786816749050712e3,
		"totalInfectedFraction":1.24661670941968e-2,
		"fatalityRate":1.1591501940221184e-2,
		"fatalityRateSymptomatic":1.6559288486030263e-2,
		"fatalityRatePCR":8.384923223392321e-2,
		"fractionOfSymptomaticHospitalized":6.517001797167882e-2,
		"fractionOfSymptomaticHospitalizedOrICU":9.223669072427904e-2,
		"fractionOfPCRHospitalized":0.26697245174525086,
		"fractionOfPCRHospitalizedOrICU":0.37785251914815243,
		"fractionHospitalizedInICU":0.2934480036096479,
		"fractionOfDeathInICU":0.7317299557448378,
		"fractionDeathOfHospitalizedOrICU":0.17336200090241197,
		"fractionOfInfectionsPCRConfirmed":0.13824219532366291,
		"fractionOfDeathsReported":0.8343981312098739,
		"fractionOfHospitalizationsReported":0.8090236007484936,
		"dateContained":"Mon 1 Jun 2020 23:21:41",
		"dateICUOverCapacity":"Sat 10 Oct 2020 15:11:28",
		"dateHospitalsOverCapacity":"Sun 18 Oct 2020 10:31:32"
	}
}