{
	"distancingLevel":1,
	"id":"scenario4",
	"distancingDays":90,
	"maintain":false,
	"name":"Normal",
	"gradual":false,
	"events":{
		"herd":{
			"eventName":"herd",
			"day":1.4395674916333502e2,
			"thresholdCrossed":0.7000000000000522
		},
		"icu":{
			"eventName":"icu",
			"day":9.466866901117834e1,
			"thresholdCrossed":1.5913298120060818e-4
		},
		"hospital":{
			"eventName":"hospital",
			"day":1.1134584347478747e2,
			"thresholdCrossed":8.771942643502846e-4
		}
	},
	"summary":{
		"totalProjectedDeaths":3.990161336036819e4,
		"totalProjectedPCRConfirmed":7.845638850826543e5,
		"totalProjectedInfected":2.9437371688507083e6,
		"totalInfectedFraction":0.8189609642486916,
		"fatalityRate":1.355474727247696e-2,
		"fatalityRateSymptomatic":1.9363924674967087e-2,
		"fatalityRatePCR":5.085833559132603e-2,
		"fractionOfSymptomaticHospitalized":7.858673672401324e-2,
		"fractionOfSymptomaticHospitalizedOrICU":0.10980951397843104,
		"fractionOfPCRHospitalized":0.23347299502734872,
		"fractionOfPCRHospitalizedOrICU":0.3262326084499182,
		"fractionHospitalizedInICU":0.284335811381067,
		"fractionOfDeathInICU":0.7159240033259318,
		"fractionDeathOfHospitalizedOrICU":0.16383081775575212,
		"fractionOfInfectionsPCRConfirmed":0.2665196789253312,
		"dateContained":"Fri 21 Aug 2020 00:00:00",
		"dateICUOverCapacity":"Fri 3 Apr 2020 16:02:53",
		"dateHospitalsOverCapacity":"Mon 20 Apr 2020 08:18:00"
	},
	"summaryAug1":{
		"totalProjectedDeaths":3.969449403718621e4,
		"totalProjectedPCRConfirmed":7.840482877295299e5,
		"totalProjectedInfected":2.9432617146459343e6,
		"totalInfectedFraction":0.8188286907433943,
		"fatalityRate":1.3486566226735068e-2,
		"fatalityRateSymptomatic":1.92665231810501e-2,
		"fatalityRatePCR":5.062761396002112e-2,
		"fractionOfSymptomaticHospitalized":7.852118093212081e-2,
		"fractionOfSymptomaticHospitalizedOrICU":0.10971791264789789,
		"fractionOfPCRHospitalized":0.23333744305255147,
		"fractionOfPCRHospitalizedOrICU":0.32604320121541774,
		"fractionHospitalizedInICU":0.284335811381067,
		"fractionOfDeathInICU":0.7156380134387643,
		"fractionDeathOfHospitalizedOrICU":0.16383081775575212,
		"fractionOfInfectionsPCRConfirmed":0.2663875535865653,
		"dateContained":"Fri 21 Aug 2020 00:00:00",
		"dateICUOverCapacity":"Fri 3 Apr 2020 16:02:53",
		"dateHospitalsOverCapacity":"Mon 20 Apr 2020 08:18:00"
	}
}