{
	"distancingLevel":1,
	"id":"scenario4",
	"distancingDays":90,
	"maintain":false,
	"name":"Normal",
	"gradual":false,
	"events":{},
	"summary":{
		"totalProjectedDeaths":4.1057281639970846e4,
		"totalProjectedPCRConfirmed":7.363502093570083e5,
		"totalProjectedInfected":3.1573695299380063e6,
		"totalInfectedFraction":0.8783944511381085,
		"fatalityRate":1.3003635225673757e-2,
		"fatalityRateSymptomatic":1.8576621750962512e-2,
		"fatalityRatePCR":5.575781892670699e-2,
		"fractionOfSymptomaticHospitalized":7.858673672404244e-2,
		"fractionOfPCRHospitalized":0.26227607615830967,
		"fractionHospitalizedInICU":0.28433581138106695,
		"fractionDeathOfHospitalized":0.15214454488505155,
		"fractionOfInfectionsPCRConfirmed":0.233216353795454,
		"dateContained":"Sat 8 Aug 2020 00:00:00",
		"dateICUOverCapacity":"",
		"dateHospitalsOverCapacity":""
	},
	"summaryAug1":{
		"totalProjectedDeaths":4.088670371867182e4,
		"totalProjectedPCRConfirmed":7.362233620704305e5,
		"totalProjectedInfected":3.157281320558885e6,
		"totalInfectedFraction":0.8783699108907844,
		"fatalityRate":1.2949971690021678e-2,
		"fatalityRateSymptomatic":1.8499959557173828e-2,
		"fatalityRatePCR":5.553573253053115e-2,
		"fractionOfSymptomaticHospitalized":7.85692880260806e-2,
		"fractionOfPCRHospitalized":0.2622334809957878,
		"fractionHospitalizedInICU":0.284335811381067,
		"fractionDeathOfHospitalized":0.1515631597075092,
		"fractionOfInfectionsPCRConfirmed":0.2331826933749788,
		"dateContained":"Sat 8 Aug 2020 00:00:00",
		"dateICUOverCapacity":"",
		"dateHospitalsOverCapacity":""
	}
}