{
	"distancingLevel":1,
	"id":"scenario4",
	"distancingDays":90,
	"maintain":false,
	"name":"Normal",
	"events":{
		"herd":{
			"eventName":"herd",
			"day":1.3288843882895623e2,
			"thresholdCrossed":0.6999999999999998
		},
		"icu":{
			"eventName":"icu",
			"day":9.555198757738401e1,
			"thresholdCrossed":1.5913298120060832e-4
		},
		"hospital":{
			"eventName":"hospital",
			"day":1.0239422175434319e2,
			"thresholdCrossed":8.771942643502756e-4
		}
	},
	"summary":{
		"totalProjectedDeaths":4.050951305583423e4,
		"totalProjectedPCRConfirmed":6.713253593029404e5,
		"totalProjectedInfected":3.1152447923336173e6,
		"totalInfectedFraction":0.8666751590449622,
		"fatalityRate":1.3003637195871439e-2,
		"fatalityRateSymptomatic":1.8576624565530633e-2,
		"fatalityRatePCR":6.034259319191609e-2,
		"fractionOfSymptomaticHospitalized":7.858673672404265e-2,
		"fractionOfPCRHospitalized":0.2655845681916319,
		"fractionHospitalizedInICU":0.2843358113810671,
		"fractionDeathOfHospitalized":0.16260369828677296,
		"fractionOfInfectionsPCRConfirmed":0.21549682418377566,
		"dateContained":"Thu 6 Aug 2020 00:00:00",
		"dateICUOverCapacity":"Sat 4 Apr 2020 13:14:51",
		"dateHospitalsOverCapacity":"Sat 11 Apr 2020 09:27:40"
	},
	"summaryAug1":{
		"totalProjectedDeaths":4.037752991340816e4,
		"totalProjectedPCRConfirmed":6.712190837034036e5,
		"totalProjectedInfected":3.115164033851662e6,
		"totalInfectedFraction":0.8666526916708523,
		"fatalityRate":1.2961606347093198e-2,
		"fatalityRateSymptomatic":1.8516580495847427e-2,
		"fatalityRatePCR":6.015551538050438e-2,
		"fractionOfSymptomaticHospitalized":7.857253952028306e-2,
		"fractionOfPCRHospitalized":0.2655481076339261,
		"fractionHospitalizedInICU":0.28433581138106695,
		"fractionDeathOfHospitalized":0.16212184108308914,
		"fractionOfInfectionsPCRConfirmed":0.21546829521959157,
		"dateContained":"Thu 6 Aug 2020 00:00:00",
		"dateICUOverCapacity":"Sat 4 Apr 2020 13:14:51",
		"dateHospitalsOverCapacity":"Sat 11 Apr 2020 09:27:40"
	}
}