{
	"distancingLevel":1,
	"id":"scenario4",
	"distancingDays":90,
	"maintain":false,
	"name":"Normal",
	"gradual":false,
	"events":{
		"herd":{
			"eventName":"herd",
			"day":1.472677737299265e2,
			"thresholdCrossed":0.7000000000000003
		}
	},
	"summary":{
		"totalProjectedDeaths":2.9977725369045635e4,
		"totalProjectedPCRConfirmed":5.9899847243097e5,
		"totalProjectedInfected":2.644515401631652e6,
		"totalInfectedFraction":0.7357161183436516,
		"fatalityRate":1.13358104666547e-2,
		"fatalityRateSymptomatic":1.6194014952363854e-2,
		"fatalityRatePCR":5.004641372019582e-2,
		"fractionOfSymptomaticHospitalized":6.382195588498753e-2,
		"fractionOfSymptomaticHospitalizedOrICU":8.90777134863512e-2,
		"fractionOfPCRHospitalized":0.16297041030028694,
		"fractionOfPCRHospitalizedOrICU":0.22746140124008354,
		"fractionHospitalizedInICU":0.2835249874844782,
		"fractionOfDeathInICU":0.7325887472645681,
		"fractionDeathOfHospitalizedOrICU":0.17088124687111952,
		"fractionOfInfectionsPCRConfirmed":0.22650594965769197,
		"fractionOfDeathsReported":0.8268568903823401,
		"fractionOfHospitalizationsReported":0.8262666493574691,
		"dateContained":"",
		"dateICUOverCapacity":"",
		"dateHospitalsOverCapacity":""
	},
	"summaryAug1":{
		"totalProjectedDeaths":2.9581132145261647e4,
		"totalProjectedPCRConfirmed":5.976875235072809e5,
		"totalProjectedInfected":2.6426265411583944e6,
		"totalInfectedFraction":0.7351906288363413,
		"fatalityRate":1.1193837526620301e-2,
		"fatalityRateSymptomatic":1.599119646660043e-2,
		"fatalityRatePCR":4.9492637844733754e-2,
		"fractionOfSymptomaticHospitalized":6.360518733563252e-2,
		"fractionOfSymptomaticHospitalizedOrICU":8.877516483417427e-2,
		"fractionOfPCRHospitalized":0.16265619885786464,
		"fractionOfPCRHospitalizedOrICU":0.2270228493897977,
		"fractionHospitalizedInICU":0.2835249874844784,
		"fractionOfDeathInICU":0.7317761940791524,
		"fractionDeathOfHospitalizedOrICU":0.1708812468711196,
		"fractionOfInfectionsPCRConfirmed":0.22617177047093637,
		"fractionOfDeathsReported":0.8268537785082308,
		"fractionOfHospitalizationsReported":0.8262632569715103,
		"dateContained":"",
		"dateICUOverCapacity":"",
		"dateHospitalsOverCapacity":""
	}
}