{
	"distancingLevel":0.11,
	"id":"scenario3",
	"distancingDays":60,
	"maintain":false,
	"name":"Wuhan",
	"gradual":false,
	"events":{},
	"summary":{
		"totalProjectedDeaths":3.7185962082959755e4,
		"totalProjectedPCRConfirmed":1.0341417074866876e6,
		"totalProjectedInfected":3.4840785491115125e6,
		"totalInfectedFraction":0.7119890508834907,
		"fatalityRate":1.0673112433829221e-2,
		"fatalityRateSymptomatic":1.524730347689889e-2,
		"fatalityRatePCR":3.5958284840221906e-2,
		"fractionOfSymptomaticHospitalized":6.214916525656999e-2,
		"fractionOfSymptomaticHospitalizedOrICU":8.745006545196658e-2,
		"fractionOfPCRHospitalized":0.118191390133451,
		"fractionOfPCRHospitalizedOrICU":0.16630705755032768,
		"fractionHospitalizedInICU":0.2893182533899136,
		"fractionOfDeathInICU":0.7345767854901135,
		"fractionDeathOfHospitalizedOrICU":0.1723295633474784,
		"fractionOfInfectionsPCRConfirmed":0.29681928604922175,
		"fractionOfDeathsReported":0.8064270901232254,
		"fractionOfHospitalizationsReported":0.8063890409411271,
		"dateContained":"",
		"dateICUOverCapacity":"",
		"dateHospitalsOverCapacity":""
	},
	"summaryAug1":{
		"totalProjectedDeaths":6.470866381303263e2,
		"totalProjectedPCRConfirmed":9.933567577831303e3,
		"totalProjectedInfected":6.12992513238283e4,
		"totalInfectedFraction":1.2526811653270846e-2,
		"fatalityRate":1.0556191538326182e-2,
		"fatalityRateSymptomatic":1.5080273626180262e-2,
		"fatalityRatePCR":6.514141400461466e-2,
		"fractionOfSymptomaticHospitalized":6.156886188042281e-2,
		"fractionOfSymptomaticHospitalizedOrICU":8.663352080463997e-2,
		"fractionOfPCRHospitalized":0.21365968316209313,
		"fractionOfPCRHospitalizedOrICU":0.3006404542979163,
		"fractionHospitalizedInICU":0.2893182533899134,
		"fractionOfDeathInICU":0.7346109138430869,
		"fractionDeathOfHospitalizedOrICU":0.17232956334747834,
		"fractionOfInfectionsPCRConfirmed":0.1620503899037005,
		"fractionOfDeathsReported":0.8055476184737382,
		"fractionOfHospitalizationsReported":0.8033660871896875,
		"dateContained":"",
		"dateICUOverCapacity":"",
		"dateHospitalsOverCapacity":""
	}
}