{
	"distancingLevel":1,
	"id":"scenario4",
	"distancingDays":90,
	"maintain":false,
	"name":"Normal",
	"gradual":false,
	"events":{
		"herd":{
			"eventName":"herd",
			"day":1.706038872544265e2,
			"thresholdCrossed":0.6999999999999879
		},
		"icu":{
			"eventName":"icu",
			"day":1.4920771318413e2,
			"thresholdCrossed":1.8810655446761698e-4
		},
		"hospital":{
			"eventName":"hospital",
			"day":1.549914605764037e2,
			"thresholdCrossed":1.205346086515101e-3
		}
	},
	"summary":{
		"totalProjectedDeaths":2.0097164277223754e4,
		"totalProjectedPCRConfirmed":3.587046055718389e5,
		"totalProjectedInfected":2.1871854758758233e6,
		"totalInfectedFraction":0.757407812681548,
		"fatalityRate":9.188596257103514e-3,
		"fatalityRateSymptomatic":1.312656608157645e-2,
		"fatalityRatePCR":5.6027059494218934e-2,
		"fractionOfSymptomaticHospitalized":5.906517792942735e-2,
		"fractionOfSymptomaticHospitalizedOrICU":8.185254624848583e-2,
		"fractionOfPCRHospitalized":0.19929336215982438,
		"fractionOfPCRHospitalizedOrICU":0.27618081778563447,
		"fractionHospitalizedInICU":0.2783953507063932,
		"fractionOfDeathInICU":0.6956297709890127,
		"fractionDeathOfHospitalizedOrICU":0.16959883767659828,
		"fractionOfInfectionsPCRConfirmed":0.16400282899108107,
		"fractionOfDeathsReported":0.7906450872518879,
		"fractionOfHospitalizationsReported":0.7905231943795037,
		"dateContained":"",
		"dateICUOverCapacity":"Thu 28 May 2020 04:59:06",
		"dateHospitalsOverCapacity":"Tue 2 Jun 2020 23:47:42"
	},
	"summaryAug1":{
		"totalProjectedDeaths":1.8648039213563843e4,
		"totalProjectedPCRConfirmed":3.542597763759869e5,
		"totalProjectedInfected":2.177556798863028e6,
		"totalInfectedFraction":0.754073465743112,
		"fatalityRate":8.563744111428268e-3,
		"fatalityRateSymptomatic":1.223392015918324e-2,
		"fatalityRatePCR":5.263944838539078e-2,
		"fractionOfSymptomaticHospitalized":5.77985111187499e-2,
		"fractionOfSymptomaticHospitalizedOrICU":8.009719889600211e-2,
		"fractionOfPCRHospitalized":0.19659582512397808,
		"fractionOfPCRHospitalizedOrICU":0.2724425699258306,
		"fractionHospitalizedInICU":0.2783953507063928,
		"fractionOfDeathInICU":0.6912543796940883,
		"fractionDeathOfHospitalizedOrICU":0.1695988376765982,
		"fractionOfInfectionsPCRConfirmed":0.16268681329504575,
		"fractionOfDeathsReported":0.7906402997794488,
		"fractionOfHospitalizationsReported":0.7905183437490854,
		"dateContained":"",
		"dateICUOverCapacity":"Thu 28 May 2020 04:59:06",
		"dateHospitalsOverCapacity":"Tue 2 Jun 2020 23:47:42"
	}
}