{
	"distancingLevel":0.7,
	"id":"scenario8",
	"distancingDays":590,
	"maintain":false,
	"name":"relaxed restrictions",
	"gradual":false,
	"events":{
		"icu":{
			"eventName":"icu",
			"day":1.0660368506701381e2,
			"thresholdCrossed":1.0384304018513731e-4
		}
	},
	"summary":{
		"totalProjectedDeaths":3.7557774934478334e3,
		"totalProjectedPCRConfirmed":5.687810581651544e4,
		"totalProjectedInfected":3.276480551508157e5,
		"totalInfectedFraction":0.3471833689551861,
		"fatalityRate":1.1462840796412044e-2,
		"fatalityRateSymptomatic":1.637548685201721e-2,
		"fatalityRatePCR":6.603204237433105e-2,
		"fractionOfSymptomaticHospitalized":6.377506960043583e-2,
		"fractionOfSymptomaticHospitalizedOrICU":9.007486174222142e-2,
		"fractionOfPCRHospitalized":0.2068736997107261,
		"fractionOfPCRHospitalizedOrICU":0.2921850186333336,
		"fractionHospitalizedInICU":0.29197704701508204,
		"fractionOfDeathInICU":0.745896177462308,
		"fractionDeathOfHospitalizedOrICU":0.1729942617537705,
		"fractionOfInfectionsPCRConfirmed":0.17359512721763165,
		"fractionOfDeathsReported":0.8120979513089898,
		"fractionOfHospitalizationsReported":0.8044403209203735,
		"dateContained":"",
		"dateICUOverCapacity":"Wed 15 Apr 2020 14:29:18",
		"dateHospitalsOverCapacity":""
	},
	"summaryAug1":{
		"totalProjectedDeaths":2.334921622244239e3,
		"totalProjectedPCRConfirmed":4.228291253970439e4,
		"totalProjectedInfected":2.6133037564697707e5,
		"totalInfectedFraction":0.27691163979495986,
		"fatalityRate":8.9347501853302e-3,
		"fatalityRateSymptomatic":1.2763928836186003e-2,
		"fatalityRatePCR":5.522139989887658e-2,
		"fractionOfSymptomaticHospitalized":5.611685326188863e-2,
		"fractionOfSymptomaticHospitalizedOrICU":7.925852265849355e-2,
		"fractionOfPCRHospitalized":0.193794353658674,
		"fractionOfPCRHospitalizedOrICU":0.27371196490405614,
		"fractionHospitalizedInICU":0.29197704701508204,
		"fractionOfDeathInICU":0.7378361612529307,
		"fractionDeathOfHospitalizedOrICU":0.1729942617537705,
		"fractionOfInfectionsPCRConfirmed":0.16179869039343148,
		"fractionOfDeathsReported":0.8078543994735393,
		"fractionOfHospitalizationsReported":0.7982239814909822,
		"dateContained":"",
		"dateICUOverCapacity":"Wed 15 Apr 2020 14:29:18",
		"dateHospitalsOverCapacity":""
	}
}