{
	"distancingLevel":0.5952380952380951,
	"id":"scenario5",
	"distancingDays":605,
	"maintain":true,
	"name":"Current Indefinite",
	"gradual":false,
	"events":{},
	"summary":{
		"totalProjectedDeaths":9.880197499044469e2,
		"totalProjectedPCRConfirmed":1.5227408057441784e4,
		"totalProjectedInfected":9.006710927911106e4,
		"totalInfectedFraction":2.237621552788547e-2,
		"fatalityRate":1.0969817481791823e-2,
		"fatalityRateSymptomatic":1.5671167831131178e-2,
		"fatalityRatePCR":6.488430244841255e-2,
		"fractionOfSymptomaticHospitalized":6.263987293528901e-2,
		"fractionOfSymptomaticHospitalizedOrICU":8.817249865513134e-2,
		"fractionOfPCRHospitalized":0.21042633434063063,
		"fractionOfPCRHospitalizedOrICU":0.2961981691888289,
		"fractionHospitalizedInICU":0.28957584404756354,
		"fractionOfDeathInICU":0.7364160807043217,
		"fractionDeathOfHospitalizedOrICU":0.1723939610118909,
		"fractionOfInfectionsPCRConfirmed":0.16906735632264178,
		"fractionOfDeathsReported":0.8142289628120878,
		"fractionOfHospitalizationsReported":0.8113550495769745,
		"dateContained":"",
		"dateICUOverCapacity":"",
		"dateHospitalsOverCapacity":""
	},
	"summaryAug1":{
		"totalProjectedDeaths":4.3909852108634476e2,
		"totalProjectedPCRConfirmed":7.0666580075708225e3,
		"totalProjectedInfected":4.540747295570323e4,
		"totalInfectedFraction":1.1281003793346952e-2,
		"fatalityRate":9.670181855632056e-3,
		"fatalityRateSymptomatic":1.3814545508045797e-2,
		"fatalityRatePCR":6.2136659311363196e-2,
		"fractionOfSymptomaticHospitalized":5.844580923827634e-2,
		"fractionOfSymptomaticHospitalizedOrICU":8.226889351745152e-2,
		"fractionOfPCRHospitalized":0.21189438381457096,
		"fractionOfPCRHospitalizedOrICU":0.29826461000681065,
		"fractionHospitalizedInICU":0.2895758440475638,
		"fractionOfDeathInICU":0.732827099732971,
		"fractionDeathOfHospitalizedOrICU":0.17239396101189094,
		"fractionOfInfectionsPCRConfirmed":0.1556276433719318,
		"fractionOfDeathsReported":0.8119163390091806,
		"fractionOfHospitalizationsReported":0.8060366157151949,
		"dateContained":"",
		"dateICUOverCapacity":"",
		"dateHospitalsOverCapacity":""
	}
}