{
	"distancingLevel":0.568095238095238,
	"id":"scenario5",
	"distancingDays":616,
	"maintain":true,
	"name":"Current Indefinite",
	"gradual":false,
	"events":{},
	"summary":{
		"totalProjectedDeaths":4.745627491646645e3,
		"totalProjectedPCRConfirmed":1.2412380507697578e5,
		"totalProjectedInfected":3.6320675594208745e5,
		"totalInfectedFraction":9.023485617772742e-2,
		"fatalityRate":1.3065911946867324e-2,
		"fatalityRateSymptomatic":1.866558849552475e-2,
		"fatalityRatePCR":3.823301653299807e-2,
		"fractionOfSymptomaticHospitalized":7.709102644834427e-2,
		"fractionOfSymptomaticHospitalizedOrICU":0.10863965054157032,
		"fractionOfPCRHospitalized":0.19793615232664677,
		"fractionOfPCRHospitalizedOrICU":0.27893926711066375,
		"fractionHospitalizedInICU":0.290396958531767,
		"fractionOfDeathInICU":0.7116483260665308,
		"fractionDeathOfHospitalizedOrICU":0.16583099631548312,
		"fractionOfInfectionsPCRConfirmed":0.3417442077998325,
		"dateContained":"Thu 2 Jan 2020 00:00:00",
		"dateICUOverCapacity":"",
		"dateHospitalsOverCapacity":""
	},
	"summaryAug1":{
		"totalProjectedDeaths":7.391261535291694e2,
		"totalProjectedPCRConfirmed":2.0730973036003918e4,
		"totalProjectedInfected":7.439890566085915e4,
		"totalInfectedFraction":1.8483616954411412e-2,
		"fatalityRate":9.9346374380614e-3,
		"fatalityRateSymptomatic":1.4192339197230572e-2,
		"fatalityRatePCR":3.565323018102013e-2,
		"fractionOfSymptomaticHospitalized":6.686745295827087e-2,
		"fractionOfSymptomaticHospitalizedOrICU":9.423219610208557e-2,
		"fractionOfPCRHospitalized":0.18582549491963743,
		"fractionOfPCRHospitalizedOrICU":0.26187246116525603,
		"fractionHospitalizedInICU":0.29039695853176717,
		"fractionOfDeathInICU":0.7122734386521729,
		"fractionDeathOfHospitalizedOrICU":0.16583099631548318,
		"fractionOfInfectionsPCRConfirmed":0.2786462092668974,
		"dateContained":"Thu 2 Jan 2020 00:00:00",
		"dateICUOverCapacity":"",
		"dateHospitalsOverCapacity":""
	}
}