{
	"distancingLevel":0.568095238095238,
	"id":"scenario5",
	"distancingDays":612,
	"maintain":true,
	"name":"Current Indefinite",
	"gradual":false,
	"events":{},
	"summary":{
		"totalProjectedDeaths":5.61229298402055e3,
		"totalProjectedPCRConfirmed":1.4905352338690206e5,
		"totalProjectedInfected":5.100015826299433e5,
		"totalInfectedFraction":0.1267044698539806,
		"fatalityRate":1.1004461898097333e-2,
		"fatalityRateSymptomatic":1.572065985442476e-2,
		"fatalityRatePCR":3.765287030117749e-2,
		"fractionOfSymptomaticHospitalized":6.275115884396443e-2,
		"fractionOfSymptomaticHospitalizedOrICU":8.832914579014638e-2,
		"fractionOfPCRHospitalized":0.12258741590709442,
		"fractionOfPCRHospitalizedOrICU":0.17255524728427415,
		"fractionHospitalizedInICU":0.28957584404756376,
		"fractionOfDeathInICU":0.7363552198840362,
		"fractionDeathOfHospitalizedOrICU":0.17239396101189094,
		"fractionOfInfectionsPCRConfirmed":0.2922609036196956,
		"fractionOfDeathsReported":0.8159290540981321,
		"fractionOfHospitalizationsReported":0.8156368197688522,
		"dateContained":"Fri 17 Sep 2021 19:22:24",
		"dateICUOverCapacity":"",
		"dateHospitalsOverCapacity":""
	},
	"summaryAug1":{
		"totalProjectedDeaths":1.3996767920686248e3,
		"totalProjectedPCRConfirmed":4.344896459656229e4,
		"totalProjectedInfected":1.7397285763283595e5,
		"totalInfectedFraction":4.32217064536935e-2,
		"fatalityRate":8.045374497570174e-3,
		"fatalityRateSymptomatic":1.1493392139385963e-2,
		"fatalityRatePCR":3.221427265448273e-2,
		"fractionOfSymptomaticHospitalized":5.267629952193869e-2,
		"fractionOfSymptomaticHospitalizedOrICU":7.414767513263644e-2,
		"fractionOfPCRHospitalized":0.12026109546487374,
		"fractionOfPCRHospitalizedOrICU":0.16928069584520908,
		"fractionHospitalizedInICU":0.2895758440475638,
		"fractionOfDeathInICU":0.7271888064379598,
		"fractionDeathOfHospitalizedOrICU":0.17239396101189094,
		"fractionOfInfectionsPCRConfirmed":0.24974565106161511,
		"fractionOfDeathsReported":0.8154780624923365,
		"fractionOfHospitalizationsReported":0.8145350770876992,
		"dateContained":"Fri 17 Sep 2021 19:22:24",
		"dateICUOverCapacity":"",
		"dateHospitalsOverCapacity":""
	}
}