{
	"distancingLevel":0.6571428571428571,
	"id":"scenario5",
	"distancingDays":593,
	"maintain":true,
	"name":"Current Indefinite",
	"gradual":false,
	"events":{},
	"summary":{
		"totalProjectedDeaths":3.8525937520912034e3,
		"totalProjectedPCRConfirmed":6.1209232806798966e4,
		"totalProjectedInfected":3.507489233907414e5,
		"totalInfectedFraction":8.713984015678049e-2,
		"fatalityRate":1.09839075622745e-2,
		"fatalityRateSymptomatic":1.5691296517535e-2,
		"fatalityRatePCR":6.294138278536417e-2,
		"fractionOfSymptomaticHospitalized":6.268652611098091e-2,
		"fractionOfSymptomaticHospitalizedOrICU":8.823816812216878e-2,
		"fractionOfPCRHospitalized":0.20491212779287216,
		"fractionOfPCRHospitalizedOrICU":0.2884363180446122,
		"fractionHospitalizedInICU":0.28957584404756387,
		"fractionOfDeathInICU":0.7363257956240502,
		"fractionDeathOfHospitalizedOrICU":0.17239396101189097,
		"fractionOfInfectionsPCRConfirmed":0.17451010886955923,
		"fractionOfDeathsReported":0.815653971842561,
		"fractionOfHospitalizationsReported":0.8149219377364081,
		"dateContained":"",
		"dateICUOverCapacity":"",
		"dateHospitalsOverCapacity":""
	},
	"summaryAug1":{
		"totalProjectedDeaths":7.707102635348093e2,
		"totalProjectedPCRConfirmed":1.3978969098565816e4,
		"totalProjectedInfected":8.928592373391226e4,
		"totalInfectedFraction":2.218213828629811e-2,
		"fatalityRate":8.631934702626378e-3,
		"fatalityRateSymptomatic":1.2331335289466254e-2,
		"fatalityRatePCR":5.5133555135613035e-2,
		"fractionOfSymptomaticHospitalized":5.478328543523437e-2,
		"fractionOfSymptomaticHospitalizedOrICU":7.711348914056657e-2,
		"fractionOfPCRHospitalized":0.19861388680690978,
		"fractionOfPCRHospitalizedOrICU":0.27957085234614004,
		"fractionHospitalizedInICU":0.28957584404756365,
		"fractionOfDeathInICU":0.7294298060583408,
		"fractionDeathOfHospitalizedOrICU":0.17239396101189092,
		"fractionOfInfectionsPCRConfirmed":0.15656408663280005,
		"fractionOfDeathsReported":0.8139547879113592,
		"fractionOfHospitalizationsReported":0.8108782381202774,
		"dateContained":"",
		"dateICUOverCapacity":"",
		"dateHospitalsOverCapacity":""
	}
}