{
	"distancingLevel":0.568095238095238,
	"id":"scenario5",
	"distancingDays":619,
	"maintain":true,
	"name":"Current Indefinite",
	"gradual":false,
	"events":{},
	"summary":{
		"totalProjectedDeaths":6.676518487958035e2,
		"totalProjectedPCRConfirmed":1.5377362733259524e4,
		"totalProjectedInfected":5.324082401776984e4,
		"totalInfectedFraction":1.322711656496052e-2,
		"fatalityRate":1.2540223805945709e-2,
		"fatalityRateSymptomatic":1.79146054370653e-2,
		"fatalityRatePCR":4.341783831058019e-2,
		"fractionOfSymptomaticHospitalized":7.720493551144088e-2,
		"fractionOfPCRHospitalized":0.24217097443963045,
		"fractionHospitalizedInICU":0.2903969585317671,
		"fractionDeathOfHospitalized":0.12722181174046515,
		"fractionOfInfectionsPCRConfirmed":0.2888265352190477,
		"dateContained":"Wed 12 May 2021 00:00:00",
		"dateICUOverCapacity":"",
		"dateHospitalsOverCapacity":""
	},
	"summaryAug1":{
		"totalProjectedDeaths":3.538887066409987e2,
		"totalProjectedPCRConfirmed":7.917184729306461e3,
		"totalProjectedInfected":3.1705775050927296e4,
		"totalInfectedFraction":7.876962652588923e-3,
		"fatalityRate":1.1161648187832222e-2,
		"fatalityRateSymptomatic":1.5945211696903175e-2,
		"fatalityRatePCR":4.4698806298031024e-2,
		"fractionOfSymptomaticHospitalized":7.330399027178049e-2,
		"fractionOfPCRHospitalized":0.23836570505686064,
		"fractionHospitalizedInICU":0.290396958531767,
		"fractionDeathOfHospitalized":0.13306615937689523,
		"fractionOfInfectionsPCRConfirmed":0.24970797012813942,
		"dateContained":"Wed 12 May 2021 00:00:00",
		"dateICUOverCapacity":"",
		"dateHospitalsOverCapacity":""
	}
}