{
	"distancingLevel":0.6734616595,
	"id":"scenario5",
	"distancingDays":610,
	"maintain":true,
	"name":"Current Indefinite",
	"gradual":false,
	"events":{},
	"summary":{
		"totalProjectedDeaths":2.4718336215078884e3,
		"totalProjectedPCRConfirmed":6.440277263364334e4,
		"totalProjectedInfected":2.2522377402478884e5,
		"totalInfectedFraction":5.595445162967252e-2,
		"fatalityRate":1.0975011995118376e-2,
		"fatalityRateSymptomatic":1.5678588564454827e-2,
		"fatalityRatePCR":3.838085722751365e-2,
		"fractionOfSymptomaticHospitalized":6.265788010450704e-2,
		"fractionOfSymptomaticHospitalizedOrICU":8.81978457228896e-2,
		"fractionOfPCRHospitalized":0.12489750377859844,
		"fractionOfPCRHospitalizedOrICU":0.17580694959781257,
		"fractionHospitalizedInICU":0.2895758440475637,
		"fractionOfDeathInICU":0.7363247662517373,
		"fractionDeathOfHospitalizedOrICU":0.17239396101189092,
		"fractionOfInfectionsPCRConfirmed":0.28595015296455767,
		"fractionOfDeathsReported":0.8153616030213167,
		"fractionOfHospitalizationsReported":0.8142735997637036,
		"dateContained":"",
		"dateICUOverCapacity":"",
		"dateHospitalsOverCapacity":""
	},
	"summaryAug1":{
		"totalProjectedDeaths":6.54449784631583e2,
		"totalProjectedPCRConfirmed":1.7143824684670522e4,
		"totalProjectedInfected":7.245458362671651e4,
		"totalInfectedFraction":1.8000570820924783e-2,
		"fatalityRate":9.032551867295043e-3,
		"fatalityRateSymptomatic":1.2903645524707207e-2,
		"fatalityRatePCR":3.817408289392809e-2,
		"fractionOfSymptomaticHospitalized":5.6207883988630046e-2,
		"fractionOfSymptomaticHospitalizedOrICU":7.911876801721987e-2,
		"fractionOfPCRHospitalized":0.13466155840226188,
		"fractionOfPCRHospitalizedOrICU":0.18955092851780453,
		"fractionHospitalizedInICU":0.28957584404756354,
		"fractionOfDeathInICU":0.7307748585197623,
		"fractionDeathOfHospitalizedOrICU":0.1723939610118909,
		"fractionOfInfectionsPCRConfirmed":0.23661477061264902,
		"fractionOfDeathsReported":0.8133696952756719,
		"fractionOfHospitalizationsReported":0.809823195370813,
		"dateContained":"",
		"dateICUOverCapacity":"",
		"dateHospitalsOverCapacity":""
	}
}