{
	"distancingLevel":0.5614285714285714,
	"id":"scenario1",
	"distancingDays":90,
	"maintain":true,
	"name":"Current",
	"gradual":false,
	"events":{
		"herd":{
			"eventName":"herd",
			"day":2.608814077470924e2,
			"thresholdCrossed":0.6999999999999996
		},
		"icu":{
			"eventName":"icu",
			"day":1.3776810186148748e2,
			"thresholdCrossed":1.3269260928104788e-4
		},
		"hospital":{
			"eventName":"hospital",
			"day":2.4823094854719656e2,
			"thresholdCrossed":9.776012435604425e-4
		}
	},
	"summary":{
		"totalProjectedDeaths":4.633097352153619e4,
		"totalProjectedPCRConfirmed":8.214186026300314e5,
		"totalProjectedInfected":4.980009792455419e6,
		"totalInfectedFraction":0.595271140983766,
		"fatalityRate":9.303390043876291e-3,
		"fatalityRateSymptomatic":1.329055720553756e-2,
		"fatalityRatePCR":5.640360879725991e-2,
		"fractionOfSymptomaticHospitalized":5.94307076908396e-2,
		"fractionOfSymptomaticHospitalizedOrICU":8.19562634805903e-2,
		"fractionOfPCRHospitalized":0.20051784842841433,
		"fractionOfPCRHospitalizedOrICU":0.2765185584504359,
		"fractionHospitalizedInICU":0.2748484964188909,
		"fractionOfDeathInICU":0.6952761762729603,
		"fractionDeathOfHospitalizedOrICU":0.16871212410472272,
		"fractionOfInfectionsPCRConfirmed":0.16494317016694596,
		"fractionOfDeathsReported":0.795098433480564,
		"fractionOfHospitalizationsReported":0.7950206907198322,
		"dateContained":"",
		"dateICUOverCapacity":"Sat 16 May 2020 18:26:04",
		"dateHospitalsOverCapacity":"Fri 4 Sep 2020 05:32:33"
	},
	"summaryAug1":{
		"totalProjectedDeaths":1.5233796276568686e4,
		"totalProjectedPCRConfirmed":2.9915698405258986e5,
		"totalProjectedInfected":1.9770930399195151e6,
		"totalInfectedFraction":0.23632612760861108,
		"fatalityRate":7.705148907503532e-3,
		"fatalityRateSymptomatic":1.1007355582147903e-2,
		"fatalityRatePCR":5.092241561671408e-2,
		"fractionOfSymptomaticHospitalized":5.414788801027552e-2,
		"fractionOfSymptomaticHospitalizedOrICU":7.467113802132387e-2,
		"fractionOfPCRHospitalized":0.19910186875674593,
		"fractionOfPCRHospitalizedOrICU":0.2745658910910279,
		"fractionHospitalizedInICU":0.27484849641889103,
		"fractionOfDeathInICU":0.6880892490153053,
		"fractionDeathOfHospitalizedOrICU":0.16871212410472275,
		"fractionOfInfectionsPCRConfirmed":0.151311535680065,
		"fractionOfDeathsReported":0.7950229077716215,
		"fractionOfHospitalizationsReported":0.7948182184907315,
		"dateContained":"",
		"dateICUOverCapacity":"Sat 16 May 2020 18:26:04",
		"dateHospitalsOverCapacity":"Fri 4 Sep 2020 05:32:33"
	}
}