{
	"distancingLevel":0.5376190476190476,
	"id":"scenario1",
	"distancingDays":90,
	"maintain":true,
	"name":"Current",
	"gradual":false,
	"events":{
		"herd":{
			"eventName":"herd",
			"day":2.474509367663352e2,
			"thresholdCrossed":0.7000000000000001
		},
		"icu":{
			"eventName":"icu",
			"day":1.3310398393941855e2,
			"thresholdCrossed":1.561089520953503e-4
		},
		"hospital":{
			"eventName":"hospital",
			"day":1.5891237480048315e2,
			"thresholdCrossed":9.776012435604427e-4
		}
	},
	"summary":{
		"totalProjectedDeaths":5.462539907848613e4,
		"totalProjectedPCRConfirmed":1.3974017626592922e6,
		"totalProjectedInfected":5.03341818241077e6,
		"totalInfectedFraction":0.6016551591989495,
		"fatalityRate":1.0852545347687193e-2,
		"fatalityRateSymptomatic":1.5503636210981706e-2,
		"fatalityRatePCR":3.909068997775741e-2,
		"fractionOfSymptomaticHospitalized":7.317960272078045e-2,
		"fractionOfSymptomaticHospitalizedOrICU":0.10102713047032845,
		"fractionOfPCRHospitalized":0.1466964271902021,
		"fractionOfPCRHospitalizedOrICU":0.20251980795554567,
		"fractionHospitalizedInICU":0.27564405343302095,
		"fractionOfDeathInICU":0.8421101930882511,
		"fractionDeathOfHospitalizedOrICU":0.16096253763289692,
		"fractionOfInfectionsPCRConfirmed":0.2776248092285475,
		"fractionOfDeathsReported":0.7951066690226782,
		"fractionOfHospitalizationsReported":0.795041360062802,
		"dateContained":"",
		"dateICUOverCapacity":"Tue 12 May 2020 02:29:44",
		"dateHospitalsOverCapacity":"Sat 6 Jun 2020 21:53:49"
	},
	"summaryAug1":{
		"totalProjectedDeaths":1.9207415249063666e4,
		"totalProjectedPCRConfirmed":5.221090433841189e5,
		"totalProjectedInfected":2.0911735944258713e6,
		"totalInfectedFraction":0.249962418434372,
		"fatalityRate":9.184993202028754e-3,
		"fatalityRateSymptomatic":1.312141886004108e-2,
		"fatalityRatePCR":3.678812978332698e-2,
		"fractionOfSymptomaticHospitalized":6.763518291883489e-2,
		"fractionOfSymptomaticHospitalizedOrICU":9.337285520935645e-2,
		"fractionOfPCRHospitalized":0.1507324832916623,
		"fractionOfPCRHospitalizedOrICU":0.20809173170462059,
		"fractionHospitalizedInICU":0.275644053433021,
		"fractionOfDeathInICU":0.8362826829961271,
		"fractionDeathOfHospitalizedOrICU":0.16096253763289697,
		"fractionOfInfectionsPCRConfirmed":0.2496727410750723,
		"fractionOfDeathsReported":0.7950536311969016,
		"fractionOfHospitalizationsReported":0.7948904411743396,
		"dateContained":"",
		"dateICUOverCapacity":"Tue 12 May 2020 02:29:44",
		"dateHospitalsOverCapacity":"Sat 6 Jun 2020 21:53:49"
	}
}