{
	"distancingLevel":0.5614285714285714,
	"id":"scenario1",
	"distancingDays":90,
	"maintain":true,
	"name":"Current",
	"gradual":false,
	"events":{
		"herd":{
			"eventName":"herd",
			"day":2.608810758080076e2,
			"thresholdCrossed":0.700000000000002
		},
		"icu":{
			"eventName":"icu",
			"day":1.377687329894297e2,
			"thresholdCrossed":1.3269260928104766e-4
		},
		"hospital":{
			"eventName":"hospital",
			"day":2.4823034644377762e2,
			"thresholdCrossed":9.776012435595586e-4
		}
	},
	"summary":{
		"totalProjectedDeaths":4.633102814076648e4,
		"totalProjectedPCRConfirmed":1.3979072136351008e6,
		"totalProjectedInfected":4.980015662868042e6,
		"totalInfectedFraction":0.5952718426866472,
		"fatalityRate":9.303390044778287e-3,
		"fatalityRateSymptomatic":1.3290557206826124e-2,
		"fatalityRatePCR":3.314313545910378e-2,
		"fractionOfSymptomaticHospitalized":5.9430707693027246e-2,
		"fractionOfSymptomaticHospitalizedOrICU":8.195626348360717e-2,
		"fractionOfPCRHospitalized":0.11782562061561587,
		"fractionOfPCRHospitalizedOrICU":0.1624841430152768,
		"fractionHospitalizedInICU":0.27484849641889136,
		"fractionOfDeathInICU":0.6952761762799904,
		"fractionDeathOfHospitalizedOrICU":0.16871212410472286,
		"fractionOfInfectionsPCRConfirmed":0.28070337691067254,
		"fractionOfDeathsReported":0.7950984333903228,
		"fractionOfHospitalizationsReported":0.7950206906559849,
		"dateContained":"",
		"dateICUOverCapacity":"Sat 16 May 2020 18:26:58",
		"dateHospitalsOverCapacity":"Fri 4 Sep 2020 05:31:41"
	},
	"summaryAug1":{
		"totalProjectedDeaths":1.5233655448922469e4,
		"totalProjectedPCRConfirmed":4.983806519326158e5,
		"totalProjectedInfected":1.977083429861534e6,
		"totalInfectedFraction":0.23632497889798243,
		"fatalityRate":7.7051151301133335e-3,
		"fatalityRateSymptomatic":1.1007307328733335e-2,
		"fatalityRatePCR":3.0566305874534943e-2,
		"fractionOfSymptomaticHospitalized":5.414777570384805e-2,
		"fractionOfSymptomaticHospitalizedOrICU":7.467098314827057e-2,
		"fractionOfPCRHospitalized":0.11951166460082613,
		"fractionOfPCRHospitalizedOrICU":0.16480923505036713,
		"fractionHospitalizedInICU":0.27484849641889103,
		"fractionOfDeathInICU":0.6880888324668245,
		"fractionDeathOfHospitalizedOrICU":0.16871212410472275,
		"fractionOfInfectionsPCRConfirmed":0.2520787157512721,
		"fractionOfDeathsReported":0.7950229063242761,
		"fractionOfHospitalizationsReported":0.7948182157404607,
		"dateContained":"",
		"dateICUOverCapacity":"Sat 16 May 2020 18:26:58",
		"dateHospitalsOverCapacity":"Fri 4 Sep 2020 05:31:41"
	}
}