{
	"distancingLevel":0.5376190476190476,
	"id":"scenario1",
	"distancingDays":90,
	"maintain":true,
	"name":"Current",
	"gradual":false,
	"events":{
		"herd":{
			"eventName":"herd",
			"day":2.484005566120619e2,
			"thresholdCrossed":0.7000000000000002
		},
		"icu":{
			"eventName":"icu",
			"day":1.4656521975412446e2,
			"thresholdCrossed":1.3269260928104777e-4
		},
		"hospital":{
			"eventName":"hospital",
			"day":2.3058083240882172e2,
			"thresholdCrossed":9.776012435604431e-4
		}
	},
	"summary":{
		"totalProjectedDeaths":5.0159271657345336e4,
		"totalProjectedPCRConfirmed":1.5263114103632008e6,
		"totalProjectedInfected":5.391504760088525e6,
		"totalInfectedFraction":0.6444580078977892,
		"fatalityRate":9.303390034755669e-3,
		"fatalityRateSymptomatic":1.32905571925081e-2,
		"fatalityRatePCR":3.286306537236031e-2,
		"fractionOfSymptomaticHospitalized":5.9430707667157585e-2,
		"fractionOfSymptomaticHospitalizedOrICU":8.195626344793232e-2,
		"fractionOfPCRHospitalized":0.11682983041074131,
		"fractionOfPCRHospitalizedOrICU":0.16111092624615067,
		"fractionHospitalizedInICU":0.27484849641889125,
		"fractionOfDeathInICU":0.6952762121689738,
		"fractionDeathOfHospitalizedOrICU":0.16871212410472278,
		"fractionOfInfectionsPCRConfirmed":0.28309562511415454,
		"fractionOfDeathsReported":0.7950984016213953,
		"fractionOfHospitalizationsReported":0.7950198323480683,
		"dateContained":"",
		"dateICUOverCapacity":"Mon 25 May 2020 13:33:54",
		"dateHospitalsOverCapacity":"Mon 17 Aug 2020 13:56:23"
	},
	"summaryAug1":{
		"totalProjectedDeaths":1.0231359669480942e4,
		"totalProjectedPCRConfirmed":3.2889644198976015e5,
		"totalProjectedInfected":1.3688567693104525e6,
		"totalInfectedFraction":0.16362235514983262,
		"fatalityRate":7.474382929511964e-3,
		"fatalityRateSymptomatic":1.0677689899302806e-2,
		"fatalityRatePCR":3.1108149445409582e-2,
		"fractionOfSymptomaticHospitalized":5.288435381507279e-2,
		"fractionOfSymptomaticHospitalizedOrICU":7.292869635366844e-2,
		"fractionOfPCRHospitalized":0.12242937194767999,
		"fractionOfPCRHospitalizedOrICU":0.16883281816706064,
		"fractionHospitalizedInICU":0.27484849641889125,
		"fractionOfDeathInICU":0.6877657240477082,
		"fractionDeathOfHospitalizedOrICU":0.16871212410472278,
		"fractionOfInfectionsPCRConfirmed":0.24027089565801568,
		"fractionOfDeathsReported":0.79495389124186,
		"fractionOfHospitalizationsReported":0.7946237600303889,
		"dateContained":"",
		"dateICUOverCapacity":"Mon 25 May 2020 13:33:54",
		"dateHospitalsOverCapacity":"Mon 17 Aug 2020 13:56:23"
	}
}