{
	"distancingLevel":0.6104761904761904,
	"id":"scenario5",
	"distancingDays":620,
	"maintain":true,
	"name":"Current Indefinite",
	"events":{},
	"summary":{
		"totalProjectedDeaths":1.963772129433845e4,
		"totalProjectedPCRConfirmed":5.041110925270033e5,
		"totalProjectedInfected":1.6167154628583365e6,
		"totalInfectedFraction":0.3303839714643381,
		"fatalityRate":1.2146677473857495e-2,
		"fatalityRateSymptomatic":1.7352396391224992e-2,
		"fatalityRatePCR":3.895514616807709e-2,
		"fractionOfSymptomaticHospitalized":7.652695687658842e-2,
		"fractionOfPCRHospitalized":0.23924504351973624,
		"fractionHospitalizedInICU":0.2901389357605634,
		"fractionDeathOfHospitalized":0.11558334128745637,
		"fractionOfInfectionsPCRConfirmed":0.3118118828626405,
		"dateContained":"Wed 17 Feb 2021 00:00:00",
		"dateICUOverCapacity":"",
		"dateHospitalsOverCapacity":""
	},
	"summaryAug1":{
		"totalProjectedDeaths":9.98091330731978e3,
		"totalProjectedPCRConfirmed":3.196608523108858e5,
		"totalProjectedInfected":1.1382079834063684e6,
		"totalInfectedFraction":0.23259855091963216,
		"fatalityRate":8.768971447071942e-3,
		"fatalityRateSymptomatic":1.2527102067245633e-2,
		"fatalityRatePCR":3.1223445833814062e-2,
		"fractionOfSymptomaticHospitalized":6.648784657858169e-2,
		"fractionOfPCRHospitalized":0.2245753093493869,
		"fractionHospitalizedInICU":0.2901389357605636,
		"fractionDeathOfHospitalized":9.86943246478229e-2,
		"fractionOfInfectionsPCRConfirmed":0.2808457302805255,
		"dateContained":"Wed 17 Feb 2021 00:00:00",
		"dateICUOverCapacity":"",
		"dateHospitalsOverCapacity":""
	}
}