{
	"distancingLevel":0.7347619047619048,
	"id":"scenario5",
	"distancingDays":598,
	"maintain":true,
	"name":"Current Indefinite",
	"gradual":false,
	"events":{},
	"summary":{
		"totalProjectedDeaths":1.6900676128606083e4,
		"totalProjectedPCRConfirmed":2.712906092910845e5,
		"totalProjectedInfected":1.5834815355797838e6,
		"totalInfectedFraction":0.32359245054807695,
		"fatalityRate":1.067311222067265e-2,
		"fatalityRateSymptomatic":1.52473031723895e-2,
		"fatalityRatePCR":6.229731347048692e-2,
		"fractionOfSymptomaticHospitalized":6.2149164692018095e-2,
		"fractionOfSymptomaticHospitalizedOrICU":8.745006465758579e-2,
		"fractionOfPCRHospitalized":0.20471608702021155,
		"fractionOfPCRHospitalizedOrICU":0.28805592376150935,
		"fractionHospitalizedInICU":0.2893182533899131,
		"fractionOfDeathInICU":0.7345839989576193,
		"fractionDeathOfHospitalizedOrICU":0.1723295633474783,
		"fractionOfInfectionsPCRConfirmed":0.17132540114637512,
		"fractionOfDeathsReported":0.8063596445900724,
		"fractionOfHospitalizationsReported":0.8061955436146367,
		"dateContained":"",
		"dateICUOverCapacity":"",
		"dateHospitalsOverCapacity":""
	},
	"summaryAug1":{
		"totalProjectedDeaths":6.968857999556925e3,
		"totalProjectedPCRConfirmed":1.5110489435867898e5,
		"totalProjectedInfected":9.959134300998396e5,
		"totalInfectedFraction":0.20351994016889527,
		"fatalityRate":6.997453582745945e-3,
		"fatalityRateSymptomatic":9.996362261065636e-3,
		"fatalityRatePCR":4.61193400063858e-2,
		"fractionOfSymptomaticHospitalized":4.96555070195459e-2,
		"fractionOfSymptomaticHospitalizedOrICU":6.987024396841478e-2,
		"fractionOfPCRHospitalized":0.184636302869347,
		"fractionOfPCRHospitalizedOrICU":0.259801667553799,
		"fractionHospitalizedInICU":0.28931825338991307,
		"fractionOfDeathInICU":0.7207054101574141,
		"fractionDeathOfHospitalizedOrICU":0.17232956334747826,
		"fractionOfInfectionsPCRConfirmed":0.1517249288861692,
		"fractionOfDeathsReported":0.8062413260351472,
		"fractionOfHospitalizationsReported":0.8059508862482622,
		"dateContained":"",
		"dateICUOverCapacity":"",
		"dateHospitalsOverCapacity":""
	}
}