{
	"distancingLevel":0.7704761904761905,
	"id":"scenario5",
	"distancingDays":596,
	"maintain":true,
	"name":"Current Indefinite",
	"gradual":false,
	"events":{
		"icu":{
			"eventName":"icu",
			"day":1.9103285460608618e2,
			"thresholdCrossed":1.394723225605524e-4
		}
	},
	"summary":{
		"totalProjectedDeaths":1.4853775565129781e4,
		"totalProjectedPCRConfirmed":2.4102470059300674e5,
		"totalProjectedInfected":1.3920632443531726e6,
		"totalInfectedFraction":0.28447515581115723,
		"fatalityRate":1.0670330982003368e-2,
		"fatalityRateSymptomatic":1.5243329974290528e-2,
		"fatalityRatePCR":6.16276071646773e-2,
		"fractionOfSymptomaticHospitalized":6.2141499161339e-2,
		"fractionOfSymptomaticHospitalizedOrICU":8.743927849244836e-2,
		"fractionOfPCRHospitalized":0.20242854110710345,
		"fractionOfPCRHospitalizedOrICU":0.2848371188266428,
		"fractionHospitalizedInICU":0.2893182533899132,
		"fractionOfDeathInICU":0.7345903431115103,
		"fractionDeathOfHospitalizedOrICU":0.1723295633474783,
		"fractionOfInfectionsPCRConfirmed":0.17314206202247642,
		"fractionOfDeathsReported":0.8061760816341248,
		"fractionOfHospitalizationsReported":0.8057393320659884,
		"dateContained":"Wed 28 Apr 2021 12:45:13",
		"dateICUOverCapacity":"Thu 9 Jul 2020 00:47:18",
		"dateHospitalsOverCapacity":""
	},
	"summaryAug1":{
		"totalProjectedDeaths":3.301229902553085e3,
		"totalProjectedPCRConfirmed":7.615218243429989e4,
		"totalProjectedInfected":5.1400899654159835e5,
		"totalInfectedFraction":0.10504033489329771,
		"fatalityRate":6.422513856303524e-3,
		"fatalityRateSymptomatic":9.17501979471932e-3,
		"fatalityRatePCR":4.3350430638034745e-2,
		"fractionOfSymptomaticHospitalized":4.671398862388182e-2,
		"fractionOfSymptomaticHospitalizedOrICU":6.573123461620478e-2,
		"fractionOfPCRHospitalized":0.1774353459866904,
		"fractionOfPCRHospitalizedOrICU":0.24966920401860224,
		"fractionHospitalizedInICU":0.289318253389913,
		"fractionOfDeathInICU":0.719423236970371,
		"fractionDeathOfHospitalizedOrICU":0.17232956334747823,
		"fractionOfInfectionsPCRConfirmed":0.14815340382497946,
		"fractionOfDeathsReported":0.8052431813350904,
		"fractionOfHospitalizationsReported":0.8039087966453656,
		"dateContained":"Wed 28 Apr 2021 12:45:13",
		"dateICUOverCapacity":"Thu 9 Jul 2020 00:47:18",
		"dateHospitalsOverCapacity":""
	}
}