{
	"distancingLevel":0.710997907142857,
	"id":"scenario5",
	"distancingDays":622,
	"maintain":true,
	"name":"Current Indefinite",
	"events":{
		"herd":{
			"eventName":"herd",
			"day":1.8253918505398573e2,
			"thresholdCrossed":0.6999999999999998
		},
		"icu":{
			"eventName":"icu",
			"day":1.2315052520514584e2,
			"thresholdCrossed":1.9924617508650355e-4
		},
		"hospital":{
			"eventName":"hospital",
			"day":1.336857661625586e2,
			"thresholdCrossed":1.1685688563269027e-3
		}
	},
	"summary":{
		"totalProjectedDeaths":3.004390869749587e4,
		"totalProjectedPCRConfirmed":7.314449000909834e5,
		"totalProjectedInfected":2.473408235994079e6,
		"totalInfectedFraction":0.5054534671274626,
		"fatalityRate":1.2146765042779532e-2,
		"fatalityRateSymptomatic":1.735252148968505e-2,
		"fatalityRatePCR":4.107473945577959e-2,
		"fractionOfSymptomaticHospitalized":7.652695722106728e-2,
		"fractionOfPCRHospitalized":0.24231947971035184,
		"fractionHospitalizedInICU":0.290138935760564,
		"fractionDeathOfHospitalized":0.12032610130349207,
		"fractionOfInfectionsPCRConfirmed":0.29572348367191825,
		"dateContained":"Fri 6 Nov 2020 00:00:00",
		"dateICUOverCapacity":"Sat 2 May 2020 03:36:45",
		"dateHospitalsOverCapacity":"Tue 12 May 2020 16:27:30"
	},
	"summaryAug1":{
		"totalProjectedDeaths":2.625851544857246e4,
		"totalProjectedPCRConfirmed":6.945442973896452e5,
		"totalProjectedInfected":2.400026001572502e6,
		"totalInfectedFraction":0.4904574368425391,
		"fatalityRate":1.0940929569666255e-2,
		"fatalityRateSymptomatic":1.562989938523751e-2,
		"fatalityRatePCR":3.780682606892272e-2,
		"fractionOfSymptomaticHospitalized":7.409407216661197e-2,
		"fractionOfPCRHospitalized":0.23843654069311798,
		"fractionHospitalizedInICU":0.2901389357605638,
		"fractionDeathOfHospitalized":0.1125565473764457,
		"fractionOfInfectionsPCRConfirmed":0.28939032199425274,
		"dateContained":"Fri 6 Nov 2020 00:00:00",
		"dateICUOverCapacity":"Sat 2 May 2020 03:36:45",
		"dateHospitalsOverCapacity":"Tue 12 May 2020 16:27:30"
	}
}