{
	"distancingLevel":0.5766666666666668,
	"id":"scenario1",
	"distancingDays":90,
	"maintain":true,
	"name":"Current",
	"gradual":false,
	"events":{
		"herd":{
			"eventName":"herd",
			"day":2.4316567650194662e2,
			"thresholdCrossed":0.7
		},
		"icu":{
			"eventName":"icu",
			"day":2.136011795326176e2,
			"thresholdCrossed":1.8546402570593067e-4
		},
		"hospital":{
			"eventName":"hospital",
			"day":2.2534146355903786e2,
			"thresholdCrossed":1.096705700042151e-3
		}
	},
	"summary":{
		"totalProjectedDeaths":6.4930498227753924e4,
		"totalProjectedPCRConfirmed":1.6770056924044827e6,
		"totalProjectedInfected":5.150413630561885e6,
		"totalInfectedFraction":0.7563075581747469,
		"fatalityRate":1.2606851193943877e-2,
		"fatalityRateSymptomatic":1.8009787419919824e-2,
		"fatalityRatePCR":3.871811438794635e-2,
		"fractionOfSymptomaticHospitalized":7.457383846421288e-2,
		"fractionOfSymptomaticHospitalizedOrICU":0.10531945893442848,
		"fractionOfPCRHospitalized":0.21131003792601025,
		"fractionOfPCRHospitalizedOrICU":0.29842984242337095,
		"fractionHospitalizedInICU":0.29192725429170413,
		"fractionOfDeathInICU":0.7101499764675641,
		"fractionDeathOfHospitalizedOrICU":0.1663359939162624,
		"fractionOfInfectionsPCRConfirmed":0.3256060217092757,
		"dateContained":"Sun 6 Dec 2020 00:00:00",
		"dateICUOverCapacity":"Fri 31 Jul 2020 14:25:41",
		"dateHospitalsOverCapacity":"Wed 12 Aug 2020 08:11:42"
	},
	"summaryAug1":{
		"totalProjectedDeaths":5.20225131315685e3,
		"totalProjectedPCRConfirmed":1.5328512708788083e5,
		"totalProjectedInfected":5.878490253398009e5,
		"totalInfectedFraction":8.632212727381404e-2,
		"fatalityRate":8.849638408687903e-3,
		"fatalityRateSymptomatic":1.2642340583839864e-2,
		"fatalityRatePCR":3.3938395798662944e-2,
		"fractionOfSymptomaticHospitalized":6.079861320536481e-2,
		"fractionOfSymptomaticHospitalizedOrICU":8.586492500081623e-2,
		"fractionOfPCRHospitalized":0.19593905880683538,
		"fractionOfPCRHospitalizedOrICU":0.27672165041578417,
		"fractionHospitalizedInICU":0.29192725429170463,
		"fractionOfDeathInICU":0.7033470639259076,
		"fractionDeathOfHospitalizedOrICU":0.16633599391626253,
		"fractionOfInfectionsPCRConfirmed":0.26075594324456985,
		"dateContained":"Sun 6 Dec 2020 00:00:00",
		"dateICUOverCapacity":"Fri 31 Jul 2020 14:25:41",
		"dateHospitalsOverCapacity":"Wed 12 Aug 2020 08:11:42"
	}
}