{
	"distancingLevel":0.7697832285714286,
	"id":"scenario1",
	"distancingDays":90,
	"maintain":true,
	"name":"Current",
	"events":{
		"herd":{
			"eventName":"herd",
			"day":2.3488599951254812e2,
			"thresholdCrossed":0.6999999999999998
		},
		"icu":{
			"eventName":"icu",
			"day":1.7273627702016935e2,
			"thresholdCrossed":1.8546402570593072e-4
		},
		"hospital":{
			"eventName":"hospital",
			"day":2.132116530529371e2,
			"thresholdCrossed":1.0967057000421526e-3
		}
	},
	"summary":{
		"totalProjectedDeaths":6.355007586918776e4,
		"totalProjectedPCRConfirmed":1.6361995772772343e6,
		"totalProjectedInfected":5.258769970029238e6,
		"totalInfectedFraction":0.7722190410950744,
		"fatalityRate":1.208458940614861e-2,
		"fatalityRateSymptomatic":1.726369915164087e-2,
		"fatalityRatePCR":3.8840051514339176e-2,
		"fractionOfSymptomaticHospitalized":7.457383846327516e-2,
		"fractionOfPCRHospitalized":0.23326653323372268,
		"fractionHospitalizedInICU":0.29192725429170446,
		"fractionDeathOfHospitalized":0.11789767498132456,
		"fractionOfInfectionsPCRConfirmed":0.3111373166353077,
		"dateContained":"Sun 29 Nov 2020 00:00:00",
		"dateICUOverCapacity":"Sat 20 Jun 2020 17:40:14",
		"dateHospitalsOverCapacity":"Fri 31 Jul 2020 05:04:46"
	},
	"summaryAug1":{
		"totalProjectedDeaths":6.764637578325973e3,
		"totalProjectedPCRConfirmed":2.3664397906956e5,
		"totalProjectedInfected":1.069290658652054e6,
		"totalInfectedFraction":0.15701896294802542,
		"fatalityRate":6.326285115829463e-3,
		"fatalityRateSymptomatic":9.037550165470663e-3,
		"fatalityRatePCR":2.8585715998029046e-2,
		"fractionOfSymptomaticHospitalized":4.960823302608236e-2,
		"fractionOfPCRHospitalized":0.20011767057285768,
		"fractionHospitalizedInICU":0.2919272542917047,
		"fractionDeathOfHospitalized":0.10114432352135957,
		"fractionOfInfectionsPCRConfirmed":0.22130931113517163,
		"dateContained":"Sun 29 Nov 2020 00:00:00",
		"dateICUOverCapacity":"Sat 20 Jun 2020 17:40:14",
		"dateHospitalsOverCapacity":"Fri 31 Jul 2020 05:04:46"
	}
}