{
	"distancingLevel":0.5766666666666668,
	"id":"scenario1",
	"distancingDays":90,
	"maintain":true,
	"name":"Current",
	"gradual":false,
	"events":{
		"herd":{
			"eventName":"herd",
			"day":2.6189528240459407e2,
			"thresholdCrossed":0.7000000000000003
		},
		"icu":{
			"eventName":"icu",
			"day":2.3639397587858346e2,
			"thresholdCrossed":1.8546402570593061e-4
		},
		"hospital":{
			"eventName":"hospital",
			"day":2.407997702238624e2,
			"thresholdCrossed":1.096705700042122e-3
		}
	},
	"summary":{
		"totalProjectedDeaths":5.6862147486416005e4,
		"totalProjectedPCRConfirmed":1.2841391347684653e6,
		"totalProjectedInfected":4.510416329354079e6,
		"totalInfectedFraction":0.662327767261896,
		"fatalityRate":1.260685119383625e-2,
		"fatalityRateSymptomatic":1.8009787419766075e-2,
		"fatalityRatePCR":4.428036335538395e-2,
		"fractionOfSymptomaticHospitalized":7.457383846429258e-2,
		"fractionOfSymptomaticHospitalizedOrICU":0.10531945893454106,
		"fractionOfPCRHospitalized":0.1434379560769878,
		"fractionOfPCRHospitalizedOrICU":0.20257516893056626,
		"fractionHospitalizedInICU":0.2919272542917044,
		"fractionOfDeathInICU":0.9076340144789277,
		"fractionDeathOfHospitalizedOrICU":0.16633599391626247,
		"fractionOfInfectionsPCRConfirmed":0.2847052336191684,
		"fractionOfDeathsReported":0.7823820784898506,
		"fractionOfHospitalizationsReported":0.7823030097365206,
		"dateContained":"",
		"dateICUOverCapacity":"Sun 23 Aug 2020 09:27:19",
		"dateHospitalsOverCapacity":"Thu 27 Aug 2020 19:11:40"
	},
	"summaryAug1":{
		"totalProjectedDeaths":1.523019233551854e3,
		"totalProjectedPCRConfirmed":2.7817745924918763e4,
		"totalProjectedInfected":1.3570177175182983e5,
		"totalInfectedFraction":1.9926996741505706e-2,
		"fatalityRate":1.1223281862061004e-2,
		"fatalityRateSymptomatic":1.6033259802944292e-2,
		"fatalityRatePCR":5.47499153117059e-2,
		"fractionOfSymptomaticHospitalized":6.997255624307824e-2,
		"fractionOfSymptomaticHospitalizedOrICU":9.882114043675508e-2,
		"fractionOfPCRHospitalized":0.1859583000001962,
		"fractionOfPCRHospitalizedOrICU":0.2626259817614918,
		"fractionHospitalizedInICU":0.2919272542917045,
		"fractionOfDeathInICU":0.9046993008513466,
		"fractionDeathOfHospitalizedOrICU":0.1663359939162625,
		"fractionOfInfectionsPCRConfirmed":0.2049917666203475,
		"fractionOfDeathsReported":0.7809903356045952,
		"fractionOfHospitalizationsReported":0.7782626806334039,
		"dateContained":"",
		"dateICUOverCapacity":"Sun 23 Aug 2020 09:27:19",
		"dateHospitalsOverCapacity":"Thu 27 Aug 2020 19:11:40"
	}
}