{
	"distancingLevel":0.631904761904762,
	"id":"scenario1",
	"distancingDays":90,
	"maintain":true,
	"name":"Current",
	"gradual":false,
	"events":{
		"herd":{
			"eventName":"herd",
			"day":2.5778619952546654e2,
			"thresholdCrossed":0.7
		},
		"icu":{
			"eventName":"icu",
			"day":1.5875604665218603e2,
			"thresholdCrossed":1.2982481799411012e-4
		},
		"hospital":{
			"eventName":"hospital",
			"day":2.4362570732976033e2,
			"thresholdCrossed":1.0967057000421522e-3
		}
	},
	"summary":{
		"totalProjectedDeaths":5.3747591512703846e4,
		"totalProjectedPCRConfirmed":8.453137313027187e5,
		"totalProjectedInfected":5.082055487167408e6,
		"totalInfectedFraction":0.7462695720593684,
		"fatalityRate":1.0575955270150192e-2,
		"fatalityRateSymptomatic":1.5108507528785991e-2,
		"fatalityRatePCR":6.358301009717784e-2,
		"fractionOfSymptomaticHospitalized":6.056299608498341e-2,
		"fractionOfSymptomaticHospitalizedOrICU":8.543278686488204e-2,
		"fractionOfPCRHospitalized":0.19939958614052336,
		"fractionOfPCRHospitalizedOrICU":0.28128169748710474,
		"fractionHospitalizedInICU":0.291103587891051,
		"fractionOfDeathInICU":0.7657633133313395,
		"fractionDeathOfHospitalizedOrICU":0.17277589697276274,
		"fractionOfInfectionsPCRConfirmed":0.16633303855835554,
		"fractionOfDeathsReported":0.7823970086435804,
		"fractionOfHospitalizationsReported":0.7823433259357502,
		"dateContained":"",
		"dateICUOverCapacity":"Sat 6 Jun 2020 18:08:42",
		"dateHospitalsOverCapacity":"Sun 30 Aug 2020 15:01:01"
	},
	"summaryAug1":{
		"totalProjectedDeaths":8.499450574565652e3,
		"totalProjectedPCRConfirmed":1.652329385234264e5,
		"totalProjectedInfected":1.1347706338671388e6,
		"totalInfectedFraction":0.16663430721288228,
		"fatalityRate":7.490016326559949e-3,
		"fatalityRateSymptomatic":1.0700023323657071e-2,
		"fatalityRatePCR":5.143920244062364e-2,
		"fractionOfSymptomaticHospitalized":5.034965912493397e-2,
		"fractionOfSymptomaticHospitalizedOrICU":7.102541113890674e-2,
		"fractionOfPCRHospitalized":0.18928479387132366,
		"fractionOfPCRHospitalizedOrICU":0.2670133331726226,
		"fractionHospitalizedInICU":0.291103587891051,
		"fractionOfDeathInICU":0.7543445776119035,
		"fractionDeathOfHospitalizedOrICU":0.17277589697276274,
		"fractionOfInfectionsPCRConfirmed":0.14560910689091044,
		"fractionOfDeathsReported":0.7822725800097109,
		"fractionOfHospitalizationsReported":0.7820052881233218,
		"dateContained":"",
		"dateICUOverCapacity":"Sat 6 Jun 2020 18:08:42",
		"dateHospitalsOverCapacity":"Sun 30 Aug 2020 15:01:01"
	}
}