{
	"distancingLevel":0.49523809523809514,
	"id":"scenario1",
	"distancingDays":90,
	"maintain":true,
	"name":"Current",
	"gradual":false,
	"events":{
		"herd":{
			"eventName":"herd",
			"day":2.5441568029454783e2,
			"thresholdCrossed":0.6999999999999148
		},
		"icu":{
			"eventName":"icu",
			"day":1.5916845516411408e2,
			"thresholdCrossed":1.243495632835641e-4
		},
		"hospital":{
			"eventName":"hospital",
			"day":2.3963236157394192e2,
			"thresholdCrossed":9.525570076020455e-4
		}
	},
	"summary":{
		"totalProjectedDeaths":2.52996441908425e5,
		"totalProjectedPCRConfirmed":4.703009562400984e6,
		"totalProjectedInfected":2.9503706786338795e7,
		"totalInfectedFraction":0.7568381751681399,
		"fatalityRate":8.575073082870076e-3,
		"fatalityRateSymptomatic":1.225010440410011e-2,
		"fatalityRatePCR":5.379458377696028e-2,
		"fractionOfSymptomaticHospitalized":5.6872922053821086e-2,
		"fractionOfSymptomaticHospitalizedOrICU":7.784762189093383e-2,
		"fractionOfPCRHospitalized":0.192167414994447,
		"fractionOfPCRHospitalizedOrICU":0.26303864338267763,
		"fractionHospitalizedInICU":0.2694327627181566,
		"fractionOfDeathInICU":0.6961591589913545,
		"fractionDeathOfHospitalizedOrICU":0.16735819067953914,
		"fractionOfInfectionsPCRConfirmed":0.1594040232456023,
		"fractionOfDeathsReported":0.7695238106110489,
		"fractionOfHospitalizationsReported":0.7694412128608314,
		"dateContained":"",
		"dateICUOverCapacity":"Sun 7 Jun 2020 04:02:34",
		"dateHospitalsOverCapacity":"Wed 26 Aug 2020 15:10:36"
	},
	"summaryAug1":{
		"totalProjectedDeaths":3.6917441889478345e4,
		"totalProjectedPCRConfirmed":7.659260076775335e5,
		"totalProjectedInfected":5.54413348399312e6,
		"totalInfectedFraction":0.14221982001450842,
		"fatalityRate":6.658829913829716e-3,
		"fatalityRateSymptomatic":9.512614162613878e-3,
		"fatalityRatePCR":4.819974974008344e-2,
		"fractionOfSymptomaticHospitalized":4.963337512871678e-2,
		"fractionOfSymptomaticHospitalizedOrICU":6.793813436444707e-2,
		"fractionOfPCRHospitalized":0.19334805484757725,
		"fractionOfPCRHospitalizedOrICU":0.26465470251164025,
		"fractionHospitalizedInICU":0.2694327627181563,
		"fractionOfDeathInICU":0.6873425190057642,
		"fractionDeathOfHospitalizedOrICU":0.16735819067953908,
		"fractionOfInfectionsPCRConfirmed":0.13815071550656122,
		"fractionOfDeathsReported":0.7692867488828853,
		"fractionOfHospitalizationsReported":0.7688136705168702,
		"dateContained":"",
		"dateICUOverCapacity":"Sun 7 Jun 2020 04:02:34",
		"dateHospitalsOverCapacity":"Wed 26 Aug 2020 15:10:36"
	}
}