{
	"distancingLevel":0.5204761904761904,
	"id":"scenario1",
	"distancingDays":90,
	"maintain":true,
	"name":"Current",
	"gradual":false,
	"events":{
		"herd":{
			"eventName":"herd",
			"day":2.5642254976384504e2,
			"thresholdCrossed":0.6999999999994622
		},
		"icu":{
			"eventName":"icu",
			"day":1.5548280912010603e2,
			"thresholdCrossed":1.2434956328356416e-4
		},
		"hospital":{
			"eventName":"hospital",
			"day":2.429000427274565e2,
			"thresholdCrossed":9.525570076091065e-4
		}
	},
	"summary":{
		"totalProjectedDeaths":2.511096822383152e5,
		"totalProjectedPCRConfirmed":4.68565406407624e6,
		"totalProjectedInfected":2.928367837953673e7,
		"totalInfectedFraction":0.7511939386965947,
		"fatalityRate":8.57507308281972e-3,
		"fatalityRateSymptomatic":1.2250104404028173e-2,
		"fatalityRatePCR":5.359116972879229e-2,
		"fractionOfSymptomaticHospitalized":5.6872922053733975e-2,
		"fractionOfSymptomaticHospitalizedOrICU":7.784762189081453e-2,
		"fractionOfPCRHospitalized":0.19145035618072342,
		"fractionOfPCRHospitalizedOrICU":0.26205713370481204,
		"fractionHospitalizedInICU":0.269432762718156,
		"fractionOfDeathInICU":0.696157532265214,
		"fractionDeathOfHospitalizedOrICU":0.167358190679539,
		"fractionOfInfectionsPCRConfirmed":0.16000906728133407,
		"fractionOfDeathsReported":0.7695373284616741,
		"fractionOfHospitalizationsReported":0.7694797407709798,
		"dateContained":"",
		"dateICUOverCapacity":"Wed 3 Jun 2020 11:35:14",
		"dateHospitalsOverCapacity":"Sat 29 Aug 2020 21:36:03"
	},
	"summaryAug1":{
		"totalProjectedDeaths":4.708544638637578e4,
		"totalProjectedPCRConfirmed":1.0679999347037394e6,
		"totalProjectedInfected":7.508471141468198e6,
		"totalInfectedFraction":0.1926096147228087,
		"fatalityRate":6.270976540927177e-3,
		"fatalityRateSymptomatic":8.958537915610253e-3,
		"fatalityRatePCR":4.4087499311914434e-2,
		"fractionOfSymptomaticHospitalized":4.818257369207553e-2,
		"fractionOfSymptomaticHospitalizedOrICU":6.595227822061132e-2,
		"fractionOfPCRHospitalized":0.18238682993782368,
		"fractionOfPCRHospitalizedOrICU":0.24965098437265548,
		"fractionHospitalizedInICU":0.2694327627181562,
		"fractionOfDeathInICU":0.6849066812619079,
		"fractionDeathOfHospitalizedOrICU":0.16735819067953905,
		"fractionOfInfectionsPCRConfirmed":0.14223933402438352,
		"fractionOfDeathsReported":0.7694204028024753,
		"fractionOfHospitalizationsReported":0.7691749834395671,
		"dateContained":"",
		"dateICUOverCapacity":"Wed 3 Jun 2020 11:35:14",
		"dateHospitalsOverCapacity":"Sat 29 Aug 2020 21:36:03"
	}
}