{
	"distancingLevel":0.5388888888888889,
	"id":"scenario1",
	"distancingDays":90,
	"maintain":true,
	"name":"Current",
	"gradual":false,
	"events":{
		"herd":{
			"eventName":"herd",
			"day":2.470789179020407e2,
			"thresholdCrossed":0.6999999999999185
		},
		"icu":{
			"eventName":"icu",
			"day":1.7878238561755086e2,
			"thresholdCrossed":1.2434956328356419e-4
		},
		"hospital":{
			"eventName":"hospital",
			"day":2.3313870678148078e2,
			"thresholdCrossed":9.525570075917694e-4
		}
	},
	"summary":{
		"totalProjectedDeaths":2.6543537918861595e5,
		"totalProjectedPCRConfirmed":4.970003959050544e6,
		"totalProjectedInfected":3.0954299353814077e7,
		"totalInfectedFraction":0.7940492225674045,
		"fatalityRate":8.57507308289018e-3,
		"fatalityRateSymptomatic":1.2250104404128825e-2,
		"fatalityRatePCR":5.340747841965985e-2,
		"fractionOfSymptomaticHospitalized":5.68729220538439e-2,
		"fractionOfSymptomaticHospitalizedOrICU":7.7847621890965e-2,
		"fractionOfPCRHospitalized":0.1907678107510581,
		"fractionOfPCRHospitalizedOrICU":0.26112286592652423,
		"fractionHospitalizedInICU":0.2694327627181561,
		"fractionOfDeathInICU":0.6961621025920818,
		"fractionDeathOfHospitalizedOrICU":0.167358190679539,
		"fractionOfInfectionsPCRConfirmed":0.16055940734572494,
		"fractionOfDeathsReported":0.7694995851692229,
		"fractionOfHospitalizationsReported":0.7693735820821486,
		"dateContained":"",
		"dateICUOverCapacity":"Fri 26 Jun 2020 18:46:38",
		"dateHospitalsOverCapacity":"Thu 20 Aug 2020 03:19:44"
	},
	"summaryAug1":{
		"totalProjectedDeaths":2.9372175181355306e4,
		"totalProjectedPCRConfirmed":6.818578225102471e5,
		"totalProjectedInfected":4.93435844848049e6,
		"totalInfectedFraction":0.12657768296093125,
		"fatalityRate":5.952582384929963e-3,
		"fatalityRateSymptomatic":8.503689121328518e-3,
		"fatalityRatePCR":4.3076685801186794e-2,
		"fractionOfSymptomaticHospitalized":4.649829245119984e-2,
		"fractionOfSymptomaticHospitalizedOrICU":6.364683505956534e-2,
		"fractionOfPCRHospitalized":0.1809214924283886,
		"fractionOfPCRHospitalizedOrICU":0.24764523126102264,
		"fractionHospitalizedInICU":0.2694327627181562,
		"fractionOfDeathInICU":0.6839195642407428,
		"fractionDeathOfHospitalizedOrICU":0.16735819067953905,
		"fractionOfInfectionsPCRConfirmed":0.1381857093742798,
		"fractionOfDeathsReported":0.7689793698427285,
		"fractionOfHospitalizationsReported":0.7681008562536749,
		"dateContained":"",
		"dateICUOverCapacity":"Fri 26 Jun 2020 18:46:38",
		"dateHospitalsOverCapacity":"Thu 20 Aug 2020 03:19:44"
	}
}