{
	"distancingLevel":0.4747619047619048,
	"id":"scenario1",
	"distancingDays":90,
	"maintain":true,
	"name":"Current",
	"gradual":false,
	"events":{
		"herd":{
			"eventName":"herd",
			"day":2.5275907857418622e2,
			"thresholdCrossed":0.7000000000000037
		},
		"icu":{
			"eventName":"icu",
			"day":2.3383367713854545e2,
			"thresholdCrossed":1.7764223326223526e-4
		},
		"hospital":{
			"eventName":"hospital",
			"day":2.3563973770311318e2,
			"thresholdCrossed":9.525570076091227e-4
		}
	},
	"summary":{
		"totalProjectedDeaths":3.004939674209751e5,
		"totalProjectedPCRConfirmed":8.104749693860436e6,
		"totalProjectedInfected":2.8398149287479606e7,
		"totalInfectedFraction":0.7284780736378645,
		"fatalityRate":1.0581463051659468e-2,
		"fatalityRateSymptomatic":1.5116375788084955e-2,
		"fatalityRatePCR":3.707627980770428e-2,
		"fractionOfSymptomaticHospitalized":7.003009058868899e-2,
		"fractionOfSymptomaticHospitalizedOrICU":9.596035137633895e-2,
		"fractionOfPCRHospitalized":0.13216425135983997,
		"fractionOfPCRHospitalizedOrICU":0.18110112229284278,
		"fractionHospitalizedInICU":0.27021848519453834,
		"fractionOfDeathInICU":0.6974493756907362,
		"fractionDeathOfHospitalizedOrICU":0.16755462129863458,
		"fractionOfInfectionsPCRConfirmed":0.28539710851628347,
		"fractionOfDeathsReported":0.7695304510612565,
		"fractionOfHospitalizationsReported":0.7694507740527897,
		"dateContained":"",
		"dateICUOverCapacity":"Thu 20 Aug 2020 20:00:29",
		"dateHospitalsOverCapacity":"Sat 22 Aug 2020 15:21:13"
	},
	"summaryAug1":{
		"totalProjectedDeaths":1.1447179924357397e4,
		"totalProjectedPCRConfirmed":2.5433674077592487e5,
		"totalProjectedInfected":1.2368182716964213e6,
		"totalInfectedFraction":3.172724331028007e-2,
		"fatalityRate":9.255345095004483e-3,
		"fatalityRateSymptomatic":1.3221921564292121e-2,
		"fatalityRatePCR":4.500796813482234e-2,
		"fractionOfSymptomaticHospitalized":6.504955361480587e-2,
		"fractionOfSymptomaticHospitalizedOrICU":8.913565539152658e-2,
		"fractionOfPCRHospitalized":0.1697842286271499,
		"fractionOfPCRHospitalizedOrICU":0.2326507662672292,
		"fractionHospitalizedInICU":0.2702184851945385,
		"fractionOfDeathInICU":0.6912190707020478,
		"fractionDeathOfHospitalizedOrICU":0.16755462129863463,
		"fractionOfInfectionsPCRConfirmed":0.20563792320683966,
		"fractionOfDeathsReported":0.7686754212206924,
		"fractionOfHospitalizationsReported":0.7667577853670445,
		"dateContained":"",
		"dateICUOverCapacity":"Thu 20 Aug 2020 20:00:29",
		"dateHospitalsOverCapacity":"Sat 22 Aug 2020 15:21:13"
	}
}