{
	"distancingLevel":0.41571428571428565,
	"id":"scenario1",
	"distancingDays":90,
	"maintain":true,
	"name":"Current",
	"gradual":false,
	"events":{
		"herd":{
			"eventName":"herd",
			"day":2.3331669923976253e2,
			"thresholdCrossed":0.69999999999832
		},
		"icu":{
			"eventName":"icu",
			"day":1.037424857500344e2,
			"thresholdCrossed":1.801358869718745e-4
		},
		"hospital":{
			"eventName":"hospital",
			"day":1.1817903107787642e2,
			"thresholdCrossed":9.144354072183098e-4
		}
	},
	"summary":{
		"totalProjectedDeaths":7.942215359216918e4,
		"totalProjectedPCRConfirmed":1.7391144578800858e6,
		"totalProjectedInfected":5.347043876852341e6,
		"totalInfectedFraction":0.7875670412382068,
		"fatalityRate":1.4853469584566577e-2,
		"fatalityRateSymptomatic":2.121924226366654e-2,
		"fatalityRatePCR":4.56681578560285e-2,
		"fractionOfSymptomaticHospitalized":7.67622573054333e-2,
		"fractionOfSymptomaticHospitalizedOrICU":0.10690472888885394,
		"fractionOfPCRHospitalized":0.1994866510701694,
		"fractionOfPCRHospitalizedOrICU":0.2778196876721133,
		"fractionHospitalizedInICU":0.2819563914217395,
		"fractionOfDeathInICU":0.6020664546654475,
		"fractionDeathOfHospitalizedOrICU":0.16438056726176548,
		"fractionOfInfectionsPCRConfirmed":0.32524783748433633,
		"dateContained":"Mon 14 Dec 2020 00:00:00",
		"dateICUOverCapacity":"Sun 12 Apr 2020 17:49:10",
		"dateHospitalsOverCapacity":"Mon 27 Apr 2020 04:17:48"
	},
	"summaryAug1":{
		"totalProjectedDeaths":2.322708687835662e4,
		"totalProjectedPCRConfirmed":4.754896285113824e5,
		"totalProjectedInfected":1.8559609498645645e6,
		"totalInfectedFraction":0.2733648175707408,
		"fatalityRate":1.2514857535149958e-2,
		"fatalityRateSymptomatic":1.7878367907357084e-2,
		"fatalityRatePCR":4.884877710387452e-2,
		"fractionOfSymptomaticHospitalized":6.941558950399045e-2,
		"fractionOfSymptomaticHospitalizedOrICU":9.667322245432229e-2,
		"fractionOfPCRHospitalized":0.1960966448514793,
		"fractionOfPCRHospitalizedOrICU":0.2730985172888794,
		"fractionHospitalizedInICU":0.28195639142174,
		"fractionOfDeathInICU":0.6033055631064218,
		"fractionDeathOfHospitalizedOrICU":0.17886870126139515,
		"fractionOfInfectionsPCRConfirmed":0.25619592295090066,
		"dateContained":"Mon 14 Dec 2020 00:00:00",
		"dateICUOverCapacity":"Sun 12 Apr 2020 17:49:10",
		"dateHospitalsOverCapacity":"Mon 27 Apr 2020 04:17:48"
	}
}