{
	"distancingLevel":0.43000000000000005,
	"id":"scenario1",
	"distancingDays":90,
	"maintain":true,
	"name":"Current",
	"gradual":false,
	"events":{
		"herd":{
			"eventName":"herd",
			"day":2.642858875250078e2,
			"thresholdCrossed":0.6999999999998657
		},
		"icu":{
			"eventName":"icu",
			"day":8.83003166447944e1,
			"thresholdCrossed":1.2609512088030932e-4
		},
		"hospital":{
			"eventName":"hospital",
			"day":2.5253722922559245e2,
			"thresholdCrossed":9.144354071275134e-4
		}
	},
	"summary":{
		"totalProjectedDeaths":5.856034038637651e4,
		"totalProjectedPCRConfirmed":9.077370884694118e5,
		"totalProjectedInfected":5.476080858313221e6,
		"totalInfectedFraction":0.806572921129972,
		"fatalityRate":1.0693841435426624e-2,
		"fatalityRateSymptomatic":1.527691633632375e-2,
		"fatalityRatePCR":6.451244653352052e-2,
		"fractionOfSymptomaticHospitalized":6.234025744841434e-2,
		"fractionOfSymptomaticHospitalizedOrICU":8.672216779603538e-2,
		"fractionOfPCRHospitalized":0.21481807951018284,
		"fractionOfPCRHospitalizedOrICU":0.2988356208236672,
		"fractionHospitalizedInICU":0.28114968718223965,
		"fractionOfDeathInICU":0.7244830172134257,
		"fractionDeathOfHospitalizedOrICU":0.17028742179555992,
		"fractionOfInfectionsPCRConfirmed":0.16576400384800366,
		"fractionOfDeathsReported":0.8167677770191918,
		"fractionOfHospitalizationsReported":0.8160080182998172,
		"dateContained":"",
		"dateICUOverCapacity":"Sat 28 Mar 2020 07:12:27",
		"dateHospitalsOverCapacity":"Tue 8 Sep 2020 12:53:36"
	},
	"summaryAug1":{
		"totalProjectedDeaths":1.1410789806061903e4,
		"totalProjectedPCRConfirmed":1.349311592547681e5,
		"totalProjectedInfected":1.0981255218103956e6,
		"totalInfectedFraction":0.16174310292540323,
		"fatalityRate":1.039115254078587e-2,
		"fatalityRateSymptomatic":1.4844503629694103e-2,
		"fatalityRatePCR":8.456749255757005e-2,
		"fractionOfSymptomaticHospitalized":6.148061866646338e-2,
		"fractionOfSymptomaticHospitalizedOrICU":8.552631552105848e-2,
		"fractionOfPCRHospitalized":0.2842748368783317,
		"fractionOfPCRHospitalizedOrICU":0.3954576242222485,
		"fractionHospitalizedInICU":0.2811496871822394,
		"fractionOfDeathInICU":0.7235819883061486,
		"fractionDeathOfHospitalizedOrICU":0.17028742179555986,
		"fractionOfInfectionsPCRConfirmed":0.12287407639184764,
		"fractionOfDeathsReported":0.815455803391813,
		"fractionOfHospitalizationsReported":0.8116380827582632,
		"dateContained":"",
		"dateICUOverCapacity":"Sat 28 Mar 2020 07:12:27",
		"dateHospitalsOverCapacity":"Tue 8 Sep 2020 12:53:36"
	}
}