{
	"distancingLevel":0.41571428571428565,
	"id":"scenario1",
	"distancingDays":90,
	"maintain":true,
	"name":"Current",
	"gradual":false,
	"events":{
		"herd":{
			"eventName":"herd",
			"day":2.3866600007515584e2,
			"thresholdCrossed":0.6999999999999998
		},
		"icu":{
			"eventName":"icu",
			"day":1.0602120443115777e2,
			"thresholdCrossed":1.801358869718745e-4
		},
		"hospital":{
			"eventName":"hospital",
			"day":1.2783778354081542e2,
			"thresholdCrossed":9.144354072183098e-4
		}
	},
	"summary":{
		"totalProjectedDeaths":6.689230613614581e4,
		"totalProjectedPCRConfirmed":1.6868161186599117e6,
		"totalProjectedInfected":5.265092250711527e6,
		"totalInfectedFraction":0.7754963716849255,
		"fatalityRate":1.2704868775491247e-2,
		"fatalityRateSymptomatic":1.814981253641607e-2,
		"fatalityRatePCR":3.965595621014595e-2,
		"fractionOfSymptomaticHospitalized":7.676225730610384e-2,
		"fractionOfSymptomaticHospitalizedOrICU":0.10690472888978789,
		"fractionOfPCRHospitalized":0.21859976375132925,
		"fractionOfPCRHospitalizedOrICU":0.3044380050734814,
		"fractionHospitalizedInICU":0.28195639142174017,
		"fractionOfDeathInICU":0.7039523035039368,
		"fractionDeathOfHospitalizedOrICU":0.16304560916917427,
		"fractionOfInfectionsPCRConfirmed":0.3203773150284223,
		"dateContained":"Fri 18 Dec 2020 00:00:00",
		"dateICUOverCapacity":"Wed 15 Apr 2020 00:30:32",
		"dateHospitalsOverCapacity":"Wed 6 May 2020 20:06:24"
	},
	"summaryAug1":{
		"totalProjectedDeaths":2.1606016978667918e4,
		"totalProjectedPCRConfirmed":4.957230012523029e5,
		"totalProjectedInfected":1.8607488658171252e6,
		"totalInfectedFraction":0.27407003056081547,
		"fatalityRate":1.1611463199350065e-2,
		"fatalityRateSymptomatic":1.658780457050009e-2,
		"fatalityRatePCR":4.3584858729747204e-2,
		"fractionOfSymptomaticHospitalized":7.333984066279216e-2,
		"fractionOfSymptomaticHospitalizedOrICU":0.10213842138084962,
		"fractionOfPCRHospitalized":0.21877881054637405,
		"fractionOfPCRHospitalizedOrICU":0.30468735872401986,
		"fractionHospitalizedInICU":0.28195639142174006,
		"fractionOfDeathInICU":0.701789874533106,
		"fractionDeathOfHospitalizedOrICU":0.16304560916917424,
		"fractionOfInfectionsPCRConfirmed":0.2664104814781721,
		"dateContained":"Fri 18 Dec 2020 00:00:00",
		"dateICUOverCapacity":"Wed 15 Apr 2020 00:30:32",
		"dateHospitalsOverCapacity":"Wed 6 May 2020 20:06:24"
	}
}