{
	"distancingLevel":0.5640780183714286,
	"id":"scenario1",
	"distancingDays":90,
	"maintain":true,
	"name":"Current",
	"gradual":false,
	"events":{
		"herd":{
			"eventName":"herd",
			"day":2.5932091418136696e2,
			"thresholdCrossed":0.6999999999999998
		},
		"icu":{
			"eventName":"icu",
			"day":9.260669883818863e1,
			"thresholdCrossed":1.5311550392609438e-4
		},
		"hospital":{
			"eventName":"hospital",
			"day":2.610524923488438e2,
			"thresholdCrossed":9.144354072183088e-4
		}
	},
	"summary":{
		"totalProjectedDeaths":4.577701026650409e4,
		"totalProjectedPCRConfirmed":1.0786038667850876e6,
		"totalProjectedInfected":4.280689076066168e6,
		"totalInfectedFraction":0.6305034534488906,
		"fatalityRate":1.0693841447735292e-2,
		"fatalityRateSymptomatic":1.5276916353907564e-2,
		"fatalityRatePCR":4.244098475462372e-2,
		"fractionOfSymptomaticHospitalized":6.2340257476421676e-2,
		"fractionOfSymptomaticHospitalizedOrICU":8.67221678349966e-2,
		"fractionOfPCRHospitalized":0.14129452065699263,
		"fractionOfPCRHospitalizedOrICU":0.1965562484116396,
		"fractionHospitalizedInICU":0.281149687182239,
		"fractionOfDeathInICU":0.7244888996815569,
		"fractionDeathOfHospitalizedOrICU":0.17028742179555972,
		"fractionOfInfectionsPCRConfirmed":0.25196968236158224,
		"fractionOfDeathsReported":0.8166987769069807,
		"fractionOfHospitalizationsReported":0.8158437244376116,
		"dateContained":"",
		"dateICUOverCapacity":"Wed 1 Apr 2020 14:33:38",
		"dateHospitalsOverCapacity":"Thu 17 Sep 2020 01:15:35"
	},
	"summaryAug1":{
		"totalProjectedDeaths":2.1390163777643018e4,
		"totalProjectedPCRConfirmed":4.116402018015634e5,
		"totalProjectedInfected":2.0944005465328246e6,
		"totalInfectedFraction":0.3084846280654694,
		"fatalityRate":1.0213024348686964e-2,
		"fatalityRateSymptomatic":1.459003478383852e-2,
		"fatalityRatePCR":5.196325257841175e-2,
		"fractionOfSymptomaticHospitalized":6.105325282871427e-2,
		"fractionOfSymptomaticHospitalizedOrICU":8.49318025464812e-2,
		"fractionOfPCRHospitalized":0.17710743775138765,
		"fractionOfPCRHospitalizedOrICU":0.24637596255214694,
		"fractionHospitalizedInICU":0.28114968718223954,
		"fractionOfDeathInICU":0.7226786702878487,
		"fractionDeathOfHospitalizedOrICU":0.17028742179555986,
		"fractionOfInfectionsPCRConfirmed":0.1965432077846872,
		"fractionOfDeathsReported":0.8162581132876858,
		"fractionOfHospitalizationsReported":0.81449419331028,
		"dateContained":"",
		"dateICUOverCapacity":"Wed 1 Apr 2020 14:33:38",
		"dateHospitalsOverCapacity":"Thu 17 Sep 2020 01:15:35"
	}
}