{
	"distancingLevel":0.5640780183714286,
	"id":"scenario1",
	"distancingDays":90,
	"maintain":true,
	"name":"Current",
	"gradual":false,
	"events":{
		"herd":{
			"eventName":"herd",
			"day":2.6225264324427906e2,
			"thresholdCrossed":0.7000000000000002
		},
		"icu":{
			"eventName":"icu",
			"day":9.260669928402638e1,
			"thresholdCrossed":1.531155039260944e-4
		},
		"hospital":{
			"eventName":"hospital",
			"day":2.642028936959141e2,
			"thresholdCrossed":9.144354072183104e-4
		}
	},
	"summary":{
		"totalProjectedDeaths":4.575464842673639e4,
		"totalProjectedPCRConfirmed":1.0781603871467516e6,
		"totalProjectedInfected":4.278597987082726e6,
		"totalInfectedFraction":0.6301954565815403,
		"fatalityRate":1.0693841432373797e-2,
		"fatalityRateSymptomatic":1.5276916331962568e-2,
		"fatalityRatePCR":4.243770126615549e-2,
		"fractionOfSymptomaticHospitalized":6.234025744172152e-2,
		"fractionOfSymptomaticHospitalizedOrICU":8.672216778672494e-2,
		"fractionOfPCRHospitalized":0.14128348432266236,
		"fractionOfPCRHospitalizedOrICU":0.19654089565441954,
		"fractionHospitalizedInICU":0.28114968718223965,
		"fractionOfDeathInICU":0.724488922080295,
		"fractionDeathOfHospitalizedOrICU":0.17028742179555992,
		"fractionOfInfectionsPCRConfirmed":0.2519891773898283,
		"fractionOfDeathsReported":0.8166985880278261,
		"fractionOfHospitalizationsReported":0.8158431177138432,
		"dateContained":"",
		"dateICUOverCapacity":"Wed 1 Apr 2020 14:33:38",
		"dateHospitalsOverCapacity":"Sun 20 Sep 2020 04:52:10"
	},
	"summaryAug1":{
		"totalProjectedDeaths":2.1361598431280298e4,
		"totalProjectedPCRConfirmed":4.110809938438059e5,
		"totalProjectedInfected":2.0918290518707943e6,
		"totalInfectedFraction":0.30810587216049123,
		"fatalityRate":1.0211923585331167e-2,
		"fatalityRateSymptomatic":1.4588462264758812e-2,
		"fatalityRatePCR":5.196445165595965e-2,
		"fractionOfSymptomaticHospitalized":6.105204188221754e-2,
		"fractionOfSymptomaticHospitalizedOrICU":8.493011798646204e-2,
		"fractionOfPCRHospitalized":0.17712639868629032,
		"fractionOfPCRHospitalizedOrICU":0.24640233930202732,
		"fractionHospitalizedInICU":0.28114968718223937,
		"fractionOfDeathInICU":0.7226730355914144,
		"fractionDeathOfHospitalizedOrICU":0.17028742179555983,
		"fractionOfInfectionsPCRConfirmed":0.19651748955114764,
		"fractionOfDeathsReported":0.8162570072116248,
		"fractionOfHospitalizationsReported":0.8144909567531254,
		"dateContained":"",
		"dateICUOverCapacity":"Wed 1 Apr 2020 14:33:38",
		"dateHospitalsOverCapacity":"Sun 20 Sep 2020 04:52:10"
	}
}