{
	"distancingLevel":0.7766666666666666,
	"id":"scenario1",
	"distancingDays":90,
	"maintain":true,
	"name":"Current",
	"gradual":false,
	"events":{
		"herd":{
			"eventName":"herd",
			"day":2.9743260438332754e2,
			"thresholdCrossed":0.7000000000000006
		},
		"icu":{
			"eventName":"icu",
			"day":1.890913322358751e2,
			"thresholdCrossed":1.753877788776386e-4
		}
	},
	"summary":{
		"totalProjectedDeaths":3.122946264945543e4,
		"totalProjectedPCRConfirmed":5.398049608381978e5,
		"totalProjectedInfected":3.093742013441821e6,
		"totalInfectedFraction":0.46893487179864574,
		"fatalityRate":1.009439782430737e-2,
		"fatalityRateSymptomatic":1.4420568320439102e-2,
		"fatalityRatePCR":5.7853233880924275e-2,
		"fractionOfSymptomaticHospitalized":6.0958643980884276e-2,
		"fractionOfSymptomaticHospitalizedOrICU":8.50431522835796e-2,
		"fractionOfPCRHospitalized":0.19581728536610568,
		"fractionOfPCRHospitalizedOrICU":0.27318388552686634,
		"fractionHospitalizedInICU":0.28320338153017455,
		"fractionOfDeathInICU":0.7208337836069874,
		"fractionDeathOfHospitalizedOrICU":0.17080084538254364,
		"fractionOfInfectionsPCRConfirmed":0.17448286201397217,
		"fractionOfDeathsReported":0.8007974708305072,
		"fractionOfHospitalizationsReported":0.8007011721679707,
		"dateContained":"",
		"dateICUOverCapacity":"Tue 7 Jul 2020 02:11:31",
		"dateHospitalsOverCapacity":""
	},
	"summaryAug1":{
		"totalProjectedDeaths":5.290416355151598e3,
		"totalProjectedPCRConfirmed":1.3349620668821968e5,
		"totalProjectedInfected":8.250824102460825e5,
		"totalInfectedFraction":0.1250621133213441,
		"fatalityRate":6.411985384070569e-3,
		"fatalityRateSymptomatic":9.159979120100813e-3,
		"fatalityRatePCR":3.962971298133858e-2,
		"fractionOfSymptomaticHospitalized":4.751935397075915e-2,
		"fractionOfSymptomaticHospitalizedOrICU":6.629405433329282e-2,
		"fractionOfPCRHospitalized":0.1644924283815861,
		"fractionOfPCRHospitalizedOrICU":0.2294827070093254,
		"fractionHospitalizedInICU":0.2832033815301748,
		"fractionOfDeathInICU":0.7063514056846968,
		"fractionDeathOfHospitalizedOrICU":0.1708008453825437,
		"fractionOfInfectionsPCRConfirmed":0.16179742172470285,
		"fractionOfDeathsReported":0.8005070749096587,
		"fractionOfHospitalizationsReported":0.800108604823959,
		"dateContained":"",
		"dateICUOverCapacity":"Tue 7 Jul 2020 02:11:31",
		"dateHospitalsOverCapacity":""
	}
}