{
	"distancingLevel":0.7,
	"id":"scenario8",
	"distancingDays":606,
	"maintain":false,
	"name":"relaxed restrictions",
	"gradual":false,
	"events":{
		"herd":{
			"eventName":"herd",
			"day":1.971733938812234e2,
			"thresholdCrossed":0.6999999999999996
		},
		"icu":{
			"eventName":"icu",
			"day":1.371421523707635e2,
			"thresholdCrossed":1.3269260928104587e-4
		},
		"hospital":{
			"eventName":"hospital",
			"day":1.630295505721717e2,
			"thresholdCrossed":1.5731960378680494e-3
		}
	},
	"summary":{
		"totalProjectedDeaths":3.492525996205261e4,
		"totalProjectedPCRConfirmed":1.0234312778780224e6,
		"totalProjectedInfected":3.7552437708064723e6,
		"totalInfectedFraction":0.4488722587467,
		"fatalityRate":9.300397549039031e-3,
		"fatalityRateSymptomatic":1.3286282212912904e-2,
		"fatalityRatePCR":3.4125652319779085e-2,
		"fractionOfSymptomaticHospitalized":5.9423573080121916e-2,
		"fractionOfSymptomaticHospitalizedOrICU":8.19464246942368e-2,
		"fractionOfPCRHospitalized":0.12133727262396242,
		"fractionOfPCRHospitalizedOrICU":0.16732678898788317,
		"fractionHospitalizedInICU":0.27484849641889125,
		"fractionOfDeathInICU":0.6952597910924244,
		"fractionDeathOfHospitalizedOrICU":0.16871212410472278,
		"fractionOfInfectionsPCRConfirmed":0.27253391266746746,
		"fractionOfDeathsReported":0.7950863505805738,
		"fractionOfHospitalizationsReported":0.7949832495892488,
		"dateContained":"Tue 17 Nov 2020 05:39:50",
		"dateICUOverCapacity":"Sat 16 May 2020 03:24:41",
		"dateHospitalsOverCapacity":"Thu 11 Jun 2020 00:42:33"
	},
	"summaryAug1":{
		"totalProjectedDeaths":2.928518802181602e4,
		"totalProjectedPCRConfirmed":9.592736666798171e5,
		"totalProjectedInfected":3.604751274267197e6,
		"totalInfectedFraction":0.4308835712023207,
		"fatalityRate":8.12405233916433e-3,
		"fatalityRateSymptomatic":1.160578905594904e-2,
		"fatalityRatePCR":3.0528501968761668e-2,
		"fractionOfSymptomaticHospitalized":5.609375725848269e-2,
		"fractionOfSymptomaticHospitalizedOrICU":7.735453485439618e-2,
		"fractionOfPCRHospitalized":0.11729911034897622,
		"fractionOfPCRHospitalizedOrICU":0.16175807368488232,
		"fractionHospitalizedInICU":0.274848496418891,
		"fractionOfDeathInICU":0.6890509312450664,
		"fractionDeathOfHospitalizedOrICU":0.16871212410472275,
		"fractionOfInfectionsPCRConfirmed":0.2661136909854692,
		"fractionOfDeathsReported":0.7950768979657513,
		"fractionOfHospitalizationsReported":0.7949674853029206,
		"dateContained":"Tue 17 Nov 2020 05:39:50",
		"dateICUOverCapacity":"Sat 16 May 2020 03:24:41",
		"dateHospitalsOverCapacity":"Thu 11 Jun 2020 00:42:33"
	}
}