{
	"distancingLevel":0.5538095238095238,
	"id":"scenario6",
	"distancingDays":10,
	"maintain":true,
	"name":"Open May 10",
	"gradual":false,
	"events":{
		"herd":{
			"eventName":"herd",
			"day":2.120287343565848e2,
			"thresholdCrossed":0.7000000000000001
		},
		"icu":{
			"eventName":"icu",
			"day":1.8416035388140608e2,
			"thresholdCrossed":1.8810655446761712e-4
		},
		"hospital":{
			"eventName":"hospital",
			"day":1.9136998729311912e2,
			"thresholdCrossed":1.2053460864807843e-3
		}
	},
	"summary":{
		"totalProjectedDeaths":1.7179001728440388e4,
		"totalProjectedPCRConfirmed":3.104612970012247e5,
		"totalProjectedInfected":1.8696002356677803e6,
		"totalInfectedFraction":0.647430151994314,
		"fatalityRate":9.188596257479836e-3,
		"fatalityRateSymptomatic":1.3126566082114053e-2,
		"fatalityRatePCR":5.53337948864287e-2,
		"fractionOfSymptomaticHospitalized":5.906517792994658e-2,
		"fractionOfSymptomaticHospitalizedOrICU":8.185254624920535e-2,
		"fractionOfPCRHospitalized":0.1962346596028809,
		"fractionOfPCRHospitalizedOrICU":0.27194206660805015,
		"fractionHospitalizedInICU":0.2783953507063928,
		"fractionOfDeathInICU":0.6957204638214938,
		"fractionDeathOfHospitalizedOrICU":0.1695988376765982,
		"fractionOfInfectionsPCRConfirmed":0.1660575833690643,
		"fractionOfDeathsReported":0.7895929273609551,
		"fractionOfHospitalizationsReported":0.7881427285428847,
		"dateContained":"",
		"dateICUOverCapacity":"Thu 2 Jul 2020 03:50:54",
		"dateHospitalsOverCapacity":"Thu 9 Jul 2020 08:52:46"
	},
	"summaryAug1":{
		"totalProjectedDeaths":6.287899715227315e3,
		"totalProjectedPCRConfirmed":2.0707657526845424e5,
		"totalProjectedInfected":1.479661572316174e6,
		"totalInfectedFraction":0.5123969811239554,
		"fatalityRate":4.249552622620733e-3,
		"fatalityRateSymptomatic":6.070789460886761e-3,
		"fatalityRatePCR":3.0365094202836205e-2,
		"fractionOfSymptomaticHospitalized":4.0409164675530435e-2,
		"fractionOfSymptomaticHospitalizedOrICU":5.599903591958249e-2,
		"fractionOfPCRHospitalized":0.15886054847153108,
		"fractionOfPCRHospitalizedOrICU":0.22014900905508683,
		"fractionHospitalizedInICU":0.27839535070639276,
		"fractionOfDeathInICU":0.6651501310816003,
		"fractionDeathOfHospitalizedOrICU":0.1695988376765982,
		"fractionOfInfectionsPCRConfirmed":0.13994860658867345,
		"fractionOfDeathsReported":0.7876638008108753,
		"fractionOfHospitalizationsReported":0.785971364205544,
		"dateContained":"",
		"dateICUOverCapacity":"Thu 2 Jul 2020 03:50:54",
		"dateHospitalsOverCapacity":"Thu 9 Jul 2020 08:52:46"
	}
}