{
	"distancingLevel":0.5439779141142856,
	"id":"scenario6",
	"distancingDays":1,
	"maintain":true,
	"postDistancingLevel":1,
	"name":"Open May 1",
	"gradual":false,
	"events":{
		"herd":{
			"eventName":"herd",
			"day":1.6992275684482962e2,
			"thresholdCrossed":0.7000000000000003
		},
		"icu":{
			"eventName":"icu",
			"day":1.4748870295992978e2,
			"thresholdCrossed":1.881065544676172e-4
		},
		"hospital":{
			"eventName":"hospital",
			"day":1.5272730926095758e2,
			"thresholdCrossed":1.2053460865151019e-3
		}
	},
	"summary":{
		"totalProjectedDeaths":1.8056621597420137e4,
		"totalProjectedPCRConfirmed":5.435666708850537e5,
		"totalProjectedInfected":1.965112090194524e6,
		"totalInfectedFraction":0.6805052732495387,
		"fatalityRate":9.188596257444394e-3,
		"fatalityRateSymptomatic":1.3126566082063423e-2,
		"fatalityRatePCR":3.3218779893218496e-2,
		"fractionOfSymptomaticHospitalized":5.906517792986241e-2,
		"fractionOfSymptomaticHospitalizedOrICU":8.185254624908868e-2,
		"fractionOfPCRHospitalized":0.11814336159945991,
		"fractionOfPCRHospitalizedOrICU":0.1637231158572948,
		"fractionHospitalizedInICU":0.27839535070639265,
		"fractionOfDeathInICU":0.6956348134488629,
		"fractionDeathOfHospitalizedOrICU":0.16959883767659814,
		"fractionOfInfectionsPCRConfirmed":0.2766084813163236,
		"fractionOfDeathsReported":0.7906010199751786,
		"fractionOfHospitalizationsReported":0.7903969569838705,
		"dateContained":"",
		"dateICUOverCapacity":"Tue 26 May 2020 11:43:43",
		"dateHospitalsOverCapacity":"Sun 31 May 2020 17:27:19"
	},
	"summaryAug1":{
		"totalProjectedDeaths":1.687339140132564e4,
		"totalProjectedPCRConfirmed":5.37649464253044e5,
		"totalProjectedInfected":1.955254421375824e6,
		"totalInfectedFraction":0.6770916279686687,
		"fatalityRate":8.629767674660263e-3,
		"fatalityRateSymptomatic":1.2328239535228947e-2,
		"fatalityRatePCR":3.138362915467205e-2,
		"fractionOfSymptomaticHospitalized":5.789618939672947e-2,
		"fractionOfSymptomaticHospitalizedOrICU":8.023256149112284e-2,
		"fractionOfPCRHospitalized":0.11649117543010708,
		"fractionOfPCRHospitalizedOrICU":0.1614335156295661,
		"fractionHospitalizedInICU":0.2783953507063929,
		"fractionOfDeathInICU":0.6918099701205864,
		"fractionDeathOfHospitalizedOrICU":0.16959883767659822,
		"fractionOfInfectionsPCRConfirmed":0.2749767285398718,
		"fractionOfDeathsReported":0.7905936096339495,
		"fractionOfHospitalizationsReported":0.7903891099201632,
		"dateContained":"",
		"dateICUOverCapacity":"Tue 26 May 2020 11:43:43",
		"dateHospitalsOverCapacity":"Sun 31 May 2020 17:27:19"
	}
}