{
	"distancingLevel":0.4780952380952381,
	"id":"scenario6",
	"distancingDays":6,
	"maintain":true,
	"postDistancingLevel":1,
	"name":"Open May 1",
	"gradual":false,
	"events":{
		"herd":{
			"eventName":"herd",
			"day":1.591066977087495e2,
			"thresholdCrossed":0.6999999999999996
		},
		"icu":{
			"eventName":"icu",
			"day":1.418211667942202e2,
			"thresholdCrossed":2.687236492387026e-4
		},
		"hospital":{
			"eventName":"hospital",
			"day":1.4378660462078523e2,
			"thresholdCrossed":1.205346086515101e-3
		}
	},
	"summary":{
		"totalProjectedDeaths":2.4845524296293923e4,
		"totalProjectedPCRConfirmed":7.157721517095508e5,
		"totalProjectedInfected":2.321045650259618e6,
		"totalInfectedFraction":0.8037627025633044,
		"fatalityRate":1.0704453095747966e-2,
		"fatalityRateSymptomatic":1.5292075851068525e-2,
		"fatalityRatePCR":3.471149895529304e-2,
		"fractionOfSymptomaticHospitalized":7.272951013741714e-2,
		"fractionOfSymptomaticHospitalizedOrICU":0.10090070723532295,
		"fractionOfPCRHospitalized":0.211496955654901,
		"fractionOfPCRHospitalizedOrICU":0.293418618706169,
		"fractionHospitalizedInICU":0.2791972214050422,
		"fractionOfDeathInICU":0.6670815056422728,
		"fractionDeathOfHospitalizedOrICU":0.16213508306366395,
		"fractionOfInfectionsPCRConfirmed":0.30838348725691317,
		"dateContained":"Fri 4 Sep 2020 00:00:00",
		"dateICUOverCapacity":"Wed 20 May 2020 19:42:28",
		"dateHospitalsOverCapacity":"Fri 22 May 2020 18:52:42"
	},
	"summaryAug1":{
		"totalProjectedDeaths":2.4365929121724592e4,
		"totalProjectedPCRConfirmed":7.141204506123079e5,
		"totalProjectedInfected":2.319333251814543e6,
		"totalInfectedFraction":0.803169710347953,
		"fatalityRate":1.0505574868407452e-2,
		"fatalityRateSymptomatic":1.5007964097724934e-2,
		"fatalityRatePCR":3.412019513071293e-2,
		"fractionOfSymptomaticHospitalized":7.246499628400066e-2,
		"fractionOfSymptomaticHospitalizedOrICU":0.1005337360453227,
		"fractionOfPCRHospitalized":0.21101375297126795,
		"fractionOfPCRHospitalizedOrICU":0.29274825130750975,
		"fractionHospitalizedInICU":0.27919722140504233,
		"fractionOfDeathInICU":0.6660275072057724,
		"fractionDeathOfHospitalizedOrICU":0.16213508306366398,
		"fractionOfInfectionsPCRConfirmed":0.3078990266075873,
		"dateContained":"Fri 4 Sep 2020 00:00:00",
		"dateICUOverCapacity":"Wed 20 May 2020 19:42:28",
		"dateHospitalsOverCapacity":"Fri 22 May 2020 18:52:42"
	}
}