{
	"distancingLevel":0.5538095238095238,
	"id":"scenario6",
	"distancingDays":14,
	"maintain":true,
	"name":"Open May 28",
	"gradual":false,
	"events":{
		"herd":{
			"eventName":"herd",
			"day":2.167223732678546e2,
			"thresholdCrossed":0.6999999999999998
		},
		"icu":{
			"eventName":"icu",
			"day":1.8886906903325064e2,
			"thresholdCrossed":1.881065544675574e-4
		},
		"hospital":{
			"eventName":"hospital",
			"day":1.9607302448681395e2,
			"thresholdCrossed":1.2053460865151014e-3
		}
	},
	"summary":{
		"totalProjectedDeaths":1.71730620276311e4,
		"totalProjectedPCRConfirmed":3.104146017820551e5,
		"totalProjectedInfected":1.86895381470089e6,
		"totalInfectedFraction":0.6472063007041495,
		"fatalityRate":9.188596257730155e-3,
		"fatalityRateSymptomatic":1.3126566082471652e-2,
		"fatalityRatePCR":5.532298393517087e-2,
		"fractionOfSymptomaticHospitalized":5.906517793040163e-2,
		"fractionOfSymptomaticHospitalizedOrICU":8.185254624983593e-2,
		"fractionOfPCRHospitalized":0.1961960991011564,
		"fractionOfPCRHospitalizedOrICU":0.271888629449958,
		"fractionHospitalizedInICU":0.2783953507063927,
		"fractionOfDeathInICU":0.6957204977898036,
		"fractionDeathOfHospitalizedOrICU":0.16959883767659817,
		"fractionOfInfectionsPCRConfirmed":0.166090033547316,
		"fractionOfDeathsReported":0.7895925421387309,
		"fractionOfHospitalizationsReported":0.7881418417357996,
		"dateContained":"",
		"dateICUOverCapacity":"Mon 6 Jul 2020 20:51:27",
		"dateHospitalsOverCapacity":"Tue 14 Jul 2020 01:45:09"
	},
	"summaryAug1":{
		"totalProjectedDeaths":4.823588167022961e3,
		"totalProjectedPCRConfirmed":1.7702486912193045e5,
		"totalProjectedInfected":1.332139559638829e6,
		"totalInfectedFraction":0.4613110873226602,
		"fatalityRate":3.620933056241298e-3,
		"fatalityRateSymptomatic":5.172761508916139e-3,
		"fatalityRatePCR":2.724808209687527e-2,
		"fractionOfSymptomaticHospitalized":3.655429521263317e-2,
		"fractionOfSymptomaticHospitalizedOrICU":5.065695633809577e-2,
		"fractionOfPCRHospitalized":0.15113392718622864,
		"fractionOfPCRHospitalizedOrICU":0.20944145431182654,
		"fractionHospitalizedInICU":0.2783953507063929,
		"fractionOfDeathInICU":0.6608188088850958,
		"fractionDeathOfHospitalizedOrICU":0.16959883767659822,
		"fractionOfInfectionsPCRConfirmed":0.13288763015935479,
		"fractionOfDeathsReported":0.7867400601047851,
		"fractionOfHospitalizationsReported":0.784892301150092,
		"dateContained":"",
		"dateICUOverCapacity":"Mon 6 Jul 2020 20:51:27",
		"dateHospitalsOverCapacity":"Tue 14 Jul 2020 01:45:09"
	}
}