{
	"distancingLevel":0.4780952380952381,
	"id":"scenario6",
	"distancingDays":5,
	"maintain":true,
	"postDistancingLevel":1,
	"name":"Open May 1",
	"gradual":false,
	"events":{
		"herd":{
			"eventName":"herd",
			"day":1.6660314423137467e2,
			"thresholdCrossed":0.7000000000000655
		},
		"icu":{
			"eventName":"icu",
			"day":1.4666846501089415e2,
			"thresholdCrossed":2.6872364923945344e-4
		},
		"hospital":{
			"eventName":"hospital",
			"day":1.4867725025397732e2,
			"thresholdCrossed":1.2053460865151019e-3
		}
	},
	"summary":{
		"totalProjectedDeaths":2.185201038955059e4,
		"totalProjectedPCRConfirmed":5.596639041630893e5,
		"totalProjectedInfected":2.0413943798973283e6,
		"totalInfectedFraction":0.70692132384397,
		"fatalityRate":1.070445309575587e-2,
		"fatalityRateSymptomatic":1.5292075851079813e-2,
		"fatalityRatePCR":3.904488073467533e-2,
		"fractionOfSymptomaticHospitalized":7.272951013742394e-2,
		"fractionOfSymptomaticHospitalizedOrICU":0.10090070723533248,
		"fractionOfPCRHospitalized":0.14679025416885377,
		"fractionOfPCRHospitalizedOrICU":0.20364829122189046,
		"fractionHospitalizedInICU":0.2791972214050429,
		"fractionOfDeathInICU":0.8436564453720559,
		"fractionDeathOfHospitalizedOrICU":0.16213508306366417,
		"fractionOfInfectionsPCRConfirmed":0.27415765893861116,
		"fractionOfDeathsReported":0.7906364989520556,
		"fractionOfHospitalizationsReported":0.7904763900787096,
		"dateContained":"",
		"dateICUOverCapacity":"Mon 25 May 2020 16:02:35",
		"dateHospitalsOverCapacity":"Wed 27 May 2020 16:15:14"
	},
	"summaryAug1":{
		"totalProjectedDeaths":2.0990913331530886e4,
		"totalProjectedPCRConfirmed":5.56271516545794e5,
		"totalProjectedInfected":2.0358643793224036e6,
		"totalInfectedFraction":0.7050063213506839,
		"fatalityRate":1.031056564706795e-2,
		"fatalityRateSymptomatic":1.4729379495811358e-2,
		"fatalityRatePCR":3.7735013760681835e-2,
		"fractionOfSymptomaticHospitalized":7.206744330127438e-2,
		"fractionOfSymptomaticHospitalizedOrICU":9.998219407776648e-2,
		"fractionOfPCRHospitalized":0.14594410910002256,
		"fractionOfPCRHospitalizedOrICU":0.2024743985927853,
		"fractionHospitalizedInICU":0.27919722140504266,
		"fractionOfDeathInICU":0.8413293519600111,
		"fractionDeathOfHospitalizedOrICU":0.16213508306366411,
		"fractionOfInfectionsPCRConfirmed":0.2732360378204258,
		"fractionOfDeathsReported":0.7906336193537997,
		"fractionOfHospitalizationsReported":0.7904736430016671,
		"dateContained":"",
		"dateICUOverCapacity":"Mon 25 May 2020 16:02:35",
		"dateHospitalsOverCapacity":"Wed 27 May 2020 16:15:14"
	}
}