{
	"distancingLevel":0.5304761904761904,
	"id":"scenario6",
	"distancingDays":4,
	"maintain":true,
	"name":"Open May 1",
	"gradual":false,
	"events":{},
	"summary":{
		"totalProjectedDeaths":2.2292958715536766e5,
		"totalProjectedPCRConfirmed":3.014708389302186e6,
		"totalProjectedInfected":1.6071240093459379e7,
		"totalInfectedFraction":0.7925281503785462,
		"fatalityRate":1.387133698824491e-2,
		"fatalityRateSymptomatic":1.981619569749273e-2,
		"fatalityRatePCR":7.394731375891687e-2,
		"fractionOfSymptomaticHospitalized":6.758050548243491e-2,
		"fractionOfSymptomaticHospitalizedOrICU":9.678437143905885e-2,
		"fractionOfPCRHospitalized":0.213447336010298,
		"fractionOfPCRHospitalizedOrICU":0.3056852875489023,
		"fractionHospitalizedInICU":0.30174154692953103,
		"fractionOfDeathInICU":0.7784682524894087,
		"fractionDeathOfHospitalizedOrICU":0.17543538673238276,
		"fractionOfInfectionsPCRConfirmed":0.18758405522975805,
		"fractionOfDeathsReported":0.8464576615641135,
		"fractionOfHospitalizationsReported":0.8463834901367532,
		"dateContained":"",
		"dateICUOverCapacity":"",
		"dateHospitalsOverCapacity":""
	},
	"summaryAug1":{
		"totalProjectedDeaths":1.9554636322257007e5,
		"totalProjectedPCRConfirmed":2.9512533685876965e6,
		"totalProjectedInfected":1.5965751434101928e7,
		"totalInfectedFraction":0.7873261415976247,
		"fatalityRate":1.2247864688967552e-2,
		"fatalityRateSymptomatic":1.7496949555667933e-2,
		"fatalityRatePCR":6.625875138472016e-2,
		"fractionOfSymptomaticHospitalized":6.504167427254083e-2,
		"fractionOfSymptomaticHospitalizedOrICU":9.314842374844373e-2,
		"fractionOfPCRHospitalized":0.20846698112054435,
		"fractionOfPCRHospitalizedOrICU":0.29855274963567924,
		"fractionHospitalizedInICU":0.30174154692953137,
		"fractionOfDeathInICU":0.7722163287391418,
		"fractionDeathOfHospitalizedOrICU":0.17543538673238282,
		"fractionOfInfectionsPCRConfirmed":0.1848490113834535,
		"fractionOfDeathsReported":0.8464530293337821,
		"fractionOfHospitalizationsReported":0.8463785674387073,
		"dateContained":"",
		"dateICUOverCapacity":"",
		"dateHospitalsOverCapacity":""
	}
}