{
	"distancingLevel":0.5942857142857143,
	"id":"scenario6",
	"distancingDays":14,
	"maintain":true,
	"name":"Open May 30",
	"gradual":false,
	"events":{
		"herd":{
			"eventName":"herd",
			"day":2.2098738002312277e2,
			"thresholdCrossed":0.7000000000006551
		},
		"icu":{
			"eventName":"icu",
			"day":1.872703499733556e2,
			"thresholdCrossed":1.7187213596780846e-4
		},
		"hospital":{
			"eventName":"hospital",
			"day":1.9601645923302843e2,
			"thresholdCrossed":1.1191896431429242e-3
		}
	},
	"summary":{
		"totalProjectedDeaths":1.7527486529063957e5,
		"totalProjectedPCRConfirmed":2.3645872100659763e6,
		"totalProjectedInfected":1.2635758575618614e7,
		"totalInfectedFraction":0.6231127351921285,
		"fatalityRate":1.3871336987147095e-2,
		"fatalityRateSymptomatic":1.9816195695924424e-2,
		"fatalityRatePCR":7.412493163479011e-2,
		"fractionOfSymptomaticHospitalized":6.758050548088189e-2,
		"fractionOfSymptomaticHospitalizedOrICU":9.678437143683474e-2,
		"fractionOfPCRHospitalized":0.2138519640774603,
		"fractionOfPCRHospitalizedOrICU":0.3062647693516404,
		"fractionHospitalizedInICU":0.3017415469295313,
		"fractionOfDeathInICU":0.7784815453729761,
		"fractionDeathOfHospitalizedOrICU":0.17543538673238282,
		"fractionOfInfectionsPCRConfirmed":0.18713456702382525,
		"fractionOfDeathsReported":0.8462936312020437,
		"fractionOfHospitalizationsReported":0.8459560177274438,
		"dateContained":"",
		"dateICUOverCapacity":"Sun 5 Jul 2020 06:29:18",
		"dateHospitalsOverCapacity":"Tue 14 Jul 2020 00:23:42"
	},
	"summaryAug1":{
		"totalProjectedDeaths":4.1244280976770715e4,
		"totalProjectedPCRConfirmed":1.1949028585040462e6,
		"totalProjectedInfected":8.222976399553056e6,
		"totalInfectedFraction":0.4055032616429185,
		"fatalityRate":5.015736270264921e-3,
		"fatalityRateSymptomatic":7.165337528949889e-3,
		"fatalityRatePCR":3.451684853144157e-2,
		"fractionOfSymptomaticHospitalized":3.98741285025919e-2,
		"fractionOfSymptomaticHospitalizedOrICU":5.7105113911979775e-2,
		"fractionOfPCRHospitalized":0.16232777125121609,
		"fractionOfPCRHospitalizedOrICU":0.23247519673755215,
		"fractionHospitalizedInICU":0.30174154692953126,
		"fractionOfDeathInICU":0.7467777584054879,
		"fractionDeathOfHospitalizedOrICU":0.1754353867323828,
		"fractionOfInfectionsPCRConfirmed":0.14531269463074134,
		"fractionOfDeathsReported":0.8456530887473318,
		"fractionOfHospitalizationsReported":0.8450981246572131,
		"dateContained":"",
		"dateICUOverCapacity":"Sun 5 Jul 2020 06:29:18",
		"dateHospitalsOverCapacity":"Tue 14 Jul 2020 00:23:42"
	}
}