{
	"distancingLevel":0.5622222222222222,
	"id":"scenario6",
	"distancingDays":14,
	"maintain":true,
	"name":"Open May 10",
	"gradual":false,
	"events":{},
	"summary":{
		"totalProjectedDeaths":2.1552675691413367e5,
		"totalProjectedPCRConfirmed":2.9135827777997595e6,
		"totalProjectedInfected":1.5537561887244457e7,
		"totalInfectedFraction":0.7662106416356468,
		"fatalityRate":1.3871336988274209e-2,
		"fatalityRateSymptomatic":1.9816195697534587e-2,
		"fatalityRatePCR":7.397310231113197e-2,
		"fractionOfSymptomaticHospitalized":6.758050548246118e-2,
		"fractionOfSymptomaticHospitalizedOrICU":9.678437143909649e-2,
		"fractionOfPCRHospitalized":0.2134789992820867,
		"fractionOfPCRHospitalizedOrICU":0.30573063361188146,
		"fractionHospitalizedInICU":0.301741546929531,
		"fractionOfDeathInICU":0.7784735712921549,
		"fractionDeathOfHospitalizedOrICU":0.17543538673238274,
		"fractionOfInfectionsPCRConfirmed":0.18751865955183494,
		"fractionOfDeathsReported":0.8463964719865897,
		"fractionOfHospitalizationsReported":0.8462139340767042,
		"dateContained":"",
		"dateICUOverCapacity":"",
		"dateHospitalsOverCapacity":""
	},
	"summaryAug1":{
		"totalProjectedDeaths":1.4995815205609324e5,
		"totalProjectedPCRConfirmed":2.6891241175205708e6,
		"totalProjectedInfected":1.5077508196569746e7,
		"totalInfectedFraction":0.7435238110970601,
		"fatalityRate":9.945817976090367e-3,
		"fatalityRateSymptomatic":1.4208311394414813e-2,
		"fatalityRatePCR":5.576468229155515e-2,
		"fractionOfSymptomaticHospitalized":5.971319421730534e-2,
		"fractionOfSymptomaticHospitalizedOrICU":8.551732378566569e-2,
		"fractionOfPCRHospitalized":0.19830954484074212,
		"fractionOfPCRHospitalizedOrICU":0.28400593500688853,
		"fractionHospitalizedInICU":0.30174154692953115,
		"fractionOfDeathInICU":0.7640966652809067,
		"fractionDeathOfHospitalizedOrICU":0.17543538673238276,
		"fractionOfInfectionsPCRConfirmed":0.17835335139345954,
		"fractionOfDeathsReported":0.8463552533285484,
		"fractionOfHospitalizationsReported":0.8461679054654905,
		"dateContained":"",
		"dateICUOverCapacity":"",
		"dateHospitalsOverCapacity":""
	}
}