{
	"distancingLevel":0.5152380952380952,
	"id":"scenario6",
	"distancingDays":8,
	"maintain":true,
	"postDistancingLevel":1,
	"name":"Open May 1",
	"gradual":false,
	"events":{
		"herd":{
			"eventName":"herd",
			"day":1.844999175586283e2,
			"thresholdCrossed":0.7000000000000006
		},
		"icu":{
			"eventName":"icu",
			"day":1.593503319741548e2,
			"thresholdCrossed":1.7187213596780822e-4
		},
		"hospital":{
			"eventName":"hospital",
			"day":1.6516056917501004e2,
			"thresholdCrossed":1.1191896431429222e-3
		}
	},
	"summary":{
		"totalProjectedDeaths":1.889770381600965e5,
		"totalProjectedPCRConfirmed":2.5530714083559387e6,
		"totalProjectedInfected":1.362356334652924e7,
		"totalInfectedFraction":0.6718247874962634,
		"fatalityRate":1.3871336988221999e-2,
		"fatalityRateSymptomatic":1.9816195697459998e-2,
		"fatalityRatePCR":7.401948787707004e-2,
		"fractionOfSymptomaticHospitalized":6.758050548241669e-2,
		"fractionOfSymptomaticHospitalizedOrICU":9.678437143903278e-2,
		"fractionOfPCRHospitalized":0.21364676040783015,
		"fractionOfPCRHospitalizedOrICU":0.3059708901028782,
		"fractionHospitalizedInICU":0.3017415469295311,
		"fractionOfDeathInICU":0.7784693266506547,
		"fractionDeathOfHospitalizedOrICU":0.17543538673238276,
		"fractionOfInfectionsPCRConfirmed":0.1874011478066319,
		"fractionOfDeathsReported":0.8464434047544825,
		"fractionOfHospitalizationsReported":0.8463482149346195,
		"dateContained":"",
		"dateICUOverCapacity":"Sun 7 Jun 2020 08:24:28",
		"dateHospitalsOverCapacity":"Sat 13 Jun 2020 03:51:13"
	},
	"summaryAug1":{
		"totalProjectedDeaths":1.5591922022080148e5,
		"totalProjectedPCRConfirmed":2.444721237391078e6,
		"totalProjectedInfected":1.337916567757706e7,
		"totalInfectedFraction":0.6597726974643108,
		"fatalityRate":1.1653882161136234e-2,
		"fatalityRateSymptomatic":1.6648403087337477e-2,
		"fatalityRatePCR":6.377791374986913e-2,
		"fractionOfSymptomaticHospitalized":6.353369428290971e-2,
		"fractionOfSymptomaticHospitalizedOrICU":9.098879362438286e-2,
		"fractionOfPCRHospitalized":0.20598938379758072,
		"fractionOfPCRHospitalizedOrICU":0.2950044971053034,
		"fractionHospitalizedInICU":0.30174154692953126,
		"fractionOfDeathInICU":0.7706095461922431,
		"fractionDeathOfHospitalizedOrICU":0.1754353867323828,
		"fractionOfInfectionsPCRConfirmed":0.18272598578312932,
		"fractionOfDeathsReported":0.8464333686218297,
		"fractionOfHospitalizationsReported":0.8463363673200051,
		"dateContained":"",
		"dateICUOverCapacity":"Sun 7 Jun 2020 08:24:28",
		"dateHospitalsOverCapacity":"Sat 13 Jun 2020 03:51:13"
	}
}