{
	"distancingLevel":0.549047619047619,
	"id":"scenario6",
	"distancingDays":3,
	"maintain":true,
	"name":"Open May 10",
	"gradual":false,
	"events":{
		"herd":{
			"eventName":"herd",
			"day":1.774665816067546e2,
			"thresholdCrossed":0.7000000000000135
		},
		"icu":{
			"eventName":"icu",
			"day":1.5697466180734696e2,
			"thresholdCrossed":1.7187213596780876e-4
		},
		"hospital":{
			"eventName":"hospital",
			"day":1.6194506050112957e2,
			"thresholdCrossed":1.1191896431429246e-3
		}
	},
	"summary":{
		"totalProjectedDeaths":2.2286869773711465e5,
		"totalProjectedPCRConfirmed":3.01396263435782e6,
		"totalProjectedInfected":1.606685050806594e7,
		"totalInfectedFraction":0.7923116848181688,
		"fatalityRate":1.3871336988243544e-2,
		"fatalityRateSymptomatic":1.9816195697490775e-2,
		"fatalityRatePCR":7.394540834598003e-2,
		"fractionOfSymptomaticHospitalized":6.758050548243456e-2,
		"fractionOfSymptomaticHospitalizedOrICU":9.678437143905841e-2,
		"fractionOfPCRHospitalized":0.21344182868739084,
		"fractionOfPCRHospitalizedOrICU":0.3056774003219266,
		"fractionHospitalizedInICU":0.3017415469295315,
		"fractionOfDeathInICU":0.778468253424125,
		"fractionDeathOfHospitalizedOrICU":0.17543538673238285,
		"fractionOfInfectionsPCRConfirmed":0.187588888864357,
		"fractionOfDeathsReported":0.8464576525266223,
		"fractionOfHospitalizationsReported":0.8463834608350619,
		"dateContained":"",
		"dateICUOverCapacity":"Thu 4 Jun 2020 23:23:30",
		"dateHospitalsOverCapacity":"Tue 9 Jun 2020 22:40:53"
	},
	"summaryAug1":{
		"totalProjectedDeaths":1.9740953773437132e5,
		"totalProjectedPCRConfirmed":2.9560126690960675e6,
		"totalProjectedInfected":1.5971040968131844e7,
		"totalInfectedFraction":0.7875869867220031,
		"fatalityRate":1.236046780721912e-2,
		"fatalityRateSymptomatic":1.765781115317017e-2,
		"fatalityRatePCR":6.67823720101775e-2,
		"fractionOfSymptomaticHospitalized":6.525035097641102e-2,
		"fractionOfSymptomaticHospitalizedOrICU":9.344727684925844e-2,
		"fractionOfPCRHospitalized":0.20886837365595134,
		"fractionOfPCRHospitalizedOrICU":0.2991275977218598,
		"fractionHospitalizedInICU":0.3017415469295314,
		"fractionOfDeathInICU":0.7726229001681801,
		"fractionDeathOfHospitalizedOrICU":0.17543538673238288,
		"fractionOfInfectionsPCRConfirmed":0.1850857858917531,
		"fractionOfDeathsReported":0.8464533852589367,
		"fractionOfHospitalizationsReported":0.8463789632120085,
		"dateContained":"",
		"dateICUOverCapacity":"Thu 4 Jun 2020 23:23:30",
		"dateHospitalsOverCapacity":"Tue 9 Jun 2020 22:40:53"
	}
}