{
	"distancingLevel":0.5828571428571429,
	"id":"scenario6",
	"distancingDays":14,
	"maintain":true,
	"name":"Open May 28",
	"gradual":false,
	"events":{},
	"summary":{
		"totalProjectedDeaths":1.764180345857306e5,
		"totalProjectedPCRConfirmed":2.376495530845597e6,
		"totalProjectedInfected":1.2718170911461338e7,
		"totalInfectedFraction":0.6271767710545753,
		"fatalityRate":1.3871336988147133e-2,
		"fatalityRateSymptomatic":1.9816195697353052e-2,
		"fatalityRatePCR":7.423453244322245e-2,
		"fractionOfSymptomaticHospitalized":6.758050548230908e-2,
		"fractionOfSymptomaticHospitalizedOrICU":9.678437143887869e-2,
		"fractionOfPCRHospitalized":0.21391360042725016,
		"fractionOfPCRHospitalizedOrICU":0.3063530408928137,
		"fractionHospitalizedInICU":0.3017415469295315,
		"fractionOfDeathInICU":0.7785114020626314,
		"fractionDeathOfHospitalizedOrICU":0.17543538673238285,
		"fractionOfInfectionsPCRConfirmed":0.18685827918100636,
		"fractionOfDeathsReported":0.84584049699522,
		"fractionOfHospitalizationsReported":0.8449504987523558,
		"dateContained":"",
		"dateICUOverCapacity":"",
		"dateHospitalsOverCapacity":""
	},
	"summaryAug1":{
		"totalProjectedDeaths":4.93041638476398e4,
		"totalProjectedPCRConfirmed":1.3419254076675302e6,
		"totalProjectedInfected":8.977250353635093e6,
		"totalInfectedFraction":0.4426991057863106,
		"fatalityRate":5.492123078385067e-3,
		"fatalityRateSymptomatic":7.845890111978669e-3,
		"fatalityRatePCR":3.674135951664997e-2,
		"fractionOfSymptomaticHospitalized":4.226748007766834e-2,
		"fractionOfSymptomaticHospitalizedOrICU":6.053271520280855e-2,
		"fractionOfPCRHospitalized":0.16685833037643244,
		"fractionOfPCRHospitalizedOrICU":0.23896356663167093,
		"fractionHospitalizedInICU":0.3017415469295313,
		"fractionOfDeathInICU":0.7488327878433526,
		"fractionDeathOfHospitalizedOrICU":0.17543538673238282,
		"fractionOfInfectionsPCRConfirmed":0.14948067111932042,
		"fractionOfDeathsReported":0.8441640664674211,
		"fractionOfHospitalizationsReported":0.8430018660981453,
		"dateContained":"",
		"dateICUOverCapacity":"",
		"dateHospitalsOverCapacity":""
	}
}