{
	"distancingLevel":0.7,
	"id":"scenario8",
	"distancingDays":596,
	"maintain":false,
	"name":"relaxed restrictions",
	"gradual":false,
	"events":{
		"herd":{
			"eventName":"herd",
			"day":1.9698276376267563e2,
			"thresholdCrossed":0.6999999999999974
		},
		"icu":{
			"eventName":"icu",
			"day":1.4675316652209773e2,
			"thresholdCrossed":1.3359128509781275e-4
		},
		"hospital":{
			"eventName":"hospital",
			"day":1.7767062082117653e2,
			"thresholdCrossed":2.1089590208726995e-3
		}
	},
	"summary":{
		"totalProjectedDeaths":8.633685068109428e4,
		"totalProjectedPCRConfirmed":1.2594267783493367e6,
		"totalProjectedInfected":7.096147193422871e6,
		"totalInfectedFraction":0.5547980469436407,
		"fatalityRate":1.2166722071537127e-2,
		"fatalityRateSymptomatic":1.7381031530767324e-2,
		"fatalityRatePCR":6.855249718784871e-2,
		"fractionOfSymptomaticHospitalized":6.490807958336638e-2,
		"fractionOfSymptomaticHospitalizedOrICU":9.154990408535496e-2,
		"fractionOfPCRHospitalized":0.2117847625191449,
		"fractionOfPCRHospitalizedOrICU":0.2987128077093204,
		"fractionHospitalizedInICU":0.29100876476232623,
		"fractionOfDeathInICU":0.7563442706910619,
		"fractionDeathOfHospitalizedOrICU":0.17275219119058155,
		"fractionOfInfectionsPCRConfirmed":0.17748036279696228,
		"fractionOfDeathsReported":0.8280789570199721,
		"fractionOfHospitalizationsReported":0.8272717957023622,
		"dateContained":"",
		"dateICUOverCapacity":"Mon 25 May 2020 18:04:33",
		"dateHospitalsOverCapacity":"Thu 25 Jun 2020 16:05:41"
	},
	"summaryAug1":{
		"totalProjectedDeaths":6.176453675060642e4,
		"totalProjectedPCRConfirmed":1.1061981116107933e6,
		"totalProjectedInfected":6.57256546514646e6,
		"totalInfectedFraction":0.5138628588274239,
		"fatalityRate":9.397325455050464e-3,
		"fatalityRateSymptomatic":1.3424750650072093e-2,
		"fatalityRatePCR":5.5834968530788606e-2,
		"fractionOfSymptomaticHospitalized":5.791607632849313e-2,
		"fractionOfSymptomaticHospitalizedOrICU":8.168800042933966e-2,
		"fractionOfPCRHospitalized":0.19921297872312227,
		"fractionOfPCRHospitalizedOrICU":0.28098087652147136,
		"fractionHospitalizedInICU":0.29100876476232634,
		"fractionOfDeathInICU":0.7462470477157045,
		"fractionDeathOfHospitalizedOrICU":0.17275219119058158,
		"fractionOfInfectionsPCRConfirmed":0.16830537747806873,
		"fractionOfDeathsReported":0.8279318629294329,
		"fractionOfHospitalizationsReported":0.8270246414670581,
		"dateContained":"",
		"dateICUOverCapacity":"Mon 25 May 2020 18:04:33",
		"dateHospitalsOverCapacity":"Thu 25 Jun 2020 16:05:41"
	}
}