{
	"distancingLevel":0.7,
	"id":"scenario8",
	"distancingDays":606,
	"maintain":false,
	"name":"relaxed restrictions",
	"gradual":false,
	"events":{
		"herd":{
			"eventName":"herd",
			"day":2.0151025283263021e2,
			"thresholdCrossed":0.7
		},
		"icu":{
			"eventName":"icu",
			"day":1.456583754200012e2,
			"thresholdCrossed":1.6221798904734411e-4
		},
		"hospital":{
			"eventName":"hospital",
			"day":1.755879736519475e2,
			"thresholdCrossed":2.108959020872698e-3
		}
	},
	"summary":{
		"totalProjectedDeaths":7.191045683676725e4,
		"totalProjectedPCRConfirmed":1.7165960194342565e6,
		"totalProjectedInfected":5.911943463967723e6,
		"totalInfectedFraction":0.4622134516164704,
		"fatalityRate":1.2163590074067705e-2,
		"fatalityRateSymptomatic":1.7376557248668153e-2,
		"fatalityRatePCR":4.189131049043617e-2,
		"fractionOfSymptomaticHospitalized":6.490192407096403e-2,
		"fractionOfSymptomaticHospitalizedOrICU":9.154122201412983e-2,
		"fractionOfPCRHospitalized":0.12955687822988152,
		"fractionOfPCRHospitalizedOrICU":0.18273410416202174,
		"fractionHospitalizedInICU":0.29100876476232634,
		"fractionOfDeathInICU":0.7563048658288769,
		"fractionDeathOfHospitalizedOrICU":0.17275219119058158,
		"fractionOfInfectionsPCRConfirmed":0.2903606960886236,
		"fractionOfDeathsReported":0.8283288859937085,
		"fractionOfHospitalizationsReported":0.8280235554180295,
		"dateContained":"Fri 27 Nov 2020 11:54:42",
		"dateICUOverCapacity":"Sun 24 May 2020 15:48:03",
		"dateHospitalsOverCapacity":"Tue 23 Jun 2020 14:06:40"
	},
	"summaryAug1":{
		"totalProjectedDeaths":5.6343926547589326e4,
		"totalProjectedPCRConfirmed":1.5642200407716352e6,
		"totalProjectedInfected":5.573171286036119e6,
		"totalInfectedFraction":0.4357272278175192,
		"fatalityRate":1.0109850147394907e-2,
		"fatalityRateSymptomatic":1.4442643067707013e-2,
		"fatalityRatePCR":3.6020460727376094e-2,
		"fractionOfSymptomaticHospitalized":5.989172143897738e-2,
		"fractionOfSymptomaticHospitalizedOrICU":8.447455830522362e-2,
		"fractionOfPCRHospitalized":0.12367409188335927,
		"fractionOfPCRHospitalizedOrICU":0.17443670067641984,
		"fractionHospitalizedInICU":0.2910087647623264,
		"fractionOfDeathInICU":0.748930560044615,
		"fractionDeathOfHospitalizedOrICU":0.17275219119058158,
		"fractionOfInfectionsPCRConfirmed":0.2806696511716539,
		"fractionOfDeathsReported":0.8282957868643567,
		"fractionOfHospitalizationsReported":0.8279599868821015,
		"dateContained":"Fri 27 Nov 2020 11:54:42",
		"dateICUOverCapacity":"Sun 24 May 2020 15:48:03",
		"dateHospitalsOverCapacity":"Tue 23 Jun 2020 14:06:40"
	}
}