{
	"distancingLevel":0.6571428571428571,
	"id":"scenario7",
	"distancingDays":60,
	"maintain":true,
	"name":"Open Gradual May 30",
	"gradual":true,
	"events":{
		"herd":{
			"eventName":"herd",
			"day":2.4195360701524237e2,
			"thresholdCrossed":0.7000000000000012
		},
		"icu":{
			"eventName":"icu",
			"day":2.010532596170597e2,
			"thresholdCrossed":1.1338772664812796e-4
		},
		"hospital":{
			"eventName":"hospital",
			"day":2.13469111351827e2,
			"thresholdCrossed":9.54856362166316e-4
		}
	},
	"summary":{
		"totalProjectedDeaths":2.614927616847634e4,
		"totalProjectedPCRConfirmed":4.1914472974501e5,
		"totalProjectedInfected":2.3751669160060883e6,
		"totalInfectedFraction":0.5900849627865378,
		"fatalityRate":1.1009447795966736e-2,
		"fatalityRateSymptomatic":1.5727782565666766e-2,
		"fatalityRatePCR":6.238722406073067e-2,
		"fractionOfSymptomaticHospitalized":6.276599005738573e-2,
		"fractionOfSymptomaticHospitalizedOrICU":8.835002235141902e-2,
		"fractionOfPCRHospitalized":0.20313926696042406,
		"fractionOfPCRHospitalizedOrICU":0.28594082177299224,
		"fractionHospitalizedInICU":0.28957584404756387,
		"fractionOfDeathInICU":0.7363600005594777,
		"fractionDeathOfHospitalizedOrICU":0.17239396101189097,
		"fractionOfInfectionsPCRConfirmed":0.17646958911410482,
		"fractionOfDeathsReported":0.8160162948354418,
		"fractionOfHospitalizationsReported":0.8159082636192773,
		"dateContained":"",
		"dateICUOverCapacity":"Sun 19 Jul 2020 01:16:41",
		"dateHospitalsOverCapacity":"Fri 31 Jul 2020 11:15:31"
	},
	"summaryAug1":{
		"totalProjectedDeaths":1.7364158314847748e3,
		"totalProjectedPCRConfirmed":6.618443662845062e4,
		"totalProjectedInfected":5.568115474579458e5,
		"totalInfectedFraction":0.1383339078389193,
		"fatalityRate":3.118498241302944e-3,
		"fatalityRateSymptomatic":4.454997487575636e-3,
		"fatalityRatePCR":2.623601438556846e-2,
		"fractionOfSymptomaticHospitalized":2.9331989841545218e-2,
		"fractionOfSymptomaticHospitalizedOrICU":4.1287996186195317e-2,
		"fractionOfPCRHospitalized":0.14070009773321485,
		"fractionOfPCRHospitalizedOrICU":0.198050835623099,
		"fractionHospitalizedInICU":0.28957584404756376,
		"fractionOfDeathInICU":0.7028783691437862,
		"fractionDeathOfHospitalizedOrICU":0.17239396101189094,
		"fractionOfInfectionsPCRConfirmed":0.11886326160189652,
		"fractionOfDeathsReported":0.8151361101804884,
		"fractionOfHospitalizationsReported":0.8145213572826552,
		"dateContained":"",
		"dateICUOverCapacity":"Sun 19 Jul 2020 01:16:41",
		"dateHospitalsOverCapacity":"Fri 31 Jul 2020 11:15:31"
	}
}