{
	"distancingLevel":0.6438095238095238,
	"id":"scenario7",
	"distancingDays":60,
	"maintain":true,
	"name":"Open Gradual May 28",
	"gradual":true,
	"events":{
		"herd":{
			"eventName":"herd",
			"day":2.4245527987175117e2,
			"thresholdCrossed":0.7000000000000284
		},
		"icu":{
			"eventName":"icu",
			"day":2.0217651357890827e2,
			"thresholdCrossed":1.1338772664812803e-4
		},
		"hospital":{
			"eventName":"hospital",
			"day":2.1405337181582587e2,
			"thresholdCrossed":9.548563621663161e-4
		}
	},
	"summary":{
		"totalProjectedDeaths":2.6186883955910856e4,
		"totalProjectedPCRConfirmed":4.1976182189059816e5,
		"totalProjectedInfected":2.378582874262399e6,
		"totalInfectedFraction":0.5909336212900609,
		"fatalityRate":1.1009447784757735e-2,
		"fatalityRateSymptomatic":1.5727782549653912e-2,
		"fatalityRatePCR":6.2385101717840126e-2,
		"fractionOfSymptomaticHospitalized":6.276599003726255e-2,
		"fractionOfSymptomaticHospitalizedOrICU":8.83500223230934e-2,
		"fractionOfPCRHospitalized":0.20313241754400563,
		"fractionOfPCRHospitalizedOrICU":0.28593118046735677,
		"fractionHospitalizedInICU":0.28957584404756365,
		"fractionOfDeathInICU":0.7363599916396344,
		"fractionDeathOfHospitalizedOrICU":0.17239396101189092,
		"fractionOfInfectionsPCRConfirmed":0.17647559243474614,
		"fractionOfDeathsReported":0.8160163847443691,
		"fractionOfHospitalizationsReported":0.8159085086752655,
		"dateContained":"",
		"dateICUOverCapacity":"Mon 20 Jul 2020 04:14:10",
		"dateHospitalsOverCapacity":"Sat 1 Aug 2020 01:16:51"
	},
	"summaryAug1":{
		"totalProjectedDeaths":1.5959982308970737e3,
		"totalProjectedPCRConfirmed":6.217901365364679e4,
		"totalProjectedInfected":5.283423137711199e5,
		"totalInfectedFraction":0.13126102947090115,
		"fatalityRate":3.020765494827406e-3,
		"fatalityRateSymptomatic":4.315379278324865e-3,
		"fatalityRatePCR":2.566779588668288e-2,
		"fractionOfSymptomaticHospitalized":2.8777201734732808e-2,
		"fractionOfSymptomaticHospitalizedOrICU":4.050707101330529e-2,
		"fractionOfPCRHospitalized":0.13939879401187158,
		"fractionOfPCRHospitalizedOrICU":0.19621910775962476,
		"fractionHospitalizedInICU":0.28957584404756376,
		"fractionOfDeathInICU":0.7019612720754799,
		"fractionDeathOfHospitalizedOrICU":0.17239396101189094,
		"fractionOfInfectionsPCRConfirmed":0.11768698442840034,
		"fractionOfDeathsReported":0.8150531625584487,
		"fractionOfHospitalizationsReported":0.8144057850991862,
		"dateContained":"",
		"dateICUOverCapacity":"Mon 20 Jul 2020 04:14:10",
		"dateHospitalsOverCapacity":"Sat 1 Aug 2020 01:16:51"
	}
}