{
	"distancingLevel":0.6734616595,
	"id":"scenario7",
	"distancingDays":60,
	"maintain":true,
	"postDistancingLevel":1,
	"name":"Open Gradual May 1",
	"gradual":true,
	"events":{
		"herd":{
			"eventName":"herd",
			"day":2.1203614923818114e2,
			"thresholdCrossed":0.7000000000007084
		},
		"icu":{
			"eventName":"icu",
			"day":1.7623329323827596e2,
			"thresholdCrossed":1.1338772664812807e-4
		},
		"hospital":{
			"eventName":"hospital",
			"day":1.868519091738639e2,
			"thresholdCrossed":9.548563621637918e-4
		}
	},
	"summary":{
		"totalProjectedDeaths":2.6282962352692615e4,
		"totalProjectedPCRConfirmed":7.188487245951131e5,
		"totalProjectedInfected":2.387309776095616e6,
		"totalInfectedFraction":0.5931017272487591,
		"fatalityRate":1.1009447795952868e-2,
		"fatalityRateSymptomatic":1.5727782565646956e-2,
		"fatalityRatePCR":3.6562577707147395e-2,
		"fractionOfSymptomaticHospitalized":6.276599005737005e-2,
		"fractionOfSymptomaticHospitalizedOrICU":8.835002235139697e-2,
		"fractionOfPCRHospitalized":0.1190516316889285,
		"fractionOfPCRHospitalizedOrICU":0.16757824278838163,
		"fractionHospitalizedInICU":0.28957584404756403,
		"fractionOfDeathInICU":0.7363598232159777,
		"fractionDeathOfHospitalizedOrICU":0.17239396101189103,
		"fractionOfInfectionsPCRConfirmed":0.3011124621500825,
		"fractionOfDeathsReported":0.816011440205273,
		"fractionOfHospitalizationsReported":0.8159088774048296,
		"dateContained":"",
		"dateICUOverCapacity":"Wed 24 Jun 2020 05:35:56",
		"dateHospitalsOverCapacity":"Sat 4 Jul 2020 20:26:44"
	},
	"summaryAug1":{
		"totalProjectedDeaths":1.0687936714326863e4,
		"totalProjectedPCRConfirmed":5.274514367658601e5,
		"totalProjectedInfected":1.9742393573355214e6,
		"totalInfectedFraction":0.49047877429346237,
		"fatalityRate":5.413698533875622e-3,
		"fatalityRateSymptomatic":7.733855048393747e-3,
		"fatalityRatePCR":2.0263356907057443e-2,
		"fractionOfSymptomaticHospitalized":4.4965609979675546e-2,
		"fractionOfSymptomaticHospitalizedOrICU":6.329403301242201e-2,
		"fractionOfPCRHospitalized":9.611147711772487e-2,
		"fractionOfPCRHospitalizedOrICU":0.13528745653203778,
		"fractionHospitalizedInICU":0.28957584404756365,
		"fractionOfDeathInICU":0.7085474261306455,
		"fractionDeathOfHospitalizedOrICU":0.17239396101189092,
		"fractionOfInfectionsPCRConfirmed":0.2671669140856966,
		"fractionOfDeathsReported":0.8159130082686322,
		"fractionOfHospitalizationsReported":0.8157919149249191,
		"dateContained":"",
		"dateICUOverCapacity":"Wed 24 Jun 2020 05:35:56",
		"dateHospitalsOverCapacity":"Sat 4 Jul 2020 20:26:44"
	}
}