{
	"distancingLevel":0.11,
	"id":"scenario3",
	"distancingDays":60,
	"maintain":false,
	"name":"Wuhan",
	"gradual":false,
	"events":{
		"herd":{
			"eventName":"herd",
			"day":3.0351299047763723e2,
			"thresholdCrossed":0.6999999999999983
		},
		"icu":{
			"eventName":"icu",
			"day":2.7764054812110726e2,
			"thresholdCrossed":1.543278397618434e-4
		},
		"hospital":{
			"eventName":"hospital",
			"day":2.879850407533966e2,
			"thresholdCrossed":1.8295628880128708e-3
		}
	},
	"summary":{
		"totalProjectedDeaths":4.045381044157604e2,
		"totalProjectedPCRConfirmed":4.757443629202251e3,
		"totalProjectedInfected":5.164873205011457e4,
		"totalInfectedFraction":1.3256007390210378e-2,
		"fatalityRate":7.832488588940355e-3,
		"fatalityRateSymptomatic":1.1189269412771938e-2,
		"fatalityRatePCR":8.503266374668429e-2,
		"fractionOfSymptomaticHospitalized":5.460253342041678e-2,
		"fractionOfSymptomaticHospitalizedOrICU":7.608098446821594e-2,
		"fractionOfPCRHospitalized":0.314407992388989,
		"fractionOfPCRHospitalizedOrICU":0.4380835116468309,
		"fractionHospitalizedInICU":0.2823103722688043,
		"fractionOfDeathInICU":0.7314563221430349,
		"fractionDeathOfHospitalizedOrICU":0.17057759306720105,
		"fractionOfInfectionsPCRConfirmed":9.211152801555943e-2,
		"fractionOfDeathsReported":0.764836648377646,
		"fractionOfHospitalizationsReported":0.7576990293071879,
		"dateContained":"Thu 14 May 2020 01:34:32",
		"dateICUOverCapacity":"Sat 3 Oct 2020 15:22:23",
		"dateHospitalsOverCapacity":"Tue 13 Oct 2020 23:38:27"
	},
	"summaryAug1":{
		"totalProjectedDeaths":4.045381044157604e2,
		"totalProjectedPCRConfirmed":4.757443629202251e3,
		"totalProjectedInfected":5.164873205011457e4,
		"totalInfectedFraction":1.3256007390210378e-2,
		"fatalityRate":7.832488588940355e-3,
		"fatalityRateSymptomatic":1.1189269412771938e-2,
		"fatalityRatePCR":8.503266374668429e-2,
		"fractionOfSymptomaticHospitalized":5.460253342041678e-2,
		"fractionOfSymptomaticHospitalizedOrICU":7.608098446821594e-2,
		"fractionOfPCRHospitalized":0.314407992388989,
		"fractionOfPCRHospitalizedOrICU":0.4380835116468309,
		"fractionHospitalizedInICU":0.2823103722688043,
		"fractionOfDeathInICU":0.7314563221430349,
		"fractionDeathOfHospitalizedOrICU":0.17057759306720105,
		"fractionOfInfectionsPCRConfirmed":9.211152801555943e-2,
		"fractionOfDeathsReported":0.764836648377646,
		"fractionOfHospitalizationsReported":0.7576990293071879,
		"dateContained":"Thu 14 May 2020 01:34:32",
		"dateICUOverCapacity":"Sat 3 Oct 2020 15:22:23",
		"dateHospitalsOverCapacity":"Tue 13 Oct 2020 23:38:27"
	}
}