{
	"distancingLevel":0.11,
	"id":"scenario3",
	"distancingDays":60,
	"maintain":false,
	"name":"Wuhan",
	"gradual":false,
	"events":{
		"herd":{
			"eventName":"herd",
			"day":2.7103474365820875e2,
			"thresholdCrossed":0.7000000000000002
		},
		"icu":{
			"eventName":"icu",
			"day":2.502998293477636e2,
			"thresholdCrossed":2.2046834251694794e-4
		},
		"hospital":{
			"eventName":"hospital",
			"day":2.566110650314612e2,
			"thresholdCrossed":1.8295628880128536e-3
		}
	},
	"summary":{
		"totalProjectedDeaths":3.3078240683153694e4,
		"totalProjectedPCRConfirmed":9.19780748934391e5,
		"totalProjectedInfected":2.937051041430743e6,
		"totalInfectedFraction":0.7538146391058336,
		"fatalityRate":1.126239899019259e-2,
		"fatalityRateSymptomatic":1.6089141414560845e-2,
		"fatalityRatePCR":3.5963180052938026e-2,
		"fractionOfSymptomaticHospitalized":7.225993834759913e-2,
		"fractionOfSymptomaticHospitalizedOrICU":0.10079768879935821,
		"fractionOfPCRHospitalized":0.20702289205455507,
		"fractionOfPCRHospitalizedOrICU":0.2887828238556959,
		"fractionHospitalizedInICU":0.283119095206286,
		"fractionOfDeathInICU":0.685617687324023,
		"fractionDeathOfHospitalizedOrICU":0.16342930141807438,
		"fractionOfInfectionsPCRConfirmed":0.3131647138438332,
		"dateContained":"Wed 3 Jun 2020 00:00:00",
		"dateICUOverCapacity":"Sun 6 Sep 2020 07:11:45",
		"dateHospitalsOverCapacity":"Sat 12 Sep 2020 14:39:56"
	},
	"summaryAug1":{
		"totalProjectedDeaths":1.0817602892289733e3,
		"totalProjectedPCRConfirmed":9.529520198333104e3,
		"totalProjectedInfected":9.650555792694286e4,
		"totalInfectedFraction":2.476882467965818e-2,
		"fatalityRate":1.1209305582668028e-2,
		"fatalityRateSymptomatic":1.6013293689525757e-2,
		"fatalityRatePCR":0.11351676335375141,
		"fractionOfSymptomaticHospitalized":7.198480844481364e-2,
		"fractionOfSymptomaticHospitalizedOrICU":0.10041390133766727,
		"fractionOfPCRHospitalized":0.2464784446098839,
		"fractionOfPCRHospitalizedOrICU":0.3438206304027712,
		"fractionHospitalizedInICU":0.283119095206286,
		"fractionOfDeathInICU":0.6856833676966526,
		"fractionDeathOfHospitalizedOrICU":0.16342930141807438,
		"fractionOfInfectionsPCRConfirmed":9.87458173709248e-2,
		"dateContained":"Wed 3 Jun 2020 00:00:00",
		"dateICUOverCapacity":"Sun 6 Sep 2020 07:11:45",
		"dateHospitalsOverCapacity":"Sat 12 Sep 2020 14:39:56"
	}
}