{
	"distancingLevel":0.11,
	"id":"scenario3",
	"distancingDays":60,
	"maintain":false,
	"name":"Wuhan",
	"gradual":false,
	"events":{
		"herd":{
			"eventName":"herd",
			"day":3.6632352938060603e2,
			"thresholdCrossed":0.7000000000000004
		},
		"icu":{
			"eventName":"icu",
			"day":3.2932150556154016e2,
			"thresholdCrossed":1.54327839761863e-4
		},
		"hospital":{
			"eventName":"hospital",
			"day":3.468671911903067e2,
			"thresholdCrossed":1.829562888012852e-3
		}
	},
	"summary":{
		"totalProjectedDeaths":6.359009465646288e2,
		"totalProjectedPCRConfirmed":9.191359691895123e3,
		"totalProjectedInfected":8.398627041135282e4,
		"totalInfectedFraction":2.155566220229467e-2,
		"fatalityRate":7.571486904348489e-3,
		"fatalityRateSymptomatic":1.0816409863354984e-2,
		"fatalityRatePCR":6.918464382645823e-2,
		"fractionOfSymptomaticHospitalized":5.376157583043432e-2,
		"fractionOfSymptomaticHospitalizedOrICU":7.490922782371635e-2,
		"fractionOfPCRHospitalized":0.2604925398883196,
		"fractionOfPCRHospitalizedOrICU":0.3629598782300987,
		"fractionHospitalizedInICU":0.2823103722688042,
		"fractionOfDeathInICU":0.7305636850284293,
		"fractionDeathOfHospitalizedOrICU":0.17057759306720105,
		"fractionOfInfectionsPCRConfirmed":0.109438836215457,
		"fractionOfDeathsReported":0.7645376331290804,
		"fractionOfHospitalizationsReported":0.7575245747499592,
		"dateContained":"Sat 6 Jun 2020 12:54:18",
		"dateICUOverCapacity":"Tue 24 Nov 2020 07:42:58",
		"dateHospitalsOverCapacity":"Fri 11 Dec 2020 20:48:45"
	},
	"summaryAug1":{
		"totalProjectedDeaths":6.359009465646288e2,
		"totalProjectedPCRConfirmed":9.191359691895123e3,
		"totalProjectedInfected":8.398627041135282e4,
		"totalInfectedFraction":2.155566220229467e-2,
		"fatalityRate":7.571486904348489e-3,
		"fatalityRateSymptomatic":1.0816409863354984e-2,
		"fatalityRatePCR":6.918464382645823e-2,
		"fractionOfSymptomaticHospitalized":5.376157583043432e-2,
		"fractionOfSymptomaticHospitalizedOrICU":7.490922782371635e-2,
		"fractionOfPCRHospitalized":0.2604925398883196,
		"fractionOfPCRHospitalizedOrICU":0.3629598782300987,
		"fractionHospitalizedInICU":0.2823103722688042,
		"fractionOfDeathInICU":0.7305636850284293,
		"fractionDeathOfHospitalizedOrICU":0.17057759306720105,
		"fractionOfInfectionsPCRConfirmed":0.109438836215457,
		"fractionOfDeathsReported":0.7645376331290804,
		"fractionOfHospitalizationsReported":0.7575245747499592,
		"dateContained":"Sat 6 Jun 2020 12:54:18",
		"dateICUOverCapacity":"Tue 24 Nov 2020 07:42:58",
		"dateHospitalsOverCapacity":"Fri 11 Dec 2020 20:48:45"
	}
}