{
	"distancingLevel":0.11,
	"id":"scenario3",
	"distancingDays":60,
	"maintain":false,
	"name":"Wuhan",
	"gradual":false,
	"events":{
		"herd":{
			"eventName":"herd",
			"day":2.9670597737868906e2,
			"thresholdCrossed":0.7000000000000187
		},
		"icu":{
			"eventName":"icu",
			"day":2.7357691463872004e2,
			"thresholdCrossed":1.5432783976186397e-4
		},
		"hospital":{
			"eventName":"hospital",
			"day":2.840364998217292e2,
			"thresholdCrossed":1.8295628880128452e-3
		}
	},
	"summary":{
		"totalProjectedDeaths":1.291339315620648e3,
		"totalProjectedPCRConfirmed":1.8914675797304008e4,
		"totalProjectedInfected":1.665177532259668e5,
		"totalInfectedFraction":4.273794301906289e-2,
		"fatalityRate":7.75496480467331e-3,
		"fatalityRateSymptomatic":1.1078521149533302e-2,
		"fatalityRatePCR":6.82718186374999e-2,
		"fractionOfSymptomaticHospitalized":5.529750497188523e-2,
		"fractionOfSymptomaticHospitalizedOrICU":7.704933001009794e-2,
		"fractionOfPCRHospitalized":0.2616605828590661,
		"fractionOfPCRHospitalizedOrICU":0.3645873825517635,
		"fractionHospitalizedInICU":0.28231037226880434,
		"fractionOfDeathInICU":0.7285618346950946,
		"fractionDeathOfHospitalizedOrICU":0.1705775930672011,
		"fractionOfInfectionsPCRConfirmed":0.11358954484352514,
		"fractionOfDeathsReported":0.7690429822246566,
		"fractionOfHospitalizationsReported":0.7678441634046924,
		"dateContained":"Mon 8 Jun 2020 14:37:55",
		"dateICUOverCapacity":"Tue 29 Sep 2020 13:50:45",
		"dateHospitalsOverCapacity":"Sat 10 Oct 2020 00:52:33"
	},
	"summaryAug1":{
		"totalProjectedDeaths":1.291339315620648e3,
		"totalProjectedPCRConfirmed":1.8914675797304008e4,
		"totalProjectedInfected":1.665177532259668e5,
		"totalInfectedFraction":4.273794301906289e-2,
		"fatalityRate":7.75496480467331e-3,
		"fatalityRateSymptomatic":1.1078521149533302e-2,
		"fatalityRatePCR":6.82718186374999e-2,
		"fractionOfSymptomaticHospitalized":5.529750497188523e-2,
		"fractionOfSymptomaticHospitalizedOrICU":7.704933001009794e-2,
		"fractionOfPCRHospitalized":0.2616605828590661,
		"fractionOfPCRHospitalizedOrICU":0.3645873825517635,
		"fractionHospitalizedInICU":0.28231037226880434,
		"fractionOfDeathInICU":0.7285618346950946,
		"fractionDeathOfHospitalizedOrICU":0.1705775930672011,
		"fractionOfInfectionsPCRConfirmed":0.11358954484352514,
		"fractionOfDeathsReported":0.7690429822246566,
		"fractionOfHospitalizationsReported":0.7678441634046924,
		"dateContained":"Mon 8 Jun 2020 14:37:55",
		"dateICUOverCapacity":"Tue 29 Sep 2020 13:50:45",
		"dateHospitalsOverCapacity":"Sat 10 Oct 2020 00:52:33"
	}
}