{
	"distancingLevel":0.11,
	"id":"scenario3",
	"distancingDays":60,
	"maintain":false,
	"name":"Wuhan",
	"events":{
		"herd":{
			"eventName":"herd",
			"day":2.4436807126269392e2,
			"thresholdCrossed":0.6999999999999997
		},
		"icu":{
			"eventName":"icu",
			"day":2.2658611260988093e2,
			"thresholdCrossed":2.2046834251694737e-4
		},
		"hospital":{
			"eventName":"hospital",
			"day":2.313858275092299e2,
			"thresholdCrossed":1.829562887996029e-3
		}
	},
	"summary":{
		"totalProjectedDeaths":3.497715971219953e4,
		"totalProjectedPCRConfirmed":9.686806440687991e5,
		"totalProjectedInfected":3.251748251213096e6,
		"totalInfectedFraction":0.8345838733729156,
		"fatalityRate":1.0756416859500413e-2,
		"fatalityRateSymptomatic":1.5366309799286304e-2,
		"fatalityRatePCR":3.610804027763285e-2,
		"fractionOfSymptomaticHospitalized":7.225993834789056e-2,
		"fractionOfPCRHospitalized":0.2288874130083992,
		"fractionHospitalizedInICU":0.2831190952062858,
		"fractionDeathOfHospitalized":0.11309125409883256,
		"fractionOfInfectionsPCRConfirmed":0.2978953379024417,
		"dateContained":"Sun 7 Jun 2020 00:00:00",
		"dateICUOverCapacity":"Thu 13 Aug 2020 14:04:00",
		"dateHospitalsOverCapacity":"Tue 18 Aug 2020 09:15:35"
	},
	"summaryAug1":{
		"totalProjectedDeaths":1.5809906374710333e3,
		"totalProjectedPCRConfirmed":1.8841628778353e4,
		"totalProjectedInfected":1.7469368916070426e5,
		"totalInfectedFraction":4.483635401330773e-2,
		"fatalityRate":9.050072988135524e-3,
		"fatalityRateSymptomatic":1.2928675697336463e-2,
		"fatalityRatePCR":8.390944626227967e-2,
		"fractionOfSymptomaticHospitalized":6.286277708448564e-2,
		"fractionOfPCRHospitalized":0.23603849214122466,
		"fractionHospitalizedInICU":0.283119095206286,
		"fractionDeathOfHospitalized":0.25484436547430706,
		"fractionOfInfectionsPCRConfirmed":0.1078552343182827,
		"dateContained":"Sun 7 Jun 2020 00:00:00",
		"dateICUOverCapacity":"Thu 13 Aug 2020 14:04:00",
		"dateHospitalsOverCapacity":"Tue 18 Aug 2020 09:15:35"
	}
}