{
	"distancingLevel":0.11,
	"id":"scenario3",
	"distancingDays":60,
	"maintain":false,
	"name":"Wuhan",
	"gradual":false,
	"events":{
		"herd":{
			"eventName":"herd",
			"day":2.724022707997118e2,
			"thresholdCrossed":0.7000000000000008
		},
		"icu":{
			"eventName":"icu",
			"day":2.4925842348532728e2,
			"thresholdCrossed":2.2046834251694791e-4
		},
		"hospital":{
			"eventName":"hospital",
			"day":2.5572361540384756e2,
			"thresholdCrossed":1.8295628880128478e-3
		}
	},
	"summary":{
		"totalProjectedDeaths":3.1841062608091426e4,
		"totalProjectedPCRConfirmed":8.91151432856178e5,
		"totalProjectedInfected":2.9602691155345975e6,
		"totalInfectedFraction":0.7597737197974662,
		"fatalityRate":1.0756137825780485e-2,
		"fatalityRateSymptomatic":1.536591117968641e-2,
		"fatalityRatePCR":3.573024901731849e-2,
		"fractionOfSymptomaticHospitalized":7.225993831639756e-2,
		"fractionOfPCRHospitalized":0.22861256929962753,
		"fractionHospitalizedInICU":0.2831190952062857,
		"fractionDeathOfHospitalized":0.11204254132881453,
		"fractionOfInfectionsPCRConfirmed":0.3010373037301523,
		"dateContained":"Sat 30 May 2020 00:00:00",
		"dateICUOverCapacity":"Sat 5 Sep 2020 06:12:07",
		"dateHospitalsOverCapacity":"Fri 11 Sep 2020 17:22:00"
	},
	"summaryAug1":{
		"totalProjectedDeaths":9.322709276434508e2,
		"totalProjectedPCRConfirmed":8.943326035650254e3,
		"totalProjectedInfected":8.78400087735815e4,
		"totalInfectedFraction":2.2544751037235924e-2,
		"fatalityRate":1.061328363532493e-2,
		"fatalityRateSymptomatic":1.5161833764749898e-2,
		"fatalityRatePCR":0.10424208218812488,
		"fractionOfSymptomaticHospitalized":7.159660987103977e-2,
		"fractionOfPCRHospitalized":0.2608871397626465,
		"fractionHospitalizedInICU":0.2831190952062858,
		"fractionDeathOfHospitalized":0.2864424757180128,
		"fractionOfInfectionsPCRConfirmed":0.10181381081942721,
		"dateContained":"Sat 30 May 2020 00:00:00",
		"dateICUOverCapacity":"Sat 5 Sep 2020 06:12:07",
		"dateHospitalsOverCapacity":"Fri 11 Sep 2020 17:22:00"
	}
}