{
	"distancingLevel":0.11,
	"id":"scenario3",
	"distancingDays":60,
	"maintain":false,
	"name":"Wuhan",
	"gradual":false,
	"events":{
		"herd":{
			"eventName":"herd",
			"day":2.9416569933593905e2,
			"thresholdCrossed":0.7000000000000001
		},
		"icu":{
			"eventName":"icu",
			"day":2.710530043490204e2,
			"thresholdCrossed":1.5432783976186365e-4
		},
		"hospital":{
			"eventName":"hospital",
			"day":2.8109233366960734e2,
			"thresholdCrossed":1.8295628880078518e-3
		}
	},
	"summary":{
		"totalProjectedDeaths":7.954236048288127e2,
		"totalProjectedPCRConfirmed":1.0297995360678671e4,
		"totalProjectedInfected":1.040495074780564e5,
		"totalInfectedFraction":2.6705031959711117e-2,
		"fatalityRate":7.64466477649175e-3,
		"fatalityRateSymptomatic":1.09209496807025e-2,
		"fatalityRatePCR":7.724062567225626e-2,
		"fractionOfSymptomaticHospitalized":5.4695145803987925e-2,
		"fractionOfSymptomaticHospitalizedOrICU":7.621002685644705e-2,
		"fractionOfPCRHospitalized":0.2961802724218812,
		"fractionOfPCRHospitalizedOrICU":0.41268573625368443,
		"fractionHospitalizedInICU":0.28231037226880423,
		"fractionOfDeathInICU":0.7287736374711455,
		"fractionDeathOfHospitalizedOrICU":0.17057759306720102,
		"fractionOfInfectionsPCRConfirmed":9.897207214412307e-2,
		"fractionOfDeathsReported":0.768118641276215,
		"fractionOfHospitalizationsReported":0.765635332216973,
		"dateContained":"Fri 29 May 2020 04:00:12",
		"dateICUOverCapacity":"Sun 27 Sep 2020 01:16:19",
		"dateHospitalsOverCapacity":"Wed 7 Oct 2020 02:12:57"
	},
	"summaryAug1":{
		"totalProjectedDeaths":7.954236048288127e2,
		"totalProjectedPCRConfirmed":1.0297995360678671e4,
		"totalProjectedInfected":1.040495074780564e5,
		"totalInfectedFraction":2.6705031959711117e-2,
		"fatalityRate":7.64466477649175e-3,
		"fatalityRateSymptomatic":1.09209496807025e-2,
		"fatalityRatePCR":7.724062567225626e-2,
		"fractionOfSymptomaticHospitalized":5.4695145803987925e-2,
		"fractionOfSymptomaticHospitalizedOrICU":7.621002685644705e-2,
		"fractionOfPCRHospitalized":0.2961802724218812,
		"fractionOfPCRHospitalizedOrICU":0.41268573625368443,
		"fractionHospitalizedInICU":0.28231037226880423,
		"fractionOfDeathInICU":0.7287736374711455,
		"fractionDeathOfHospitalizedOrICU":0.17057759306720102,
		"fractionOfInfectionsPCRConfirmed":9.897207214412307e-2,
		"fractionOfDeathsReported":0.768118641276215,
		"fractionOfHospitalizationsReported":0.765635332216973,
		"dateContained":"Fri 29 May 2020 04:00:12",
		"dateICUOverCapacity":"Sun 27 Sep 2020 01:16:19",
		"dateHospitalsOverCapacity":"Wed 7 Oct 2020 02:12:57"
	}
}