{
	"distancingLevel":0.49714285714285716,
	"id":"scenario5",
	"distancingDays":614,
	"maintain":true,
	"name":"Current Indefinite",
	"gradual":false,
	"events":{
		"icu":{
			"eventName":"icu",
			"day":9.466866901117834e1,
			"thresholdCrossed":1.5913298120060818e-4
		},
		"hospital":{
			"eventName":"hospital",
			"day":1.1134584347478747e2,
			"thresholdCrossed":8.771942643502846e-4
		}
	},
	"summary":{
		"totalProjectedDeaths":1.3322175144911827e4,
		"totalProjectedPCRConfirmed":2.309043635417667e5,
		"totalProjectedInfected":9.828420233531737e5,
		"totalInfectedFraction":0.27343108605844124,
		"fatalityRate":1.3554747180488278e-2,
		"fatalityRateSymptomatic":1.936392454355469e-2,
		"fatalityRatePCR":5.769564048321707e-2,
		"fractionOfSymptomaticHospitalized":7.85867364960373e-2,
		"fractionOfSymptomaticHospitalizedOrICU":0.10980951365987948,
		"fractionOfPCRHospitalized":0.2323133026436275,
		"fractionOfPCRHospitalizedOrICU":0.32461216634569734,
		"fractionHospitalizedInICU":0.28433581138106684,
		"fractionOfDeathInICU":0.7159492969354987,
		"fractionDeathOfHospitalizedOrICU":0.16383081775575206,
		"fractionOfInfectionsPCRConfirmed":0.23493537929319255,
		"dateContained":"Thu 10 Dec 2020 00:00:00",
		"dateICUOverCapacity":"Fri 3 Apr 2020 16:02:53",
		"dateHospitalsOverCapacity":"Mon 20 Apr 2020 08:18:00"
	},
	"summaryAug1":{
		"totalProjectedDeaths":1.2098913524145246e4,
		"totalProjectedPCRConfirmed":2.121766284126265e5,
		"totalProjectedInfected":9.407035241041699e5,
		"totalInfectedFraction":0.26170796541366226,
		"fatalityRate":1.2861558625143895e-2,
		"fatalityRateSymptomatic":1.8373655178776996e-2,
		"fatalityRatePCR":5.70228380696865e-2,
		"fractionOfSymptomaticHospitalized":7.679823053438573e-2,
		"fractionOfSymptomaticHospitalizedOrICU":0.10731042820877847,
		"fractionOfPCRHospitalized":0.22965376566792073,
		"fractionOfPCRHospitalizedOrICU":0.3208959863020386,
		"fractionHospitalizedInICU":0.28433581138106684,
		"fractionOfDeathInICU":0.714528837687395,
		"fractionDeathOfHospitalizedOrICU":0.16383081775575206,
		"fractionOfInfectionsPCRConfirmed":0.22555100834206174,
		"dateContained":"Thu 10 Dec 2020 00:00:00",
		"dateICUOverCapacity":"Fri 3 Apr 2020 16:02:53",
		"dateHospitalsOverCapacity":"Mon 20 Apr 2020 08:18:00"
	}
}