{
	"distancingLevel":0.5371428571428571,
	"id":"scenario5",
	"distancingDays":602,
	"maintain":true,
	"name":"Current Indefinite",
	"gradual":false,
	"events":{},
	"summary":{
		"totalProjectedDeaths":1.3122556533456096e4,
		"totalProjectedPCRConfirmed":1.4605433224780645e5,
		"totalProjectedInfected":1.1576196116213154e6,
		"totalInfectedFraction":0.3220549998139689,
		"fatalityRate":1.1335810487071114e-2,
		"fatalityRateSymptomatic":1.6194014981530166e-2,
		"fatalityRatePCR":8.984708862446754e-2,
		"fractionOfSymptomaticHospitalized":6.382195593724825e-2,
		"fractionOfSymptomaticHospitalizedOrICU":8.907771355929267e-2,
		"fractionOfPCRHospitalized":0.2922662463228614,
		"fractionOfPCRHospitalizedOrICU":0.4079224553787626,
		"fractionHospitalizedInICU":0.28352498748447846,
		"fractionOfDeathInICU":0.7326202314920354,
		"fractionDeathOfHospitalizedOrICU":0.1708812468711196,
		"fractionOfInfectionsPCRConfirmed":0.12616781089536713,
		"fractionOfDeathsReported":0.826607553095856,
		"fractionOfHospitalizationsReported":0.825389766077587,
		"dateContained":"",
		"dateICUOverCapacity":"",
		"dateHospitalsOverCapacity":""
	},
	"summaryAug1":{
		"totalProjectedDeaths":1.208786179421877e4,
		"totalProjectedPCRConfirmed":1.371720589952449e5,
		"totalProjectedInfected":1.1200241420796202e6,
		"totalInfectedFraction":0.3115957705345867,
		"fatalityRate":1.079250110785511e-2,
		"fatalityRateSymptomatic":1.5417858725507301e-2,
		"fatalityRatePCR":8.812189510575033e-2,
		"fractionOfSymptomaticHospitalized":6.237032532383913e-2,
		"fractionOfSymptomaticHospitalizedOrICU":8.705164064948874e-2,
		"fractionOfPCRHospitalized":0.29420180530126394,
		"fractionOfPCRHospitalizedOrICU":0.4106239577962817,
		"fractionHospitalizedInICU":0.28352498748447846,
		"fractionOfDeathInICU":0.7307764262924674,
		"fractionDeathOfHospitalizedOrICU":0.1708812468711196,
		"fractionOfInfectionsPCRConfirmed":0.1224724127290228,
		"fractionOfDeathsReported":0.8265663423594138,
		"fractionOfHospitalizationsReported":0.825291852390122,
		"dateContained":"",
		"dateICUOverCapacity":"",
		"dateHospitalsOverCapacity":""
	}
}