{
	"distancingLevel":0.49714285714285716,
	"id":"scenario5",
	"distancingDays":615,
	"maintain":true,
	"name":"Current Indefinite",
	"gradual":false,
	"events":{
		"icu":{
			"eventName":"icu",
			"day":9.513918480290617e1,
			"thresholdCrossed":1.591329812006083e-4
		},
		"hospital":{
			"eventName":"hospital",
			"day":1.12144174111556e2,
			"thresholdCrossed":8.771942643502753e-4
		}
	},
	"summary":{
		"totalProjectedDeaths":1.4109061462020894e4,
		"totalProjectedPCRConfirmed":2.5103016825490346e5,
		"totalProjectedInfected":1.0408944695938041e6,
		"totalInfectedFraction":0.2895815385693845,
		"fatalityRate":1.3554747262252989e-2,
		"fatalityRateSymptomatic":1.9363924660361412e-2,
		"fatalityRatePCR":5.620464488433173e-2,
		"fractionOfSymptomaticHospitalized":7.858673669869298e-2,
		"fractionOfSymptomaticHospitalizedOrICU":0.10980951394305086,
		"fractionOfPCRHospitalized":0.23167241816609427,
		"fractionOfPCRHospitalizedOrICU":0.3237166562898287,
		"fractionHospitalizedInICU":0.28433581138106623,
		"fractionOfDeathInICU":0.7159458174430057,
		"fractionDeathOfHospitalizedOrICU":0.16383081775575187,
		"fractionOfInfectionsPCRConfirmed":0.24116774138771707,
		"dateContained":"Sun 13 Dec 2020 00:00:00",
		"dateICUOverCapacity":"Sat 4 Apr 2020 03:20:25",
		"dateHospitalsOverCapacity":"Tue 21 Apr 2020 03:27:36"
	},
	"summaryAug1":{
		"totalProjectedDeaths":1.2702374088224393e4,
		"totalProjectedPCRConfirmed":2.294907932522739e5,
		"totalProjectedInfected":9.924785614104819e5,
		"totalInfectedFraction":0.27611201443171496,
		"fatalityRate":1.2798638259925882e-2,
		"fatalityRateSymptomatic":1.8283768942751265e-2,
		"fatalityRatePCR":5.535025570398795e-2,
		"fractionOfSymptomaticHospitalized":7.663045185615008e-2,
		"fractionOfSymptomaticHospitalizedOrICU":0.10707599049217366,
		"fractionOfPCRHospitalized":0.22877273459095687,
		"fractionOfPCRHospitalizedOrICU":0.3196649185876347,
		"fractionHospitalizedInICU":0.28433581138106656,
		"fractionOfDeathInICU":0.7143956880725759,
		"fractionDeathOfHospitalizedOrICU":0.16383081775575195,
		"fractionOfInfectionsPCRConfirmed":0.23122997531163617,
		"dateContained":"Sun 13 Dec 2020 00:00:00",
		"dateICUOverCapacity":"Sat 4 Apr 2020 03:20:25",
		"dateHospitalsOverCapacity":"Tue 21 Apr 2020 03:27:36"
	}
}