{
	"distancingLevel":0.49714285714285716,
	"id":"scenario5",
	"distancingDays":613,
	"maintain":true,
	"name":"Current Indefinite",
	"gradual":false,
	"events":{
		"icu":{
			"eventName":"icu",
			"day":9.174703487115228e1,
			"thresholdCrossed":1.5913298120060818e-4
		},
		"hospital":{
			"eventName":"hospital",
			"day":1.0832457839324603e2,
			"thresholdCrossed":8.771942643503042e-4
		}
	},
	"summary":{
		"totalProjectedDeaths":9.502813080649843e3,
		"totalProjectedPCRConfirmed":1.330469715458823e5,
		"totalProjectedInfected":7.013227145766782e5,
		"totalInfectedFraction":0.19511114397603163,
		"fatalityRate":1.354984357862384e-2,
		"fatalityRateSymptomatic":1.9356919398034057e-2,
		"fatalityRatePCR":7.142449745556759e-2,
		"fractionOfSymptomaticHospitalized":7.857448165463568e-2,
		"fractionOfSymptomaticHospitalizedOrICU":0.10979238992839123,
		"fractionOfPCRHospitalized":0.23902886153678615,
		"fractionOfPCRHospitalizedOrICU":0.33399583958232804,
		"fractionHospitalizedInICU":0.28433581138106656,
		"fractionOfDeathInICU":0.8656485945278317,
		"fractionDeathOfHospitalizedOrICU":0.16383081775575195,
		"fractionOfInfectionsPCRConfirmed":0.18970863025046908,
		"fractionOfDeathsReported":0.8263788622186568,
		"fractionOfHospitalizationsReported":0.8244377447008943,
		"dateContained":"Sat 12 Dec 2020 18:10:57",
		"dateICUOverCapacity":"Tue 31 Mar 2020 17:55:43",
		"dateHospitalsOverCapacity":"Fri 17 Apr 2020 07:47:23"
	},
	"summaryAug1":{
		"totalProjectedDeaths":8.941935900616376e3,
		"totalProjectedPCRConfirmed":1.2580047343025461e5,
		"totalProjectedInfected":6.819460865445797e5,
		"totalInfectedFraction":0.18972047861875346,
		"fatalityRate":1.3112379522441662e-2,
		"fatalityRateSymptomatic":1.8731970746345233e-2,
		"fatalityRatePCR":7.108030404650185e-2,
		"fractionOfSymptomaticHospitalized":7.745611715809513e-2,
		"fractionOfSymptomaticHospitalizedOrICU":0.10822969542121083,
		"fractionOfPCRHospitalized":0.24228078330864847,
		"fractionOfPCRHospitalizedOrICU":0.33853976091243926,
		"fractionHospitalizedInICU":0.2843358113810666,
		"fractionOfDeathInICU":0.8645700071089722,
		"fractionDeathOfHospitalizedOrICU":0.163830817755752,
		"fractionOfInfectionsPCRConfirmed":0.18447275512304134,
		"fractionOfDeathsReported":0.8263343193370138,
		"fractionOfHospitalizationsReported":0.8243230443649593,
		"dateContained":"Sat 12 Dec 2020 18:10:57",
		"dateICUOverCapacity":"Tue 31 Mar 2020 17:55:43",
		"dateHospitalsOverCapacity":"Fri 17 Apr 2020 07:47:23"
	}
}