{
	"distancingLevel":0.5371428571428571,
	"id":"scenario5",
	"distancingDays":602,
	"maintain":true,
	"name":"Current Indefinite",
	"gradual":false,
	"events":{
		"icu":{
			"eventName":"icu",
			"day":8.82050509587664e1,
			"thresholdCrossed":1.1139308684041604e-4
		}
	},
	"summary":{
		"totalProjectedDeaths":8.785993850940198e3,
		"totalProjectedPCRConfirmed":8.953862435514777e4,
		"totalProjectedInfected":7.753170165674444e5,
		"totalInfectedFraction":0.21569669269569725,
		"fatalityRate":1.1332130809972888e-2,
		"fatalityRateSymptomatic":1.6188758299961272e-2,
		"fatalityRatePCR":9.812518244742358e-2,
		"fractionOfSymptomaticHospitalized":6.381215051277965e-2,
		"fractionOfSymptomaticHospitalizedOrICU":8.906402791178601e-2,
		"fractionOfPCRHospitalized":0.31867035165327007,
		"fractionOfPCRHospitalizedOrICU":0.4447752483850463,
		"fractionHospitalizedInICU":0.2835249874844785,
		"fractionOfDeathInICU":0.7326619845721888,
		"fractionDeathOfHospitalizedOrICU":0.1708812468711196,
		"fractionOfInfectionsPCRConfirmed":0.11548646868549524,
		"fractionOfDeathsReported":0.8261814534835967,
		"fractionOfHospitalizationsReported":0.823894000738728,
		"dateContained":"Mon 28 Dec 2020 09:56:23",
		"dateICUOverCapacity":"Sat 28 Mar 2020 04:55:16",
		"dateHospitalsOverCapacity":""
	},
	"summaryAug1":{
		"totalProjectedDeaths":8.179316526921319e3,
		"totalProjectedPCRConfirmed":8.387089286130025e4,
		"totalProjectedInfected":7.503047978656349e5,
		"totalInfectedFraction":0.20873818058300397,
		"fatalityRate":1.090132510173029e-2,
		"fatalityRateSymptomatic":1.5573321573900418e-2,
		"fatalityRatePCR":9.75227071976889e-2,
		"fractionOfSymptomaticHospitalized":6.263183963242426e-2,
		"fractionOfSymptomaticHospitalizedOrICU":8.741664194613825e-2,
		"fractionOfPCRHospitalized":0.3230740358366771,
		"fractionOfPCRHospitalizedOrICU":0.4509215676655272,
		"fractionHospitalizedInICU":0.28352498748447846,
		"fractionOfDeathInICU":0.7312654738349025,
		"fractionDeathOfHospitalizedOrICU":0.1708812468711196,
		"fractionOfInfectionsPCRConfirmed":0.11178242908733191,
		"fractionOfDeathsReported":0.8261141388898994,
		"fractionOfHospitalizationsReported":0.8237252743930354,
		"dateContained":"Mon 28 Dec 2020 09:56:23",
		"dateICUOverCapacity":"Sat 28 Mar 2020 04:55:16",
		"dateHospitalsOverCapacity":""
	}
}