{
	"distancingLevel":0.4162817209085715,
	"id":"scenario5",
	"distancingDays":621,
	"maintain":true,
	"name":"Current Indefinite",
	"events":{
		"herd":{
			"eventName":"herd",
			"day":1.571200714664023e2,
			"thresholdCrossed":0.7000000000000001
		},
		"icu":{
			"eventName":"icu",
			"day":9.562482691746631e1,
			"thresholdCrossed":1.5913298120060837e-4
		},
		"hospital":{
			"eventName":"hospital",
			"day":1.0248928531576564e2,
			"thresholdCrossed":8.771942643502752e-4
		}
	},
	"summary":{
		"totalProjectedDeaths":2.312709785296733e4,
		"totalProjectedPCRConfirmed":4.02326872348195e5,
		"totalProjectedInfected":1.7786112503988277e6,
		"totalInfectedFraction":0.4948176760015857,
		"fatalityRate":1.3002896415830842e-2,
		"fatalityRateSymptomatic":1.8575566308329777e-2,
		"fatalityRatePCR":5.7483353567673e-2,
		"fractionOfSymptomaticHospitalized":7.858673672383955e-2,
		"fractionOfPCRHospitalized":0.258656285638092,
		"fractionHospitalizedInICU":0.2843358113810664,
		"fractionDeathOfHospitalized":0.15904804899141206,
		"fractionOfInfectionsPCRConfirmed":0.22620281540329792,
		"dateContained":"Sun 11 Oct 2020 00:00:00",
		"dateICUOverCapacity":"Sat 4 Apr 2020 14:59:45",
		"dateHospitalsOverCapacity":"Sat 11 Apr 2020 11:44:34"
	},
	"summaryAug1":{
		"totalProjectedDeaths":2.2354918060529864e4,
		"totalProjectedPCRConfirmed":3.959569828212032e5,
		"totalProjectedInfected":1.7664981817443145e6,
		"totalInfectedFraction":0.4914477656406061,
		"fatalityRate":1.2654934090255152e-2,
		"fatalityRateSymptomatic":1.8078477271793073e-2,
		"fatalityRatePCR":5.645794626792669e-2,
		"fractionOfSymptomaticHospitalized":7.800031533562271e-2,
		"fractionOfPCRHospitalized":0.2575859032318233,
		"fractionHospitalizedInICU":0.28433581138106667,
		"fractionDeathOfHospitalized":0.15686002145297237,
		"fractionOfInfectionsPCRConfirmed":0.2241479707781067,
		"dateContained":"Sun 11 Oct 2020 00:00:00",
		"dateICUOverCapacity":"Sat 4 Apr 2020 14:59:45",
		"dateHospitalsOverCapacity":"Sat 11 Apr 2020 11:44:34"
	}
}