{
	"distancingLevel":0.49714285714285716,
	"id":"scenario5",
	"distancingDays":619,
	"maintain":true,
	"name":"Current Indefinite",
	"gradual":false,
	"events":{},
	"summary":{
		"totalProjectedDeaths":1.6534196208796395e4,
		"totalProjectedPCRConfirmed":3.038448396642767e5,
		"totalProjectedInfected":1.2716514151585526e6,
		"totalInfectedFraction":0.35377916213663085,
		"fatalityRate":1.3002145093932736e-2,
		"fatalityRateSymptomatic":1.857449299133248e-2,
		"fatalityRatePCR":5.4416577313161914e-2,
		"fractionOfSymptomaticHospitalized":7.858673674096969e-2,
		"fractionOfPCRHospitalized":0.25437571745729404,
		"fractionHospitalizedInICU":0.28433581138106695,
		"fractionDeathOfHospitalized":0.1530963569932007,
		"fractionOfInfectionsPCRConfirmed":0.2389372087683263,
		"dateContained":"Thu 3 Dec 2020 00:00:00",
		"dateICUOverCapacity":"",
		"dateHospitalsOverCapacity":""
	},
	"summaryAug1":{
		"totalProjectedDeaths":1.4905376192851081e4,
		"totalProjectedPCRConfirmed":2.8253888298398885e5,
		"totalProjectedInfected":1.2237465198831365e6,
		"totalInfectedFraction":0.34045180409593173,
		"fatalityRate":1.2180117328770416e-2,
		"fatalityRateSymptomatic":1.7400167612529167e-2,
		"fatalityRatePCR":5.2755132445596e-2,
		"fractionOfSymptomaticHospitalized":7.67751985951794e-2,
		"fractionOfPCRHospitalized":0.25149647883149595,
		"fractionHospitalizedInICU":0.2843358113810672,
		"fractionDeathOfHospitalized":0.1501212232973562,
		"fractionOfInfectionsPCRConfirmed":0.23088023409535033,
		"dateContained":"Thu 3 Dec 2020 00:00:00",
		"dateICUOverCapacity":"",
		"dateHospitalsOverCapacity":""
	}
}