{
	"distancingLevel":1,
	"id":"scenario4",
	"distancingDays":90,
	"maintain":false,
	"name":"Normal",
	"gradual":false,
	"events":{
		"herd":{
			"eventName":"herd",
			"day":1.7447337286090337e2,
			"thresholdCrossed":0.7000000000000203
		},
		"icu":{
			"eventName":"icu",
			"day":1.4965862356044414e2,
			"thresholdCrossed":7.732503409985976e-5
		},
		"hospital":{
			"eventName":"hospital",
			"day":1.5567086835061883e2,
			"thresholdCrossed":7.005190594202064e-4
		}
	},
	"summary":{
		"totalProjectedDeaths":5.709532453814858e3,
		"totalProjectedPCRConfirmed":1.4177920082838874e5,
		"totalProjectedInfected":4.570306849731917e5,
		"totalInfectedFraction":0.7316752236073356,
		"fatalityRate":1.2492667651297343e-2,
		"fatalityRateSymptomatic":1.7846668073281922e-2,
		"fatalityRatePCR":4.027059272767199e-2,
		"fractionOfSymptomaticHospitalized":6.69337955298848e-2,
		"fractionOfSymptomaticHospitalizedOrICU":9.473300743871305e-2,
		"fractionOfPCRHospitalized":0.1286237527618052,
		"fractionOfPCRHospitalizedOrICU":0.1820442846654187,
		"fractionHospitalizedInICU":0.2934480036096478,
		"fractionOfDeathInICU":0.733683695755685,
		"fractionDeathOfHospitalizedOrICU":0.17336200090241194,
		"fractionOfInfectionsPCRConfirmed":0.3102181220867154,
		"fractionOfDeathsReported":0.8517528460047896,
		"fractionOfHospitalizationsReported":0.8516180315965646,
		"dateContained":"",
		"dateICUOverCapacity":"Thu 28 May 2020 15:48:25",
		"dateHospitalsOverCapacity":"Wed 3 Jun 2020 16:06:03"
	},
	"summaryAug1":{
		"totalProjectedDeaths":5.207533816633692e3,
		"totalProjectedPCRConfirmed":1.3998113201160965e5,
		"totalProjectedInfected":4.5468004913845565e5,
		"totalInfectedFraction":0.7279120145788197,
		"fatalityRate":1.145318301627951e-2,
		"fatalityRateSymptomatic":1.6361690023256444e-2,
		"fatalityRatePCR":3.7201683839803455e-2,
		"fractionOfSymptomaticHospitalized":6.518920886622956e-2,
		"fractionOfSymptomaticHospitalizedOrICU":9.226385205797957e-2,
		"fractionOfPCRHospitalized":0.12622690197218797,
		"fractionOfPCRHospitalizedOrICU":0.17865196421078508,
		"fractionHospitalizedInICU":0.29344800360964785,
		"fractionOfDeathInICU":0.7290278780894536,
		"fractionDeathOfHospitalizedOrICU":0.17336200090241194,
		"fractionOfInfectionsPCRConfirmed":0.3078673284144554,
		"fractionOfDeathsReported":0.8517477318586487,
		"fractionOfHospitalizationsReported":0.8516120066952279,
		"dateContained":"",
		"dateICUOverCapacity":"Thu 28 May 2020 15:48:25",
		"dateHospitalsOverCapacity":"Wed 3 Jun 2020 16:06:03"
	}
}