{
	"distancingLevel":1,
	"id":"scenario4",
	"distancingDays":90,
	"maintain":false,
	"name":"Normal",
	"events":{
		"herd":{
			"eventName":"herd",
			"day":1.4846629581439922e2,
			"thresholdCrossed":0.6999999999999909
		},
		"icu":{
			"eventName":"icu",
			"day":1.193908941660547e2,
			"thresholdCrossed":1.1046433442837111e-4
		},
		"hospital":{
			"eventName":"hospital",
			"day":1.260065829586025e2,
			"thresholdCrossed":7.005190594202061e-4
		}
	},
	"summary":{
		"totalProjectedDeaths":7.263563594922409e3,
		"totalProjectedPCRConfirmed":1.4905687376330164e5,
		"totalProjectedInfected":5.012015392848547e5,
		"totalInfectedFraction":0.8023897746605299,
		"fatalityRate":1.4492301051761552e-2,
		"fatalityRateSymptomatic":2.0703287216802216e-2,
		"fatalityRatePCR":4.873014851000267e-2,
		"fractionOfSymptomaticHospitalized":8.241847957032043e-2,
		"fractionOfPCRHospitalized":0.26035778939768794,
		"fractionHospitalizedInICU":0.29427554978752357,
		"fractionDeathOfHospitalized":0.13208768343575183,
		"fractionOfInfectionsPCRConfirmed":0.2973990741847784,
		"dateContained":"Sat 29 Aug 2020 00:00:00",
		"dateICUOverCapacity":"Tue 28 Apr 2020 09:22:53",
		"dateHospitalsOverCapacity":"Tue 5 May 2020 00:09:28"
	},
	"summaryAug1":{
		"totalProjectedDeaths":7.1625477157247515e3,
		"totalProjectedPCRConfirmed":1.488804771084966e5,
		"totalProjectedInfected":5.010362549072533e5,
		"totalInfectedFraction":0.8021251655480205,
		"fatalityRate":1.4295467933853626e-2,
		"fatalityRateSymptomatic":2.0422097048362325e-2,
		"fatalityRatePCR":4.8109381799636815e-2,
		"fractionOfSymptomaticHospitalized":8.229718275373768e-2,
		"fractionOfPCRHospitalized":0.26012999609074244,
		"fractionHospitalizedInICU":0.2942755497875234,
		"fractionDeathOfHospitalized":0.13051923088780268,
		"fractionOfInfectionsPCRConfirmed":0.29714511804351523,
		"dateContained":"Sat 29 Aug 2020 00:00:00",
		"dateICUOverCapacity":"Tue 28 Apr 2020 09:22:53",
		"dateHospitalsOverCapacity":"Tue 5 May 2020 00:09:28"
	}
}