{
	"distancingLevel":1,
	"id":"scenario4",
	"distancingDays":90,
	"maintain":false,
	"name":"Normal",
	"gradual":false,
	"events":{
		"herd":{
			"eventName":"herd",
			"day":2.459218865169427e2,
			"thresholdCrossed":0.700000000000804
		},
		"icu":{
			"eventName":"icu",
			"day":2.0000680096291293e2,
			"thresholdCrossed":7.732503409985976e-5
		},
		"hospital":{
			"eventName":"hospital",
			"day":2.1200879058183904e2,
			"thresholdCrossed":7.005190594202067e-4
		}
	},
	"summary":{
		"totalProjectedDeaths":4.511066342476503e3,
		"totalProjectedPCRConfirmed":6.74798824401879e4,
		"totalProjectedInfected":3.6109712255215785e5,
		"totalInfectedFraction":0.5780920769090444,
		"fatalityRate":1.2492667652938477e-2,
		"fatalityRateSymptomatic":1.7846668075626397e-2,
		"fatalityRatePCR":6.68505364761857e-2,
		"fractionOfSymptomaticHospitalized":6.693379553271973e-2,
		"fractionOfSymptomaticHospitalizedOrICU":9.473300744272542e-2,
		"fractionOfPCRHospitalized":0.2134198718439475,
		"fractionOfPCRHospitalizedOrICU":0.30205826738056285,
		"fractionHospitalizedInICU":0.2934480036096479,
		"fractionOfDeathInICU":0.7336965907805821,
		"fractionDeathOfHospitalizedOrICU":0.17336200090241197,
		"fractionOfInfectionsPCRConfirmed":0.1868746058214322,
		"fractionOfDeathsReported":0.8516008568191084,
		"fractionOfHospitalizationsReported":0.8512196717853857,
		"dateContained":"",
		"dateICUOverCapacity":"Sat 18 Jul 2020 00:09:47",
		"dateHospitalsOverCapacity":"Thu 30 Jul 2020 00:12:39"
	},
	"summaryAug1":{
		"totalProjectedDeaths":2.369239642625244e2,
		"totalProjectedPCRConfirmed":8.332471730558478e3,
		"totalProjectedInfected":6.880831069526753e4,
		"totalInfectedFraction":0.1101574528129463,
		"fatalityRate":3.443246344352115e-3,
		"fatalityRateSymptomatic":4.918923349074449e-3,
		"fatalityRatePCR":2.8433815550028243e-2,
		"fractionOfSymptomaticHospitalized":3.0705195427291044e-2,
		"fractionOfSymptomaticHospitalizedOrICU":4.3457800111185586e-2,
		"fractionOfPCRHospitalized":0.1499977882100025,
		"fractionOfPCRHospitalizedOrICU":0.21229547008049574,
		"fractionHospitalizedInICU":0.2934480036096478,
		"fractionOfDeathInICU":0.7022156308409928,
		"fractionDeathOfHospitalizedOrICU":0.17336200090241194,
		"fractionOfInfectionsPCRConfirmed":0.12109687981529776,
		"fractionOfDeathsReported":0.8479018822926304,
		"fractionOfHospitalizationsReported":0.8450996125599647,
		"dateContained":"",
		"dateICUOverCapacity":"Sat 18 Jul 2020 00:09:47",
		"dateHospitalsOverCapacity":"Thu 30 Jul 2020 00:12:39"
	}
}