{
	"distancingLevel":0.4561904761904762,
	"id":"scenario6",
	"distancingDays":4,
	"maintain":true,
	"postDistancingLevel":1,
	"name":"Open May 1",
	"gradual":false,
	"events":{
		"herd":{
			"eventName":"herd",
			"day":1.8341896641646693e2,
			"thresholdCrossed":0.7000000000000003
		},
		"icu":{
			"eventName":"icu",
			"day":1.5094454904261895e2,
			"thresholdCrossed":1.1046433442837089e-4
		},
		"hospital":{
			"eventName":"hospital",
			"day":1.5571903248397507e2,
			"thresholdCrossed":7.005190594202046e-4
		}
	},
	"summary":{
		"totalProjectedDeaths":5.974599783637939e3,
		"totalProjectedPCRConfirmed":1.2401085120576766e5,
		"totalProjectedInfected":3.874282390193024e5,
		"totalInfectedFraction":0.6202464139423639,
		"fatalityRate":1.5421177864477435e-2,
		"fatalityRateSymptomatic":2.2030254092110624e-2,
		"fatalityRatePCR":4.8178040272656916e-2,
		"fractionOfSymptomaticHospitalized":8.241847956789837e-2,
		"fractionOfSymptomaticHospitalizedOrICU":0.11678563714645879,
		"fractionOfPCRHospitalized":0.1534681601325139,
		"fractionOfPCRHospitalizedOrICU":0.21746187210363555,
		"fractionHospitalizedInICU":0.2942755497875238,
		"fractionOfDeathInICU":0.7347900704374076,
		"fractionDeathOfHospitalizedOrICU":0.17356888744688095,
		"fractionOfInfectionsPCRConfirmed":0.32008727995583514,
		"fractionOfDeathsReported":0.8516948671781563,
		"fractionOfHospitalizationsReported":0.8514596344028129,
		"dateContained":"",
		"dateICUOverCapacity":"Fri 29 May 2020 22:40:09",
		"dateHospitalsOverCapacity":"Wed 3 Jun 2020 17:15:24"
	},
	"summaryAug1":{
		"totalProjectedDeaths":5.032757525387919e3,
		"totalProjectedPCRConfirmed":1.1940908470638115e5,
		"totalProjectedInfected":3.80140507120739e5,
		"totalInfectedFraction":0.6085792479471869,
		"fatalityRate":1.3239203481646932e-2,
		"fatalityRateSymptomatic":1.891314783092419e-2,
		"fatalityRatePCR":4.2147191210477226e-2,
		"fractionOfSymptomaticHospitalized":7.818682497364955e-2,
		"fractionOfSymptomaticHospitalizedOrICU":0.11078945181807064,
		"fractionOfPCRHospitalized":0.14835060907291703,
		"fractionOfPCRHospitalizedOrICU":0.21021038597749064,
		"fractionHospitalizedInICU":0.29427554978752346,
		"fractionOfDeathInICU":0.724517101395791,
		"fractionDeathOfHospitalizedOrICU":0.17356888744688087,
		"fractionOfInfectionsPCRConfirmed":0.3141182864483706,
		"fractionOfDeathsReported":0.8516740885828459,
		"fractionOfHospitalizationsReported":0.8514338962435123,
		"dateContained":"",
		"dateICUOverCapacity":"Fri 29 May 2020 22:40:09",
		"dateHospitalsOverCapacity":"Wed 3 Jun 2020 17:15:24"
	}
}