{
	"distancingLevel":0.4561904761904762,
	"id":"scenario6",
	"distancingDays":4,
	"maintain":true,
	"postDistancingLevel":1,
	"name":"Open May 1",
	"gradual":false,
	"events":{
		"herd":{
			"eventName":"herd",
			"day":1.8142701967268647e2,
			"thresholdCrossed":0.7000000000000026
		},
		"icu":{
			"eventName":"icu",
			"day":1.48210937055109e2,
			"thresholdCrossed":7.732503409985084e-5
		},
		"hospital":{
			"eventName":"hospital",
			"day":1.5616199002769295e2,
			"thresholdCrossed":7.005190594202056e-4
		}
	},
	"summary":{
		"totalProjectedDeaths":4.882089761335774e3,
		"totalProjectedPCRConfirmed":1.2137217681237229e5,
		"totalProjectedInfected":3.9079641737389076e5,
		"totalInfectedFraction":0.625638639742011,
		"fatalityRate":1.2492667650698756e-2,
		"fatalityRateSymptomatic":1.7846668072426793e-2,
		"fatalityRatePCR":4.022412623350189e-2,
		"fractionOfSymptomaticHospitalized":6.693379552904294e-2,
		"fractionOfSymptomaticHospitalizedOrICU":9.473300743752157e-2,
		"fractionOfPCRHospitalized":0.12844343367228903,
		"fractionOfPCRHospitalizedOrICU":0.18178907472979147,
		"fractionHospitalizedInICU":0.29344800360964796,
		"fractionOfDeathInICU":0.7336904793557495,
		"fractionDeathOfHospitalizedOrICU":0.17336200090241197,
		"fractionOfInfectionsPCRConfirmed":0.31057648283466893,
		"fractionOfDeathsReported":0.8516681445924243,
		"fractionOfHospitalizationsReported":0.8514065398043412,
		"dateContained":"",
		"dateICUOverCapacity":"Wed 27 May 2020 05:03:44",
		"dateHospitalsOverCapacity":"Thu 4 Jun 2020 03:53:15"
	},
	"summaryAug1":{
		"totalProjectedDeaths":4.21085250259058e3,
		"totalProjectedPCRConfirmed":1.1759419509711023e5,
		"totalProjectedInfected":3.845013159644664e5,
		"totalInfectedFraction":0.6155606080412696,
		"fatalityRate":1.0951464475559102e-2,
		"fatalityRateSymptomatic":1.5644949250798717e-2,
		"fatalityRatePCR":3.580833644988363e-2,
		"fractionOfSymptomaticHospitalized":6.38466041399314e-2,
		"fractionOfSymptomaticHospitalizedOrICU":9.03636313620403e-2,
		"fractionOfPCRHospitalized":0.12441462214117077,
		"fractionOfPCRHospitalizedOrICU":0.1760870010654316,
		"fractionHospitalizedInICU":0.29344800360964785,
		"fractionOfDeathInICU":0.7275006722822968,
		"fractionDeathOfHospitalizedOrICU":0.17336200090241194,
		"fractionOfInfectionsPCRConfirmed":0.3058356115170687,
		"fractionOfDeathsReported":0.8516461857849161,
		"fractionOfHospitalizationsReported":0.851380375036204,
		"dateContained":"",
		"dateICUOverCapacity":"Wed 27 May 2020 05:03:44",
		"dateHospitalsOverCapacity":"Thu 4 Jun 2020 03:53:15"
	}
}