{
	"distancingLevel":0.5738095238095237,
	"id":"scenario6",
	"distancingDays":10,
	"maintain":true,
	"name":"Open May 10",
	"gradual":false,
	"events":{},
	"summary":{
		"totalProjectedDeaths":4.666621102743568e3,
		"totalProjectedPCRConfirmed":6.980012837556061e4,
		"totalProjectedInfected":3.735488074211322e5,
		"totalInfectedFraction":0.598026382438944,
		"fatalityRate":1.2492667651546009e-2,
		"fatalityRateSymptomatic":1.784666807363716e-2,
		"fatalityRatePCR":6.685691289326498e-2,
		"fractionOfSymptomaticHospitalized":6.693379553029534e-2,
		"fractionOfSymptomaticHospitalizedOrICU":9.47330074392941e-2,
		"fractionOfPCRHospitalized":0.21348545952865638,
		"fractionOfPCRHospitalizedOrICU":0.3021510952050458,
		"fractionHospitalizedInICU":0.2934480036096478,
		"fractionOfDeathInICU":0.7336908011602503,
		"fractionDeathOfHospitalizedOrICU":0.17336200090241194,
		"fractionOfInfectionsPCRConfirmed":0.18685678280554432,
		"fractionOfDeathsReported":0.8516702092581276,
		"fractionOfHospitalizationsReported":0.851400057266449,
		"dateContained":"",
		"dateICUOverCapacity":"",
		"dateHospitalsOverCapacity":""
	},
	"summaryAug1":{
		"totalProjectedDeaths":5.702925506908326e2,
		"totalProjectedPCRConfirmed":2.093155412239921e4,
		"totalProjectedInfected":1.5989560321186174e5,
		"totalInfectedFraction":0.2559820490843655,
		"fatalityRate":3.566655613007662e-3,
		"fatalityRateSymptomatic":5.09522230429666e-3,
		"fatalityRatePCR":2.724559043040922e-2,
		"fractionOfSymptomaticHospitalized":3.3208609874400614e-2,
		"fractionOfSymptomaticHospitalizedOrICU":4.7000942668136904e-2,
		"fractionOfPCRHospitalized":0.15092076702155788,
		"fractionOfPCRHospitalizedOrICU":0.21360178414693484,
		"fractionHospitalizedInICU":0.29344800360964773,
		"fractionOfDeathInICU":0.6971906919905382,
		"fractionDeathOfHospitalizedOrICU":0.17336200090241194,
		"fractionOfInfectionsPCRConfirmed":0.13090762786431903,
		"fractionOfDeathsReported":0.8506955758814154,
		"fractionOfHospitalizationsReported":0.8498948951998586,
		"dateContained":"",
		"dateICUOverCapacity":"",
		"dateHospitalsOverCapacity":""
	}
}