{
	"distancingLevel":0.5676190476190476,
	"id":"scenario6",
	"distancingDays":14,
	"maintain":true,
	"name":"Open May 30",
	"gradual":false,
	"events":{
		"herd":{
			"eventName":"herd",
			"day":2.4109587766970873e2,
			"thresholdCrossed":0.7000000000001697
		},
		"icu":{
			"eventName":"icu",
			"day":1.980397074785446e2,
			"thresholdCrossed":7.73250340998597e-5
		},
		"hospital":{
			"eventName":"hospital",
			"day":2.0933503161608814e2,
			"thresholdCrossed":7.005190594202053e-4
		}
	},
	"summary":{
		"totalProjectedDeaths":4.665787977329327e3,
		"totalProjectedPCRConfirmed":6.979366456569968e4,
		"totalProjectedInfected":3.7348211854658386e5,
		"totalInfectedFraction":0.5979196180600924,
		"fatalityRate":1.249266764225921e-2,
		"fatalityRateSymptomatic":1.7846668060370302e-2,
		"fatalityRatePCR":6.685116774370295e-2,
		"fractionOfSymptomaticHospitalized":6.693379551488444e-2,
		"fractionOfSymptomaticHospitalizedOrICU":9.47330074174827e-2,
		"fractionOfPCRHospitalized":0.21346723094876816,
		"fractionOfPCRHospitalizedOrICU":0.3021252958583856,
		"fractionHospitalizedInICU":0.29344800360964773,
		"fractionOfDeathInICU":0.7336907857970241,
		"fractionDeathOfHospitalizedOrICU":0.17336200090241194,
		"fractionOfInfectionsPCRConfirmed":0.1868728410273126,
		"fractionOfDeathsReported":0.8516703587980059,
		"fractionOfHospitalizationsReported":0.8514005221079971,
		"dateContained":"",
		"dateICUOverCapacity":"Thu 16 Jul 2020 00:57:10",
		"dateHospitalsOverCapacity":"Mon 27 Jul 2020 08:02:26"
	},
	"summaryAug1":{
		"totalProjectedDeaths":2.904102550061161e2,
		"totalProjectedPCRConfirmed":1.0662565323447947e4,
		"totalProjectedInfected":8.798341718274915e4,
		"totalInfectedFraction":0.14085550173661004,
		"fatalityRate":3.3007385289765337e-3,
		"fatalityRateSymptomatic":4.715340755680762e-3,
		"fatalityRatePCR":2.72364338408767e-2,
		"fractionOfSymptomaticHospitalized":3.01625083447437e-2,
		"fractionOfSymptomaticHospitalizedOrICU":4.268972205702985e-2,
		"fractionOfPCRHospitalized":0.1477385930856236,
		"fractionOfPCRHospitalizedOrICU":0.20909797699305033,
		"fractionHospitalizedInICU":0.2934480036096478,
		"fractionOfDeathInICU":0.7002480235013252,
		"fractionDeathOfHospitalizedOrICU":0.17336200090241194,
		"fractionOfInfectionsPCRConfirmed":0.12118835190614248,
		"fractionOfDeathsReported":0.8496282968710438,
		"fractionOfHospitalizationsReported":0.8479872905387874,
		"dateContained":"",
		"dateICUOverCapacity":"Thu 16 Jul 2020 00:57:10",
		"dateHospitalsOverCapacity":"Mon 27 Jul 2020 08:02:26"
	}
}