{
	"distancingLevel":0.5738095238095237,
	"id":"scenario6",
	"distancingDays":14,
	"maintain":true,
	"name":"Open May 28",
	"gradual":false,
	"events":{},
	"summary":{
		"totalProjectedDeaths":4.666119232780764e3,
		"totalProjectedPCRConfirmed":6.97956531912608e4,
		"totalProjectedInfected":3.735086341879067e5,
		"totalInfectedFraction":0.5979620678089427,
		"fatalityRate":1.2492667653924455e-2,
		"fatalityRateSymptomatic":1.7846668077034937e-2,
		"fatalityRatePCR":6.685400908842005e-2,
		"fractionOfSymptomaticHospitalized":6.693379553424139e-2,
		"fractionOfSymptomaticHospitalizedOrICU":9.473300744487906e-2,
		"fractionOfPCRHospitalized":0.21347617621455253,
		"fractionOfPCRHospitalizedOrICU":0.3021379563077651,
		"fractionHospitalizedInICU":0.29344800360964785,
		"fractionOfDeathInICU":0.7336908026118711,
		"fractionDeathOfHospitalizedOrICU":0.17336200090241194,
		"fractionOfInfectionsPCRConfirmed":0.18686489896816585,
		"fractionOfDeathsReported":0.8516701946639481,
		"fractionOfHospitalizationsReported":0.8514000136157045,
		"dateContained":"",
		"dateICUOverCapacity":"",
		"dateHospitalsOverCapacity":""
	},
	"summaryAug1":{
		"totalProjectedDeaths":3.9183032270147316e2,
		"totalProjectedPCRConfirmed":1.4713001425358541e4,
		"totalProjectedInfected":1.1792126400968696e5,
		"totalInfectedFraction":0.18878397019974347,
		"fatalityRate":3.322813115955789e-3,
		"fatalityRateSymptomatic":4.7468758799368415e-3,
		"fatalityRatePCR":2.6631569682725335e-2,
		"fractionOfSymptomaticHospitalized":3.102263625375772e-2,
		"fractionOfSymptomaticHospitalizedOrICU":4.390708173247946e-2,
		"fractionOfPCRHospitalized":0.14777184313829042,
		"fractionOfPCRHospitalizedOrICU":0.20914503659069728,
		"fractionHospitalizedInICU":0.29344800360964796,
		"fractionOfDeathInICU":0.6978978707110501,
		"fractionDeathOfHospitalizedOrICU":0.17336200090241197,
		"fractionOfInfectionsPCRConfirmed":0.12476970586195466,
		"fractionOfDeathsReported":0.8501898708126664,
		"fractionOfHospitalizationsReported":0.849032081524945,
		"dateContained":"",
		"dateICUOverCapacity":"",
		"dateHospitalsOverCapacity":""
	}
}