{
	"distancingLevel":0.5261904761904761,
	"id":"scenario6",
	"distancingDays":4,
	"maintain":true,
	"name":"Open May 1",
	"gradual":false,
	"events":{
		"herd":{
			"eventName":"herd",
			"day":1.8678878474377245e2,
			"thresholdCrossed":0.6999999999999997
		},
		"icu":{
			"eventName":"icu",
			"day":1.6034753073702257e2,
			"thresholdCrossed":7.732503409985848e-5
		},
		"hospital":{
			"eventName":"hospital",
			"day":1.6662307858501487e2,
			"thresholdCrossed":7.005190594201358e-4
		}
	},
	"summary":{
		"totalProjectedDeaths":5.503293711515667e3,
		"totalProjectedPCRConfirmed":8.206055958952855e4,
		"totalProjectedInfected":4.405219017368879e5,
		"totalInfectedFraction":0.7052457779200814,
		"fatalityRate":1.2492667651295666e-2,
		"fatalityRateSymptomatic":1.784666807327952e-2,
		"fatalityRatePCR":6.706380920436622e-2,
		"fractionOfSymptomaticHospitalized":6.693379552988293e-2,
		"fractionOfSymptomaticHospitalizedOrICU":9.473300743871044e-2,
		"fractionOfPCRHospitalized":0.21418825801897626,
		"fractionOfPCRHospitalizedOrICU":0.30314578277780796,
		"fractionHospitalizedInICU":0.2934480036096479,
		"fractionOfDeathInICU":0.7336853602600483,
		"fractionDeathOfHospitalizedOrICU":0.17336200090241197,
		"fractionOfInfectionsPCRConfirmed":0.18628031720098484,
		"fractionOfDeathsReported":0.8517347720204104,
		"fractionOfHospitalizationsReported":0.8515676109214546,
		"dateContained":"",
		"dateICUOverCapacity":"Mon 8 Jun 2020 08:20:26",
		"dateHospitalsOverCapacity":"Sun 14 Jun 2020 14:57:13"
	},
	"summaryAug1":{
		"totalProjectedDeaths":4.374161763252759e3,
		"totalProjectedPCRConfirmed":7.812461038182164e4,
		"totalProjectedInfected":4.3223339983853966e5,
		"totalInfectedFraction":0.6919764468242939,
		"fatalityRate":1.0119906894947782e-2,
		"fatalityRateSymptomatic":1.4457009849925406e-2,
		"fatalityRatePCR":5.5989549795829215e-2,
		"fractionOfSymptomaticHospitalized":6.21209076216265e-2,
		"fractionOfSymptomaticHospitalizedOrICU":8.792121165744507e-2,
		"fractionOfPCRHospitalized":0.20486770358908263,
		"fractionOfPCRHospitalizedOrICU":0.2899541783700493,
		"fractionHospitalizedInICU":0.29344800360964785,
		"fractionOfDeathInICU":0.7237625949119629,
		"fractionDeathOfHospitalizedOrICU":0.17336200090241194,
		"fractionOfInfectionsPCRConfirmed":0.18074635234344458,
		"fractionOfDeathsReported":0.8517164117597618,
		"fractionOfHospitalizationsReported":0.8515442259391024,
		"dateContained":"",
		"dateICUOverCapacity":"Mon 8 Jun 2020 08:20:26",
		"dateHospitalsOverCapacity":"Sun 14 Jun 2020 14:57:13"
	}
}