{
	"distancingLevel":0.5076190476190475,
	"id":"scenario6",
	"distancingDays":6,
	"maintain":true,
	"postDistancingLevel":1,
	"name":"Open May 1",
	"gradual":false,
	"events":{
		"herd":{
			"eventName":"herd",
			"day":1.841257457983722e2,
			"thresholdCrossed":0.7000000000000047
		},
		"icu":{
			"eventName":"icu",
			"day":1.604146102715244e2,
			"thresholdCrossed":7.73250340998335e-5
		},
		"hospital":{
			"eventName":"hospital",
			"day":1.6637659098215286e2,
			"thresholdCrossed":7.005190594202064e-4
		}
	},
	"summary":{
		"totalProjectedDeaths":6.203073705512403e3,
		"totalProjectedPCRConfirmed":9.250985560173895e4,
		"totalProjectedInfected":4.965371591278509e5,
		"totalInfectedFraction":0.7949224174204671,
		"fatalityRate":1.2492667651315103e-2,
		"fatalityRateSymptomatic":1.784666807330729e-2,
		"fatalityRatePCR":6.705311196481643e-2,
		"fractionOfSymptomaticHospitalized":6.693379552989792e-2,
		"fractionOfSymptomaticHospitalizedOrICU":9.473300743873168e-2,
		"fractionOfPCRHospitalized":0.21416272500626168,
		"fractionOfPCRHospitalizedOrICU":0.3031096452920388,
		"fractionHospitalizedInICU":0.29344800360964823,
		"fractionOfDeathInICU":0.7336842207431921,
		"fractionDeathOfHospitalizedOrICU":0.17336200090241202,
		"fractionOfInfectionsPCRConfirmed":0.18631003521313305,
		"fractionOfDeathsReported":0.8517458732438588,
		"fractionOfHospitalizationsReported":0.8516019346616774,
		"dateContained":"",
		"dateICUOverCapacity":"Mon 8 Jun 2020 09:57:02",
		"dateHospitalsOverCapacity":"Sun 14 Jun 2020 09:02:17"
	},
	"summaryAug1":{
		"totalProjectedDeaths":5.075562501190406e3,
		"totalProjectedPCRConfirmed":8.928195952275358e4,
		"totalProjectedInfected":4.90965826812916e5,
		"totalInfectedFraction":0.7860030911009228,
		"fatalityRate":1.0337914013564256e-2,
		"fatalityRateSymptomatic":1.4768448590806081e-2,
		"fatalityRatePCR":5.6848690690944066e-2,
		"fractionOfSymptomaticHospitalized":6.288228199934276e-2,
		"fractionOfSymptomaticHospitalizedOrICU":8.899880308964819e-2,
		"fractionOfPCRHospitalized":0.2061306468881757,
		"fractionOfPCRHospitalizedOrICU":0.2917416523359361,
		"fractionHospitalizedInICU":0.29344800360964796,
		"fractionOfDeathInICU":0.7242788354755845,
		"fractionDeathOfHospitalizedOrICU":0.17336200090241197,
		"fractionOfInfectionsPCRConfirmed":0.1818496413535004,
		"fractionOfDeathsReported":0.851732539013593,
		"fractionOfHospitalizationsReported":0.8515863296294216,
		"dateContained":"",
		"dateICUOverCapacity":"Mon 8 Jun 2020 09:57:02",
		"dateHospitalsOverCapacity":"Sun 14 Jun 2020 09:02:17"
	}
}