{
	"distancingLevel":0.4561904761904762,
	"id":"scenario6",
	"distancingDays":4,
	"maintain":true,
	"postDistancingLevel":1,
	"name":"Open May 1",
	"gradual":false,
	"events":{
		"herd":{
			"eventName":"herd",
			"day":1.8142626836860615e2,
			"thresholdCrossed":0.7000000000000633
		},
		"icu":{
			"eventName":"icu",
			"day":1.4820995505422792e2,
			"thresholdCrossed":7.732503409985991e-5
		},
		"hospital":{
			"eventName":"hospital",
			"day":1.5616117216598275e2,
			"thresholdCrossed":7.005190594102668e-4
		}
	},
	"summary":{
		"totalProjectedDeaths":4.882082036982106e3,
		"totalProjectedPCRConfirmed":1.2137160509683889e5,
		"totalProjectedInfected":3.9079579903799423e5,
		"totalInfectedFraction":0.6256376498280506,
		"fatalityRate":1.2492667651495037e-2,
		"fatalityRateSymptomatic":1.784666807356434e-2,
		"fatalityRatePCR":4.0224252065273705e-2,
		"fractionOfSymptomaticHospitalized":6.693379553016116e-2,
		"fractionOfSymptomaticHospitalizedOrICU":9.47330074391042e-2,
		"fractionOfPCRHospitalized":0.1284438182242895,
		"fractionOfPCRHospitalizedOrICU":0.18178961899546814,
		"fractionHospitalizedInICU":0.2934480036096479,
		"fractionOfDeathInICU":0.7336904830492622,
		"fractionDeathOfHospitalizedOrICU":0.17336200090241197,
		"fractionOfInfectionsPCRConfirmed":0.31057551129161143,
		"fractionOfDeathsReported":0.851668101201003,
		"fractionOfHospitalizationsReported":0.8514064254790376,
		"dateContained":"",
		"dateICUOverCapacity":"Wed 27 May 2020 05:02:20",
		"dateHospitalsOverCapacity":"Thu 4 Jun 2020 03:52:05"
	},
	"summaryAug1":{
		"totalProjectedDeaths":4.2108760230939e3,
		"totalProjectedPCRConfirmed":1.1759381801463071e5,
		"totalProjectedInfected":3.84501012648942e5,
		"totalInfectedFraction":0.6155601224536242,
		"fatalityRate":1.095153428617501e-2,
		"fatalityRateSymptomatic":1.5645048980250015e-2,
		"fatalityRatePCR":3.580865128956008e-2,
		"fractionOfSymptomaticHospitalized":6.384676190180111e-2,
		"fractionOfSymptomaticHospitalizedOrICU":9.036385464620125e-2,
		"fractionOfPCRHospitalized":0.12441521277523009,
		"fractionOfPCRHospitalizedOrICU":0.1760878370039929,
		"fractionHospitalizedInICU":0.2934480036096479,
		"fractionOfDeathInICU":0.7275009114856613,
		"fractionDeathOfHospitalizedOrICU":0.17336200090241197,
		"fractionOfInfectionsPCRConfirmed":0.3058348720709261,
		"fractionOfDeathsReported":0.8516461366217936,
		"fractionOfHospitalizationsReported":0.8513802546100875,
		"dateContained":"",
		"dateICUOverCapacity":"Wed 27 May 2020 05:02:20",
		"dateHospitalsOverCapacity":"Thu 4 Jun 2020 03:52:05"
	}
}