{
	"distancingLevel":0.3685714285714285,
	"id":"scenario7",
	"distancingDays":60,
	"maintain":true,
	"postDistancingLevel":1,
	"name":"Open Gradual May 1",
	"gradual":true,
	"events":{
		"herd":{
			"eventName":"herd",
			"day":1.921978816185081e2,
			"thresholdCrossed":0.6999999999999972
		},
		"icu":{
			"eventName":"icu",
			"day":8.495725995779169e1,
			"thresholdCrossed":1.5703425579355752e-4
		},
		"hospital":{
			"eventName":"hospital",
			"day":8.87531119407189e1,
			"thresholdCrossed":8.571121135744803e-4
		}
	},
	"summary":{
		"totalProjectedDeaths":1.8062982902704048e5,
		"totalProjectedPCRConfirmed":3.7325792304658415e6,
		"totalProjectedInfected":1.4123980853273503e7,
		"totalInfectedFraction":0.7133962116848792,
		"fatalityRate":1.2788875240168288e-2,
		"fatalityRateSymptomatic":1.8269821771668984e-2,
		"fatalityRatePCR":4.839276486155047e-2,
		"fractionOfSymptomaticHospitalized":7.542091918399414e-2,
		"fractionOfSymptomaticHospitalizedOrICU":0.10493497373324528,
		"fractionOfPCRHospitalized":0.16054696507843416,
		"fractionOfPCRHospitalizedOrICU":0.223372928170743,
		"fractionHospitalizedInICU":0.28126041775431976,
		"fractionOfDeathInICU":0.728767790115826,
		"fractionDeathOfHospitalizedOrICU":0.17031510443857995,
		"fractionOfInfectionsPCRConfirmed":0.26427246462889,
		"fractionOfDeathsReported":0.8052499664866589,
		"fractionOfHospitalizationsReported":0.8036448282331699,
		"dateContained":"",
		"dateICUOverCapacity":"Tue 24 Mar 2020 22:58:27",
		"dateHospitalsOverCapacity":"Sat 28 Mar 2020 18:04:28"
	},
	"summaryAug1":{
		"totalProjectedDeaths":1.2360243341678848e5,
		"totalProjectedPCRConfirmed":3.2997028885770873e6,
		"totalProjectedInfected":1.3326115571627378e7,
		"totalInfectedFraction":0.6730963787075984,
		"fatalityRate":9.275203471891714e-3,
		"fatalityRateSymptomatic":1.325029067413102e-2,
		"fatalityRatePCR":3.7458655397331515e-2,
		"fractionOfSymptomaticHospitalized":6.58615585828025e-2,
		"fractionOfSymptomaticHospitalizedOrICU":9.163480099011666e-2,
		"fractionOfPCRHospitalized":0.14954378625594542,
		"fractionOfPCRHospitalizedOrICU":0.20806393574248455,
		"fractionHospitalizedInICU":0.28126041775431965,
		"fractionOfDeathInICU":0.7091026397838144,
		"fractionDeathOfHospitalizedOrICU":0.17031510443857992,
		"fractionOfInfectionsPCRConfirmed":0.2476117568425177,
		"fractionOfDeathsReported":0.804973846427359,
		"fractionOfHospitalizationsReported":0.8031739050494885,
		"dateContained":"",
		"dateICUOverCapacity":"Tue 24 Mar 2020 22:58:27",
		"dateHospitalsOverCapacity":"Sat 28 Mar 2020 18:04:28"
	}
}