{
	"distancingLevel":0.3685714285714285,
	"id":"scenario7",
	"distancingDays":60,
	"maintain":true,
	"postDistancingLevel":1,
	"name":"Open Gradual May 1",
	"gradual":true,
	"events":{
		"herd":{
			"eventName":"herd",
			"day":1.7615068414447254e2,
			"thresholdCrossed":0.6999999999993454
		},
		"icu":{
			"eventName":"icu",
			"day":8.632050909771178e1,
			"thresholdCrossed":1.5703425579299544e-4
		},
		"hospital":{
			"eventName":"hospital",
			"day":9.239971597209458e1,
			"thresholdCrossed":8.571121135744873e-4
		}
	},
	"summary":{
		"totalProjectedDeaths":1.913269434191372e5,
		"totalProjectedPCRConfirmed":4.568287026596138e6,
		"totalProjectedInfected":1.5583150431544233e7,
		"totalInfectedFraction":0.7870982408902572,
		"fatalityRate":1.2277808923145804e-2,
		"fatalityRateSymptomatic":1.7539727033065437e-2,
		"fatalityRatePCR":4.1881550415998316e-2,
		"fractionOfSymptomaticHospitalized":7.542091918466326e-2,
		"fractionOfSymptomaticHospitalizedOrICU":0.10493497373417635,
		"fractionOfPCRHospitalized":0.2165785957725604,
		"fractionOfPCRHospitalizedOrICU":0.3013311095179521,
		"fractionHospitalizedInICU":0.2812604177543204,
		"fractionOfDeathInICU":0.6990359783398847,
		"fractionDeathOfHospitalizedOrICU":0.16281593785892576,
		"fractionOfInfectionsPCRConfirmed":0.29315554942913025,
		"dateContained":"Sat 10 Oct 2020 00:00:00",
		"dateICUOverCapacity":"Thu 26 Mar 2020 07:41:31",
		"dateHospitalsOverCapacity":"Wed 1 Apr 2020 09:35:35"
	},
	"summaryAug1":{
		"totalProjectedDeaths":1.665160456444718e5,
		"totalProjectedPCRConfirmed":4.394470289970543e6,
		"totalProjectedInfected":1.5339635864314893e7,
		"totalInfectedFraction":0.7747984246021863,
		"fatalityRate":1.0855280211171351e-2,
		"fatalityRateSymptomatic":1.5507543158816216e-2,
		"fatalityRatePCR":3.7892176907990426e-2,
		"fractionOfSymptomaticHospitalized":7.246232248300505e-2,
		"fractionOfSymptomaticHospitalizedOrICU":0.10081860561595717,
		"fractionOfPCRHospitalized":0.2112346947091488,
		"fractionOfPCRHospitalizedOrICU":0.29389600896774365,
		"fractionHospitalizedInICU":0.28126041775431965,
		"fractionOfDeathInICU":0.6945365764386862,
		"fractionDeathOfHospitalizedOrICU":0.16281593785892548,
		"fractionOfInfectionsPCRConfirmed":0.2864781360419087,
		"dateContained":"Sat 10 Oct 2020 00:00:00",
		"dateICUOverCapacity":"Thu 26 Mar 2020 07:41:31",
		"dateHospitalsOverCapacity":"Wed 1 Apr 2020 09:35:35"
	}
}