{
	"distancingLevel":0.40285714285714275,
	"id":"scenario7",
	"distancingDays":60,
	"maintain":true,
	"name":"Open Gradual May 1",
	"gradual":true,
	"events":{
		"herd":{
			"eventName":"herd",
			"day":2.0558264770429196e2,
			"thresholdCrossed":0.6999999999999643
		},
		"icu":{
			"eventName":"icu",
			"day":8.245075510745868e1,
			"thresholdCrossed":1.0992397905509525e-4
		},
		"hospital":{
			"eventName":"hospital",
			"day":1.9099538024776783e2,
			"thresholdCrossed":8.571121135744666e-4
		}
	},
	"summary":{
		"totalProjectedDeaths":1.4670398712080394e5,
		"totalProjectedPCRConfirmed":2.2210635196277034e6,
		"totalProjectedInfected":1.4158096459963601e7,
		"totalInfectedFraction":0.7151193763383067,
		"fatalityRate":1.0361844018767273e-2,
		"fatalityRateSymptomatic":1.4802634312524677e-2,
		"fatalityRatePCR":6.60512343858561e-2,
		"fractionOfSymptomaticHospitalized":6.125092830751489e-2,
		"fractionOfSymptomaticHospitalizedOrICU":8.512451909866493e-2,
		"fractionOfPCRHospitalized":0.21952523189551593,
		"fractionOfPCRHospitalizedOrICU":0.30508892373531543,
		"fractionHospitalizedInICU":0.28045492701672675,
		"fractionOfDeathInICU":0.7275532438477171,
		"fractionDeathOfHospitalizedOrICU":0.1701137317541817,
		"fractionOfInfectionsPCRConfirmed":0.15687585728126996,
		"fractionOfDeathsReported":0.8050668937319027,
		"fractionOfHospitalizationsReported":0.8032113588216988,
		"dateContained":"",
		"dateICUOverCapacity":"Sun 22 Mar 2020 10:49:05",
		"dateHospitalsOverCapacity":"Wed 8 Jul 2020 23:53:20"
	},
	"summaryAug1":{
		"totalProjectedDeaths":7.00525673601756e4,
		"totalProjectedPCRConfirmed":1.554715881015775e6,
		"totalProjectedInfected":1.1782250288942054e7,
		"totalInfectedFraction":0.5951164058188467,
		"fatalityRate":5.945601701053809e-3,
		"fatalityRateSymptomatic":8.493716715791156e-3,
		"fatalityRatePCR":4.505811525795099e-2,
		"fractionOfSymptomaticHospitalized":4.5619451986735005e-2,
		"fractionOfSymptomaticHospitalizedOrICU":6.340040909125295e-2,
		"fractionOfPCRHospitalized":0.1939901437269723,
		"fractionOfPCRHospitalizedOrICU":0.2696011007659026,
		"fractionHospitalizedInICU":0.2804549270167265,
		"fractionOfDeathInICU":0.7097619736430895,
		"fractionDeathOfHospitalizedOrICU":0.1701137317541816,
		"fractionOfInfectionsPCRConfirmed":0.13195407013844512,
		"fractionOfDeathsReported":0.8042117321829378,
		"fractionOfHospitalizationsReported":0.8015938037935206,
		"dateContained":"",
		"dateICUOverCapacity":"Sun 22 Mar 2020 10:49:05",
		"dateHospitalsOverCapacity":"Wed 8 Jul 2020 23:53:20"
	}
}