{
	"distancingLevel":0.7,
	"id":"scenario8",
	"distancingDays":598,
	"maintain":false,
	"name":"relaxed restrictions",
	"gradual":false,
	"events":{},
	"summary":{
		"totalProjectedDeaths":1.1634256471142081e5,
		"totalProjectedPCRConfirmed":1.572938853359756e6,
		"totalProjectedInfected":8.387263953753161e6,
		"totalInfectedFraction":0.41360484625638055,
		"fatalityRate":1.3871336988191417e-2,
		"fatalityRateSymptomatic":1.981619569741631e-2,
		"fatalityRatePCR":7.39650905455836e-2,
		"fractionOfSymptomaticHospitalized":6.758050548216446e-2,
		"fractionOfSymptomaticHospitalizedOrICU":9.678437143867158e-2,
		"fractionOfPCRHospitalized":0.21345310631885372,
		"fractionOfPCRHospitalizedOrICU":0.3056935514066909,
		"fractionHospitalizedInICU":0.3017415469295314,
		"fractionOfDeathInICU":0.778474007781771,
		"fractionDeathOfHospitalizedOrICU":0.17543538673238288,
		"fractionOfInfectionsPCRConfirmed":0.18753897123458146,
		"fractionOfDeathsReported":0.8464009511184742,
		"fractionOfHospitalizationsReported":0.8462029456626218,
		"dateContained":"",
		"dateICUOverCapacity":"",
		"dateHospitalsOverCapacity":""
	},
	"summaryAug1":{
		"totalProjectedDeaths":2.0910761098906078e4,
		"totalProjectedPCRConfirmed":4.9259989955243265e5,
		"totalProjectedInfected":3.271828205737855e6,
		"totalInfectedFraction":0.16134510723320453,
		"fatalityRate":6.391154970250137e-3,
		"fatalityRateSymptomatic":9.130221386071625e-3,
		"fatalityRatePCR":4.244978758198127e-2,
		"fractionOfSymptomaticHospitalized":4.3822619106219915e-2,
		"fractionOfSymptomaticHospitalizedOrICU":6.275988341210573e-2,
		"fractionOfPCRHospitalized":0.17223866505407665,
		"fractionOfPCRHospitalizedOrICU":0.2466689293866582,
		"fractionHospitalizedInICU":0.3017415469295312,
		"fractionOfDeathInICU":0.7576190524391205,
		"fractionDeathOfHospitalizedOrICU":0.1754353867323828,
		"fractionOfInfectionsPCRConfirmed":0.15055799650132998,
		"fractionOfDeathsReported":0.8459911721502774,
		"fractionOfHospitalizationsReported":0.845353018258516,
		"dateContained":"",
		"dateICUOverCapacity":"",
		"dateHospitalsOverCapacity":""
	}
}