{
	"distancingLevel":0.7,
	"id":"scenario8",
	"distancingDays":590,
	"maintain":false,
	"name":"relaxed restrictions",
	"gradual":false,
	"events":{
		"icu":{
			"eventName":"icu",
			"day":1.9371174186988233e2,
			"thresholdCrossed":1.7187213596780868e-4
		}
	},
	"summary":{
		"totalProjectedDeaths":9.734706881474746e4,
		"totalProjectedPCRConfirmed":1.3081940704362164e6,
		"totalProjectedInfected":7.017857646888718e6,
		"totalInfectedFraction":0.34607470911794763,
		"fatalityRate":1.3871337053681203e-2,
		"fatalityRateSymptomatic":1.9816195790973153e-2,
		"fatalityRatePCR":7.441332369155836e-2,
		"fractionOfSymptomaticHospitalized":6.758050562398552e-2,
		"fractionOfSymptomaticHospitalizedOrICU":9.678437164177844e-2,
		"fractionOfPCRHospitalized":0.21427633719248737,
		"fractionOfPCRHospitalizedOrICU":0.3068725287180484,
		"fractionHospitalizedInICU":0.30174154692953176,
		"fractionOfDeathInICU":0.7785315987875323,
		"fractionDeathOfHospitalizedOrICU":0.17543538673238293,
		"fractionOfInfectionsPCRConfirmed":0.18640931980377065,
		"fractionOfDeathsReported":0.8456605656604642,
		"fractionOfHospitalizationsReported":0.8443497108119227,
		"dateContained":"",
		"dateICUOverCapacity":"Sat 11 Jul 2020 17:04:54",
		"dateHospitalsOverCapacity":""
	},
	"summaryAug1":{
		"totalProjectedDeaths":1.8308114878751618e4,
		"totalProjectedPCRConfirmed":3.749509396590487e5,
		"totalProjectedInfected":2.4423781765912394e6,
		"totalInfectedFraction":0.12044207214641434,
		"fatalityRate":7.496019680418105e-3,
		"fatalityRateSymptomatic":1.0708599543454437e-2,
		"fatalityRatePCR":4.88280277291733e-2,
		"fractionOfSymptomaticHospitalized":4.768779725986328e-2,
		"fractionOfSymptomaticHospitalizedOrICU":6.829533828078212e-2,
		"fractionOfPCRHospitalized":0.18216706887547476,
		"fractionOfPCRHospitalizedOrICU":0.2608877387368919,
		"fractionHospitalizedInICU":0.30174154692953137,
		"fractionOfDeathInICU":0.7627655823195622,
		"fractionDeathOfHospitalizedOrICU":0.17543538673238282,
		"fractionOfInfectionsPCRConfirmed":0.15351878888074472,
		"fractionOfDeathsReported":0.8420765716721992,
		"fractionOfHospitalizationsReported":0.8377725058953664,
		"dateContained":"",
		"dateICUOverCapacity":"Sat 11 Jul 2020 17:04:54",
		"dateHospitalsOverCapacity":""
	}
}