{
	"distancingLevel":0.49523809523809514,
	"id":"scenario5",
	"distancingDays":606,
	"maintain":true,
	"name":"Current Indefinite",
	"gradual":false,
	"events":{},
	"summary":{
		"totalProjectedDeaths":2.330158136534529e4,
		"totalProjectedPCRConfirmed":6.529973399299206e5,
		"totalProjectedInfected":2.719242192135062e6,
		"totalInfectedFraction":6.975483838148255e-2,
		"fatalityRate":8.569145268759468e-3,
		"fatalityRateSymptomatic":1.2241636098227811e-2,
		"fatalityRatePCR":3.5684037193545085e-2,
		"fractionOfSymptomaticHospitalized":5.685163968247984e-2,
		"fractionOfSymptomaticHospitalizedOrICU":7.78184905936963e-2,
		"fractionOfPCRHospitalized":0.12716751455247896,
		"fractionOfPCRHospitalizedOrICU":0.17406681830630646,
		"fractionHospitalizedInICU":0.2694327627181565,
		"fractionOfDeathInICU":0.6962217365421813,
		"fractionDeathOfHospitalizedOrICU":0.16735819067953914,
		"fractionOfInfectionsPCRConfirmed":0.24013945569784204,
		"fractionOfDeathsReported":0.7687464119118733,
		"fractionOfHospitalizationsReported":0.7673591398251938,
		"dateContained":"Wed 6 Oct 2021 10:22:36",
		"dateICUOverCapacity":"",
		"dateHospitalsOverCapacity":""
	},
	"summaryAug1":{
		"totalProjectedDeaths":1.204243076550412e4,
		"totalProjectedPCRConfirmed":3.331822113587985e5,
		"totalProjectedInfected":1.6403321815445423e6,
		"totalInfectedFraction":4.20783064290954e-2,
		"fatalityRate":7.34145857832584e-3,
		"fatalityRateSymptomatic":1.0487797969036913e-2,
		"fatalityRatePCR":3.614367860874728e-2,
		"fractionOfSymptomaticHospitalized":5.2228090050062424e-2,
		"fractionOfSymptomaticHospitalizedOrICU":7.148977860598131e-2,
		"fractionOfPCRHospitalized":0.13779886913268433,
		"fractionOfPCRHospitalizedOrICU":0.18861901013434476,
		"fractionHospitalizedInICU":0.2694327627181562,
		"fractionOfDeathInICU":0.6910852000797355,
		"fractionDeathOfHospitalizedOrICU":0.16735819067953905,
		"fractionOfInfectionsPCRConfirmed":0.2031187433298254,
		"fractionOfDeathsReported":0.767981709872618,
		"fractionOfHospitalizationsReported":0.7655850958930606,
		"dateContained":"Wed 6 Oct 2021 10:22:36",
		"dateICUOverCapacity":"",
		"dateHospitalsOverCapacity":""
	}
}