{
	"distancingLevel":0.4747619047619048,
	"id":"scenario5",
	"distancingDays":613,
	"maintain":true,
	"name":"Current Indefinite",
	"gradual":false,
	"events":{
		"icu":{
			"eventName":"icu",
			"day":1.6293492162706085e2,
			"thresholdCrossed":1.7764223326208978e-4
		}
	},
	"summary":{
		"totalProjectedDeaths":1.0055697187931438e5,
		"totalProjectedPCRConfirmed":3.061148739750767e6,
		"totalProjectedInfected":1.0137125020208076e7,
		"totalInfectedFraction":0.2600406537831389,
		"fatalityRate":9.919673643055292e-3,
		"fatalityRateSymptomatic":1.4170962347221846e-2,
		"fatalityRatePCR":3.284942367338268e-2,
		"fractionOfSymptomaticHospitalized":7.002224983446356e-2,
		"fractionOfSymptomaticHospitalizedOrICU":9.594960740151043e-2,
		"fractionOfPCRHospitalized":0.20413781722163302,
		"fractionOfPCRHospitalizedOrICU":0.27972456561338116,
		"fractionHospitalizedInICU":0.270218485194539,
		"fractionOfDeathInICU":0.6541586531348851,
		"fractionDeathOfHospitalizedOrICU":0.15917210011419788,
		"fractionOfInfectionsPCRConfirmed":0.30197405414734974,
		"dateContained":"Sat 3 Apr 2021 04:17:58",
		"dateICUOverCapacity":"Wed 10 Jun 2020 22:26:17",
		"dateHospitalsOverCapacity":""
	},
	"summaryAug1":{
		"totalProjectedDeaths":4.900571450818741e4,
		"totalProjectedPCRConfirmed":1.7968020851312843e6,
		"totalProjectedInfected":6.624171595140163e6,
		"totalInfectedFraction":0.1699252903498855,
		"fatalityRate":7.398014046638007e-3,
		"fatalityRateSymptomatic":1.0568591495197151e-2,
		"fatalityRatePCR":2.7273852203152794e-2,
		"fractionOfSymptomaticHospitalized":6.051050972717615e-2,
		"fractionOfSymptomaticHospitalizedOrICU":8.291592551958032e-2,
		"fractionOfPCRHospitalized":0.19030173675806633,
		"fractionOfPCRHospitalizedOrICU":0.26076535633928094,
		"fractionHospitalizedInICU":0.27021848519453856,
		"fractionOfDeathInICU":0.6464821619331652,
		"fractionDeathOfHospitalizedOrICU":0.15917210011419775,
		"fractionOfInfectionsPCRConfirmed":0.27124932670064167,
		"dateContained":"Sat 3 Apr 2021 04:17:58",
		"dateICUOverCapacity":"Wed 10 Jun 2020 22:26:17",
		"dateHospitalsOverCapacity":""
	}
}