{
	"distancingLevel":0.44212746362285715,
	"id":"scenario5",
	"distancingDays":621,
	"maintain":true,
	"name":"Current Indefinite",
	"events":{},
	"summary":{
		"totalProjectedDeaths":5.6790535918485984e4,
		"totalProjectedPCRConfirmed":1.7293819741065279e6,
		"totalProjectedInfected":6.022814998712643e6,
		"totalInfectedFraction":0.15449910568903916,
		"fatalityRate":9.429234656987601e-3,
		"fatalityRateSymptomatic":1.3470335224268e-2,
		"fatalityRatePCR":3.2838630660427914e-2,
		"fractionOfSymptomaticHospitalized":7.002431408941576e-2,
		"fractionOfPCRHospitalized":0.22557798488615793,
		"fractionHospitalizedInICU":0.2702184851945388,
		"fractionDeathOfHospitalized":0.1062383177134885,
		"fractionOfInfectionsPCRConfirmed":0.2871384849901878,
		"dateContained":"Thu 9 Sep 2021 00:00:00",
		"dateICUOverCapacity":"",
		"dateHospitalsOverCapacity":""
	},
	"summaryAug1":{
		"totalProjectedDeaths":1.6344157303042317e4,
		"totalProjectedPCRConfirmed":5.491073089287604e5,
		"totalProjectedInfected":2.282395796523833e6,
		"totalInfectedFraction":5.8548720069722796e-2,
		"fatalityRate":7.160965389059614e-3,
		"fatalityRateSymptomatic":1.0229950555799448e-2,
		"fatalityRatePCR":2.9764960395314573e-2,
		"fractionOfSymptomaticHospitalized":6.159319322158897e-2,
		"fractionOfPCRHospitalized":0.21395257933919617,
		"fractionHospitalizedInICU":0.27021848519453856,
		"fractionDeathOfHospitalized":0.10152678669500749,
		"fractionOfInfectionsPCRConfirmed":0.24058373651277734,
		"dateContained":"Thu 9 Sep 2021 00:00:00",
		"dateICUOverCapacity":"",
		"dateHospitalsOverCapacity":""
	}
}