{
	"distancingLevel":0.5950369513571429,
	"id":"scenario5",
	"distancingDays":610,
	"maintain":true,
	"name":"Current Indefinite",
	"gradual":false,
	"events":{
		"icu":{
			"eventName":"icu",
			"day":1.6511628653977263e2,
			"thresholdCrossed":1.5099589827289938e-4
		}
	},
	"summary":{
		"totalProjectedDeaths":7.422926392152096e4,
		"totalProjectedPCRConfirmed":2.270061616984144e6,
		"totalProjectedInfected":8.659234720255721e6,
		"totalInfectedFraction":0.22212935654124288,
		"fatalityRate":8.572266062713779e-3,
		"fatalityRateSymptomatic":1.2246094375305399e-2,
		"fatalityRatePCR":3.2699228675623845e-2,
		"fractionOfSymptomaticHospitalized":5.6863965322389576e-2,
		"fractionOfSymptomaticHospitalizedOrICU":7.783536192227598e-2,
		"fractionOfPCRHospitalized":0.11678589823260652,
		"fractionOfPCRHospitalizedOrICU":0.15985646806051873,
		"fractionHospitalizedInICU":0.26943276271815636,
		"fractionOfDeathInICU":0.6961580969062786,
		"fractionDeathOfHospitalizedOrICU":0.1673581906795391,
		"fractionOfInfectionsPCRConfirmed":0.26215499294343014,
		"fractionOfDeathsReported":0.769430620440269,
		"fractionOfHospitalizationsReported":0.769154096937038,
		"dateContained":"Sun 14 Mar 2021 12:43:16",
		"dateICUOverCapacity":"Sat 13 Jun 2020 02:47:27",
		"dateHospitalsOverCapacity":""
	},
	"summaryAug1":{
		"totalProjectedDeaths":4.116606267873328e4,
		"totalProjectedPCRConfirmed":1.5035562292821934e6,
		"totalProjectedInfected":6.275286552617511e6,
		"totalInfectedFraction":0.16097558376425178,
		"fatalityRate":6.560029145053516e-3,
		"fatalityRateSymptomatic":9.371470207219311e-3,
		"fatalityRatePCR":2.7379130808021863e-2,
		"fractionOfSymptomaticHospitalized":4.938425433434872e-2,
		"fractionOfSymptomaticHospitalizedOrICU":6.759713796924195e-2,
		"fractionOfPCRHospitalized":0.11093724155628719,
		"fractionOfPCRHospitalizedOrICU":0.151850830279553,
		"fractionHospitalizedInICU":0.26943276271815625,
		"fractionOfDeathInICU":0.6864818113578445,
		"fractionDeathOfHospitalizedOrICU":0.16735819067953905,
		"fractionOfInfectionsPCRConfirmed":0.23959961296987126,
		"fractionOfDeathsReported":0.7693232430706446,
		"fractionOfHospitalizationsReported":0.768912523669476,
		"dateContained":"Sun 14 Mar 2021 12:43:16",
		"dateICUOverCapacity":"Sat 13 Jun 2020 02:47:27",
		"dateHospitalsOverCapacity":""
	}
}