{
	"distancingLevel":0.5950369513571429,
	"id":"scenario5",
	"distancingDays":610,
	"maintain":true,
	"name":"Current Indefinite",
	"gradual":false,
	"events":{
		"icu":{
			"eventName":"icu",
			"day":1.712954278431306e2,
			"thresholdCrossed":1.5099589827289927e-4
		}
	},
	"summary":{
		"totalProjectedDeaths":6.997461199199817e4,
		"totalProjectedPCRConfirmed":2.1312005566228293e6,
		"totalProjectedInfected":8.1626527578976685e6,
		"totalInfectedFraction":0.2093908830696144,
		"fatalityRate":8.57253322754605e-3,
		"fatalityRateSymptomatic":1.22464760393515e-2,
		"fatalityRatePCR":3.283342422868087e-2,
		"fractionOfSymptomaticHospitalized":5.686472434577308e-2,
		"fractionOfSymptomaticHospitalizedOrICU":7.7836400873032e-2,
		"fractionOfPCRHospitalized":0.11723764042414217,
		"fractionOfPCRHospitalizedOrICU":0.16047481250368945,
		"fractionHospitalizedInICU":0.26943276271815614,
		"fractionOfDeathInICU":0.6961661783609794,
		"fractionDeathOfHospitalizedOrICU":0.16735819067953903,
		"fractionOfInfectionsPCRConfirmed":0.26109165976230136,
		"fractionOfDeathsReported":0.769359735304046,
		"fractionOfHospitalizationsReported":0.7689871627576206,
		"dateContained":"Thu 1 Apr 2021 14:56:22",
		"dateICUOverCapacity":"Fri 19 Jun 2020 07:05:24",
		"dateHospitalsOverCapacity":""
	},
	"summaryAug1":{
		"totalProjectedDeaths":3.7089438033741586e4,
		"totalProjectedPCRConfirmed":1.3416707718489591e6,
		"totalProjectedInfected":5.674629287342585e6,
		"totalInfectedFraction":0.14556733856156234,
		"fatalityRate":6.536010751657485e-3,
		"fatalityRateSymptomatic":9.33715821665355e-3,
		"fatalityRatePCR":2.764421705529782e-2,
		"fractionOfSymptomaticHospitalized":4.922033003879289e-2,
		"fractionOfSymptomaticHospitalizedOrICU":6.737275849095366e-2,
		"fractionOfPCRHospitalized":0.11200499784509683,
		"fractionOfPCRHospitalizedOrICU":0.1533123744527935,
		"fractionHospitalizedInICU":0.2694327627181562,
		"fractionOfDeathInICU":0.686513147453085,
		"fractionDeathOfHospitalizedOrICU":0.16735819067953905,
		"fractionOfInfectionsPCRConfirmed":0.23643320187304434,
		"fractionOfDeathsReported":0.7691783474750612,
		"fractionOfHospitalizationsReported":0.7686051749472564,
		"dateContained":"Thu 1 Apr 2021 14:56:22",
		"dateICUOverCapacity":"Fri 19 Jun 2020 07:05:24",
		"dateHospitalsOverCapacity":""
	}
}