{
	"distancingLevel":0.7153615514285715,
	"id":"scenario1",
	"distancingDays":90,
	"maintain":true,
	"name":"Current",
	"events":{
		"herd":{
			"eventName":"herd",
			"day":1.8310327208126145e2,
			"thresholdCrossed":0.7000000000000081
		},
		"icu":{
			"eventName":"icu",
			"day":1.2108437601322774e2,
			"thresholdCrossed":2.1867109590050296e-4
		},
		"hospital":{
			"eventName":"hospital",
			"day":1.4122208902073024e2,
			"thresholdCrossed":1.9975879834024136e-3
		}
	},
	"summary":{
		"totalProjectedDeaths":1.7700107976539515e4,
		"totalProjectedPCRConfirmed":4.592374841020519e5,
		"totalProjectedInfected":1.6653749573031995e6,
		"totalInfectedFraction":0.5576866263380459,
		"fatalityRate":1.0628301992244392e-2,
		"fatalityRateSymptomatic":1.5183288560349133e-2,
		"fatalityRatePCR":3.854238512596283e-2,
		"fractionOfSymptomaticHospitalized":7.25744457678304e-2,
		"fractionOfPCRHospitalized":0.23421552989976313,
		"fractionHospitalizedInICU":0.2819875122661216,
		"fractionDeathOfHospitalized":0.11815575952343281,
		"fractionOfInfectionsPCRConfirmed":0.27575620858723093,
		"dateContained":"Fri 5 Mar 2021 00:00:00",
		"dateICUOverCapacity":"Thu 30 Apr 2020 02:01:30",
		"dateHospitalsOverCapacity":"Wed 20 May 2020 05:19:48"
	},
	"summaryAug1":{
		"totalProjectedDeaths":1.3548730367093758e4,
		"totalProjectedPCRConfirmed":3.7343664583845926e5,
		"totalProjectedInfected":1.4191211606113892e6,
		"totalInfectedFraction":0.47522324564546126,
		"fatalityRate":9.547268227088278e-3,
		"fatalityRateSymptomatic":1.3638954610126113e-2,
		"fatalityRatePCR":3.628120196043816e-2,
		"fractionOfSymptomaticHospitalized":6.970683256032147e-2,
		"fractionOfPCRHospitalized":0.23064251254793341,
		"fractionHospitalizedInICU":0.2819875122661218,
		"fractionDeathOfHospitalized":0.11294689686566575,
		"fractionOfInfectionsPCRConfirmed":0.2631464149809269,
		"dateContained":"Fri 5 Mar 2021 00:00:00",
		"dateICUOverCapacity":"Thu 30 Apr 2020 02:01:30",
		"dateHospitalsOverCapacity":"Wed 20 May 2020 05:19:48"
	}
}