{
	"distancingLevel":0.6584661901142858,
	"id":"scenario1",
	"distancingDays":90,
	"maintain":true,
	"name":"Current",
	"gradual":false,
	"events":{
		"herd":{
			"eventName":"herd",
			"day":2.6298371884604467e2,
			"thresholdCrossed":0.6999999999999985
		},
		"icu":{
			"eventName":"icu",
			"day":2.354992289180218e2,
			"thresholdCrossed":1.5306976713032192e-4
		},
		"hospital":{
			"eventName":"hospital",
			"day":2.5114476928613712e2,
			"thresholdCrossed":1.9975879834024123e-3
		}
	},
	"summary":{
		"totalProjectedDeaths":1.8134038088090507e4,
		"totalProjectedPCRConfirmed":5.287991911898522e5,
		"totalProjectedInfected":1.9105473806306494e6,
		"totalInfectedFraction":0.6397878858994479,
		"fatalityRate":9.491540629630799e-3,
		"fatalityRateSymptomatic":1.3559343756615428e-2,
		"fatalityRatePCR":3.429286275436063e-2,
		"fractionOfSymptomaticHospitalized":5.89392473513004e-2,
		"fractionOfSymptomaticHospitalizedOrICU":8.199453154228357e-2,
		"fractionOfPCRHospitalized":0.11552000274458306,
		"fractionOfPCRHospitalizedOrICU":0.1607079990748543,
		"fractionHospitalizedInICU":0.2811807538542231,
		"fractionOfDeathInICU":0.7292817197611016,
		"fractionDeathOfHospitalizedOrICU":0.17029518846355576,
		"fractionOfInfectionsPCRConfirmed":0.2767788941278712,
		"fractionOfDeathsReported":0.7751170160169784,
		"fractionOfHospitalizationsReported":0.7749747178218495,
		"dateContained":"",
		"dateICUOverCapacity":"Sat 22 Aug 2020 11:58:53",
		"dateHospitalsOverCapacity":"Mon 7 Sep 2020 03:28:28"
	},
	"summaryAug1":{
		"totalProjectedDeaths":2.0847717509562203e3,
		"totalProjectedPCRConfirmed":5.426403310848821e4,
		"totalProjectedInfected":2.5798775182888823e5,
		"totalInfectedFraction":8.639274796528328e-2,
		"fatalityRate":8.080894291210214e-3,
		"fatalityRateSymptomatic":1.1544134701728877e-2,
		"fatalityRatePCR":3.8419034331418155e-2,
		"fractionOfSymptomaticHospitalized":5.404279452187407e-2,
		"fractionOfSymptomaticHospitalizedOrICU":7.518273169735655e-2,
		"fractionOfPCRHospitalized":0.13911144452251287,
		"fractionOfPCRHospitalizedOrICU":0.19352771265990965,
		"fractionHospitalizedInICU":0.28118075385422264,
		"fractionOfDeathInICU":0.7239074908250389,
		"fractionDeathOfHospitalizedOrICU":0.17029518846355568,
		"fractionOfInfectionsPCRConfirmed":0.21033569510105707,
		"fractionOfDeathsReported":0.7745688193046677,
		"fractionOfHospitalizationsReported":0.7734638193153633,
		"dateContained":"",
		"dateICUOverCapacity":"Sat 22 Aug 2020 11:58:53",
		"dateHospitalsOverCapacity":"Mon 7 Sep 2020 03:28:28"
	}
}