{
	"distancingLevel":0.647142857142857,
	"id":"scenario1",
	"distancingDays":90,
	"maintain":true,
	"name":"Current",
	"gradual":false,
	"events":{
		"herd":{
			"eventName":"herd",
			"day":2.6695122497467685e2,
			"thresholdCrossed":0.7000000000000558
		},
		"icu":{
			"eventName":"icu",
			"day":1.5923041800337353e2,
			"thresholdCrossed":2.18671095900512e-4
		},
		"hospital":{
			"eventName":"hospital",
			"day":2.50147053405467e2,
			"thresholdCrossed":1.9975879834026066e-3
		}
	},
	"summary":{
		"totalProjectedDeaths":1.719440331696326e4,
		"totalProjectedPCRConfirmed":4.176910429354589e5,
		"totalProjectedInfected":1.5438530578494691e6,
		"totalInfectedFraction":0.5169924043940062,
		"fatalityRate":1.113733151580788e-2,
		"fatalityRateSymptomatic":1.5910473594011258e-2,
		"fatalityRatePCR":4.11653627909376e-2,
		"fractionOfSymptomaticHospitalized":7.257444635692077e-2,
		"fractionOfSymptomaticHospitalizedOrICU":0.10107685812815494,
		"fractionOfPCRHospitalized":0.14549709073155415,
		"fractionOfPCRHospitalizedOrICU":0.20263866327834779,
		"fractionHospitalizedInICU":0.2819875122661219,
		"fractionOfDeathInICU":0.8781212312532477,
		"fractionDeathOfHospitalizedOrICU":0.1630558790478202,
		"fractionOfInfectionsPCRConfirmed":0.27055103515958134,
		"fractionOfDeathsReported":0.7750631403409127,
		"fractionOfHospitalizationsReported":0.7748573161990621,
		"dateContained":"",
		"dateICUOverCapacity":"Sun 7 Jun 2020 05:31:48",
		"dateHospitalsOverCapacity":"Sun 6 Sep 2020 03:31:45"
	},
	"summaryAug1":{
		"totalProjectedDeaths":4.229134635791487e3,
		"totalProjectedPCRConfirmed":1.0350440378777494e5,
		"totalProjectedInfected":4.50961625639432e5,
		"totalInfectedFraction":0.1510142004405007,
		"fatalityRate":9.378036611862194e-3,
		"fatalityRateSymptomatic":1.3397195159803138e-2,
		"fatalityRatePCR":4.085946569445383e-2,
		"fractionOfSymptomaticHospitalized":6.655433443575483e-2,
		"fractionOfSymptomaticHospitalizedOrICU":9.269244695981152e-2,
		"fractionOfPCRHospitalized":0.1570976444935581,
		"fractionOfPCRHospitalizedOrICU":0.21879514239282183,
		"fractionHospitalizedInICU":0.2819875122661218,
		"fractionOfDeathInICU":0.872650929640361,
		"fractionDeathOfHospitalizedOrICU":0.1630558790478202,
		"fractionOfInfectionsPCRConfirmed":0.22951931584203628,
		"fractionOfDeathsReported":0.7746796654876004,
		"fractionOfHospitalizationsReported":0.7739528953565604,
		"dateContained":"",
		"dateICUOverCapacity":"Sun 7 Jun 2020 05:31:48",
		"dateHospitalsOverCapacity":"Sun 6 Sep 2020 03:31:45"
	}
}