{
	"distancingLevel":0.7657142857142858,
	"id":"scenario1",
	"distancingDays":90,
	"maintain":true,
	"name":"Current",
	"gradual":false,
	"events":{},
	"summary":{
		"totalProjectedDeaths":1.6806926459343922e4,
		"totalProjectedPCRConfirmed":2.823654467684703e5,
		"totalProjectedInfected":1.770726946990245e6,
		"totalInfectedFraction":0.5929660061851588,
		"fatalityRate":9.491540459081583e-3,
		"fatalityRateSymptomatic":1.3559343512973693e-2,
		"fatalityRatePCR":5.952189494745442e-2,
		"fractionOfSymptomaticHospitalized":5.893924688172777e-2,
		"fractionOfSymptomaticHospitalizedOrICU":8.199453088902803e-2,
		"fractionOfPCRHospitalized":0.20051525130889472,
		"fractionOfPCRHospitalizedOrICU":0.27895086613781345,
		"fractionHospitalizedInICU":0.281180753854223,
		"fractionOfDeathInICU":0.7292804483252323,
		"fractionDeathOfHospitalizedOrICU":0.1702951884635557,
		"fractionOfInfectionsPCRConfirmed":0.15946300882155484,
		"fractionOfDeathsReported":0.7751284411970639,
		"fractionOfHospitalizationsReported":0.7750054258046838,
		"dateContained":"",
		"dateICUOverCapacity":"",
		"dateHospitalsOverCapacity":""
	},
	"summaryAug1":{
		"totalProjectedDeaths":8.814306808329746e3,
		"totalProjectedPCRConfirmed":1.660578704752503e5,
		"totalProjectedInfected":1.105101008577481e6,
		"totalInfectedFraction":0.37006684322571043,
		"fatalityRate":7.976019151114325e-3,
		"fatalityRateSymptomatic":1.1394313073020468e-2,
		"fatalityRatePCR":5.307972927211211e-2,
		"fractionOfSymptomaticHospitalized":5.433695359269164e-2,
		"fractionOfSymptomaticHospitalizedOrICU":7.559195706575732e-2,
		"fractionOfPCRHospitalized":0.19613945824570533,
		"fractionOfPCRHospitalizedOrICU":0.2728633927059989,
		"fractionHospitalizedInICU":0.28118075385422264,
		"fractionOfDeathInICU":0.7220191940608013,
		"fractionDeathOfHospitalizedOrICU":0.17029518846355568,
		"fractionOfInfectionsPCRConfirmed":0.1502648800302924,
		"fractionOfDeathsReported":0.7750742298194375,
		"fractionOfHospitalizationsReported":0.7748705127065703,
		"dateContained":"",
		"dateICUOverCapacity":"",
		"dateHospitalsOverCapacity":""
	}
}