{
	"distancingLevel":0.8271428571428572,
	"id":"scenario1",
	"distancingDays":90,
	"maintain":true,
	"name":"Current",
	"gradual":false,
	"events":{
		"herd":{
			"eventName":"herd",
			"day":3.031690415641132e2,
			"thresholdCrossed":0.7
		},
		"icu":{
			"eventName":"icu",
			"day":1.5174003979381953e2,
			"thresholdCrossed":1.5306976713034932e-4
		}
	},
	"summary":{
		"totalProjectedDeaths":1.2730297155617764e4,
		"totalProjectedPCRConfirmed":2.14810945952624e5,
		"totalProjectedInfected":1.3412257623547697e6,
		"totalInfectedFraction":0.4491382960246632,
		"fatalityRate":9.491539391002581e-3,
		"fatalityRateSymptomatic":1.3559341987146546e-2,
		"fatalityRatePCR":5.926279547423714e-2,
		"fractionOfSymptomaticHospitalized":5.8939243745541416e-2,
		"fractionOfSymptomaticHospitalizedOrICU":8.19945265260587e-2,
		"fractionOfPCRHospitalized":0.19957892291242152,
		"fractionOfPCRHospitalizedOrICU":0.2776482738637561,
		"fractionHospitalizedInICU":0.2811807538542231,
		"fractionOfDeathInICU":0.7292903617927851,
		"fractionDeathOfHospitalizedOrICU":0.17029518846355576,
		"fractionOfInfectionsPCRConfirmed":0.1601601698848102,
		"fractionOfDeathsReported":0.7750338086023967,
		"fractionOfHospitalizationsReported":0.7747589398301584,
		"dateContained":"",
		"dateICUOverCapacity":"Sat 30 May 2020 17:45:39",
		"dateHospitalsOverCapacity":""
	},
	"summaryAug1":{
		"totalProjectedDeaths":4.74622453131958e3,
		"totalProjectedPCRConfirmed":9.369371865845843e4,
		"totalProjectedInfected":6.467910758382753e5,
		"totalInfectedFraction":0.216591904092222,
		"fatalityRate":7.338110726355064e-3,
		"fatalityRateSymptomatic":1.048301532336438e-2,
		"fatalityRatePCR":5.065680601941935e-2,
		"fractionOfSymptomaticHospitalized":5.155225433539672e-2,
		"fractionOfSymptomaticHospitalizedOrICU":7.171796611152767e-2,
		"fractionOfPCRHospitalized":0.192857196165484,
		"fractionOfPCRHospitalizedOrICU":0.26829720712065125,
		"fractionHospitalizedInICU":0.28118075385422275,
		"fractionOfDeathInICU":0.7200682555705318,
		"fractionDeathOfHospitalizedOrICU":0.17029518846355568,
		"fractionOfInfectionsPCRConfirmed":0.14485932499459186,
		"fractionOfDeathsReported":0.7747740488218774,
		"fractionOfHospitalizationsReported":0.7741704749604613,
		"dateContained":"",
		"dateICUOverCapacity":"Sat 30 May 2020 17:45:39",
		"dateHospitalsOverCapacity":""
	}
}