{
	"distancingLevel":1,
	"id":"scenario4",
	"distancingDays":90,
	"maintain":false,
	"name":"Normal",
	"gradual":false,
	"events":{
		"herd":{
			"eventName":"herd",
			"day":1.3993394165997213e2,
			"thresholdCrossed":0.7000000000000003
		},
		"icu":{
			"eventName":"icu",
			"day":1.0189983931399738e2,
			"thresholdCrossed":1.8013588697187447e-4
		},
		"hospital":{
			"eventName":"hospital",
			"day":1.125122160342644e2,
			"thresholdCrossed":9.144354072183098e-4
		}
	},
	"summary":{
		"totalProjectedDeaths":7.19851364933769e4,
		"totalProjectedPCRConfirmed":1.4652986432159534e6,
		"totalProjectedInfected":5.6659488395588e6,
		"totalInfectedFraction":0.8345386097720258,
		"fatalityRate":1.2704868775162165e-2,
		"fatalityRateSymptomatic":1.8149812535945952e-2,
		"fatalityRatePCR":4.9126597384535925e-2,
		"fractionOfSymptomaticHospitalized":7.676225730566762e-2,
		"fractionOfSymptomaticHospitalizedOrICU":0.10690472888918034,
		"fractionOfPCRHospitalized":0.23041399073077912,
		"fractionOfPCRHospitalizedOrICU":0.32089136088406,
		"fractionHospitalizedInICU":0.2819563914217399,
		"fractionOfDeathInICU":0.7039510704009759,
		"fractionDeathOfHospitalizedOrICU":0.16304560916917415,
		"fractionOfInfectionsPCRConfirmed":0.2586148736440152,
		"dateContained":"Sun 16 Aug 2020 00:00:00",
		"dateICUOverCapacity":"Fri 10 Apr 2020 21:35:46",
		"dateHospitalsOverCapacity":"Tue 21 Apr 2020 12:17:35"
	},
	"summaryAug1":{
		"totalProjectedDeaths":7.174797986935626e4,
		"totalProjectedPCRConfirmed":1.4647588693820317e6,
		"totalProjectedInfected":5.665465834811226e6,
		"totalInfectedFraction":0.8344674679170659,
		"fatalityRate":1.2664091878994962e-2,
		"fatalityRateSymptomatic":1.8091559827135662e-2,
		"fatalityRatePCR":4.8982792573651436e-2,
		"fractionOfSymptomaticHospitalized":7.672496456451326e-2,
		"fractionOfSymptomaticHospitalizedOrICU":0.10685279229269952,
		"fractionOfPCRHospitalized":0.23033405192114045,
		"fractionOfPCRHospitalizedOrICU":0.32078003225626683,
		"fractionHospitalizedInICU":0.28195639142173995,
		"fractionOfDeathInICU":0.7037532643964208,
		"fractionDeathOfHospitalizedOrICU":0.16304560916917418,
		"fractionOfInfectionsPCRConfirmed":0.2585416472520018,
		"dateContained":"Sun 16 Aug 2020 00:00:00",
		"dateICUOverCapacity":"Fri 10 Apr 2020 21:35:46",
		"dateHospitalsOverCapacity":"Tue 21 Apr 2020 12:17:35"
	}
}