{
	"distancingLevel":1,
	"id":"scenario4",
	"distancingDays":90,
	"maintain":false,
	"name":"Normal",
	"events":{
		"herd":{
			"eventName":"herd",
			"day":1.3802025970926607e2,
			"thresholdCrossed":0.7000000000000002
		},
		"icu":{
			"eventName":"icu",
			"day":7.059059182153978e2,
			"thresholdCrossed":-2.871453695004483e-28
		}
	},
	"summary":{
		"totalProjectedDeaths":7.291416737926376e4,
		"totalProjectedPCRConfirmed":1.505144754010453e6,
		"totalProjectedInfected":5.992939614581414e6,
		"totalInfectedFraction":0.8827011390363914,
		"fatalityRate":1.2166678136028e-2,
		"fatalityRateSymptomatic":1.7380968765754286e-2,
		"fatalityRatePCR":4.844329237103887e-2,
		"fractionOfSymptomaticHospitalized":7.676225730565206e-2,
		"fractionOfPCRHospitalized":0.2535185839309369,
		"fractionHospitalizedInICU":0.28195639142174006,
		"fractionDeathOfHospitalized":0.13720649557978104,
		"fractionOfInfectionsPCRConfirmed":0.2511529984964786,
		"dateContained":"Sat 8 Aug 2020 00:00:00",
		"dateICUOverCapacity":"Sun 5 Dec 2021 21:44:31",
		"dateHospitalsOverCapacity":""
	},
	"summaryAug1":{
		"totalProjectedDeaths":7.25816436320859e4,
		"totalProjectedPCRConfirmed":1.5049064489757065e6,
		"totalProjectedInfected":5.992778298987111e6,
		"totalInfectedFraction":0.8826773788338876,
		"fatalityRate":1.2111518232595644e-2,
		"fatalityRateSymptomatic":1.7302168903708063e-2,
		"fatalityRatePCR":4.8230003719824305e-2,
		"fractionOfSymptomaticHospitalized":7.674440663519566e-2,
		"fractionOfPCRHospitalized":0.2534770823375249,
		"fractionHospitalizedInICU":0.28195639142173995,
		"fractionDeathOfHospitalized":0.13662476147098493,
		"fractionOfInfectionsPCRConfirmed":0.25111999374815236,
		"dateContained":"Sat 8 Aug 2020 00:00:00",
		"dateICUOverCapacity":"Sun 5 Dec 2021 21:44:31",
		"dateHospitalsOverCapacity":""
	}
}