{
	"distancingLevel":1,
	"id":"scenario4",
	"distancingDays":90,
	"maintain":false,
	"name":"Normal",
	"events":{
		"herd":{
			"eventName":"herd",
			"day":1.343112158342058e2,
			"thresholdCrossed":0.6999999999999998
		},
		"icu":{
			"eventName":"icu",
			"day":1.0025962212981797e2,
			"thresholdCrossed":1.8013588697187615e-4
		},
		"hospital":{
			"eventName":"hospital",
			"day":1.087554353207291e2,
			"thresholdCrossed":9.144354072179545e-4
		}
	},
	"summary":{
		"totalProjectedDeaths":7.261261811880844e4,
		"totalProjectedPCRConfirmed":1.4006193995569544e6,
		"totalProjectedInfected":5.96811365232348e6,
		"totalInfectedFraction":0.8790445186510576,
		"fatalityRate":1.216676195342547e-2,
		"fatalityRateSymptomatic":1.7381088504893533e-2,
		"fatalityRatePCR":5.184321889428159e-2,
		"fractionOfSymptomaticHospitalized":7.676225730565771e-2,
		"fractionOfPCRHospitalized":0.25657430871812736,
		"fractionHospitalizedInICU":0.2819563914217398,
		"fractionDeathOfHospitalized":0.1450873712225753,
		"fractionOfInfectionsPCRConfirmed":0.23468376796270818,
		"dateContained":"Wed 5 Aug 2020 00:00:00",
		"dateICUOverCapacity":"Thu 9 Apr 2020 06:13:51",
		"dateHospitalsOverCapacity":"Fri 17 Apr 2020 18:07:49"
	},
	"summaryAug1":{
		"totalProjectedDeaths":7.23686705116697e4,
		"totalProjectedPCRConfirmed":1.4004534035807636e6,
		"totalProjectedInfected":5.967998447672051e6,
		"totalInfectedFraction":0.8790275501375103,
		"fatalityRate":1.2126120867189347e-2,
		"fatalityRateSymptomatic":1.7323029810270497e-2,
		"fatalityRatePCR":5.16751720026051e-2,
		"fractionOfSymptomaticHospitalized":7.674990145746552e-2,
		"fractionOfPCRHospitalized":0.2565440163494239,
		"fractionHospitalizedInICU":0.2819563914217398,
		"fractionDeathOfHospitalized":0.14463415481932043,
		"fractionOfInfectionsPCRConfirmed":0.23466048388920763,
		"dateContained":"Wed 5 Aug 2020 00:00:00",
		"dateICUOverCapacity":"Thu 9 Apr 2020 06:13:51",
		"dateHospitalsOverCapacity":"Fri 17 Apr 2020 18:07:49"
	}
}