{
	"distancingLevel":1,
	"id":"scenario4",
	"distancingDays":90,
	"maintain":false,
	"name":"Normal",
	"events":{
		"herd":{
			"eventName":"herd",
			"day":1.3513610481666205e2,
			"thresholdCrossed":0.7000000000000002
		},
		"icu":{
			"eventName":"icu",
			"day":1.0025971496692927e2,
			"thresholdCrossed":1.8013588697187458e-4
		},
		"hospital":{
			"eventName":"hospital",
			"day":1.0875492747434913e2,
			"thresholdCrossed":9.144354072179329e-4
		}
	},
	"summary":{
		"totalProjectedDeaths":7.256234396006475e4,
		"totalProjectedPCRConfirmed":1.4186292425233552e6,
		"totalProjectedInfected":5.963981812055229e6,
		"totalInfectedFraction":0.8784359391649191,
		"fatalityRate":1.2166761443402065e-2,
		"fatalityRateSymptomatic":1.7381087776288665e-2,
		"fatalityRatePCR":5.1149618085551435e-2,
		"fractionOfSymptomaticHospitalized":7.676225730565672e-2,
		"fractionOfPCRHospitalized":0.25594744302657463,
		"fractionHospitalizedInICU":0.28195639142173984,
		"fractionDeathOfHospitalized":0.14349686761174565,
		"fractionOfInfectionsPCRConfirmed":0.23786612488586475,
		"dateContained":"Thu 6 Aug 2020 00:00:00",
		"dateICUOverCapacity":"Thu 9 Apr 2020 06:13:59",
		"dateHospitalsOverCapacity":"Fri 17 Apr 2020 18:07:05"
	},
	"summaryAug1":{
		"totalProjectedDeaths":7.229837352303877e4,
		"totalProjectedPCRConfirmed":1.4184424951016847e6,
		"totalProjectedInfected":5.963850948480657e6,
		"totalInfectedFraction":0.8784166642458039,
		"fatalityRate":1.2122766673345083e-2,
		"fatalityRateSymptomatic":1.7318238104778692e-2,
		"fatalityRatePCR":5.097025348063608e-2,
		"fractionOfSymptomaticHospitalized":7.674841118776762e-2,
		"fractionOfPCRHospitalized":0.25591392046535716,
		"fractionHospitalizedInICU":0.2819563914217399,
		"fractionDeathOfHospitalized":0.1430124030487779,
		"fractionOfInfectionsPCRConfirmed":0.2378400311065865,
		"dateContained":"Thu 6 Aug 2020 00:00:00",
		"dateICUOverCapacity":"Thu 9 Apr 2020 06:13:59",
		"dateHospitalsOverCapacity":"Fri 17 Apr 2020 18:07:05"
	}
}