{
	"distancingLevel":1,
	"id":"scenario4",
	"distancingDays":90,
	"maintain":false,
	"name":"Normal",
	"gradual":false,
	"events":{
		"herd":{
			"eventName":"herd",
			"day":1.5144101796054017e2,
			"thresholdCrossed":0.7
		},
		"icu":{
			"eventName":"icu",
			"day":9.260669883818863e1,
			"thresholdCrossed":1.5311550392609438e-4
		},
		"hospital":{
			"eventName":"hospital",
			"day":1.254668288517681e2,
			"thresholdCrossed":9.203974204250808e-4
		}
	},
	"summary":{
		"totalProjectedDeaths":5.206788556546451e4,
		"totalProjectedPCRConfirmed":1.153389658754237e6,
		"totalProjectedInfected":4.868959941165508e6,
		"totalInfectedFraction":0.7171499735342393,
		"fatalityRate":1.0693841435261583e-2,
		"fatalityRateSymptomatic":1.5276916336087977e-2,
		"fatalityRatePCR":4.514336084970835e-2,
		"fractionOfSymptomaticHospitalized":6.2340257448244e-2,
		"fractionOfSymptomaticHospitalizedOrICU":8.67221677957984e-2,
		"fractionOfPCRHospitalized":0.15031890452720342,
		"fractionOfPCRHospitalizedOrICU":0.20911016083164954,
		"fractionHospitalizedInICU":0.28114968718223954,
		"fractionOfDeathInICU":0.724483344267199,
		"fractionDeathOfHospitalizedOrICU":0.17028742179555986,
		"fractionOfInfectionsPCRConfirmed":0.23688624936153085,
		"fractionOfDeathsReported":0.8167454758227207,
		"fractionOfHospitalizationsReported":0.8159937313413994,
		"dateContained":"",
		"dateICUOverCapacity":"Wed 1 Apr 2020 14:33:38",
		"dateHospitalsOverCapacity":"Mon 4 May 2020 11:12:14"
	},
	"summaryAug1":{
		"totalProjectedDeaths":5.1025616667735085e4,
		"totalProjectedPCRConfirmed":1.1492092314969134e6,
		"totalProjectedInfected":4.862380182352744e6,
		"totalInfectedFraction":0.7161808396913952,
		"fatalityRate":1.0493958669238712e-2,
		"fatalityRateSymptomatic":1.4991369527483875e-2,
		"fatalityRatePCR":4.44006324255429e-2,
		"fractionOfSymptomaticHospitalized":6.1998563335881274e-2,
		"fractionOfSymptomaticHospitalizedOrICU":8.624683363196763e-2,
		"fractionOfPCRHospitalized":0.14983466551441604,
		"fractionOfPCRHospitalizedOrICU":0.2084365310033626,
		"fractionHospitalizedInICU":0.2811496871822396,
		"fractionOfDeathInICU":0.723307637611693,
		"fractionDeathOfHospitalizedOrICU":0.17028742179555992,
		"fractionOfInfectionsPCRConfirmed":0.23634705399380126,
		"fractionOfDeathsReported":0.8167385346210623,
		"fractionOfHospitalizationsReported":0.8159862301653369,
		"dateContained":"",
		"dateICUOverCapacity":"Wed 1 Apr 2020 14:33:38",
		"dateHospitalsOverCapacity":"Mon 4 May 2020 11:12:14"
	}
}