{
	"distancingLevel":1,
	"id":"scenario4",
	"distancingDays":90,
	"maintain":false,
	"name":"Normal",
	"events":{
		"herd":{
			"eventName":"herd",
			"day":1.3977453816532716e2,
			"thresholdCrossed":0.7000000000000002
		},
		"icu":{
			"eventName":"icu",
			"day":1.0552954357268897e2,
			"thresholdCrossed":1.801358869718745e-4
		},
		"hospital":{
			"eventName":"hospital",
			"day":1.2217039847251664e2,
			"thresholdCrossed":9.144354072183088e-4
		}
	},
	"summary":{
		"totalProjectedDeaths":7.222395204138948e4,
		"totalProjectedPCRConfirmed":1.6140994401780237e6,
		"totalProjectedInfected":5.936093338079094e6,
		"totalInfectedFraction":0.8743282408852926,
		"fatalityRate":1.2166916510238194e-2,
		"fatalityRateSymptomatic":1.7381309300340278e-2,
		"fatalityRatePCR":4.474566451334849e-2,
		"fractionOfSymptomaticHospitalized":7.676225730566037e-2,
		"fractionOfPCRHospitalized":0.2493876295933967,
		"fractionHospitalizedInICU":0.2819563914217398,
		"fractionDeathOfHospitalized":0.12883292755049972,
		"fractionOfInfectionsPCRConfirmed":0.2719127460183001,
		"dateContained":"Mon 10 Aug 2020 00:00:00",
		"dateICUOverCapacity":"Tue 14 Apr 2020 12:42:32",
		"dateHospitalsOverCapacity":"Fri 1 May 2020 04:05:22"
	},
	"summaryAug1":{
		"totalProjectedDeaths":7.18357393715119e4,
		"totalProjectedPCRConfirmed":1.6137896976512196e6,
		"totalProjectedInfected":5.935874186721556e6,
		"totalInfectedFraction":0.8742959620429613,
		"fatalityRate":1.2101964615794445e-2,
		"fatalityRateSymptomatic":1.728852087970635e-2,
		"fatalityRatePCR":4.451369312622629e-2,
		"fractionOfSymptomaticHospitalized":7.673930696394363e-2,
		"fractionOfPCRHospitalized":0.2493378621803881,
		"fractionHospitalizedInICU":0.28195639142173984,
		"fractionDeathOfHospitalized":0.1281906107800698,
		"fractionOfInfectionsPCRConfirmed":0.27187060353489934,
		"dateContained":"Mon 10 Aug 2020 00:00:00",
		"dateICUOverCapacity":"Tue 14 Apr 2020 12:42:32",
		"dateHospitalsOverCapacity":"Fri 1 May 2020 04:05:22"
	}
}