{
	"distancingLevel":0.57,
	"id":"scenario5",
	"distancingDays":595,
	"maintain":true,
	"name":"Current Indefinite",
	"gradual":false,
	"events":{
		"icu":{
			"eventName":"icu",
			"day":1.0566122251748622e2,
			"thresholdCrossed":1.0775375040922579e-4
		}
	},
	"summary":{
		"totalProjectedDeaths":1.164215296459496e4,
		"totalProjectedPCRConfirmed":1.7446685350762628e5,
		"totalProjectedInfected":1.2326059506074802e6,
		"totalInfectedFraction":0.20556866422331666,
		"fatalityRate":9.445153951153015e-3,
		"fatalityRateSymptomatic":1.3493077073075736e-2,
		"fatalityRatePCR":6.672988439082535e-2,
		"fractionOfSymptomaticHospitalized":5.994325649689486e-2,
		"fractionOfSymptomaticHospitalizedOrICU":8.256400156314207e-2,
		"fractionOfPCRHospitalized":0.23659630473224025,
		"fractionOfPCRHospitalizedOrICU":0.32588048790372637,
		"fractionHospitalizedInICU":0.2739783033523109,
		"fractionOfDeathInICU":0.6943067238204311,
		"fractionDeathOfHospitalizedOrICU":0.16849457583807773,
		"fractionOfInfectionsPCRConfirmed":0.1415430887881416,
		"fractionOfDeathsReported":0.7997549076073384,
		"fractionOfHospitalizationsReported":0.7981017316505565,
		"dateContained":"",
		"dateICUOverCapacity":"Tue 14 Apr 2020 15:52:09",
		"dateHospitalsOverCapacity":""
	},
	"summaryAug1":{
		"totalProjectedDeaths":8.88311136675937e3,
		"totalProjectedPCRConfirmed":1.3948812323661376e5,
		"totalProjectedInfected":1.05744834350973e6,
		"totalInfectedFraction":0.17635663964896559,
		"fatalityRate":8.400515657602555e-3,
		"fatalityRateSymptomatic":1.2000736653717935e-2,
		"fatalityRatePCR":6.368363958622446e-2,
		"fractionOfSymptomaticHospitalized":5.6424318130706266e-2,
		"fractionOfSymptomaticHospitalizedOrICU":7.771712387004162e-2,
		"fractionOfPCRHospitalized":0.23879608096965982,
		"fractionOfPCRHospitalizedOrICU":0.328910392171845,
		"fractionHospitalizedInICU":0.2739783033523106,
		"fractionOfDeathInICU":0.6901871442090495,
		"fractionDeathOfHospitalizedOrICU":0.16849457583807764,
		"fractionOfInfectionsPCRConfirmed":0.1319101061463153,
		"fractionOfDeathsReported":0.7995086587155292,
		"fractionOfHospitalizationsReported":0.7975187556305432,
		"dateContained":"",
		"dateICUOverCapacity":"Tue 14 Apr 2020 15:52:09",
		"dateHospitalsOverCapacity":""
	}
}