{
	"distancingLevel":0.5004761904761904,
	"id":"scenario5",
	"distancingDays":613,
	"maintain":true,
	"name":"Current Indefinite",
	"gradual":false,
	"events":{
		"icu":{
			"eventName":"icu",
			"day":1.2230512602347093e2,
			"thresholdCrossed":1.5393392915603684e-4
		},
		"hospital":{
			"eventName":"hospital",
			"day":1.485678337501556e2,
			"thresholdCrossed":5.889434527283125e-4
		}
	},
	"summary":{
		"totalProjectedDeaths":1.204516733151511e4,
		"totalProjectedPCRConfirmed":2.6399798097318696e5,
		"totalProjectedInfected":1.0920410372553426e6,
		"totalInfectedFraction":0.1821258587912772,
		"fatalityRate":1.1029958509424304e-2,
		"fatalityRateSymptomatic":1.5757083584891866e-2,
		"fatalityRatePCR":4.5625982771203395e-2,
		"fractionOfSymptomaticHospitalized":7.380128307931766e-2,
		"fractionOfSymptomaticHospitalizedOrICU":0.10176291207652528,
		"fractionOfPCRHospitalized":0.17091620559594414,
		"fractionOfPCRHospitalizedOrICU":0.2356724717620478,
		"fractionHospitalizedInICU":0.27477229598324177,
		"fractionOfDeathInICU":0.8396818244732489,
		"fractionDeathOfHospitalizedOrICU":0.1606748576744698,
		"fractionOfInfectionsPCRConfirmed":0.24174730799192354,
		"fractionOfDeathsReported":0.8003481437615011,
		"fractionOfHospitalizationsReported":0.7998028309656254,
		"dateContained":"Sun 7 Mar 2021 14:12:00",
		"dateICUOverCapacity":"Fri 1 May 2020 07:19:22",
		"dateHospitalsOverCapacity":"Wed 27 May 2020 13:37:40"
	},
	"summaryAug1":{
		"totalProjectedDeaths":9.255701547900731e3,
		"totalProjectedPCRConfirmed":2.1351104205803818e5,
		"totalProjectedInfected":9.424226255880633e5,
		"totalInfectedFraction":0.15717315025170003,
		"fatalityRate":9.821179263523364e-3,
		"fatalityRateSymptomatic":1.4030256090747664e-2,
		"fatalityRatePCR":4.3349990045876766e-2,
		"fractionOfSymptomaticHospitalized":6.985707402286771e-2,
		"fractionOfSymptomaticHospitalizedOrICU":9.632433184220099e-2,
		"fractionOfPCRHospitalized":0.17259413874230528,
		"fractionOfPCRHospitalizedOrICU":0.2379861356459117,
		"fractionHospitalizedInICU":0.274772295983242,
		"fractionOfDeathInICU":0.8357771558761974,
		"fractionDeathOfHospitalizedOrICU":0.16067485767446985,
		"fractionOfInfectionsPCRConfirmed":0.22655551369515262,
		"fractionOfDeathsReported":0.800287989959024,
		"fractionOfHospitalizationsReported":0.7996358342164118,
		"dateContained":"Sun 7 Mar 2021 14:12:00",
		"dateICUOverCapacity":"Fri 1 May 2020 07:19:22",
		"dateHospitalsOverCapacity":"Wed 27 May 2020 13:37:40"
	}
}