{
	"distancingLevel":0.5004761904761904,
	"id":"scenario5",
	"distancingDays":614,
	"maintain":true,
	"name":"Current Indefinite",
	"gradual":false,
	"events":{
		"herd":{
			"eventName":"herd",
			"day":1.9109137408135857e2,
			"thresholdCrossed":0.7000000000000001
		},
		"icu":{
			"eventName":"icu",
			"day":1.1625764980265838e2,
			"thresholdCrossed":1.5393392915484996e-4
		},
		"hospital":{
			"eventName":"hospital",
			"day":1.2128587054425621e2,
			"thresholdCrossed":5.889434527283123e-4
		}
	},
	"summary":{
		"totalProjectedDeaths":2.8788761393082812e4,
		"totalProjectedPCRConfirmed":7.51282539763111e5,
		"totalProjectedInfected":2.6093143653575014e6,
		"totalInfectedFraction":0.43517011122727056,
		"fatalityRate":1.1033075115553766e-2,
		"fatalityRateSymptomatic":1.5761535879362524e-2,
		"fatalityRatePCR":3.8319486836683674e-2,
		"fractionOfSymptomaticHospitalized":7.381073221464898e-2,
		"fractionOfSymptomaticHospitalizedOrICU":0.10177594127449857,
		"fractionOfPCRHospitalized":0.21678873473148044,
		"fractionOfPCRHospitalizedOrICU":0.29892505971679084,
		"fractionHospitalizedInICU":0.27477229598324215,
		"fractionOfDeathInICU":0.6721963995084799,
		"fractionDeathOfHospitalizedOrICU":0.16067485767446993,
		"fractionOfInfectionsPCRConfirmed":0.2879233524858083,
		"dateContained":"Fri 6 Nov 2020 00:00:00",
		"dateICUOverCapacity":"Sat 25 Apr 2020 06:11:00",
		"dateHospitalsOverCapacity":"Thu 30 Apr 2020 06:51:39"
	},
	"summaryAug1":{
		"totalProjectedDeaths":2.619975715967622e4,
		"totalProjectedPCRConfirmed":7.171271930736162e5,
		"totalProjectedInfected":2.5388623516683453e6,
		"totalInfectedFraction":0.4234204305294085,
		"fatalityRate":1.0319487049961475e-2,
		"fatalityRateSymptomatic":1.4742124357087822e-2,
		"fatalityRatePCR":3.6534323914539805e-2,
		"fractionOfSymptomaticHospitalized":7.190814841649897e-2,
		"fractionOfSymptomaticHospitalizedOrICU":9.915251171215239e-2,
		"fractionOfPCRHospitalized":0.2137899220657991,
		"fractionOfPCRHospitalizedOrICU":0.2947900650812135,
		"fractionHospitalizedInICU":0.27477229598324204,
		"fractionOfDeathInICU":0.6699348105785059,
		"fractionDeathOfHospitalizedOrICU":0.16067485767446987,
		"fractionOfInfectionsPCRConfirmed":0.28246005247286265,
		"dateContained":"Fri 6 Nov 2020 00:00:00",
		"dateICUOverCapacity":"Sat 25 Apr 2020 06:11:00",
		"dateHospitalsOverCapacity":"Thu 30 Apr 2020 06:51:39"
	}
}