{
	"distancingLevel":0.5004761904761904,
	"id":"scenario5",
	"distancingDays":612,
	"maintain":true,
	"name":"Current Indefinite",
	"gradual":false,
	"events":{},
	"summary":{
		"totalProjectedDeaths":1.656420352185968e4,
		"totalProjectedPCRConfirmed":3.525824448631633e5,
		"totalProjectedInfected":1.4210812159104198e6,
		"totalInfectedFraction":0.23700174996200346,
		"fatalityRate":1.1656056906816387e-2,
		"fatalityRateSymptomatic":1.665150986688056e-2,
		"fatalityRatePCR":4.697966039769287e-2,
		"fractionOfSymptomaticHospitalized":7.381073241426546e-2,
		"fractionOfSymptomaticHospitalizedOrICU":0.10177594154974519,
		"fractionOfPCRHospitalized":0.1666079072906656,
		"fractionOfPCRHospitalizedOrICU":0.2297318571365768,
		"fractionHospitalizedInICU":0.27477229598324215,
		"fractionOfDeathInICU":0.6954660629927881,
		"fractionDeathOfHospitalizedOrICU":0.16869307399581054,
		"fractionOfInfectionsPCRConfirmed":0.2481085816318248,
		"fractionOfDeathsReported":0.8004189399801318,
		"fractionOfHospitalizationsReported":0.800054994219714,
		"dateContained":"",
		"dateICUOverCapacity":"",
		"dateHospitalsOverCapacity":""
	},
	"summaryAug1":{
		"totalProjectedDeaths":1.3631020221245159e4,
		"totalProjectedPCRConfirmed":3.0931530608501035e5,
		"totalProjectedInfected":1.3044897416781923e6,
		"totalInfectedFraction":0.21755713053116751,
		"fatalityRate":1.044931193073945e-2,
		"fatalityRateSymptomatic":1.4927588472484928e-2,
		"fatalityRatePCR":4.406836633392752e-2,
		"fractionOfSymptomaticHospitalized":7.009743512003075e-2,
		"fractionOfSymptomaticHospitalizedOrICU":9.665576029678397e-2,
		"fractionOfPCRHospitalized":0.16554646877708704,
		"fractionOfPCRHospitalizedOrICU":0.22826826369178768,
		"fractionHospitalizedInICU":0.274772295983242,
		"fractionOfDeathInICU":0.6893357116268407,
		"fractionDeathOfHospitalizedOrICU":0.1686930739958105,
		"fractionOfInfectionsPCRConfirmed":0.2371159359881851,
		"fractionOfDeathsReported":0.8003912243166973,
		"fractionOfHospitalizationsReported":0.7999825187490222,
		"dateContained":"",
		"dateICUOverCapacity":"",
		"dateHospitalsOverCapacity":""
	}
}