{
	"distancingLevel":0.5004761904761904,
	"id":"scenario1",
	"distancingDays":90,
	"maintain":true,
	"name":"Current",
	"gradual":false,
	"events":{
		"herd":{
			"eventName":"herd",
			"day":2.471294430445071e2,
			"thresholdCrossed":0.6999999999996146
		}
	},
	"summary":{
		"totalProjectedDeaths":3.934862136894781e4,
		"totalProjectedPCRConfirmed":1.1427568608349587e6,
		"totalProjectedInfected":4.166010977324863e6,
		"totalInfectedFraction":0.6947892076346665,
		"fatalityRate":9.445155469613019e-3,
		"fatalityRateSymptomatic":1.3493079242304315e-2,
		"fatalityRatePCR":3.443306508805173e-2,
		"fractionOfSymptomaticHospitalized":5.994326130197857e-2,
		"fractionOfSymptomaticHospitalizedOrICU":8.256400818151685e-2,
		"fractionOfPCRHospitalized":0.12243072106550881,
		"fractionOfPCRHospitalizedOrICU":0.16863231723076139,
		"fractionHospitalizedInICU":0.27397830335231055,
		"fractionOfDeathInICU":0.6942172455297586,
		"fractionDeathOfHospitalizedOrICU":0.16849457583807764,
		"fractionOfInfectionsPCRConfirmed":0.27430481269849216,
		"fractionOfDeathsReported":0.8004947139388714,
		"fractionOfHospitalizationsReported":0.8003600948387226,
		"dateContained":"",
		"dateICUOverCapacity":"",
		"dateHospitalsOverCapacity":""
	},
	"summaryAug1":{
		"totalProjectedDeaths":1.1483496541404125e4,
		"totalProjectedPCRConfirmed":3.008284066351072e5,
		"totalProjectedInfected":1.3394725740719747e6,
		"totalInfectedFraction":0.22339141530189557,
		"fatalityRate":8.573147941726408e-3,
		"fatalityRateSymptomatic":1.2247354202466297e-2,
		"fatalityRatePCR":3.817291282379841e-2,
		"fractionOfSymptomaticHospitalized":5.711263033882981e-2,
		"fractionOfSymptomaticHospitalizedOrICU":7.8665183978027e-2,
		"fractionOfPCRHospitalized":0.14239672288290514,
		"fractionOfPCRHospitalizedOrICU":0.19613287528513737,
		"fractionHospitalizedInICU":0.27397830335231044,
		"fractionOfDeathInICU":0.6905787361950306,
		"fractionDeathOfHospitalizedOrICU":0.16849457583807761,
		"fractionOfInfectionsPCRConfirmed":0.2245872087702354,
		"fractionOfDeathsReported":0.8003660453344216,
		"fractionOfHospitalizationsReported":0.7999352042389385,
		"dateContained":"",
		"dateICUOverCapacity":"",
		"dateHospitalsOverCapacity":""
	}
}