{
	"distancingLevel":0.5004761904761904,
	"id":"scenario1",
	"distancingDays":90,
	"maintain":true,
	"name":"Current",
	"gradual":false,
	"events":{
		"herd":{
			"eventName":"herd",
			"day":2.201640797470016e2,
			"thresholdCrossed":0.7
		},
		"icu":{
			"eventName":"icu",
			"day":1.162307945060283e2,
			"thresholdCrossed":1.539339291560368e-4
		},
		"hospital":{
			"eventName":"hospital",
			"day":1.1953685106570344e2,
			"thresholdCrossed":5.889434527283124e-4
		}
	},
	"summary":{
		"totalProjectedDeaths":5.813371315148147e4,
		"totalProjectedPCRConfirmed":1.4058043650703325e6,
		"totalProjectedInfected":4.437826155987248e6,
		"totalInfectedFraction":0.7401213619745917,
		"fatalityRate":1.3099592257134942e-2,
		"fatalityRateSymptomatic":1.8713703224478486e-2,
		"fatalityRatePCR":4.1352633834347945e-2,
		"fractionOfSymptomaticHospitalized":7.381073220045783e-2,
		"fractionOfSymptomaticHospitalizedOrICU":0.10177594125493084,
		"fractionOfPCRHospitalized":0.19451148089661602,
		"fractionOfPCRHospitalizedOrICU":0.26820746066275686,
		"fractionHospitalizedInICU":0.27477229598324293,
		"fractionOfDeathInICU":0.5661371538996235,
		"fractionDeathOfHospitalizedOrICU":0.15418151953030348,
		"fractionOfInfectionsPCRConfirmed":0.316777700535589,
		"dateContained":"Tue 5 Jan 2021 00:00:00",
		"dateICUOverCapacity":"Sat 25 Apr 2020 05:32:20",
		"dateHospitalsOverCapacity":"Tue 28 Apr 2020 12:53:03"
	},
	"summaryAug1":{
		"totalProjectedDeaths":2.532453603318441e4,
		"totalProjectedPCRConfirmed":6.380939614269836e5,
		"totalProjectedInfected":2.2747169813105413e6,
		"totalInfectedFraction":0.3793674134898058,
		"fatalityRate":1.1133049184252404e-2,
		"fatalityRateSymptomatic":1.5904355977503434e-2,
		"fatalityRatePCR":3.9687785128933985e-2,
		"fractionOfSymptomaticHospitalized":6.822427539599082e-2,
		"fractionOfSymptomaticHospitalizedOrICU":9.40729029215552e-2,
		"fractionOfPCRHospitalized":0.19012032892641675,
		"fractionOfPCRHospitalizedOrICU":0.2621526010016071,
		"fractionHospitalizedInICU":0.2747722959832421,
		"fractionOfDeathInICU":0.5680499137164478,
		"fractionDeathOfHospitalizedOrICU":0.1513919182083213,
		"fractionOfInfectionsPCRConfirmed":0.28051575939761797,
		"dateContained":"Tue 5 Jan 2021 00:00:00",
		"dateICUOverCapacity":"Sat 25 Apr 2020 05:32:20",
		"dateHospitalsOverCapacity":"Tue 28 Apr 2020 12:53:03"
	}
}