{
	"distancingLevel":0.11,
	"id":"scenario3",
	"distancingDays":60,
	"maintain":false,
	"name":"Wuhan",
	"gradual":false,
	"events":{
		"herd":{
			"eventName":"herd",
			"day":2.60294909336161e2,
			"thresholdCrossed":0.6999999999999996
		},
		"icu":{
			"eventName":"icu",
			"day":1.0008173677733622e2,
			"thresholdCrossed":1.946488100228658e-4
		},
		"hospital":{
			"eventName":"hospital",
			"day":2.441331854878453e2,
			"thresholdCrossed":1.3192451148901728e-3
		}
	},
	"summary":{
		"totalProjectedDeaths":8.130775687276091e3,
		"totalProjectedPCRConfirmed":6.2473735601314176e4,
		"totalProjectedInfected":6.40466541858703e5,
		"totalInfectedFraction":6.45269411139698e-2,
		"fatalityRate":1.2695082655964671e-2,
		"fatalityRateSymptomatic":1.813583236566382e-2,
		"fatalityRatePCR":0.1301471027627337,
		"fractionOfSymptomaticHospitalized":7.623118647954158e-2,
		"fractionOfSymptomaticHospitalizedOrICU":0.10687396674539035,
		"fractionOfPCRHospitalized":0.4393922467360508,
		"fractionOfPCRHospitalizedOrICU":0.6160154988333251,
		"fractionHospitalizedInICU":0.28671884462612074,
		"fractionOfDeathInICU":0.7324317690931763,
		"fractionDeathOfHospitalizedOrICU":0.1716797111565302,
		"fractionOfInfectionsPCRConfirmed":9.754410498947949e-2,
		"fractionOfDeathsReported":0.8088843147358814,
		"fractionOfHospitalizationsReported":0.8031981477570794,
		"dateContained":"Fri 29 May 2020 00:22:26",
		"dateICUOverCapacity":"Thu 9 Apr 2020 01:57:42",
		"dateHospitalsOverCapacity":"Mon 31 Aug 2020 03:11:47"
	},
	"summaryAug1":{
		"totalProjectedDeaths":8.130775687276091e3,
		"totalProjectedPCRConfirmed":6.2473735601314176e4,
		"totalProjectedInfected":6.40466541858703e5,
		"totalInfectedFraction":6.45269411139698e-2,
		"fatalityRate":1.2695082655964671e-2,
		"fatalityRateSymptomatic":1.813583236566382e-2,
		"fatalityRatePCR":0.1301471027627337,
		"fractionOfSymptomaticHospitalized":7.623118647954158e-2,
		"fractionOfSymptomaticHospitalizedOrICU":0.10687396674539035,
		"fractionOfPCRHospitalized":0.4393922467360508,
		"fractionOfPCRHospitalizedOrICU":0.6160154988333251,
		"fractionHospitalizedInICU":0.28671884462612074,
		"fractionOfDeathInICU":0.7324317690931763,
		"fractionDeathOfHospitalizedOrICU":0.1716797111565302,
		"fractionOfInfectionsPCRConfirmed":9.754410498947949e-2,
		"fractionOfDeathsReported":0.8088843147358814,
		"fractionOfHospitalizationsReported":0.8031981477570794,
		"dateContained":"Fri 29 May 2020 00:22:26",
		"dateICUOverCapacity":"Thu 9 Apr 2020 01:57:42",
		"dateHospitalsOverCapacity":"Mon 31 Aug 2020 03:11:47"
	}
}