{
	"distancingLevel":0.11,
	"id":"scenario3",
	"distancingDays":60,
	"maintain":false,
	"name":"Wuhan",
	"gradual":false,
	"events":{
		"herd":{
			"eventName":"herd",
			"day":2.6308576209476985e2,
			"thresholdCrossed":0.699999999999999
		},
		"icu":{
			"eventName":"icu",
			"day":2.407117035968672e2,
			"thresholdCrossed":1.9464881002276185e-4
		},
		"hospital":{
			"eventName":"hospital",
			"day":2.4603568181375414e2,
			"thresholdCrossed":1.319245114890173e-3
		}
	},
	"summary":{
		"totalProjectedDeaths":9.586860392906723e4,
		"totalProjectedPCRConfirmed":2.4190684817859856e6,
		"totalProjectedInfected":7.384119128166689e6,
		"totalInfectedFraction":0.7439492760683004,
		"fatalityRate":1.2983079263087302e-2,
		"fatalityRateSymptomatic":1.8547256090124718e-2,
		"fatalityRatePCR":3.963038030998112e-2,
		"fractionOfSymptomaticHospitalized":7.719752421230278e-2,
		"fractionOfSymptomaticHospitalizedOrICU":0.10822874490752281,
		"fractionOfPCRHospitalized":0.2176495954366777,
		"fractionOfPCRHospitalizedOrICU":0.3051385751563738,
		"fractionHospitalizedInICU":0.28671884462612024,
		"fractionOfDeathInICU":0.7086639155161785,
		"fractionDeathOfHospitalizedOrICU":0.1646172187266197,
		"fractionOfInfectionsPCRConfirmed":0.3276042057011865,
		"dateContained":"Wed 10 Jun 2020 00:00:00",
		"dateICUOverCapacity":"Thu 27 Aug 2020 17:04:51",
		"dateHospitalsOverCapacity":"Wed 2 Sep 2020 00:51:22"
	},
	"summaryAug1":{
		"totalProjectedDeaths":6.884970640480449e3,
		"totalProjectedPCRConfirmed":6.586230463940748e4,
		"totalProjectedInfected":5.371306592117749e5,
		"totalInfectedFraction":5.411586109850589e-2,
		"fatalityRate":1.281805557438103e-2,
		"fatalityRateSymptomatic":1.8311507963401474e-2,
		"fatalityRatePCR":0.10453582938184881,
		"fractionOfSymptomaticHospitalized":7.640813012230133e-2,
		"fractionOfSymptomaticHospitalizedOrICU":0.1071220367265284,
		"fractionOfPCRHospitalized":0.23989457762980798,
		"fractionOfPCRHospitalizedOrICU":0.3363254108459696,
		"fractionHospitalizedInICU":0.28671884462612046,
		"fractionOfDeathInICU":0.7088205076395716,
		"fractionDeathOfHospitalizedOrICU":0.16461721872661977,
		"fractionOfInfectionsPCRConfirmed":0.1226187772190451,
		"dateContained":"Wed 10 Jun 2020 00:00:00",
		"dateICUOverCapacity":"Thu 27 Aug 2020 17:04:51",
		"dateHospitalsOverCapacity":"Wed 2 Sep 2020 00:51:22"
	}
}