{
	"distancingLevel":0.11,
	"id":"scenario3",
	"distancingDays":60,
	"maintain":false,
	"name":"Wuhan",
	"gradual":false,
	"events":{
		"herd":{
			"eventName":"herd",
			"day":2.701479993253903e2,
			"thresholdCrossed":0.7000000000000001
		},
		"icu":{
			"eventName":"icu",
			"day":9.120542883335807e1,
			"thresholdCrossed":1.36254167015933e-4
		},
		"hospital":{
			"eventName":"hospital",
			"day":2.574933235523749e2,
			"thresholdCrossed":1.3192451148902372e-3
		}
	},
	"summary":{
		"totalProjectedDeaths":8.266569413026991e3,
		"totalProjectedPCRConfirmed":6.72420115823618e4,
		"totalProjectedInfected":7.984682485305041e5,
		"totalInfectedFraction":8.04455975245451e-2,
		"fatalityRate":1.0353034611258161e-2,
		"fatalityRateSymptomatic":1.4790049444654518e-2,
		"fatalityRatePCR":0.1229375686196067,
		"fractionOfSymptomaticHospitalized":6.1914370197240096e-2,
		"fractionOfSymptomaticHospitalizedOrICU":8.67031393420631e-2,
		"fractionOfPCRHospitalized":0.411393286284135,
		"fractionOfPCRHospitalizedOrICU":0.5761035654800636,
		"fractionHospitalizedInICU":0.285903939960303,
		"fractionOfDeathInICU":0.733523656941825,
		"fractionDeathOfHospitalizedOrICU":0.17147598499007577,
		"fractionOfInfectionsPCRConfirmed":8.421375766176498e-2,
		"fractionOfDeathsReported":0.8072494334162061,
		"fractionOfHospitalizationsReported":0.7993753401314253,
		"dateContained":"Mon 8 Jun 2020 13:21:38",
		"dateICUOverCapacity":"Tue 31 Mar 2020 04:55:49",
		"dateHospitalsOverCapacity":"Sun 13 Sep 2020 11:50:23"
	},
	"summaryAug1":{
		"totalProjectedDeaths":8.266569413026991e3,
		"totalProjectedPCRConfirmed":6.72420115823618e4,
		"totalProjectedInfected":7.984682485305041e5,
		"totalInfectedFraction":8.04455975245451e-2,
		"fatalityRate":1.0353034611258161e-2,
		"fatalityRateSymptomatic":1.4790049444654518e-2,
		"fatalityRatePCR":0.1229375686196067,
		"fractionOfSymptomaticHospitalized":6.1914370197240096e-2,
		"fractionOfSymptomaticHospitalizedOrICU":8.67031393420631e-2,
		"fractionOfPCRHospitalized":0.411393286284135,
		"fractionOfPCRHospitalizedOrICU":0.5761035654800636,
		"fractionHospitalizedInICU":0.285903939960303,
		"fractionOfDeathInICU":0.733523656941825,
		"fractionDeathOfHospitalizedOrICU":0.17147598499007577,
		"fractionOfInfectionsPCRConfirmed":8.421375766176498e-2,
		"fractionOfDeathsReported":0.8072494334162061,
		"fractionOfHospitalizationsReported":0.7993753401314253,
		"dateContained":"Mon 8 Jun 2020 13:21:38",
		"dateICUOverCapacity":"Tue 31 Mar 2020 04:55:49",
		"dateHospitalsOverCapacity":"Sun 13 Sep 2020 11:50:23"
	}
}