{
	"distancingLevel":0.7,
	"id":"scenario8",
	"distancingDays":590,
	"maintain":false,
	"name":"relaxed restrictions",
	"gradual":false,
	"events":{
		"icu":{
			"eventName":"icu",
			"day":9.02497791539658e1,
			"thresholdCrossed":1.3625416701593292e-4
		}
	},
	"summary":{
		"totalProjectedDeaths":2.3824715150071006e4,
		"totalProjectedPCRConfirmed":3.184327229764184e5,
		"totalProjectedInfected":2.18572531538462e6,
		"totalInfectedFraction":0.2202116105984685,
		"fatalityRate":1.0900141469001833e-2,
		"fatalityRateSymptomatic":1.557163067000262e-2,
		"fatalityRatePCR":7.481867732492854e-2,
		"fractionOfSymptomaticHospitalized":6.269297515144033e-2,
		"fractionOfSymptomaticHospitalizedOrICU":8.779347577965235e-2,
		"fractionOfPCRHospitalized":0.24309302701480384,
		"fractionOfPCRHospitalizedOrICU":0.34042062492445374,
		"fractionHospitalizedInICU":0.28590393996030267,
		"fractionOfDeathInICU":0.7365089518638681,
		"fractionDeathOfHospitalizedOrICU":0.17147598499007566,
		"fractionOfInfectionsPCRConfirmed":0.14568743873490073,
		"fractionOfDeathsReported":0.8099245084643272,
		"fractionOfHospitalizationsReported":0.8070077205517694,
		"dateContained":"",
		"dateICUOverCapacity":"Mon 30 Mar 2020 05:59:40",
		"dateHospitalsOverCapacity":""
	},
	"summaryAug1":{
		"totalProjectedDeaths":1.0415407443589129e4,
		"totalProjectedPCRConfirmed":1.2144800531394976e5,
		"totalProjectedInfected":1.1127541864099845e6,
		"totalInfectedFraction":0.11210987486156808,
		"fatalityRate":9.360025395358669e-3,
		"fatalityRateSymptomatic":1.3371464850512384e-2,
		"fatalityRatePCR":8.576021826513107e-2,
		"fractionOfSymptomaticHospitalized":5.7370850966588886e-2,
		"fractionOfSymptomaticHospitalizedOrICU":8.034052304307572e-2,
		"fractionOfPCRHospitalized":0.29513790515877614,
		"fractionOfPCRHospitalizedOrICU":0.4133028057070771,
		"fractionHospitalizedInICU":0.2859039399603026,
		"fractionOfDeathInICU":0.7325962118687781,
		"fractionDeathOfHospitalizedOrICU":0.17147598499007566,
		"fractionOfInfectionsPCRConfirmed":0.10914180939257623,
		"fractionOfDeathsReported":0.8081649472216406,
		"fractionOfHospitalizationsReported":0.8020968450168598,
		"dateContained":"",
		"dateICUOverCapacity":"Mon 30 Mar 2020 05:59:40",
		"dateHospitalsOverCapacity":""
	}
}