{
	"distancingLevel":0.11,
	"id":"scenario3",
	"distancingDays":60,
	"maintain":false,
	"name":"Wuhan",
	"gradual":false,
	"events":{
		"herd":{
			"eventName":"herd",
			"day":3.0836314439158735e2,
			"thresholdCrossed":0.6999999999999995
		},
		"icu":{
			"eventName":"icu",
			"day":2.7942479797493525e2,
			"thresholdCrossed":1.1338772664811961e-4
		},
		"hospital":{
			"eventName":"hospital",
			"day":2.8716804034088784e2,
			"thresholdCrossed":9.548563621230189e-4
		}
	},
	"summary":{
		"totalProjectedDeaths":3.359843260161121e2,
		"totalProjectedPCRConfirmed":5.438630494012079e3,
		"totalProjectedInfected":3.534573958935423e4,
		"totalInfectedFraction":8.781273134823877e-3,
		"fatalityRate":9.505652729849996e-3,
		"fatalityRateSymptomatic":1.357950389978571e-2,
		"fatalityRatePCR":6.1777376930834e-2,
		"fractionOfSymptomaticHospitalized":5.993655887923983e-2,
		"fractionOfSymptomaticHospitalizedOrICU":8.436728731286644e-2,
		"fractionOfPCRHospitalized":0.22005470874210478,
		"fractionOfPCRHospitalizedOrICU":0.3097511632991795,
		"fractionHospitalizedInICU":0.2895758440475637,
		"fractionOfDeathInICU":0.7289131498180351,
		"fractionDeathOfHospitalizedOrICU":0.17239396101189092,
		"fractionOfInfectionsPCRConfirmed":0.15386947782668942,
		"fractionOfDeathsReported":0.8122904785503002,
		"fractionOfHospitalizationsReported":0.8070367297069274,
		"dateContained":"Sun 7 Jun 2020 05:42:24",
		"dateICUOverCapacity":"Mon 5 Oct 2020 10:11:42",
		"dateHospitalsOverCapacity":"Tue 13 Oct 2020 04:01:58"
	},
	"summaryAug1":{
		"totalProjectedDeaths":3.359843260161121e2,
		"totalProjectedPCRConfirmed":5.438630494012079e3,
		"totalProjectedInfected":3.534573958935423e4,
		"totalInfectedFraction":8.781273134823877e-3,
		"fatalityRate":9.505652729849996e-3,
		"fatalityRateSymptomatic":1.357950389978571e-2,
		"fatalityRatePCR":6.1777376930834e-2,
		"fractionOfSymptomaticHospitalized":5.993655887923983e-2,
		"fractionOfSymptomaticHospitalizedOrICU":8.436728731286644e-2,
		"fractionOfPCRHospitalized":0.22005470874210478,
		"fractionOfPCRHospitalizedOrICU":0.3097511632991795,
		"fractionHospitalizedInICU":0.2895758440475637,
		"fractionOfDeathInICU":0.7289131498180351,
		"fractionDeathOfHospitalizedOrICU":0.17239396101189092,
		"fractionOfInfectionsPCRConfirmed":0.15386947782668942,
		"fractionOfDeathsReported":0.8122904785503002,
		"fractionOfHospitalizationsReported":0.8070367297069274,
		"dateContained":"Sun 7 Jun 2020 05:42:24",
		"dateICUOverCapacity":"Mon 5 Oct 2020 10:11:42",
		"dateHospitalsOverCapacity":"Tue 13 Oct 2020 04:01:58"
	}
}