{
	"distancingLevel":0.11,
	"id":"scenario3",
	"distancingDays":60,
	"maintain":false,
	"name":"Wuhan",
	"events":{
		"herd":{
			"eventName":"herd",
			"day":2.89916471029886e2,
			"thresholdCrossed":0.6999999999999824
		},
		"icu":{
			"eventName":"icu",
			"day":2.617031012840791e2,
			"thresholdCrossed":1.6198246664018298e-4
		},
		"hospital":{
			"eventName":"hospital",
			"day":2.660529580116036e2,
			"thresholdCrossed":9.548563621663129e-4
		}
	},
	"summary":{
		"totalProjectedDeaths":3.7338850182057424e4,
		"totalProjectedPCRConfirmed":9.838027937882218e5,
		"totalProjectedInfected":2.965068219335704e6,
		"totalInfectedFraction":0.7366396685957248,
		"fatalityRate":1.259291436823091e-2,
		"fatalityRateSymptomatic":1.7989877668901297e-2,
		"fatalityRatePCR":3.7953592343726535e-2,
		"fractionOfSymptomaticHospitalized":7.728648019764339e-2,
		"fractionOfPCRHospitalized":0.23904466909913666,
		"fractionHospitalizedInICU":0.29039695853176706,
		"fractionDeathOfHospitalized":0.1126650707721265,
		"fractionOfInfectionsPCRConfirmed":0.3317976926711769,
		"dateContained":"Tue 12 May 2020 00:00:00",
		"dateICUOverCapacity":"Thu 17 Sep 2020 16:52:27",
		"dateHospitalsOverCapacity":"Tue 22 Sep 2020 01:16:15"
	},
	"summaryAug1":{
		"totalProjectedDeaths":1.8629273293283455e2,
		"totalProjectedPCRConfirmed":2.901281881751349e3,
		"totalProjectedInfected":1.503721934690263e4,
		"totalInfectedFraction":3.73583724113615e-3,
		"fatalityRate":1.2388775386933969e-2,
		"fatalityRateSymptomatic":1.7698250552762813e-2,
		"fatalityRatePCR":6.421049057817835e-2,
		"fractionOfSymptomaticHospitalized":7.67362713065058e-2,
		"fractionOfPCRHospitalized":0.24946119231267885,
		"fractionHospitalizedInICU":0.2903969585317669,
		"fractionDeathOfHospitalized":0.18264948942973072,
		"fractionOfInfectionsPCRConfirmed":0.19294005193513095,
		"dateContained":"Tue 12 May 2020 00:00:00",
		"dateICUOverCapacity":"Thu 17 Sep 2020 16:52:27",
		"dateHospitalsOverCapacity":"Tue 22 Sep 2020 01:16:15"
	}
}