{
	"distancingLevel":0.11,
	"id":"scenario3",
	"distancingDays":60,
	"maintain":false,
	"name":"Wuhan",
	"gradual":false,
	"events":{
		"herd":{
			"eventName":"herd",
			"day":3.055008524328939e2,
			"thresholdCrossed":0.7000000000000003
		},
		"icu":{
			"eventName":"icu",
			"day":2.721850410014472e2,
			"thresholdCrossed":1.6198246664018306e-4
		},
		"hospital":{
			"eventName":"hospital",
			"day":2.7711195922451583e2,
			"thresholdCrossed":9.548563621663155e-4
		}
	},
	"summary":{
		"totalProjectedDeaths":1.9224745554317616e2,
		"totalProjectedPCRConfirmed":2.9546508774861286e3,
		"totalProjectedInfected":1.8442030384342794e4,
		"totalInfectedFraction":4.58172633667032e-3,
		"fatalityRate":1.0424419195534643e-2,
		"fatalityRateSymptomatic":1.489202742219235e-2,
		"fatalityRatePCR":6.50660479070691e-2,
		"fractionOfSymptomaticHospitalized":7.025131021906786e-2,
		"fractionOfSymptomaticHospitalizedOrICU":9.900085838655868e-2,
		"fractionOfPCRHospitalized":0.24417175521663198,
		"fractionOfPCRHospitalizedOrICU":0.34409626361158,
		"fractionHospitalizedInICU":0.29039695853176706,
		"fractionOfDeathInICU":0.7207228657498458,
		"fractionDeathOfHospitalizedOrICU":0.17259923963294177,
		"fractionOfInfectionsPCRConfirmed":0.16021288415155277,
		"fractionOfDeathsReported":0.8070501028648985,
		"fractionOfHospitalizationsReported":0.7955003871024015,
		"dateContained":"Tue 12 May 2020 12:12:51",
		"dateICUOverCapacity":"Mon 28 Sep 2020 04:26:27",
		"dateHospitalsOverCapacity":"Sat 3 Oct 2020 02:41:13"
	},
	"summaryAug1":{
		"totalProjectedDeaths":1.9224745554317616e2,
		"totalProjectedPCRConfirmed":2.9546508774861286e3,
		"totalProjectedInfected":1.8442030384342794e4,
		"totalInfectedFraction":4.58172633667032e-3,
		"fatalityRate":1.0424419195534643e-2,
		"fatalityRateSymptomatic":1.489202742219235e-2,
		"fatalityRatePCR":6.50660479070691e-2,
		"fractionOfSymptomaticHospitalized":7.025131021906786e-2,
		"fractionOfSymptomaticHospitalizedOrICU":9.900085838655868e-2,
		"fractionOfPCRHospitalized":0.24417175521663198,
		"fractionOfPCRHospitalizedOrICU":0.34409626361158,
		"fractionHospitalizedInICU":0.29039695853176706,
		"fractionOfDeathInICU":0.7207228657498458,
		"fractionDeathOfHospitalizedOrICU":0.17259923963294177,
		"fractionOfInfectionsPCRConfirmed":0.16021288415155277,
		"fractionOfDeathsReported":0.8070501028648985,
		"fractionOfHospitalizationsReported":0.7955003871024015,
		"dateContained":"Tue 12 May 2020 12:12:51",
		"dateICUOverCapacity":"Mon 28 Sep 2020 04:26:27",
		"dateHospitalsOverCapacity":"Sat 3 Oct 2020 02:41:13"
	}
}