{
	"distancingLevel":0.11,
	"id":"scenario3",
	"distancingDays":60,
	"maintain":false,
	"name":"Wuhan",
	"gradual":false,
	"events":{
		"herd":{
			"eventName":"herd",
			"day":2.881742154250449e2,
			"thresholdCrossed":0.70000000000061
		},
		"icu":{
			"eventName":"icu",
			"day":2.611876224867049e2,
			"thresholdCrossed":1.6198246664016796e-4
		},
		"hospital":{
			"eventName":"hospital",
			"day":2.659056078302822e2,
			"thresholdCrossed":9.548563621663174e-4
		}
	},
	"summary":{
		"totalProjectedDeaths":3.747235389557351e4,
		"totalProjectedPCRConfirmed":9.846789078713408e5,
		"totalProjectedInfected":2.853001469176222e6,
		"totalInfectedFraction":0.7087978762350162,
		"fatalityRate":1.3134361934413342e-2,
		"fatalityRateSymptomatic":1.876337419201906e-2,
		"fatalityRatePCR":3.805540425008239e-2,
		"fractionOfSymptomaticHospitalized":7.7286480294628e-2,
		"fractionOfSymptomaticHospitalizedOrICU":0.10891509164717683,
		"fractionOfPCRHospitalized":0.21692768165599954,
		"fractionOfPCRHospitalizedOrICU":0.30570286340255315,
		"fractionHospitalizedInICU":0.29039695853176734,
		"fractionOfDeathInICU":0.7116716408201094,
		"fractionDeathOfHospitalizedOrICU":0.16583099631548323,
		"fractionOfInfectionsPCRConfirmed":0.34513789022185737,
		"dateContained":"Wed 20 May 2020 00:00:00",
		"dateICUOverCapacity":"Thu 17 Sep 2020 04:30:10",
		"dateHospitalsOverCapacity":"Mon 21 Sep 2020 21:44:04"
	},
	"summaryAug1":{
		"totalProjectedDeaths":2.335654684045665e2,
		"totalProjectedPCRConfirmed":3.527510535225216e3,
		"totalProjectedInfected":1.7884158742003376e4,
		"totalInfectedFraction":4.443129059531134e-3,
		"fatalityRate":1.3059908032241198e-2,
		"fatalityRateSymptomatic":1.8657011474630284e-2,
		"fatalityRatePCR":6.621255020281729e-2,
		"fractionOfSymptomaticHospitalized":7.693912025723351e-2,
		"fractionOfSymptomaticHospitalizedOrICU":0.10842557847277473,
		"fractionOfPCRHospitalized":0.22875075079826931,
		"fractionOfPCRHospitalizedOrICU":0.32236438886305124,
		"fractionHospitalizedInICU":0.29039695853176717,
		"fractionOfDeathInICU":0.7119790885301021,
		"fractionDeathOfHospitalizedOrICU":0.16583099631548318,
		"fractionOfInfectionsPCRConfirmed":0.19724218433268423,
		"dateContained":"Wed 20 May 2020 00:00:00",
		"dateICUOverCapacity":"Thu 17 Sep 2020 04:30:10",
		"dateHospitalsOverCapacity":"Mon 21 Sep 2020 21:44:04"
	}
}