{
	"distancingLevel":0.11,
	"id":"scenario3",
	"distancingDays":60,
	"maintain":false,
	"name":"Wuhan",
	"gradual":false,
	"events":{
		"herd":{
			"eventName":"herd",
			"day":3.6066463556452754e2,
			"thresholdCrossed":0.7000000000002725
		},
		"icu":{
			"eventName":"icu",
			"day":3.1993651505739564e2,
			"thresholdCrossed":1.1338772664812141e-4
		},
		"hospital":{
			"eventName":"hospital",
			"day":3.313595524997306e2,
			"thresholdCrossed":9.548563621663143e-4
		}
	},
	"summary":{
		"totalProjectedDeaths":3.00159835135351e2,
		"totalProjectedPCRConfirmed":4.749143940321215e3,
		"totalProjectedInfected":3.1577508161549584e4,
		"totalInfectedFraction":7.845096107911523e-3,
		"fatalityRate":9.505494657771672e-3,
		"fatalityRateSymptomatic":1.3579278082530963e-2,
		"fatalityRatePCR":6.32029348672572e-2,
		"fractionOfSymptomaticHospitalized":5.971060803039286e-2,
		"fractionOfSymptomaticHospitalizedOrICU":8.404923668500733e-2,
		"fractionOfPCRHospitalized":0.22449873505387288,
		"fractionOfPCRHospitalizedOrICU":0.31600661826158877,
		"fractionHospitalizedInICU":0.2895758440475638,
		"fractionOfDeathInICU":0.7293842909137663,
		"fractionDeathOfHospitalizedOrICU":0.17239396101189094,
		"fractionOfInfectionsPCRConfirmed":0.15039641240926094,
		"fractionOfDeathsReported":0.8128691241522473,
		"fractionOfHospitalizationsReported":0.8077962659339911,
		"dateContained":"Thu 11 Jun 2020 02:01:35",
		"dateICUOverCapacity":"Sat 14 Nov 2020 22:28:34",
		"dateHospitalsOverCapacity":"Thu 26 Nov 2020 08:37:45"
	},
	"summaryAug1":{
		"totalProjectedDeaths":3.00159835135351e2,
		"totalProjectedPCRConfirmed":4.749143940321215e3,
		"totalProjectedInfected":3.1577508161549584e4,
		"totalInfectedFraction":7.845096107911523e-3,
		"fatalityRate":9.505494657771672e-3,
		"fatalityRateSymptomatic":1.3579278082530963e-2,
		"fatalityRatePCR":6.32029348672572e-2,
		"fractionOfSymptomaticHospitalized":5.971060803039286e-2,
		"fractionOfSymptomaticHospitalizedOrICU":8.404923668500733e-2,
		"fractionOfPCRHospitalized":0.22449873505387288,
		"fractionOfPCRHospitalizedOrICU":0.31600661826158877,
		"fractionHospitalizedInICU":0.2895758440475638,
		"fractionOfDeathInICU":0.7293842909137663,
		"fractionDeathOfHospitalizedOrICU":0.17239396101189094,
		"fractionOfInfectionsPCRConfirmed":0.15039641240926094,
		"fractionOfDeathsReported":0.8128691241522473,
		"fractionOfHospitalizationsReported":0.8077962659339911,
		"dateContained":"Thu 11 Jun 2020 02:01:35",
		"dateICUOverCapacity":"Sat 14 Nov 2020 22:28:34",
		"dateHospitalsOverCapacity":"Thu 26 Nov 2020 08:37:45"
	}
}