{
	"distancingLevel":0.11,
	"id":"scenario3",
	"distancingDays":60,
	"maintain":false,
	"name":"Wuhan",
	"gradual":false,
	"events":{
		"herd":{
			"eventName":"herd",
			"day":3.071547683160799e2,
			"thresholdCrossed":0.6999999999999994
		},
		"icu":{
			"eventName":"icu",
			"day":2.733131871642445e2,
			"thresholdCrossed":1.6198246664018292e-4
		},
		"hospital":{
			"eventName":"hospital",
			"day":2.7877798849087145e2,
			"thresholdCrossed":9.548563621663072e-4
		}
	},
	"summary":{
		"totalProjectedDeaths":1.8678855147008997e2,
		"totalProjectedPCRConfirmed":3.068393056601619e3,
		"totalProjectedInfected":1.791248403073855e4,
		"totalInfectedFraction":4.450166176306623e-3,
		"fatalityRate":1.0427841897838025e-2,
		"fatalityRateSymptomatic":1.4896916996911464e-2,
		"fatalityRatePCR":6.0875040460744156e-2,
		"fractionOfSymptomaticHospitalized":7.169922995083297e-2,
		"fractionOfSymptomaticHospitalizedOrICU":0.1010413227689678,
		"fractionOfPCRHospitalized":0.23245493197526393,
		"fractionOfPCRHospitalizedOrICU":0.3275844639762163,
		"fractionHospitalizedInICU":0.2903969585317669,
		"fractionOfDeathInICU":0.8630834300565943,
		"fractionDeathOfHospitalizedOrICU":0.1658309963154831,
		"fractionOfInfectionsPCRConfirmed":0.17129913703404462,
		"fractionOfDeathsReported":0.8060263333052816,
		"fractionOfHospitalizationsReported":0.7933802930056564,
		"dateContained":"Sun 10 May 2020 22:15:43",
		"dateICUOverCapacity":"Tue 29 Sep 2020 07:30:59",
		"dateHospitalsOverCapacity":"Sun 4 Oct 2020 18:40:18"
	},
	"summaryAug1":{
		"totalProjectedDeaths":1.8678855147008997e2,
		"totalProjectedPCRConfirmed":3.068393056601619e3,
		"totalProjectedInfected":1.791248403073855e4,
		"totalInfectedFraction":4.450166176306623e-3,
		"fatalityRate":1.0427841897838025e-2,
		"fatalityRateSymptomatic":1.4896916996911464e-2,
		"fatalityRatePCR":6.0875040460744156e-2,
		"fractionOfSymptomaticHospitalized":7.169922995083297e-2,
		"fractionOfSymptomaticHospitalizedOrICU":0.1010413227689678,
		"fractionOfPCRHospitalized":0.23245493197526393,
		"fractionOfPCRHospitalizedOrICU":0.3275844639762163,
		"fractionHospitalizedInICU":0.2903969585317669,
		"fractionOfDeathInICU":0.8630834300565943,
		"fractionDeathOfHospitalizedOrICU":0.1658309963154831,
		"fractionOfInfectionsPCRConfirmed":0.17129913703404462,
		"fractionOfDeathsReported":0.8060263333052816,
		"fractionOfHospitalizationsReported":0.7933802930056564,
		"dateContained":"Sun 10 May 2020 22:15:43",
		"dateICUOverCapacity":"Tue 29 Sep 2020 07:30:59",
		"dateHospitalsOverCapacity":"Sun 4 Oct 2020 18:40:18"
	}
}