{
	"distancingLevel":0.11,
	"id":"scenario3",
	"distancingDays":60,
	"maintain":false,
	"name":"Wuhan",
	"events":{
		"herd":{
			"eventName":"herd",
			"day":2.709225917886782e2,
			"thresholdCrossed":0.7000000000000015
		},
		"icu":{
			"eventName":"icu",
			"day":2.436172495625097e2,
			"thresholdCrossed":1.619824666401831e-4
		},
		"hospital":{
			"eventName":"hospital",
			"day":2.4783182298635236e2,
			"thresholdCrossed":9.548563621663166e-4
		}
	},
	"summary":{
		"totalProjectedDeaths":3.782174237718499e4,
		"totalProjectedPCRConfirmed":9.930853337266323e5,
		"totalProjectedInfected":3.0033696392627107e6,
		"totalInfectedFraction":0.7461552490797708,
		"fatalityRate":1.2593102721272018e-2,
		"fatalityRateSymptomatic":1.799014674467431e-2,
		"fatalityRatePCR":3.8085088051049834e-2,
		"fractionOfSymptomaticHospitalized":7.728648029466226e-2,
		"fractionOfPCRHospitalized":0.23911879404937636,
		"fractionHospitalizedInICU":0.2903969585317671,
		"fractionDeathOfHospitalized":0.11302036890513041,
		"fractionOfInfectionsPCRConfirmed":0.33065704625369463,
		"dateContained":"Wed 27 May 2020 00:00:00",
		"dateICUOverCapacity":"Sun 30 Aug 2020 14:48:50",
		"dateHospitalsOverCapacity":"Thu 3 Sep 2020 19:57:49"
	},
	"summaryAug1":{
		"totalProjectedDeaths":4.65407918088616e2,
		"totalProjectedPCRConfirmed":7.079787371747054e3,
		"totalProjectedInfected":3.895813407542066e4,
		"totalInfectedFraction":9.678734130729456e-3,
		"fatalityRate":1.1946360603092888e-2,
		"fatalityRateSymptomatic":1.7066229432989844e-2,
		"fatalityRatePCR":6.573755589693211e-2,
		"fractionOfSymptomaticHospitalized":7.430215244569102e-2,
		"fractionOfPCRHospitalized":0.2489741206472072,
		"fractionHospitalizedInICU":0.29039695853176695,
		"fractionDeathOfHospitalized":0.18735910978173484,
		"fractionOfInfectionsPCRConfirmed":0.1817280919574074,
		"dateContained":"Wed 27 May 2020 00:00:00",
		"dateICUOverCapacity":"Sun 30 Aug 2020 14:48:50",
		"dateHospitalsOverCapacity":"Thu 3 Sep 2020 19:57:49"
	}
}