{
	"distancingLevel":0.11,
	"id":"scenario3",
	"distancingDays":60,
	"maintain":false,
	"name":"Wuhan",
	"gradual":false,
	"events":{
		"herd":{
			"eventName":"herd",
			"day":3.092962318962117e2,
			"thresholdCrossed":0.6999999999999994
		},
		"icu":{
			"eventName":"icu",
			"day":2.76860139076853e2,
			"thresholdCrossed":1.1338772664812832e-4
		},
		"hospital":{
			"eventName":"hospital",
			"day":2.848694818647014e2,
			"thresholdCrossed":9.548563620961487e-4
		}
	},
	"summary":{
		"totalProjectedDeaths":2.958762143503219e2,
		"totalProjectedPCRConfirmed":4.724949795135549e3,
		"totalProjectedInfected":3.1073478355505475e4,
		"totalInfectedFraction":7.719875262446495e-3,
		"fatalityRate":9.521824720273058e-3,
		"fatalityRateSymptomatic":1.3602606743247229e-2,
		"fatalityRatePCR":6.26199699846406e-2,
		"fractionOfSymptomaticHospitalized":5.996980344622949e-2,
		"fractionOfSymptomaticHospitalizedOrICU":8.441408269096713e-2,
		"fractionOfPCRHospitalized":0.22245960426642464,
		"fractionOfPCRHospitalizedOrICU":0.3131363177933924,
		"fractionHospitalizedInICU":0.28957584404756365,
		"fractionOfDeathInICU":0.7290323512308227,
		"fractionDeathOfHospitalizedOrICU":0.17239396101189092,
		"fractionOfInfectionsPCRConfirmed":0.1520573184977343,
		"fractionOfDeathsReported":0.8117772117886712,
		"fractionOfHospitalizationsReported":0.8058010378303975,
		"dateContained":"Tue 2 Jun 2020 22:09:40",
		"dateICUOverCapacity":"Fri 2 Oct 2020 20:38:36",
		"dateHospitalsOverCapacity":"Sat 10 Oct 2020 20:52:03"
	},
	"summaryAug1":{
		"totalProjectedDeaths":2.958762143503219e2,
		"totalProjectedPCRConfirmed":4.724949795135549e3,
		"totalProjectedInfected":3.1073478355505475e4,
		"totalInfectedFraction":7.719875262446495e-3,
		"fatalityRate":9.521824720273058e-3,
		"fatalityRateSymptomatic":1.3602606743247229e-2,
		"fatalityRatePCR":6.26199699846406e-2,
		"fractionOfSymptomaticHospitalized":5.996980344622949e-2,
		"fractionOfSymptomaticHospitalizedOrICU":8.441408269096713e-2,
		"fractionOfPCRHospitalized":0.22245960426642464,
		"fractionOfPCRHospitalizedOrICU":0.3131363177933924,
		"fractionHospitalizedInICU":0.28957584404756365,
		"fractionOfDeathInICU":0.7290323512308227,
		"fractionDeathOfHospitalizedOrICU":0.17239396101189092,
		"fractionOfInfectionsPCRConfirmed":0.1520573184977343,
		"fractionOfDeathsReported":0.8117772117886712,
		"fractionOfHospitalizationsReported":0.8058010378303975,
		"dateContained":"Tue 2 Jun 2020 22:09:40",
		"dateICUOverCapacity":"Fri 2 Oct 2020 20:38:36",
		"dateHospitalsOverCapacity":"Sat 10 Oct 2020 20:52:03"
	}
}