{
	"distancingLevel":0.7,
	"id":"scenario8",
	"distancingDays":597,
	"maintain":false,
	"name":"relaxed restrictions",
	"gradual":false,
	"events":{
		"herd":{
			"eventName":"herd",
			"day":2.3821723333918843e2,
			"thresholdCrossed":0.7
		},
		"icu":{
			"eventName":"icu",
			"day":1.532614930681976e2,
			"thresholdCrossed":1.6227790937433073e-4
		},
		"hospital":{
			"eventName":"hospital",
			"day":1.7379953830904023e2,
			"thresholdCrossed":1.0340795313414613e-3
		}
	},
	"summary":{
		"totalProjectedDeaths":3.2715995085453917e4,
		"totalProjectedPCRConfirmed":6.3335514624444e5,
		"totalProjectedInfected":4.0908089626988573e6,
		"totalInfectedFraction":0.4009954250175445,
		"fatalityRate":7.997438986705937e-3,
		"fatalityRateSymptomatic":1.142491283815134e-2,
		"fatalityRatePCR":5.16550552710396e-2,
		"fractionOfSymptomaticHospitalized":5.606348518793475e-2,
		"fractionOfSymptomaticHospitalizedOrICU":7.643143485621841e-2,
		"fractionOfPCRHospitalized":0.19386719483930598,
		"fractionOfPCRHospitalizedOrICU":0.26429944238120706,
		"fractionHospitalizedInICU":0.26648655368827656,
		"fractionOfDeathInICU":0.6653566229757675,
		"fractionDeathOfHospitalizedOrICU":0.16662163842206915,
		"fractionOfInfectionsPCRConfirmed":0.1548239362970869,
		"fractionOfDeathsReported":0.7652914806092659,
		"fractionOfHospitalizationsReported":0.7648289160373686,
		"dateContained":"Mon 11 Jan 2021 09:44:45",
		"dateICUOverCapacity":"Mon 1 Jun 2020 06:16:33",
		"dateHospitalsOverCapacity":"Sun 21 Jun 2020 19:11:20"
	},
	"summaryAug1":{
		"totalProjectedDeaths":2.1273300278463837e4,
		"totalProjectedPCRConfirmed":5.0274424507806054e5,
		"totalProjectedInfected":3.473448044253643e6,
		"totalInfectedFraction":0.3404795451173898,
		"fatalityRate":6.124548289604527e-3,
		"fatalityRateSymptomatic":8.74935469943504e-3,
		"fatalityRatePCR":4.231435861620009e-2,
		"fractionOfSymptomaticHospitalized":4.913141236237834e-2,
		"fractionOfSymptomaticHospitalizedOrICU":6.698092940139343e-2,
		"fractionOfPCRHospitalized":0.18167469502245565,
		"fractionOfPCRHospitalizedOrICU":0.24767738878674736,
		"fractionHospitalizedInICU":0.2664865536882765,
		"fractionOfDeathInICU":0.6545721975342877,
		"fractionDeathOfHospitalizedOrICU":0.16662163842206915,
		"fractionOfInfectionsPCRConfirmed":0.14473924431078908,
		"fractionOfDeathsReported":0.7651523980012803,
		"fractionOfHospitalizationsReported":0.7645809125126366,
		"dateContained":"Mon 11 Jan 2021 09:44:45",
		"dateICUOverCapacity":"Mon 1 Jun 2020 06:16:33",
		"dateHospitalsOverCapacity":"Sun 21 Jun 2020 19:11:20"
	}
}