{
	"distancingLevel":0.7,
	"id":"scenario8",
	"distancingDays":603,
	"maintain":false,
	"name":"relaxed restrictions",
	"gradual":false,
	"events":{
		"herd":{
			"eventName":"herd",
			"day":2.633764724758082e2,
			"thresholdCrossed":0.7000000000000001
		},
		"icu":{
			"eventName":"icu",
			"day":1.7784672767896234e2,
			"thresholdCrossed":1.4355053601779633e-4
		}
	},
	"summary":{
		"totalProjectedDeaths":7.9878370772154e4,
		"totalProjectedPCRConfirmed":1.6566785717847606e6,
		"totalProjectedInfected":1.0948723244243693e7,
		"totalInfectedFraction":0.39930263215408346,
		"fatalityRate":7.295679047705419e-3,
		"fatalityRateSymptomatic":1.0422398639579172e-2,
		"fatalityRatePCR":4.821597389655377e-2,
		"fractionOfSymptomaticHospitalized":5.322813955909128e-2,
		"fractionOfSymptomaticHospitalizedOrICU":7.204671117748807e-2,
		"fractionOfPCRHospitalized":0.18069979526398014,
		"fractionOfPCRHospitalizedOrICU":0.24458540289130967,
		"fractionHospitalizedInICU":0.26119959274805726,
		"fractionOfDeathInICU":0.6667502084826706,
		"fractionDeathOfHospitalizedOrICU":0.16529989818701432,
		"fractionOfInfectionsPCRConfirmed":0.15131248957779272,
		"fractionOfDeathsReported":0.7339084080447814,
		"fractionOfHospitalizationsReported":0.733826026020809,
		"dateContained":"Sun 31 Jan 2021 15:00:34",
		"dateICUOverCapacity":"Thu 25 Jun 2020 20:19:17",
		"dateHospitalsOverCapacity":""
	},
	"summaryAug1":{
		"totalProjectedDeaths":2.758967794361052e4,
		"totalProjectedPCRConfirmed":8.78566086826544e5,
		"totalProjectedInfected":6.691710910065637e6,
		"totalInfectedFraction":0.24404834430427524,
		"fatalityRate":4.1229632173903795e-3,
		"fatalityRateSymptomatic":5.889947453414828e-3,
		"fatalityRatePCR":3.140307639607033e-2,
		"fractionOfSymptomaticHospitalized":3.919083779501789e-2,
		"fractionOfSymptomaticHospitalizedOrICU":5.3046583908626856e-2,
		"fractionOfPCRHospitalized":0.15330339543671614,
		"fractionOfPCRHospitalizedOrICU":0.2075031279516298,
		"fractionHospitalizedInICU":0.261199592748057,
		"fractionOfDeathInICU":0.6450015093929673,
		"fractionDeathOfHospitalizedOrICU":0.1652998981870142,
		"fractionOfInfectionsPCRConfirmed":0.1312916978384421,
		"fractionOfDeathsReported":0.733837501229012,
		"fractionOfHospitalizationsReported":0.733679612149524,
		"dateContained":"Sun 31 Jan 2021 15:00:34",
		"dateICUOverCapacity":"Thu 25 Jun 2020 20:19:17",
		"dateHospitalsOverCapacity":""
	}
}