{
	"distancingLevel":0.7,
	"id":"scenario8",
	"distancingDays":610,
	"maintain":false,
	"name":"relaxed restrictions",
	"gradual":false,
	"events":{
		"icu":{
			"eventName":"icu",
			"day":1.810665014636893e2,
			"thresholdCrossed":1.7431136516446696e-4
		}
	},
	"summary":{
		"totalProjectedDeaths":6.291109793054922e4,
		"totalProjectedPCRConfirmed":2.2533449744880507e6,
		"totalProjectedInfected":8.623481613094566e6,
		"totalInfectedFraction":0.3145004974211366,
		"fatalityRate":7.295324644169254e-3,
		"fatalityRateSymptomatic":1.042189234881322e-2,
		"fatalityRatePCR":2.791898206569206e-2,
		"fractionOfSymptomaticHospitalized":5.322683098544929e-2,
		"fractionOfSymptomaticHospitalizedOrICU":7.204493996346441e-2,
		"fractionOfPCRHospitalized":0.1046379867133085,
		"fractionOfPCRHospitalizedOrICU":0.14163228077055628,
		"fractionHospitalizedInICU":0.26119959274805704,
		"fractionOfDeathInICU":0.666747151704661,
		"fractionDeathOfHospitalizedOrICU":0.16529989818701427,
		"fractionOfInfectionsPCRConfirmed":0.26130338946469095,
		"fractionOfDeathsReported":0.7339174745770876,
		"fractionOfHospitalizationsReported":0.7338474140828767,
		"dateContained":"Tue 2 Feb 2021 15:02:10",
		"dateICUOverCapacity":"Mon 29 Jun 2020 01:35:45",
		"dateHospitalsOverCapacity":""
	},
	"summaryAug1":{
		"totalProjectedDeaths":2.582339939173534e4,
		"totalProjectedPCRConfirmed":1.3339777470758588e6,
		"totalProjectedInfected":5.698204504185643e6,
		"totalInfectedFraction":0.20781492109318114,
		"fatalityRate":4.5318484748602195e-3,
		"fatalityRateSymptomatic":6.474069249800313e-3,
		"fatalityRatePCR":1.935819352934592e-2,
		"fractionOfSymptomaticHospitalized":4.135058366110914e-2,
		"fractionOfSymptomaticHospitalizedOrICU":5.596989830435749e-2,
		"fractionOfPCRHospitalized":9.072347666181799e-2,
		"fractionOfPCRHospitalizedOrICU":0.1227983576772445,
		"fractionHospitalizedInICU":0.26119959274805704,
		"fractionOfDeathInICU":0.6483698057662598,
		"fractionDeathOfHospitalizedOrICU":0.16529989818701427,
		"fractionOfInfectionsPCRConfirmed":0.2341049265774823,
		"fractionOfDeathsReported":0.7338767627035434,
		"fractionOfHospitalizationsReported":0.7337541218914353,
		"dateContained":"Tue 2 Feb 2021 15:02:10",
		"dateICUOverCapacity":"Mon 29 Jun 2020 01:35:45",
		"dateHospitalsOverCapacity":""
	}
}