{
	"distancingLevel":0.7,
	"id":"scenario8",
	"distancingDays":597,
	"maintain":false,
	"name":"relaxed restrictions",
	"gradual":false,
	"events":{},
	"summary":{
		"totalProjectedDeaths":7.123035182841051e4,
		"totalProjectedPCRConfirmed":1.4795329608017046e6,
		"totalProjectedInfected":9.760926652858565e6,
		"totalInfectedFraction":0.35598339804584267,
		"fatalityRate":7.297498932393897e-3,
		"fatalityRateSymptomatic":1.0424998474848426e-2,
		"fatalityRatePCR":4.814380869880276e-2,
		"fractionOfSymptomaticHospitalized":5.323379738536984e-2,
		"fractionOfSymptomaticHospitalizedOrICU":7.20543693030427e-2,
		"fractionOfPCRHospitalized":0.180371076362334,
		"fractionOfPCRHospitalizedOrICU":0.2441404668863758,
		"fractionHospitalizedInICU":0.26119959274805704,
		"fractionOfDeathInICU":0.6667695665787664,
		"fractionDeathOfHospitalizedOrICU":0.16529989818701427,
		"fractionOfInfectionsPCRConfirmed":0.15157710055821508,
		"fractionOfDeathsReported":0.733862494963498,
		"fractionOfHospitalizationsReported":0.7336940633959207,
		"dateContained":"",
		"dateICUOverCapacity":"",
		"dateHospitalsOverCapacity":""
	},
	"summaryAug1":{
		"totalProjectedDeaths":2.0208858959303794e4,
		"totalProjectedPCRConfirmed":6.442395617083432e5,
		"totalProjectedInfected":4.940036896885193e6,
		"totalInfectedFraction":0.18016436180370432,
		"fatalityRate":4.090831583068934e-3,
		"fatalityRateSymptomatic":5.844045118669906e-3,
		"fatalityRatePCR":3.136854698229887e-2,
		"fractionOfSymptomaticHospitalized":3.869549069073839e-2,
		"fractionOfSymptomaticHospitalizedOrICU":5.2376109042320276e-2,
		"fractionOfPCRHospitalized":0.15230005943121033,
		"fractionOfPCRHospitalizedOrICU":0.2061450669710764,
		"fractionHospitalizedInICU":0.2611995927480571,
		"fractionOfDeathInICU":0.6457019728856743,
		"fractionDeathOfHospitalizedOrICU":0.1652998981870143,
		"fractionOfInfectionsPCRConfirmed":0.130411892695488,
		"fractionOfDeathsReported":0.733652119902334,
		"fractionOfHospitalizationsReported":0.7332614824664193,
		"dateContained":"",
		"dateICUOverCapacity":"",
		"dateHospitalsOverCapacity":""
	}
}