{
	"distancingLevel":0.7,
	"id":"scenario8",
	"distancingDays":590,
	"maintain":false,
	"name":"relaxed restrictions",
	"gradual":false,
	"events":{
		"icu":{
			"eventName":"icu",
			"day":2.0499304201915731e2,
			"thresholdCrossed":1.4355053601779576e-4
		}
	},
	"summary":{
		"totalProjectedDeaths":4.778282038726119e4,
		"totalProjectedPCRConfirmed":9.929972589311741e5,
		"totalProjectedInfected":6.547839172658059e6,
		"totalInfectedFraction":0.23880130662162757,
		"fatalityRate":7.297494505788849e-3,
		"fatalityRateSymptomatic":1.042499215112693e-2,
		"fatalityRatePCR":4.8119790822678477e-2,
		"fractionOfSymptomaticHospitalized":5.323378134083811e-2,
		"fractionOfSymptomaticHospitalizedOrICU":7.205434758603824e-2,
		"fractionOfPCRHospitalized":0.18021644762457523,
		"fractionOfPCRHospitalizedOrICU":0.24393116984722849,
		"fractionHospitalizedInICU":0.261199592748057,
		"fractionOfDeathInICU":0.6667817768945221,
		"fractionDeathOfHospitalizedOrICU":0.1652998981870142,
		"fractionOfInfectionsPCRConfirmed":0.15165266475658906,
		"fractionOfDeathsReported":0.733760347535817,
		"fractionOfHospitalizationsReported":0.7334307498210123,
		"dateContained":"",
		"dateICUOverCapacity":"Wed 22 Jul 2020 23:49:58",
		"dateHospitalsOverCapacity":""
	},
	"summaryAug1":{
		"totalProjectedDeaths":1.3457035453191349e4,
		"totalProjectedPCRConfirmed":3.772217038882723e5,
		"totalProjectedInfected":2.7815554879014012e6,
		"totalInfectedFraction":0.10144401342737458,
		"fatalityRate":4.837953264539861e-3,
		"fatalityRateSymptomatic":6.911361806485516e-3,
		"fatalityRatePCR":3.5674075257284596e-2,
		"fractionOfSymptomaticHospitalized":4.228607513937883e-2,
		"fractionOfSymptomaticHospitalizedOrICU":5.7236128627306766e-2,
		"fractionOfPCRHospitalized":0.1598623988806513,
		"fractionOfPCRHospitalizedOrICU":0.21638103784387278,
		"fractionHospitalizedInICU":0.2611995927480571,
		"fractionOfDeathInICU":0.6524151811658769,
		"fractionDeathOfHospitalizedOrICU":0.1652998981870143,
		"fractionOfInfectionsPCRConfirmed":0.13561537978624852,
		"fractionOfDeathsReported":0.7332872465692888,
		"fractionOfHospitalizationsReported":0.7324194233235559,
		"dateContained":"",
		"dateICUOverCapacity":"Wed 22 Jul 2020 23:49:58",
		"dateHospitalsOverCapacity":""
	}
}