{
	"distancingLevel":0.41571428571428565,
	"id":"scenario6",
	"distancingDays":9,
	"maintain":true,
	"postDistancingLevel":1,
	"name":"Open May 1",
	"gradual":false,
	"events":{
		"herd":{
			"eventName":"herd",
			"day":1.494995754718837e2,
			"thresholdCrossed":0.6999999999999996
		},
		"icu":{
			"eventName":"icu",
			"day":1.0347081995823312e2,
			"thresholdCrossed":1.801358869718745e-4
		},
		"hospital":{
			"eventName":"hospital",
			"day":1.17867375939108e2,
			"thresholdCrossed":9.144354072182938e-4
		}
	},
	"summary":{
		"totalProjectedDeaths":8.462377554549636e4,
		"totalProjectedPCRConfirmed":1.7100403593100915e6,
		"totalProjectedInfected":5.697226392372865e6,
		"totalInfectedFraction":0.8391454860749459,
		"fatalityRate":1.485350409434072e-2,
		"fatalityRateSymptomatic":2.1219291563343887e-2,
		"fatalityRatePCR":4.9486420062996334e-2,
		"fractionOfSymptomaticHospitalized":7.676225730565683e-2,
		"fractionOfSymptomaticHospitalizedOrICU":0.10690472888916525,
		"fractionOfPCRHospitalized":0.20576386011310022,
		"fractionOfPCRHospitalizedOrICU":0.28656178768935303,
		"fractionHospitalizedInICU":0.28195639142173956,
		"fractionOfDeathInICU":0.6020673791857909,
		"fractionDeathOfHospitalizedOrICU":0.1726902266419486,
		"fractionOfInfectionsPCRConfirmed":0.3001531344444026,
		"dateContained":"Thu 3 Sep 2020 00:00:00",
		"dateICUOverCapacity":"Sun 12 Apr 2020 11:17:58",
		"dateHospitalsOverCapacity":"Sun 26 Apr 2020 20:49:01"
	},
	"summaryAug1":{
		"totalProjectedDeaths":8.267923022764707e4,
		"totalProjectedPCRConfirmed":1.7071925424471598e6,
		"totalProjectedInfected":5.695528202573967e6,
		"totalInfectedFraction":0.838895359398191,
		"fatalityRate":1.4516516692917444e-2,
		"fatalityRateSymptomatic":2.0737880989882062e-2,
		"fatalityRatePCR":4.842993872801909e-2,
		"fractionOfSymptomaticHospitalized":7.648764746906694e-2,
		"fractionOfSymptomaticHospitalizedOrICU":0.10652228716374755,
		"fractionOfPCRHospitalized":0.20521308750106104,
		"fractionOfPCRHospitalizedOrICU":0.2857947415023816,
		"fractionHospitalizedInICU":0.28195639142174,
		"fractionOfDeathInICU":0.6035546636965892,
		"fractionDeathOfHospitalizedOrICU":0.16945706724144016,
		"fractionOfInfectionsPCRConfirmed":0.2997426194247677,
		"dateContained":"Thu 3 Sep 2020 00:00:00",
		"dateICUOverCapacity":"Sun 12 Apr 2020 11:17:58",
		"dateHospitalsOverCapacity":"Sun 26 Apr 2020 20:49:01"
	}
}