{
	"distancingLevel":0.41571428571428565,
	"id":"scenario6",
	"distancingDays":5,
	"maintain":true,
	"postDistancingLevel":1,
	"name":"Open May 1",
	"gradual":false,
	"events":{
		"herd":{
			"eventName":"herd",
			"day":1.4943329482144992e2,
			"thresholdCrossed":0.6999999999999997
		},
		"icu":{
			"eventName":"icu",
			"day":1.0602120443115777e2,
			"thresholdCrossed":1.801358869718745e-4
		},
		"hospital":{
			"eventName":"hospital",
			"day":1.2778307925476595e2,
			"thresholdCrossed":9.144354072183098e-4
		}
	},
	"summary":{
		"totalProjectedDeaths":7.193902926435847e4,
		"totalProjectedPCRConfirmed":1.6859694329783127e6,
		"totalProjectedInfected":5.6623197403717255e6,
		"totalInfectedFraction":0.8340040791089247,
		"fatalityRate":1.270486877514899e-2,
		"fatalityRateSymptomatic":1.8149812535927127e-2,
		"fatalityRatePCR":4.266923697262775e-2,
		"fractionOfSymptomaticHospitalized":7.676225730565724e-2,
		"fractionOfSymptomaticHospitalizedOrICU":0.1069047288891659,
		"fractionOfPCRHospitalized":0.22356093790575676,
		"fractionOfPCRHospitalizedOrICU":0.31134729873637024,
		"fractionHospitalizedInICU":0.2819563914217401,
		"fractionOfDeathInICU":0.7039517320994422,
		"fractionDeathOfHospitalizedOrICU":0.16304560916917427,
		"fractionOfInfectionsPCRConfirmed":0.2977524248511672,
		"dateContained":"",
		"dateICUOverCapacity":"Wed 15 Apr 2020 00:30:32",
		"dateHospitalsOverCapacity":"Wed 6 May 2020 18:47:38"
	},
	"summaryAug1":{
		"totalProjectedDeaths":7.138150338561914e4,
		"totalProjectedPCRConfirmed":1.6846277518370925e6,
		"totalProjectedInfected":5.66114662864102e6,
		"totalInfectedFraction":0.8338312912739878,
		"fatalityRate":1.2609018643764496e-2,
		"fatalityRateSymptomatic":1.8012883776806425e-2,
		"fatalityRatePCR":4.237227085198932e-2,
		"fractionOfSymptomaticHospitalized":7.666833519657693e-2,
		"fractionOfSymptomaticHospitalizedOrICU":0.10677392609674735,
		"fractionOfPCRHospitalized":0.22338015244978157,
		"fractionOfPCRHospitalizedOrICU":0.3110955236995683,
		"fractionHospitalizedInICU":0.2819563914217399,
		"fractionOfDeathInICU":0.7035123497655866,
		"fractionDeathOfHospitalizedOrICU":0.16304560916917415,
		"fractionOfInfectionsPCRConfirmed":0.29757712745226916,
		"dateContained":"",
		"dateICUOverCapacity":"Wed 15 Apr 2020 00:30:32",
		"dateHospitalsOverCapacity":"Wed 6 May 2020 18:47:38"
	}
}