{
	"distancingLevel":0.6584661901142858,
	"id":"scenario5",
	"distancingDays":609,
	"maintain":true,
	"name":"Current Indefinite",
	"gradual":false,
	"events":{},
	"summary":{
		"totalProjectedDeaths":3.46329962610571e3,
		"totalProjectedPCRConfirmed":8.736272808775684e4,
		"totalProjectedInfected":3.6504739437111514e5,
		"totalInfectedFraction":0.12224397210222795,
		"fatalityRate":9.487260228420762e-3,
		"fatalityRateSymptomatic":1.3553228897743946e-2,
		"fatalityRatePCR":3.9642759583088875e-2,
		"fractionOfSymptomaticHospitalized":5.892540056385211e-2,
		"fractionOfSymptomaticHospitalizedOrICU":8.197526830257122e-2,
		"fractionOfPCRHospitalized":0.13341485266767214,
		"fractionOfPCRHospitalizedOrICU":0.18560278315171236,
		"fractionHospitalizedInICU":0.28118075385422237,
		"fractionOfDeathInICU":0.7293031189474306,
		"fractionDeathOfHospitalizedOrICU":0.17029518846355557,
		"fractionOfInfectionsPCRConfirmed":0.23931886498809518,
		"fractionOfDeathsReported":0.7748153671732295,
		"fractionOfHospitalizationsReported":0.7740705271279648,
		"dateContained":"Fri 18 Jun 2021 07:15:27",
		"dateICUOverCapacity":"",
		"dateHospitalsOverCapacity":""
	},
	"summaryAug1":{
		"totalProjectedDeaths":2.0847708989243765e3,
		"totalProjectedPCRConfirmed":5.426403426578414e4,
		"totalProjectedInfected":2.5798777984514603e5,
		"totalInfectedFraction":8.639275734712983e-2,
		"fatalityRate":8.08089011105772e-3,
		"fatalityRateSymptomatic":1.1544128730082459e-2,
		"fatalityRatePCR":3.841901781045639e-2,
		"fractionOfSymptomaticHospitalized":5.404278953338788e-2,
		"fractionOfSymptomaticHospitalizedOrICU":7.518272475752262e-2,
		"fractionOfPCRHospitalized":0.13911144382671342,
		"fractionOfPCRHospitalizedOrICU":0.1935277116919341,
		"fractionHospitalizedInICU":0.28118075385422264,
		"fractionOfDeathInICU":0.7239072501409524,
		"fractionDeathOfHospitalizedOrICU":0.17029518846355568,
		"fractionOfInfectionsPCRConfirmed":0.21033567674544684,
		"fractionOfDeathsReported":0.7745688190515202,
		"fractionOfHospitalizationsReported":0.7734638193434524,
		"dateContained":"Fri 18 Jun 2021 07:15:27",
		"dateICUOverCapacity":"",
		"dateHospitalsOverCapacity":""
	}
}