{
	"distancingLevel":0.647142857142857,
	"id":"scenario5",
	"distancingDays":612,
	"maintain":true,
	"name":"Current Indefinite",
	"gradual":false,
	"events":{},
	"summary":{
		"totalProjectedDeaths":3.1497536771656232e3,
		"totalProjectedPCRConfirmed":6.455407355692424e4,
		"totalProjectedInfected":2.690446275547015e5,
		"totalInfectedFraction":9.009538063327603e-2,
		"fatalityRate":1.1707179235627823e-2,
		"fatalityRateSymptomatic":1.6724541765182607e-2,
		"fatalityRatePCR":4.879248517737844e-2,
		"fractionOfSymptomaticHospitalized":7.255359427597799e-2,
		"fractionOfSymptomaticHospitalizedOrICU":0.10104781673779052,
		"fractionOfPCRHospitalized":0.1636869354524571,
		"fractionOfPCRHospitalizedOrICU":0.22797226823877398,
		"fractionHospitalizedInICU":0.2819875122661218,
		"fractionOfDeathInICU":0.7306143217753616,
		"fractionDeathOfHospitalizedOrICU":0.1704968780665304,
		"fractionOfInfectionsPCRConfirmed":0.23993816246637092,
		"fractionOfDeathsReported":0.7745298217703519,
		"fractionOfHospitalizationsReported":0.7733148933191472,
		"dateContained":"Tue 29 Jun 2021 21:38:47",
		"dateICUOverCapacity":"",
		"dateHospitalsOverCapacity":""
	},
	"summaryAug1":{
		"totalProjectedDeaths":2.0496399033551484e3,
		"totalProjectedPCRConfirmed":4.2656912333069704e4,
		"totalProjectedInfected":1.999639484139355e5,
		"totalInfectedFraction":6.696222931128165e-2,
		"fatalityRate":1.0250047169064146e-2,
		"fatalityRateSymptomatic":1.4642924527234496e-2,
		"fatalityRatePCR":4.8049420158480814e-2,
		"fractionOfSymptomaticHospitalized":6.770644170518084e-2,
		"fractionOfSymptomaticHospitalizedOrICU":9.429702527719175e-2,
		"fractionOfPCRHospitalized":0.17162543553333273,
		"fractionOfPCRHospitalizedOrICU":0.23902848274268934,
		"fractionHospitalizedInICU":0.2819875122661219,
		"fractionOfDeathInICU":0.7240301164144736,
		"fractionDeathOfHospitalizedOrICU":0.1704968780665305,
		"fractionOfInfectionsPCRConfirmed":0.213323014830492,
		"fractionOfDeathsReported":0.7741764331788067,
		"fractionOfHospitalizationsReported":0.7724872765322396,
		"dateContained":"Tue 29 Jun 2021 21:38:47",
		"dateICUOverCapacity":"",
		"dateHospitalsOverCapacity":""
	}
}