{
	"distancingLevel":0.647142857142857,
	"id":"scenario5",
	"distancingDays":612,
	"maintain":true,
	"name":"Current Indefinite",
	"gradual":false,
	"events":{},
	"summary":{
		"totalProjectedDeaths":3.623151792145142e3,
		"totalProjectedPCRConfirmed":9.264775926208054e4,
		"totalProjectedInfected":3.8190202268421714e5,
		"totalInfectedFraction":0.1278881069325827,
		"fatalityRate":9.487123861454417e-3,
		"fatalityRateSymptomatic":1.3553034087792024e-2,
		"fatalityRatePCR":3.9106739558546974e-2,
		"fractionOfSymptomaticHospitalized":5.892507553057886e-2,
		"fractionOfSymptomaticHospitalizedOrICU":8.197481612592886e-2,
		"fractionOfPCRHospitalized":0.13159309954902887,
		"fractionOfPCRHospitalizedOrICU":0.183068414284419,
		"fractionHospitalizedInICU":0.2811807538542229,
		"fractionOfDeathInICU":0.7293056598987288,
		"fractionDeathOfHospitalizedOrICU":0.1702951884635557,
		"fractionOfInfectionsPCRConfirmed":0.242595623377172,
		"fractionOfDeathsReported":0.7747272229214947,
		"fractionOfHospitalizationsReported":0.7739588847066394,
		"dateContained":"Mon 24 May 2021 15:02:16",
		"dateICUOverCapacity":"",
		"dateHospitalsOverCapacity":""
	},
	"summaryAug1":{
		"totalProjectedDeaths":2.2706080014395307e3,
		"totalProjectedPCRConfirmed":6.106051565878942e4,
		"totalProjectedInfected":2.807030956190447e5,
		"totalInfectedFraction":9.39994694359574e-2,
		"fatalityRate":8.089002354719588e-3,
		"fatalityRateSymptomatic":1.1555717649599414e-2,
		"fatalityRatePCR":3.7186191058848114e-2,
		"fractionOfSymptomaticHospitalized":5.411413390323736e-2,
		"fractionOfSymptomaticHospitalizedOrICU":7.528197692728857e-2,
		"fractionOfPCRHospitalized":0.13467318040049397,
		"fractionOfPCRHospitalizedOrICU":0.18735333134525187,
		"fractionHospitalizedInICU":0.2811807538542228,
		"fractionOfDeathInICU":0.7238570900006691,
		"fractionDeathOfHospitalizedOrICU":0.1702951884635557,
		"fractionOfInfectionsPCRConfirmed":0.21752704765913058,
		"fractionOfDeathsReported":0.7744526151507235,
		"fractionOfHospitalizationsReported":0.7733669882614103,
		"dateContained":"Mon 24 May 2021 15:02:16",
		"dateICUOverCapacity":"",
		"dateHospitalsOverCapacity":""
	}
}