{
	"distancingLevel":0.647142857142857,
	"id":"scenario5",
	"distancingDays":619,
	"maintain":true,
	"name":"Current Indefinite",
	"gradual":false,
	"events":{
		"icu":{
			"eventName":"icu",
			"day":1.3710492246641041e2,
			"thresholdCrossed":2.1867109590050133e-4
		}
	},
	"summary":{
		"totalProjectedDeaths":1.0691708540714502e4,
		"totalProjectedPCRConfirmed":2.8818356008432986e5,
		"totalProjectedInfected":1.0059795441516705e6,
		"totalInfectedFraction":0.3368738887796849,
		"fatalityRate":1.0628157006642398e-2,
		"fatalityRateSymptomatic":1.5183081438060568e-2,
		"fatalityRatePCR":3.710034166274383e-2,
		"fractionOfSymptomaticHospitalized":7.257444626848616e-2,
		"fractionOfPCRHospitalized":0.23197543215080946,
		"fractionHospitalizedInICU":0.2819875122661216,
		"fractionDeathOfHospitalized":0.11483331819261618,
		"fractionOfInfectionsPCRConfirmed":0.2864705965043765,
		"dateContained":"Wed 27 Jan 2021 00:00:00",
		"dateICUOverCapacity":"Sat 16 May 2020 02:31:05",
		"dateHospitalsOverCapacity":""
	},
	"summaryAug1":{
		"totalProjectedDeaths":6.755176009811225e3,
		"totalProjectedPCRConfirmed":2.143869717497562e5,
		"totalProjectedInfected":8.093660359571449e5,
		"totalInfectedFraction":0.2710336264431773,
		"fatalityRate":8.34625584680317e-3,
		"fatalityRateSymptomatic":1.1923222638290243e-2,
		"fatalityRatePCR":3.1509265486972894e-2,
		"fractionOfSymptomaticHospitalized":6.56942590535142e-2,
		"fractionOfPCRHospitalized":0.2214499598373694,
		"fractionHospitalizedInICU":0.2819875122661219,
		"fractionDeathOfHospitalized":0.1021632431795585,
		"fractionOfInfectionsPCRConfirmed":0.264882589860872,
		"dateContained":"Wed 27 Jan 2021 00:00:00",
		"dateICUOverCapacity":"Sat 16 May 2020 02:31:05",
		"dateHospitalsOverCapacity":""
	}
}