{
	"distancingLevel":0.11,
	"id":"scenario3",
	"distancingDays":60,
	"maintain":false,
	"name":"Wuhan",
	"gradual":false,
	"events":{
		"herd":{
			"eventName":"herd",
			"day":2.884915945319666e2,
			"thresholdCrossed":0.7000000000000004
		},
		"icu":{
			"eventName":"icu",
			"day":2.670279174733739e2,
			"thresholdCrossed":1.4878842840725887e-4
		},
		"hospital":{
			"eventName":"hospital",
			"day":2.73638221088343e2,
			"thresholdCrossed":1.3340159359733106e-3
		}
	},
	"summary":{
		"totalProjectedDeaths":1.2623648536668939e3,
		"totalProjectedPCRConfirmed":1.7599076636211707e4,
		"totalProjectedInfected":1.3582406302523872e5,
		"totalInfectedFraction":2.3567403938675e-2,
		"fatalityRate":9.29411788713994e-3,
		"fatalityRateSymptomatic":1.3277311267342776e-2,
		"fatalityRatePCR":7.172903895818392e-2,
		"fractionOfSymptomaticHospitalized":5.972670872677038e-2,
		"fractionOfSymptomaticHospitalizedOrICU":8.338007466278134e-2,
		"fractionOfPCRHospitalized":0.2592931339916694,
		"fractionOfPCRHospitalizedOrICU":0.3619801146364126,
		"fractionHospitalizedInICU":0.2836812755526255,
		"fractionOfDeathInICU":0.7272624617900071,
		"fractionDeathOfHospitalizedOrICU":0.1709203188881564,
		"fractionOfInfectionsPCRConfirmed":0.12957259740449276,
		"fractionOfDeathsReported":0.8067887535566726,
		"fractionOfHospitalizationsReported":0.8035956149665463,
		"dateContained":"Mon 8 Jun 2020 23:54:34",
		"dateICUOverCapacity":"Wed 23 Sep 2020 00:40:12",
		"dateHospitalsOverCapacity":"Tue 29 Sep 2020 15:19:02"
	},
	"summaryAug1":{
		"totalProjectedDeaths":1.2623648536668939e3,
		"totalProjectedPCRConfirmed":1.7599076636211707e4,
		"totalProjectedInfected":1.3582406302523872e5,
		"totalInfectedFraction":2.3567403938675e-2,
		"fatalityRate":9.29411788713994e-3,
		"fatalityRateSymptomatic":1.3277311267342776e-2,
		"fatalityRatePCR":7.172903895818392e-2,
		"fractionOfSymptomaticHospitalized":5.972670872677038e-2,
		"fractionOfSymptomaticHospitalizedOrICU":8.338007466278134e-2,
		"fractionOfPCRHospitalized":0.2592931339916694,
		"fractionOfPCRHospitalizedOrICU":0.3619801146364126,
		"fractionHospitalizedInICU":0.2836812755526255,
		"fractionOfDeathInICU":0.7272624617900071,
		"fractionDeathOfHospitalizedOrICU":0.1709203188881564,
		"fractionOfInfectionsPCRConfirmed":0.12957259740449276,
		"fractionOfDeathsReported":0.8067887535566726,
		"fractionOfHospitalizationsReported":0.8035956149665463,
		"dateContained":"Mon 8 Jun 2020 23:54:34",
		"dateICUOverCapacity":"Wed 23 Sep 2020 00:40:12",
		"dateHospitalsOverCapacity":"Tue 29 Sep 2020 15:19:02"
	}
}