{
	"distancingLevel":0.11,
	"id":"scenario3",
	"distancingDays":60,
	"maintain":false,
	"name":"Wuhan",
	"gradual":false,
	"events":{
		"herd":{
			"eventName":"herd",
			"day":3.395853769640347e2,
			"thresholdCrossed":0.7000000000003643
		},
		"icu":{
			"eventName":"icu",
			"day":3.0408592197212374e2,
			"thresholdCrossed":1.4878842840725936e-4
		},
		"hospital":{
			"eventName":"hospital",
			"day":3.163373280512067e2,
			"thresholdCrossed":1.3340159359209566e-3
		}
	},
	"summary":{
		"totalProjectedDeaths":1.5598411833039393e3,
		"totalProjectedPCRConfirmed":2.2451965448009738e4,
		"totalProjectedInfected":1.6079964060017662e5,
		"totalInfectedFraction":2.7901021356679198e-2,
		"fatalityRate":9.700526552683265e-3,
		"fatalityRateSymptomatic":1.385789507526181e-2,
		"fatalityRatePCR":6.947459396888624e-2,
		"fractionOfSymptomaticHospitalized":6.059214988748321e-2,
		"fractionOfSymptomaticHospitalizedOrICU":8.458825355183734e-2,
		"fractionOfPCRHospitalized":0.24484180785981133,
		"fractionOfPCRHospitalizedOrICU":0.3418056788180455,
		"fractionHospitalizedInICU":0.28368127555262557,
		"fractionOfDeathInICU":0.7292471087649036,
		"fractionDeathOfHospitalizedOrICU":0.1709203188881564,
		"fractionOfInfectionsPCRConfirmed":0.13962696287260903,
		"fractionOfDeathsReported":0.8077125596028298,
		"fractionOfHospitalizationsReported":0.8060100684703763,
		"dateContained":"Sun 21 Jun 2020 11:12:25",
		"dateICUOverCapacity":"Fri 30 Oct 2020 02:03:43",
		"dateHospitalsOverCapacity":"Wed 11 Nov 2020 08:05:45"
	},
	"summaryAug1":{
		"totalProjectedDeaths":1.5598411833039393e3,
		"totalProjectedPCRConfirmed":2.2451965448009738e4,
		"totalProjectedInfected":1.6079964060017662e5,
		"totalInfectedFraction":2.7901021356679198e-2,
		"fatalityRate":9.700526552683265e-3,
		"fatalityRateSymptomatic":1.385789507526181e-2,
		"fatalityRatePCR":6.947459396888624e-2,
		"fractionOfSymptomaticHospitalized":6.059214988748321e-2,
		"fractionOfSymptomaticHospitalizedOrICU":8.458825355183734e-2,
		"fractionOfPCRHospitalized":0.24484180785981133,
		"fractionOfPCRHospitalizedOrICU":0.3418056788180455,
		"fractionHospitalizedInICU":0.28368127555262557,
		"fractionOfDeathInICU":0.7292471087649036,
		"fractionDeathOfHospitalizedOrICU":0.1709203188881564,
		"fractionOfInfectionsPCRConfirmed":0.13962696287260903,
		"fractionOfDeathsReported":0.8077125596028298,
		"fractionOfHospitalizationsReported":0.8060100684703763,
		"dateContained":"Sun 21 Jun 2020 11:12:25",
		"dateICUOverCapacity":"Fri 30 Oct 2020 02:03:43",
		"dateHospitalsOverCapacity":"Wed 11 Nov 2020 08:05:45"
	}
}