{
	"distancingLevel":0.11,
	"id":"scenario3",
	"distancingDays":60,
	"maintain":false,
	"name":"Wuhan",
	"gradual":false,
	"events":{},
	"summary":{
		"totalProjectedDeaths":3.7250838910249215e4,
		"totalProjectedPCRConfirmed":5.984823647717927e5,
		"totalProjectedInfected":3.4636203345546e6,
		"totalInfectedFraction":0.6009873191577898,
		"fatalityRate":1.0754885152572431e-2,
		"fatalityRateSymptomatic":1.5364121646532043e-2,
		"fatalityRatePCR":6.22421663576559e-2,
		"fractionOfSymptomaticHospitalized":6.2268194870346634e-2,
		"fractionOfSymptomaticHospitalizedOrICU":8.692805694613845e-2,
		"fractionOfPCRHospitalized":0.20396023162754962,
		"fractionOfPCRHospitalizedOrICU":0.2847339105715838,
		"fractionHospitalizedInICU":0.2836812755526254,
		"fractionOfDeathInICU":0.7354134292524985,
		"fractionDeathOfHospitalizedOrICU":0.17092031888815634,
		"fractionOfInfectionsPCRConfirmed":0.17279098370022528,
		"fractionOfDeathsReported":0.808639434429863,
		"fractionOfHospitalizationsReported":0.8085413917290974,
		"dateContained":"",
		"dateICUOverCapacity":"",
		"dateHospitalsOverCapacity":""
	},
	"summaryAug1":{
		"totalProjectedDeaths":1.5931626878153158e3,
		"totalProjectedPCRConfirmed":1.9882011151916417e4,
		"totalProjectedInfected":1.4830661156600903e5,
		"totalInfectedFraction":2.573330339045173e-2,
		"fatalityRate":1.0742357815290137e-2,
		"fatalityRateSymptomatic":1.5346225450414483e-2,
		"fatalityRatePCR":8.013086179472098e-2,
		"fractionOfSymptomaticHospitalized":6.2255624090124924e-2,
		"fractionOfSymptomaticHospitalizedOrICU":8.691050780245053e-2,
		"fractionOfPCRHospitalized":0.26175402669363135,
		"fractionOfPCRHospitalizedOrICU":0.3654155863307488,
		"fractionHospitalizedInICU":0.28368127555262584,
		"fractionOfDeathInICU":0.7354225052633937,
		"fractionDeathOfHospitalizedOrICU":0.17092031888815645,
		"fractionOfInfectionsPCRConfirmed":0.13406018074296866,
		"fractionOfDeathsReported":0.8075127477280881,
		"fractionOfHospitalizationsReported":0.8052236849878487,
		"dateContained":"",
		"dateICUOverCapacity":"",
		"dateHospitalsOverCapacity":""
	}
}