{
	"distancingLevel":0.11,
	"id":"scenario3",
	"distancingDays":60,
	"maintain":false,
	"name":"Wuhan",
	"gradual":false,
	"events":{
		"herd":{
			"eventName":"herd",
			"day":2.541879230011314e2,
			"thresholdCrossed":0.7000000000000005
		},
		"icu":{
			"eventName":"icu",
			"day":2.3509363894520283e2,
			"thresholdCrossed":2.1255489772465668e-4
		},
		"hospital":{
			"eventName":"hospital",
			"day":2.384615159803429e2,
			"thresholdCrossed":1.3340159359334798e-3
		}
	},
	"summary":{
		"totalProjectedDeaths":5.782428514311853e4,
		"totalProjectedPCRConfirmed":1.5551283676129703e6,
		"totalProjectedInfected":4.519755722776895e6,
		"totalInfectedFraction":0.7842418084859368,
		"fatalityRate":1.2793674855417152e-2,
		"fatalityRateSymptomatic":1.8276678364881647e-2,
		"fatalityRatePCR":3.7182965951470213e-2,
		"fractionOfSymptomaticHospitalized":7.667352354070132e-2,
		"fractionOfSymptomaticHospitalizedOrICU":0.10715961676878075,
		"fractionOfPCRHospitalized":0.19670965971011364,
		"fractionOfPCRHospitalizedOrICU":0.2749232169832824,
		"fractionHospitalizedInICU":0.28449236892904856,
		"fractionOfDeathInICU":0.7063390545755894,
		"fractionDeathOfHospitalizedOrICU":0.163882481746586,
		"fractionOfInfectionsPCRConfirmed":0.3440735435714022,
		"dateContained":"Sat 6 Jun 2020 00:00:00",
		"dateICUOverCapacity":"Sat 22 Aug 2020 02:14:50",
		"dateHospitalsOverCapacity":"Tue 25 Aug 2020 11:04:34"
	},
	"summaryAug1":{
		"totalProjectedDeaths":1.1494577728935571e3,
		"totalProjectedPCRConfirmed":1.4813382899717975e4,
		"totalProjectedInfected":9.838489972460744e4,
		"totalInfectedFraction":1.7071177386624076e-2,
		"fatalityRate":1.1683274324729138e-2,
		"fatalityRateSymptomatic":1.6690391892470197e-2,
		"fatalityRatePCR":7.759589964527555e-2,
		"fractionOfSymptomaticHospitalized":7.107931517416471e-2,
		"fractionOfSymptomaticHospitalizedOrICU":9.934110006314707e-2,
		"fractionOfPCRHospitalized":0.21411693537194207,
		"fractionOfPCRHospitalizedOrICU":0.29925178443094713,
		"fractionHospitalizedInICU":0.28449236892904856,
		"fractionOfDeathInICU":0.7060528778689522,
		"fractionDeathOfHospitalizedOrICU":0.163882481746586,
		"fractionOfInfectionsPCRConfirmed":0.1505656146541047,
		"dateContained":"Sat 6 Jun 2020 00:00:00",
		"dateICUOverCapacity":"Sat 22 Aug 2020 02:14:50",
		"dateHospitalsOverCapacity":"Tue 25 Aug 2020 11:04:34"
	}
}