{
	"distancingLevel":0.11,
	"id":"scenario3",
	"distancingDays":60,
	"maintain":false,
	"name":"Wuhan",
	"gradual":false,
	"events":{},
	"summary":{
		"totalProjectedDeaths":5.4093018410710516e4,
		"totalProjectedPCRConfirmed":1.2421278248080206e6,
		"totalProjectedInfected":4.07497942624347e6,
		"totalInfectedFraction":0.7070668042247013,
		"fatalityRate":1.3274427365778456e-2,
		"fatalityRateSymptomatic":1.8963467665397797e-2,
		"fatalityRatePCR":4.354867295487159e-2,
		"fractionOfSymptomaticHospitalized":7.667352354061886e-2,
		"fractionOfSymptomaticHospitalizedOrICU":0.10715961676866552,
		"fractionOfPCRHospitalized":0.14236993637189138,
		"fractionOfPCRHospitalizedOrICU":0.19897752335470706,
		"fractionHospitalizedInICU":0.28449236892904856,
		"fractionOfDeathInICU":0.7366024903526917,
		"fractionDeathOfHospitalizedOrICU":0.17112309223226213,
		"fractionOfInfectionsPCRConfirmed":0.3048181830829706,
		"fractionOfDeathsReported":0.8086542473249951,
		"fractionOfHospitalizationsReported":0.8085664167189516,
		"dateContained":"",
		"dateICUOverCapacity":"",
		"dateHospitalsOverCapacity":""
	},
	"summaryAug1":{
		"totalProjectedDeaths":9.068478341917715e2,
		"totalProjectedPCRConfirmed":1.0152169076620014e4,
		"totalProjectedInfected":6.913532952372596e4,
		"totalInfectedFraction":1.1995961547817123e-2,
		"fatalityRate":1.3116995904106572e-2,
		"fatalityRateSymptomatic":1.8738565577295106e-2,
		"fatalityRatePCR":8.932552515109318e-2,
		"fractionOfSymptomaticHospitalized":7.590346832003142e-2,
		"fractionOfSymptomaticHospitalizedOrICU":0.10608338055936772,
		"fractionOfPCRHospitalized":0.2899482058616354,
		"fractionOfPCRHospitalizedOrICU":0.4052342606432433,
		"fractionHospitalizedInICU":0.2844923689290486,
		"fractionOfDeathInICU":0.7368603017864432,
		"fractionDeathOfHospitalizedOrICU":0.17112309223226213,
		"fractionOfInfectionsPCRConfirmed":0.14684487868298915,
		"fractionOfDeathsReported":0.8065706205239522,
		"fractionOfHospitalizationsReported":0.8013450703800195,
		"dateContained":"",
		"dateICUOverCapacity":"",
		"dateHospitalsOverCapacity":""
	}
}