{
	"distancingLevel":0.11,
	"id":"scenario3",
	"distancingDays":60,
	"maintain":false,
	"name":"Wuhan",
	"gradual":false,
	"events":{
		"herd":{
			"eventName":"herd",
			"day":2.687765401232881e2,
			"thresholdCrossed":0.7000000000000136
		},
		"icu":{
			"eventName":"icu",
			"day":2.492969367741811e2,
			"thresholdCrossed":1.4878842840716037e-4
		},
		"hospital":{
			"eventName":"hospital",
			"day":2.5508339717381796e2,
			"thresholdCrossed":1.3340159359733078e-3
		}
	},
	"summary":{
		"totalProjectedDeaths":9.128069659593788e2,
		"totalProjectedPCRConfirmed":1.315708097611782e4,
		"totalProjectedInfected":1.1127107470615352e5,
		"totalInfectedFraction":1.9307111758268606e-2,
		"fatalityRate":8.20345240998107e-3,
		"fatalityRateSymptomatic":1.1719217728544387e-2,
		"fatalityRatePCR":6.937762012837556e-2,
		"fractionOfSymptomaticHospitalized":5.6828768547104815e-2,
		"fractionOfSymptomaticHospitalizedOrICU":7.933447306008518e-2,
		"fractionOfPCRHospitalized":0.26885126552014665,
		"fractionOfPCRHospitalizedOrICU":0.3753235205844438,
		"fractionHospitalizedInICU":0.28368127555262546,
		"fractionOfDeathInICU":0.7221960100972935,
		"fractionDeathOfHospitalizedOrICU":0.17092031888815637,
		"fractionOfInfectionsPCRConfirmed":0.11824349689138221,
		"fractionOfDeathsReported":0.8048306313910263,
		"fractionOfHospitalizationsReported":0.7991403597539632,
		"dateContained":"Tue 26 May 2020 06:29:21",
		"dateICUOverCapacity":"Sat 5 Sep 2020 07:07:35",
		"dateHospitalsOverCapacity":"Fri 11 Sep 2020 02:00:05"
	},
	"summaryAug1":{
		"totalProjectedDeaths":9.128069659593788e2,
		"totalProjectedPCRConfirmed":1.315708097611782e4,
		"totalProjectedInfected":1.1127107470615352e5,
		"totalInfectedFraction":1.9307111758268606e-2,
		"fatalityRate":8.20345240998107e-3,
		"fatalityRateSymptomatic":1.1719217728544387e-2,
		"fatalityRatePCR":6.937762012837556e-2,
		"fractionOfSymptomaticHospitalized":5.6828768547104815e-2,
		"fractionOfSymptomaticHospitalizedOrICU":7.933447306008518e-2,
		"fractionOfPCRHospitalized":0.26885126552014665,
		"fractionOfPCRHospitalizedOrICU":0.3753235205844438,
		"fractionHospitalizedInICU":0.28368127555262546,
		"fractionOfDeathInICU":0.7221960100972935,
		"fractionDeathOfHospitalizedOrICU":0.17092031888815637,
		"fractionOfInfectionsPCRConfirmed":0.11824349689138221,
		"fractionOfDeathsReported":0.8048306313910263,
		"fractionOfHospitalizationsReported":0.7991403597539632,
		"dateContained":"Tue 26 May 2020 06:29:21",
		"dateICUOverCapacity":"Sat 5 Sep 2020 07:07:35",
		"dateHospitalsOverCapacity":"Fri 11 Sep 2020 02:00:05"
	}
}