{
	"distancingLevel":0.2,
	"id":"scenario2",
	"distancingDays":90,
	"maintain":false,
	"name":"Italy",
	"gradual":false,
	"events":{
		"herd":{
			"eventName":"herd",
			"day":3.601747372336915e2,
			"thresholdCrossed":0.7000000000003243
		},
		"icu":{
			"eventName":"icu",
			"day":3.304742564831252e2,
			"thresholdCrossed":1.1338772664812812e-4
		},
		"hospital":{
			"eventName":"hospital",
			"day":3.384134038821643e2,
			"thresholdCrossed":9.548563621662952e-4
		}
	},
	"summary":{
		"totalProjectedDeaths":2.2671947981579964e2,
		"totalProjectedPCRConfirmed":3.4023679909751527e3,
		"totalProjectedInfected":2.3223746427843027e4,
		"totalInfectedFraction":5.7696928389695595e-3,
		"fatalityRate":9.762399039286138e-3,
		"fatalityRateSymptomatic":1.3946284341837341e-2,
		"fatalityRatePCR":6.663579025466307e-2,
		"fractionOfSymptomaticHospitalized":6.028946913027043e-2,
		"fractionOfSymptomaticHospitalizedOrICU":8.48640472387131e-2,
		"fractionOfPCRHospitalized":0.22960062147616409,
		"fractionOfPCRHospitalizedOrICU":0.32318808355882556,
		"fractionHospitalizedInICU":0.2895758440475638,
		"fractionOfDeathInICU":0.7309265120003271,
		"fractionDeathOfHospitalizedOrICU":0.17239396101189094,
		"fractionOfInfectionsPCRConfirmed":0.14650383828235577,
		"fractionOfDeathsReported":0.8080170680977057,
		"fractionOfHospitalizationsReported":0.7970444875252093,
		"dateContained":"Fri 29 May 2020 01:46:02",
		"dateICUOverCapacity":"Wed 25 Nov 2020 11:22:55",
		"dateHospitalsOverCapacity":"Thu 3 Dec 2020 09:55:18"
	},
	"summaryAug1":{
		"totalProjectedDeaths":2.2671947981579964e2,
		"totalProjectedPCRConfirmed":3.4023679909751527e3,
		"totalProjectedInfected":2.3223746427843027e4,
		"totalInfectedFraction":5.7696928389695595e-3,
		"fatalityRate":9.762399039286138e-3,
		"fatalityRateSymptomatic":1.3946284341837341e-2,
		"fatalityRatePCR":6.663579025466307e-2,
		"fractionOfSymptomaticHospitalized":6.028946913027043e-2,
		"fractionOfSymptomaticHospitalizedOrICU":8.48640472387131e-2,
		"fractionOfPCRHospitalized":0.22960062147616409,
		"fractionOfPCRHospitalizedOrICU":0.32318808355882556,
		"fractionHospitalizedInICU":0.2895758440475638,
		"fractionOfDeathInICU":0.7309265120003271,
		"fractionDeathOfHospitalizedOrICU":0.17239396101189094,
		"fractionOfInfectionsPCRConfirmed":0.14650383828235577,
		"fractionOfDeathsReported":0.8080170680977057,
		"fractionOfHospitalizationsReported":0.7970444875252093,
		"dateContained":"Fri 29 May 2020 01:46:02",
		"dateICUOverCapacity":"Wed 25 Nov 2020 11:22:55",
		"dateHospitalsOverCapacity":"Thu 3 Dec 2020 09:55:18"
	}
}