{
	"distancingLevel":0.2,
	"id":"scenario2",
	"distancingDays":90,
	"maintain":false,
	"name":"Italy",
	"gradual":false,
	"events":{
		"herd":{
			"eventName":"herd",
			"day":3.62170157607689e2,
			"thresholdCrossed":0.7000000000029523
		},
		"icu":{
			"eventName":"icu",
			"day":3.2971200775210843e2,
			"thresholdCrossed":1.1338772664812777e-4
		},
		"hospital":{
			"eventName":"hospital",
			"day":3.3770277787498884e2,
			"thresholdCrossed":9.548563621663166e-4
		}
	},
	"summary":{
		"totalProjectedDeaths":2.3811464525774346e2,
		"totalProjectedPCRConfirmed":4.243036289577758e3,
		"totalProjectedInfected":2.5400310286178403e4,
		"totalInfectedFraction":6.310436984020232e-3,
		"fatalityRate":9.37447781444283e-3,
		"fatalityRateSymptomatic":1.339211116348976e-2,
		"fatalityRatePCR":5.6118927345172244e-2,
		"fractionOfSymptomaticHospitalized":5.9548357391391166e-2,
		"fractionOfSymptomaticHospitalizedOrICU":8.382085109642301e-2,
		"fractionOfPCRHospitalized":0.19943659550254586,
		"fractionOfPCRHospitalizedOrICU":0.2807289051639431,
		"fractionHospitalizedInICU":0.2895758440475636,
		"fractionOfDeathInICU":0.7286807126426496,
		"fractionDeathOfHospitalizedOrICU":0.1723939610118909,
		"fractionOfInfectionsPCRConfirmed":0.16704663217782065,
		"fractionOfDeathsReported":0.8086327457808165,
		"fractionOfHospitalizationsReported":0.7992354706358588,
		"dateContained":"Sat 23 May 2020 07:35:17",
		"dateICUOverCapacity":"Tue 24 Nov 2020 17:05:17",
		"dateHospitalsOverCapacity":"Wed 2 Dec 2020 16:52:00"
	},
	"summaryAug1":{
		"totalProjectedDeaths":2.3811464525774346e2,
		"totalProjectedPCRConfirmed":4.243036289577758e3,
		"totalProjectedInfected":2.5400310286178403e4,
		"totalInfectedFraction":6.310436984020232e-3,
		"fatalityRate":9.37447781444283e-3,
		"fatalityRateSymptomatic":1.339211116348976e-2,
		"fatalityRatePCR":5.6118927345172244e-2,
		"fractionOfSymptomaticHospitalized":5.9548357391391166e-2,
		"fractionOfSymptomaticHospitalizedOrICU":8.382085109642301e-2,
		"fractionOfPCRHospitalized":0.19943659550254586,
		"fractionOfPCRHospitalizedOrICU":0.2807289051639431,
		"fractionHospitalizedInICU":0.2895758440475636,
		"fractionOfDeathInICU":0.7286807126426496,
		"fractionDeathOfHospitalizedOrICU":0.1723939610118909,
		"fractionOfInfectionsPCRConfirmed":0.16704663217782065,
		"fractionOfDeathsReported":0.8086327457808165,
		"fractionOfHospitalizationsReported":0.7992354706358588,
		"dateContained":"Sat 23 May 2020 07:35:17",
		"dateICUOverCapacity":"Tue 24 Nov 2020 17:05:17",
		"dateHospitalsOverCapacity":"Wed 2 Dec 2020 16:52:00"
	}
}