{
	"distancingLevel":0.5504761904761903,
	"id":"scenario1",
	"distancingDays":90,
	"maintain":true,
	"name":"Current",
	"gradual":false,
	"events":{},
	"summary":{
		"totalProjectedDeaths":3.606049304332061e4,
		"totalProjectedPCRConfirmed":8.582636837575044e5,
		"totalProjectedInfected":3.19880248080277e6,
		"totalInfectedFraction":0.6859288585886684,
		"fatalityRate":1.1273122757573605e-2,
		"fatalityRateSymptomatic":1.6104461082248004e-2,
		"fatalityRatePCR":4.201563426923376e-2,
		"fractionOfSymptomaticHospitalized":7.178427765609909e-2,
		"fractionOfSymptomaticHospitalizedOrICU":9.946433617499616e-2,
		"fractionOfPCRHospitalized":0.14478856613028537,
		"fractionOfPCRHospitalizedOrICU":0.20061912003727983,
		"fractionHospitalizedInICU":0.27829129096279454,
		"fractionOfDeathInICU":0.7161878568487524,
		"fractionDeathOfHospitalizedOrICU":0.16957282274069865,
		"fractionOfInfectionsPCRConfirmed":0.268307808596583,
		"fractionOfDeathsReported":0.7737096946020294,
		"fractionOfHospitalizationsReported":0.7731080668103377,
		"dateContained":"",
		"dateICUOverCapacity":"",
		"dateHospitalsOverCapacity":""
	},
	"summaryAug1":{
		"totalProjectedDeaths":5.80055321688523e3,
		"totalProjectedPCRConfirmed":7.868464225479301e4,
		"totalProjectedInfected":5.271144864926043e5,
		"totalInfectedFraction":0.11303074829887165,
		"fatalityRate":1.1004351740514373e-2,
		"fatalityRateSymptomatic":1.5720502486449104e-2,
		"fatalityRatePCR":7.371900094687021e-2,
		"fractionOfSymptomaticHospitalized":7.095352877888686e-2,
		"fractionOfSymptomaticHospitalizedOrICU":9.831325005561078e-2,
		"fractionOfPCRHospitalized":0.25578731651404196,
		"fractionOfPCRHospitalizedOrICU":0.3544190520511725,
		"fractionHospitalizedInICU":0.2782912909627943,
		"fractionOfDeathInICU":0.7150538383195445,
		"fractionDeathOfHospitalizedOrICU":0.16957282274069857,
		"fractionOfInfectionsPCRConfirmed":0.1492742929118815,
		"fractionOfDeathsReported":0.7724370533205102,
		"fractionOfHospitalizationsReported":0.7687621434476326,
		"dateContained":"",
		"dateICUOverCapacity":"",
		"dateHospitalsOverCapacity":""
	}
}