{
	"distancingLevel":0.6207809690571428,
	"id":"scenario1",
	"distancingDays":90,
	"maintain":true,
	"name":"Current",
	"gradual":false,
	"events":{
		"herd":{
			"eventName":"herd",
			"day":2.704654018136611e2,
			"thresholdCrossed":0.6999999999999994
		},
		"icu":{
			"eventName":"icu",
			"day":1.019348009110529e2,
			"thresholdCrossed":2.2254930404693e-4
		},
		"hospital":{
			"eventName":"hospital",
			"day":2.615979509421149e2,
			"thresholdCrossed":1.8822428978856457e-3
		}
	},
	"summary":{
		"totalProjectedDeaths":2.8547628505000972e4,
		"totalProjectedPCRConfirmed":7.965690984763551e5,
		"totalProjectedInfected":3.1251010137788183e6,
		"totalInfectedFraction":0.6701248308453354,
		"fatalityRate":9.134945839872764e-3,
		"fatalityRateSymptomatic":1.3049922628389662e-2,
		"fatalityRatePCR":3.583823243910128e-2,
		"fractionOfSymptomaticHospitalized":5.829753457973946e-2,
		"fractionOfSymptomaticHospitalizedOrICU":8.06876263588637e-2,
		"fractionOfPCRHospitalized":0.12370105234713892,
		"fractionOfPCRHospitalizedOrICU":0.17121040133064225,
		"fractionHospitalizedInICU":0.2774910204886036,
		"fractionOfDeathInICU":0.7149202825446414,
		"fractionDeathOfHospitalizedOrICU":0.16937275512215086,
		"fractionOfInfectionsPCRConfirmed":0.2548938722185999,
		"fractionOfDeathsReported":0.7735281322498639,
		"fractionOfHospitalizationsReported":0.7726531161610103,
		"dateContained":"",
		"dateICUOverCapacity":"Fri 10 Apr 2020 22:26:06",
		"dateHospitalsOverCapacity":"Thu 17 Sep 2020 14:21:02"
	},
	"summaryAug1":{
		"totalProjectedDeaths":5.546431454896522e3,
		"totalProjectedPCRConfirmed":8.383773805468791e4,
		"totalProjectedInfected":6.249253037619753e5,
		"totalInfectedFraction":0.13400461669176075,
		"fatalityRate":8.875351056370532e-3,
		"fatalityRateSymptomatic":1.2679072937672188e-2,
		"fatalityRatePCR":6.615674019352177e-2,
		"fractionOfSymptomaticHospitalized":5.747455552793331e-2,
		"fractionOfSymptomaticHospitalizedOrICU":7.954856916352929e-2,
		"fractionOfPCRHospitalized":0.2301227774048929,
		"fractionOfPCRHospitalizedOrICU":0.31850507596530586,
		"fractionHospitalizedInICU":0.27749102048860325,
		"fractionOfDeathInICU":0.7140093233293305,
		"fractionDeathOfHospitalizedOrICU":0.1693727551221508,
		"fractionOfInfectionsPCRConfirmed":0.1341564144546473,
		"fractionOfDeathsReported":0.7717635061054695,
		"fractionOfHospitalizationsReported":0.7673568743943939,
		"dateContained":"",
		"dateICUOverCapacity":"Fri 10 Apr 2020 22:26:06",
		"dateHospitalsOverCapacity":"Thu 17 Sep 2020 14:21:02"
	}
}