{
	"distancingLevel":0.6471428571428571,
	"id":"scenario1",
	"distancingDays":90,
	"maintain":true,
	"name":"Current",
	"gradual":false,
	"events":{
		"herd":{
			"eventName":"herd",
			"day":2.632406330912327e2,
			"thresholdCrossed":0.6999999999999998
		},
		"icu":{
			"eventName":"icu",
			"day":9.718483599492586e1,
			"thresholdCrossed":1.8327589745078393e-4
		},
		"hospital":{
			"eventName":"hospital",
			"day":2.646833863474927e2,
			"thresholdCrossed":1.8822428978856028e-3
		}
	},
	"summary":{
		"totalProjectedDeaths":3.0555767572973884e4,
		"totalProjectedPCRConfirmed":5.048721085581556e5,
		"totalProjectedInfected":3.344931442466981e6,
		"totalInfectedFraction":0.7172637323367732,
		"fatalityRate":9.134945842249654e-3,
		"fatalityRateSymptomatic":1.304992263178522e-2,
		"fatalityRatePCR":6.052179760976873e-2,
		"fractionOfSymptomaticHospitalized":5.829753458440986e-2,
		"fractionOfSymptomaticHospitalizedOrICU":8.068762636532785e-2,
		"fractionOfPCRHospitalized":0.20898808769777594,
		"fractionOfPCRHospitalizedOrICU":0.28925327383350474,
		"fractionHospitalizedInICU":0.27749102048860375,
		"fractionOfDeathInICU":0.7149066736113033,
		"fractionDeathOfHospitalizedOrICU":0.16937275512215094,
		"fractionOfInfectionsPCRConfirmed":0.15093645930925217,
		"fractionOfDeathsReported":0.7736459214317133,
		"fractionOfHospitalizationsReported":0.7729785835415162,
		"dateContained":"",
		"dateICUOverCapacity":"Mon 6 Apr 2020 04:26:09",
		"dateHospitalsOverCapacity":"Sun 20 Sep 2020 16:24:04"
	},
	"summaryAug1":{
		"totalProjectedDeaths":9.359581655246082e3,
		"totalProjectedPCRConfirmed":1.361890170104878e5,
		"totalProjectedInfected":1.123517650671497e6,
		"totalInfectedFraction":0.24091927662126839,
		"fatalityRate":8.330604908300378e-3,
		"fatalityRateSymptomatic":1.1900864154714828e-2,
		"fatalityRatePCR":6.872493730184798e-2,
		"fractionOfSymptomaticHospitalized":5.564971993606897e-2,
		"fractionOfSymptomaticHospitalizedOrICU":7.702287655124043e-2,
		"fractionOfPCRHospitalized":0.24774446648233747,
		"fractionOfPCRHospitalizedOrICU":0.34289465391817964,
		"fractionHospitalizedInICU":0.27749102048860375,
		"fractionOfDeathInICU":0.7115003646372848,
		"fractionDeathOfHospitalizedOrICU":0.16937275512215094,
		"fractionOfInfectionsPCRConfirmed":0.12121662434861721,
		"fractionOfDeathsReported":0.7729490275284686,
		"fractionOfHospitalizationsReported":0.7709125673572317,
		"dateContained":"",
		"dateICUOverCapacity":"Mon 6 Apr 2020 04:26:09",
		"dateHospitalsOverCapacity":"Sun 20 Sep 2020 16:24:04"
	}
}