{
	"distancingLevel":0.8157142857142857,
	"id":"scenario5",
	"distancingDays":591,
	"maintain":true,
	"name":"Current Indefinite",
	"gradual":false,
	"events":{
		"icu":{
			"eventName":"icu",
			"day":2.1549720175652513e2,
			"thresholdCrossed":1.1215094837949164e-4
		}
	},
	"summary":{
		"totalProjectedDeaths":3.2572273216819376e3,
		"totalProjectedPCRConfirmed":4.918589209685345e4,
		"totalProjectedInfected":2.749685417058817e5,
		"totalInfectedFraction":0.2669955214445059,
		"fatalityRate":1.1845818076040163e-2,
		"fatalityRateSymptomatic":1.692259725148595e-2,
		"fatalityRatePCR":6.622279647318445e-2,
		"fractionOfSymptomaticHospitalized":6.442480923428767e-2,
		"fractionOfSymptomaticHospitalizedOrICU":9.142587392159239e-2,
		"fractionOfPCRHospitalized":0.20638769351112637,
		"fractionOfPCRHospitalizedOrICU":0.2928867849231302,
		"fractionHospitalizedInICU":0.29533285851290936,
		"fractionOfDeathInICU":0.7564210389435632,
		"fractionDeathOfHospitalizedOrICU":0.17383321462822732,
		"fractionOfInfectionsPCRConfirmed":0.1788782520055142,
		"fractionOfDeathsReported":0.8186960428260699,
		"fractionOfHospitalizationsReported":0.8186347173995143,
		"dateContained":"",
		"dateICUOverCapacity":"Sun 2 Aug 2020 11:55:58",
		"dateHospitalsOverCapacity":""
	},
	"summaryAug1":{
		"totalProjectedDeaths":2.5517665511260023e2,
		"totalProjectedPCRConfirmed":6.016203575865665e3,
		"totalProjectedInfected":4.02763252087664e4,
		"totalInfectedFraction":3.9108468133367776e-2,
		"fatalityRate":6.335648890258225e-3,
		"fatalityRateSymptomatic":9.050926986083178e-3,
		"fatalityRatePCR":4.24148970184878e-2,
		"fractionOfSymptomaticHospitalized":4.5072573174767865e-2,
		"fractionOfSymptomaticHospitalizedOrICU":6.396292734701546e-2,
		"fractionOfPCRHospitalized":0.1727483465506234,
		"fractionOfPCRHospitalizedOrICU":0.24514886019243748,
		"fractionHospitalizedInICU":0.29533285851290914,
		"fractionOfDeathInICU":0.7388116322267698,
		"fractionDeathOfHospitalizedOrICU":0.17383321462822726,
		"fractionOfInfectionsPCRConfirmed":0.14937319988061373,
		"fractionOfDeathsReported":0.8183698468137461,
		"fractionOfHospitalizationsReported":0.8178547706764087,
		"dateContained":"",
		"dateICUOverCapacity":"Sun 2 Aug 2020 11:55:58",
		"dateHospitalsOverCapacity":""
	}
}