{
	"distancingLevel":0.2,
	"id":"scenario2",
	"distancingDays":90,
	"maintain":false,
	"name":"Italy",
	"gradual":false,
	"events":{
		"herd":{
			"eventName":"herd",
			"day":3.4143816938909265e2,
			"thresholdCrossed":0.7000000000000901
		},
		"icu":{
			"eventName":"icu",
			"day":3.1857878010835003e2,
			"thresholdCrossed":1.5432783976186272e-4
		},
		"hospital":{
			"eventName":"hospital",
			"day":3.286551103849459e2,
			"thresholdCrossed":1.8295628880128558e-3
		}
	},
	"summary":{
		"totalProjectedDeaths":1.118762552059993e3,
		"totalProjectedPCRConfirmed":1.401849957949501e4,
		"totalProjectedInfected":1.313523418518065e5,
		"totalInfectedFraction":3.371249487053234e-2,
		"fatalityRate":8.517263843854386e-3,
		"fatalityRateSymptomatic":1.2167519776934836e-2,
		"fatalityRatePCR":7.980615512493343e-2,
		"fractionOfSymptomaticHospitalized":5.696692345514492e-2,
		"fractionOfSymptomaticHospitalizedOrICU":7.937543090211883e-2,
		"fractionOfPCRHospitalized":0.28666929564636157,
		"fractionOfPCRHospitalizedOrICU":0.39943352191475584,
		"fractionHospitalizedInICU":0.28231037226880434,
		"fractionOfDeathInICU":0.7338339022356091,
		"fractionDeathOfHospitalizedOrICU":0.1705775930672011,
		"fractionOfInfectionsPCRConfirmed":0.10672439776757746,
		"fractionOfDeathsReported":0.7688612276238121,
		"fractionOfHospitalizationsReported":0.7672273683618577,
		"dateContained":"Wed 10 Jun 2020 20:57:10",
		"dateICUOverCapacity":"Fri 13 Nov 2020 13:53:26",
		"dateHospitalsOverCapacity":"Mon 23 Nov 2020 15:43:21"
	},
	"summaryAug1":{
		"totalProjectedDeaths":1.118762552059993e3,
		"totalProjectedPCRConfirmed":1.401849957949501e4,
		"totalProjectedInfected":1.313523418518065e5,
		"totalInfectedFraction":3.371249487053234e-2,
		"fatalityRate":8.517263843854386e-3,
		"fatalityRateSymptomatic":1.2167519776934836e-2,
		"fatalityRatePCR":7.980615512493343e-2,
		"fractionOfSymptomaticHospitalized":5.696692345514492e-2,
		"fractionOfSymptomaticHospitalizedOrICU":7.937543090211883e-2,
		"fractionOfPCRHospitalized":0.28666929564636157,
		"fractionOfPCRHospitalizedOrICU":0.39943352191475584,
		"fractionHospitalizedInICU":0.28231037226880434,
		"fractionOfDeathInICU":0.7338339022356091,
		"fractionDeathOfHospitalizedOrICU":0.1705775930672011,
		"fractionOfInfectionsPCRConfirmed":0.10672439776757746,
		"fractionOfDeathsReported":0.7688612276238121,
		"fractionOfHospitalizationsReported":0.7672273683618577,
		"dateContained":"Wed 10 Jun 2020 20:57:10",
		"dateICUOverCapacity":"Fri 13 Nov 2020 13:53:26",
		"dateHospitalsOverCapacity":"Mon 23 Nov 2020 15:43:21"
	}
}