{
	"distancingLevel":0.2,
	"id":"scenario2",
	"distancingDays":90,
	"maintain":false,
	"name":"Italy",
	"gradual":false,
	"events":{
		"herd":{
			"eventName":"herd",
			"day":3.1783819963101877e2,
			"thresholdCrossed":0.7000000000000007
		},
		"icu":{
			"eventName":"icu",
			"day":2.9468476998530446e2,
			"thresholdCrossed":2.2046834251694862e-4
		},
		"hospital":{
			"eventName":"hospital",
			"day":3.011674830850115e2,
			"thresholdCrossed":1.829562888012857e-3
		}
	},
	"summary":{
		"totalProjectedDeaths":3.1826623121726134e4,
		"totalProjectedPCRConfirmed":8.902350347676231e5,
		"totalProjectedInfected":2.9589267254500194e6,
		"totalInfectedFraction":0.7594291860175383,
		"fatalityRate":1.075613763868575e-2,
		"fatalityRateSymptomatic":1.5365910912408215e-2,
		"fatalityRatePCR":3.575080948149137e-2,
		"fractionOfSymptomaticHospitalized":7.225993834742159e-2,
		"fractionOfPCRHospitalized":0.22863730002959506,
		"fractionHospitalizedInICU":0.28311909520628575,
		"fractionDeathOfHospitalized":0.11209488847568518,
		"fractionOfInfectionsPCRConfirmed":0.30086417048135194,
		"dateContained":"Fri 5 Jun 2020 00:00:00",
		"dateICUOverCapacity":"Tue 20 Oct 2020 16:26:04",
		"dateHospitalsOverCapacity":"Tue 27 Oct 2020 04:01:10"
	},
	"summaryAug1":{
		"totalProjectedDeaths":9.75791967954117e2,
		"totalProjectedPCRConfirmed":9.538143449833087e3,
		"totalProjectedInfected":9.086716520095544e4,
		"totalInfectedFraction":2.3321691852233196e-2,
		"fatalityRate":1.073866413457627e-2,
		"fatalityRateSymptomatic":1.5340948763680386e-2,
		"fatalityRatePCR":0.10230418247391665,
		"fractionOfSymptomaticHospitalized":7.225937876587725e-2,
		"fractionOfPCRHospitalized":0.2629644335239388,
		"fractionHospitalizedInICU":0.2831190952062859,
		"fractionDeathOfHospitalized":0.2788967082478331,
		"fractionOfInfectionsPCRConfirmed":0.10496798737738984,
		"dateContained":"Fri 5 Jun 2020 00:00:00",
		"dateICUOverCapacity":"Tue 20 Oct 2020 16:26:04",
		"dateHospitalsOverCapacity":"Tue 27 Oct 2020 04:01:10"
	}
}