{
	"distancingLevel":0.2,
	"id":"scenario2",
	"distancingDays":90,
	"maintain":false,
	"name":"Italy",
	"gradual":false,
	"events":{
		"herd":{
			"eventName":"herd",
			"day":4.268321112324921e2,
			"thresholdCrossed":0.7000000000000005
		},
		"icu":{
			"eventName":"icu",
			"day":3.898178540615946e2,
			"thresholdCrossed":1.5432783976186302e-4
		},
		"hospital":{
			"eventName":"hospital",
			"day":4.073832271145522e2,
			"thresholdCrossed":1.8295628880128502e-3
		}
	},
	"summary":{
		"totalProjectedDeaths":6.840846982565077e2,
		"totalProjectedPCRConfirmed":9.49423572100982e3,
		"totalProjectedInfected":8.506545553542138e4,
		"totalInfectedFraction":2.183264259294932e-2,
		"fatalityRate":8.041862515761805e-3,
		"fatalityRateSymptomatic":1.1488375022516865e-2,
		"fatalityRatePCR":7.205263470999512e-2,
		"fractionOfSymptomaticHospitalized":5.540101933350219e-2,
		"fractionOfSymptomaticHospitalizedOrICU":7.719356277815978e-2,
		"fractionOfPCRHospitalized":0.263391603023442,
		"fractionOfPCRHospitalizedOrICU":0.36699931676049397,
		"fractionHospitalizedInICU":0.28231037226880407,
		"fractionOfDeathInICU":0.7325491836476923,
		"fractionDeathOfHospitalizedOrICU":0.17057759306720102,
		"fractionOfInfectionsPCRConfirmed":0.11161094314079593,
		"fractionOfDeathsReported":0.7649123466786154,
		"fractionOfHospitalizationsReported":0.7580413703181308,
		"dateContained":"Wed 10 Jun 2020 22:34:52",
		"dateICUOverCapacity":"Sat 23 Jan 2021 19:37:42",
		"dateHospitalsOverCapacity":"Wed 10 Feb 2021 09:11:50"
	},
	"summaryAug1":{
		"totalProjectedDeaths":6.840846982565077e2,
		"totalProjectedPCRConfirmed":9.49423572100982e3,
		"totalProjectedInfected":8.506545553542138e4,
		"totalInfectedFraction":2.183264259294932e-2,
		"fatalityRate":8.041862515761805e-3,
		"fatalityRateSymptomatic":1.1488375022516865e-2,
		"fatalityRatePCR":7.205263470999512e-2,
		"fractionOfSymptomaticHospitalized":5.540101933350219e-2,
		"fractionOfSymptomaticHospitalizedOrICU":7.719356277815978e-2,
		"fractionOfPCRHospitalized":0.263391603023442,
		"fractionOfPCRHospitalizedOrICU":0.36699931676049397,
		"fractionHospitalizedInICU":0.28231037226880407,
		"fractionOfDeathInICU":0.7325491836476923,
		"fractionDeathOfHospitalizedOrICU":0.17057759306720102,
		"fractionOfInfectionsPCRConfirmed":0.11161094314079593,
		"fractionOfDeathsReported":0.7649123466786154,
		"fractionOfHospitalizationsReported":0.7580413703181308,
		"dateContained":"Wed 10 Jun 2020 22:34:52",
		"dateICUOverCapacity":"Sat 23 Jan 2021 19:37:42",
		"dateHospitalsOverCapacity":"Wed 10 Feb 2021 09:11:50"
	}
}