{
	"distancingLevel":0.4,
	"id":"scenario2",
	"distancingDays":90,
	"maintain":false,
	"name":"Italy",
	"events":{
		"herd":{
			"eventName":"herd",
			"day":3.1294628278472135e2,
			"thresholdCrossed":0.7000000000000006
		},
		"icu":{
			"eventName":"icu",
			"day":2.9122718066781596e2,
			"thresholdCrossed":2.204683425169479e-4
		},
		"hospital":{
			"eventName":"hospital",
			"day":2.9722616755271076e2,
			"thresholdCrossed":1.8295628879947008e-3
		}
	},
	"summary":{
		"totalProjectedDeaths":3.264445895349064e4,
		"totalProjectedPCRConfirmed":9.115075169788572e5,
		"totalProjectedInfected":3.034915646275594e6,
		"totalInfectedFraction":0.7789322726578944,
		"fatalityRate":1.0756298611973438e-2,
		"fatalityRateSymptomatic":1.5366140874247772e-2,
		"fatalityRatePCR":3.581370240553688e-2,
		"fractionOfSymptomaticHospitalized":7.225993847141284e-2,
		"fractionOfPCRHospitalized":0.2286095426476867,
		"fractionHospitalizedInICU":0.2831190952062857,
		"fractionDeathOfHospitalized":0.11230572043119337,
		"fractionOfInfectionsPCRConfirmed":0.30034031360886304,
		"dateContained":"Fri 29 May 2020 00:00:00",
		"dateICUOverCapacity":"Sat 17 Oct 2020 05:27:08",
		"dateHospitalsOverCapacity":"Fri 23 Oct 2020 05:25:40"
	},
	"summaryAug1":{
		"totalProjectedDeaths":9.937014048360726e2,
		"totalProjectedPCRConfirmed":7.971707023658944e3,
		"totalProjectedInfected":9.247913125589828e4,
		"totalInfectedFraction":2.3735414185558957e-2,
		"fatalityRate":1.0745142080610698e-2,
		"fatalityRateSymptomatic":1.5350202972300997e-2,
		"fatalityRatePCR":0.12465352801939429,
		"fractionOfSymptomaticHospitalized":7.225962720202084e-2,
		"fractionOfPCRHospitalized":0.26760221886502517,
		"fractionHospitalizedInICU":0.28311909520628603,
		"fractionDeathOfHospitalized":0.3339349514039149,
		"fractionOfInfectionsPCRConfirmed":8.620006389982728e-2,
		"dateContained":"Fri 29 May 2020 00:00:00",
		"dateICUOverCapacity":"Sat 17 Oct 2020 05:27:08",
		"dateHospitalsOverCapacity":"Fri 23 Oct 2020 05:25:40"
	}
}