{
	"distancingLevel":0.4,
	"id":"scenario2",
	"distancingDays":90,
	"maintain":false,
	"name":"Italy",
	"gradual":false,
	"events":{
		"herd":{
			"eventName":"herd",
			"day":2.678126114942609e2,
			"thresholdCrossed":0.7000000000000013
		},
		"icu":{
			"eventName":"icu",
			"day":6.613355036291019e2,
			"thresholdCrossed":9.087677628146056e-28
		},
		"hospital":{
			"eventName":"hospital",
			"day":6.657569648223119e2,
			"thresholdCrossed":-1.3732490638087374e-26
		}
	},
	"summary":{
		"totalProjectedDeaths":3.3342908492821196e4,
		"totalProjectedPCRConfirmed":9.279565947160112e5,
		"totalProjectedInfected":3.099832692524579e6,
		"totalInfectedFraction":0.7955936854490583,
		"fatalityRate":1.0756357455429612e-2,
		"fatalityRateSymptomatic":1.5366224936328016e-2,
		"fatalityRatePCR":3.5931538913224016e-2,
		"fractionOfSymptomaticHospitalized":7.225993834785226e-2,
		"fractionOfPCRHospitalized":0.2288821959064961,
		"fractionHospitalizedInICU":0.283119095206286,
		"fractionDeathOfHospitalized":0.1125410127455506,
		"fractionOfInfectionsPCRConfirmed":0.29935699334800575,
		"dateContained":"Fri 24 Jul 2020 00:00:00",
		"dateICUOverCapacity":"Fri 22 Oct 2021 08:03:07",
		"dateHospitalsOverCapacity":"Tue 26 Oct 2021 18:10:01"
	},
	"summaryAug1":{
		"totalProjectedDeaths":1.5797833439344613e3,
		"totalProjectedPCRConfirmed":2.1496870915467203e4,
		"totalProjectedInfected":1.4834487960706034e5,
		"totalInfectedFraction":3.807374822799156e-2,
		"fatalityRate":1.0649395841090242e-2,
		"fatalityRateSymptomatic":1.5213422630128919e-2,
		"fatalityRatePCR":7.348899056735704e-2,
		"fractionOfSymptomaticHospitalized":7.191510514089279e-2,
		"fractionOfPCRHospitalized":0.2541288639973511,
		"fractionHospitalizedInICU":0.28311909520628575,
		"fractionDeathOfHospitalized":0.20730763606157224,
		"fractionOfInfectionsPCRConfirmed":0.14491144535900838,
		"dateContained":"Fri 24 Jul 2020 00:00:00",
		"dateICUOverCapacity":"Fri 22 Oct 2021 08:03:07",
		"dateHospitalsOverCapacity":"Tue 26 Oct 2021 18:10:01"
	}
}