{
	"distancingLevel":0.2,
	"id":"scenario2",
	"distancingDays":90,
	"maintain":false,
	"name":"Italy",
	"gradual":false,
	"events":{
		"herd":{
			"eventName":"herd",
			"day":3.429437829521683e2,
			"thresholdCrossed":0.7000000000000622
		},
		"icu":{
			"eventName":"icu",
			"day":3.197686656619859e2,
			"thresholdCrossed":1.5432783976186343e-4
		},
		"hospital":{
			"eventName":"hospital",
			"day":3.299491740165631e2,
			"thresholdCrossed":1.8295628880128458e-3
		}
	},
	"summary":{
		"totalProjectedDeaths":1.0200597956016296e3,
		"totalProjectedPCRConfirmed":1.272869849519217e4,
		"totalProjectedInfected":1.2105160833940782e5,
		"totalInfectedFraction":3.106873975506399e-2,
		"fatalityRate":8.426652149400261e-3,
		"fatalityRateSymptomatic":1.2038074499143233e-2,
		"fatalityRatePCR":8.013857787478604e-2,
		"fractionOfSymptomaticHospitalized":5.6743411202846865e-2,
		"fractionOfSymptomaticHospitalizedOrICU":7.90639978763907e-2,
		"fractionOfPCRHospitalized":0.28948929950605023,
		"fractionOfPCRHospitalizedOrICU":0.4033628024153024,
		"fractionHospitalizedInICU":0.2823103722688046,
		"fractionOfDeathInICU":0.7333781030694927,
		"fractionDeathOfHospitalizedOrICU":0.17057759306720113,
		"fractionOfInfectionsPCRConfirmed":0.10515100682927811,
		"fractionOfDeathsReported":0.768501591699504,
		"fractionOfHospitalizationsReported":0.766359367649025,
		"dateContained":"Sun 7 Jun 2020 21:39:59",
		"dateICUOverCapacity":"Sat 14 Nov 2020 18:26:52",
		"dateHospitalsOverCapacity":"Tue 24 Nov 2020 22:46:48"
	},
	"summaryAug1":{
		"totalProjectedDeaths":1.0200597956016296e3,
		"totalProjectedPCRConfirmed":1.272869849519217e4,
		"totalProjectedInfected":1.2105160833940782e5,
		"totalInfectedFraction":3.106873975506399e-2,
		"fatalityRate":8.426652149400261e-3,
		"fatalityRateSymptomatic":1.2038074499143233e-2,
		"fatalityRatePCR":8.013857787478604e-2,
		"fractionOfSymptomaticHospitalized":5.6743411202846865e-2,
		"fractionOfSymptomaticHospitalizedOrICU":7.90639978763907e-2,
		"fractionOfPCRHospitalized":0.28948929950605023,
		"fractionOfPCRHospitalizedOrICU":0.4033628024153024,
		"fractionHospitalizedInICU":0.2823103722688046,
		"fractionOfDeathInICU":0.7333781030694927,
		"fractionDeathOfHospitalizedOrICU":0.17057759306720113,
		"fractionOfInfectionsPCRConfirmed":0.10515100682927811,
		"fractionOfDeathsReported":0.768501591699504,
		"fractionOfHospitalizationsReported":0.766359367649025,
		"dateContained":"Sun 7 Jun 2020 21:39:59",
		"dateICUOverCapacity":"Sat 14 Nov 2020 18:26:52",
		"dateHospitalsOverCapacity":"Tue 24 Nov 2020 22:46:48"
	}
}