{
	"distancingLevel":0.2,
	"id":"scenario2",
	"distancingDays":90,
	"maintain":false,
	"name":"Italy",
	"gradual":false,
	"events":{
		"herd":{
			"eventName":"herd",
			"day":3.501186771678589e2,
			"thresholdCrossed":0.6999999999999996
		},
		"icu":{
			"eventName":"icu",
			"day":1.2282079758922814e2,
			"thresholdCrossed":1.409853618873228e-4
		},
		"hospital":{
			"eventName":"hospital",
			"day":3.3603505868173244e2,
			"thresholdCrossed":1.306655897941074e-3
		}
	},
	"summary":{
		"totalProjectedDeaths":1.1694315131243657e4,
		"totalProjectedPCRConfirmed":1.5705268832236924e5,
		"totalProjectedInfected":1.2423433985221463e6,
		"totalInfectedFraction":9.66463795337258e-2,
		"fatalityRate":9.413110050856193e-3,
		"fatalityRateSymptomatic":1.3447300072651708e-2,
		"fatalityRatePCR":7.446109491128028e-2,
		"fractionOfSymptomaticHospitalized":5.9283159327102514e-2,
		"fractionOfSymptomaticHospitalizedOrICU":8.198220480874134e-2,
		"fractionOfPCRHospitalized":0.2572494444173475,
		"fractionOfPCRHospitalizedOrICU":0.35574819018655507,
		"fractionHospitalizedInICU":0.2768777143112226,
		"fractionOfDeathInICU":0.716246372594728,
		"fractionDeathOfHospitalizedOrICU":0.16921942857780567,
		"fractionOfInfectionsPCRConfirmed":0.12641648718799836,
		"fractionOfDeathsReported":0.7878859283877188,
		"fractionOfHospitalizationsReported":0.7836619915921256,
		"dateContained":"Mon 6 Jul 2020 11:03:57",
		"dateICUOverCapacity":"Fri 1 May 2020 19:41:56",
		"dateHospitalsOverCapacity":"Tue 1 Dec 2020 00:50:29"
	},
	"summaryAug1":{
		"totalProjectedDeaths":1.1694315131243657e4,
		"totalProjectedPCRConfirmed":1.5705268832236924e5,
		"totalProjectedInfected":1.2423433985221463e6,
		"totalInfectedFraction":9.66463795337258e-2,
		"fatalityRate":9.413110050856193e-3,
		"fatalityRateSymptomatic":1.3447300072651708e-2,
		"fatalityRatePCR":7.446109491128028e-2,
		"fractionOfSymptomaticHospitalized":5.9283159327102514e-2,
		"fractionOfSymptomaticHospitalizedOrICU":8.198220480874134e-2,
		"fractionOfPCRHospitalized":0.2572494444173475,
		"fractionOfPCRHospitalizedOrICU":0.35574819018655507,
		"fractionHospitalizedInICU":0.2768777143112226,
		"fractionOfDeathInICU":0.716246372594728,
		"fractionDeathOfHospitalizedOrICU":0.16921942857780567,
		"fractionOfInfectionsPCRConfirmed":0.12641648718799836,
		"fractionOfDeathsReported":0.7878859283877188,
		"fractionOfHospitalizationsReported":0.7836619915921256,
		"dateContained":"Mon 6 Jul 2020 11:03:57",
		"dateICUOverCapacity":"Fri 1 May 2020 19:41:56",
		"dateHospitalsOverCapacity":"Tue 1 Dec 2020 00:50:29"
	}
}