{
	"distancingLevel":0.2,
	"id":"scenario2",
	"distancingDays":90,
	"maintain":false,
	"name":"Italy",
	"gradual":false,
	"events":{
		"herd":{
			"eventName":"herd",
			"day":3.0042487916366366e2,
			"thresholdCrossed":0.6999999999999252
		},
		"icu":{
			"eventName":"icu",
			"day":1.171444913887164e2,
			"thresholdCrossed":1.4098536188732284e-4
		},
		"hospital":{
			"eventName":"hospital",
			"day":2.9014819555769157e2,
			"thresholdCrossed":1.3066558979519154e-3
		}
	},
	"summary":{
		"totalProjectedDeaths":1.4164322336968606e4,
		"totalProjectedPCRConfirmed":1.8448743105004192e5,
		"totalProjectedInfected":1.4882599741442804e6,
		"totalInfectedFraction":0.11577711804731504,
		"fatalityRate":9.517371012489137e-3,
		"fatalityRateSymptomatic":1.3596244303555908e-2,
		"fatalityRatePCR":7.677662514107292e-2,
		"fractionOfSymptomaticHospitalized":5.942550077762879e-2,
		"fractionOfSymptomaticHospitalizedOrICU":8.217904765723785e-2,
		"fractionOfPCRHospitalized":0.2646153806479147,
		"fractionOfPCRHospitalizedOrICU":0.36593448422885694,
		"fractionHospitalizedInICU":0.2768777143112228,
		"fractionOfDeathInICU":0.7168289908034451,
		"fractionDeathOfHospitalizedOrICU":0.16921942857780567,
		"fractionOfInfectionsPCRConfirmed":0.12396183076556803,
		"fractionOfDeathsReported":0.7895564439786621,
		"fractionOfHospitalizationsReported":0.7885553365041903,
		"dateContained":"Thu 9 Jul 2020 05:23:40",
		"dateICUOverCapacity":"Sun 26 Apr 2020 03:28:04",
		"dateHospitalsOverCapacity":"Fri 16 Oct 2020 03:33:24"
	},
	"summaryAug1":{
		"totalProjectedDeaths":1.4164322336968606e4,
		"totalProjectedPCRConfirmed":1.8448743105004192e5,
		"totalProjectedInfected":1.4882599741442804e6,
		"totalInfectedFraction":0.11577711804731504,
		"fatalityRate":9.517371012489137e-3,
		"fatalityRateSymptomatic":1.3596244303555908e-2,
		"fatalityRatePCR":7.677662514107292e-2,
		"fractionOfSymptomaticHospitalized":5.942550077762879e-2,
		"fractionOfSymptomaticHospitalizedOrICU":8.217904765723785e-2,
		"fractionOfPCRHospitalized":0.2646153806479147,
		"fractionOfPCRHospitalizedOrICU":0.36593448422885694,
		"fractionHospitalizedInICU":0.2768777143112228,
		"fractionOfDeathInICU":0.7168289908034451,
		"fractionDeathOfHospitalizedOrICU":0.16921942857780567,
		"fractionOfInfectionsPCRConfirmed":0.12396183076556803,
		"fractionOfDeathsReported":0.7895564439786621,
		"fractionOfHospitalizationsReported":0.7885553365041903,
		"dateContained":"Thu 9 Jul 2020 05:23:40",
		"dateICUOverCapacity":"Sun 26 Apr 2020 03:28:04",
		"dateHospitalsOverCapacity":"Fri 16 Oct 2020 03:33:24"
	}
}