{
	"distancingLevel":0.2,
	"id":"scenario2",
	"distancingDays":90,
	"maintain":false,
	"name":"Italy",
	"gradual":false,
	"events":{
		"herd":{
			"eventName":"herd",
			"day":2.989400489486016e2,
			"thresholdCrossed":0.7000000000000003
		},
		"icu":{
			"eventName":"icu",
			"day":1.1714790000194446e2,
			"thresholdCrossed":1.4098536188732278e-4
		},
		"hospital":{
			"eventName":"hospital",
			"day":2.8856588581519924e2,
			"thresholdCrossed":1.3066558979477243e-3
		}
	},
	"summary":{
		"totalProjectedDeaths":1.3725805805118485e4,
		"totalProjectedPCRConfirmed":1.7727935978340855e5,
		"totalProjectedInfected":1.4395545361198327e6,
		"totalInfectedFraction":0.11198814612999597,
		"fatalityRate":9.534759163841717e-3,
		"fatalityRateSymptomatic":1.3621084519773882e-2,
		"fatalityRatePCR":7.742472570911818e-2,
		"fractionOfSymptomaticHospitalized":5.944966666208246e-2,
		"fractionOfSymptomaticHospitalizedOrICU":8.221246646472301e-2,
		"fractionOfPCRHospitalized":0.26645389322358703,
		"fractionOfPCRHospitalizedOrICU":0.36847694850088675,
		"fractionHospitalizedInICU":0.27687771431122266,
		"fractionOfDeathInICU":0.7169672609261829,
		"fractionDeathOfHospitalizedOrICU":0.16921942857780567,
		"fractionOfInfectionsPCRConfirmed":0.12314876257571065,
		"fractionOfDeathsReported":0.7895418534573285,
		"fractionOfHospitalizationsReported":0.7885053759722042,
		"dateContained":"Fri 10 Jul 2020 06:51:41",
		"dateICUOverCapacity":"Sun 26 Apr 2020 03:32:58",
		"dateHospitalsOverCapacity":"Wed 14 Oct 2020 13:34:52"
	},
	"summaryAug1":{
		"totalProjectedDeaths":1.3725805805118485e4,
		"totalProjectedPCRConfirmed":1.7727935978340855e5,
		"totalProjectedInfected":1.4395545361198327e6,
		"totalInfectedFraction":0.11198814612999597,
		"fatalityRate":9.534759163841717e-3,
		"fatalityRateSymptomatic":1.3621084519773882e-2,
		"fatalityRatePCR":7.742472570911818e-2,
		"fractionOfSymptomaticHospitalized":5.944966666208246e-2,
		"fractionOfSymptomaticHospitalizedOrICU":8.221246646472301e-2,
		"fractionOfPCRHospitalized":0.26645389322358703,
		"fractionOfPCRHospitalizedOrICU":0.36847694850088675,
		"fractionHospitalizedInICU":0.27687771431122266,
		"fractionOfDeathInICU":0.7169672609261829,
		"fractionDeathOfHospitalizedOrICU":0.16921942857780567,
		"fractionOfInfectionsPCRConfirmed":0.12314876257571065,
		"fractionOfDeathsReported":0.7895418534573285,
		"fractionOfHospitalizationsReported":0.7885053759722042,
		"dateContained":"Fri 10 Jul 2020 06:51:41",
		"dateICUOverCapacity":"Sun 26 Apr 2020 03:32:58",
		"dateHospitalsOverCapacity":"Wed 14 Oct 2020 13:34:52"
	}
}