{
	"distancingLevel":0.2,
	"id":"scenario2",
	"distancingDays":90,
	"maintain":false,
	"name":"Italy",
	"gradual":false,
	"events":{
		"herd":{
			"eventName":"herd",
			"day":2.951096733504991e2,
			"thresholdCrossed":0.7000000000000985
		}
	},
	"summary":{
		"totalProjectedDeaths":1.6424184253248654e3,
		"totalProjectedPCRConfirmed":3.65377036590989e4,
		"totalProjectedInfected":2.629162092306247e5,
		"totalInfectedFraction":9.588618877270208e-3,
		"fatalityRate":6.246927224955422e-3,
		"fatalityRateSymptomatic":8.924181749936318e-3,
		"fatalityRatePCR":4.495133138767624e-2,
		"fractionOfSymptomaticHospitalized":5.078567000339896e-2,
		"fractionOfSymptomaticHospitalizedOrICU":6.874071739118602e-2,
		"fractionOfPCRHospitalized":0.1867949269365119,
		"fractionOfPCRHospitalizedOrICU":0.25283544121384305,
		"fractionHospitalizedInICU":0.26119959274805693,
		"fractionOfDeathInICU":0.6567651584819505,
		"fractionDeathOfHospitalizedOrICU":0.16529989818701424,
		"fractionOfInfectionsPCRConfirmed":0.13897090546839877,
		"fractionOfDeathsReported":0.7327506511610625,
		"fractionOfHospitalizationsReported":0.7302132986820066,
		"dateContained":"Wed 20 May 2020 16:29:58",
		"dateICUOverCapacity":"",
		"dateHospitalsOverCapacity":""
	},
	"summaryAug1":{
		"totalProjectedDeaths":1.6424184253248654e3,
		"totalProjectedPCRConfirmed":3.65377036590989e4,
		"totalProjectedInfected":2.629162092306247e5,
		"totalInfectedFraction":9.588618877270208e-3,
		"fatalityRate":6.246927224955422e-3,
		"fatalityRateSymptomatic":8.924181749936318e-3,
		"fatalityRatePCR":4.495133138767624e-2,
		"fractionOfSymptomaticHospitalized":5.078567000339896e-2,
		"fractionOfSymptomaticHospitalizedOrICU":6.874071739118602e-2,
		"fractionOfPCRHospitalized":0.1867949269365119,
		"fractionOfPCRHospitalizedOrICU":0.25283544121384305,
		"fractionHospitalizedInICU":0.26119959274805693,
		"fractionOfDeathInICU":0.6567651584819505,
		"fractionDeathOfHospitalizedOrICU":0.16529989818701424,
		"fractionOfInfectionsPCRConfirmed":0.13897090546839877,
		"fractionOfDeathsReported":0.7327506511610625,
		"fractionOfHospitalizationsReported":0.7302132986820066,
		"dateContained":"Wed 20 May 2020 16:29:58",
		"dateICUOverCapacity":"",
		"dateHospitalsOverCapacity":""
	}
}