{
	"distancingLevel":0.2,
	"id":"scenario2",
	"distancingDays":90,
	"maintain":false,
	"name":"Italy",
	"gradual":false,
	"events":{
		"herd":{
			"eventName":"herd",
			"day":2.9379926867100244e2,
			"thresholdCrossed":0.6999999999999986
		},
		"icu":{
			"eventName":"icu",
			"day":2.7843672556173107e2,
			"thresholdCrossed":2.0507219431113865e-4
		},
		"hospital":{
			"eventName":"hospital",
			"day":2.805277874829244e2,
			"thresholdCrossed":1.3567733664366847e-3
		}
	},
	"summary":{
		"totalProjectedDeaths":1.9320199697958494e3,
		"totalProjectedPCRConfirmed":3.7264229142625125e4,
		"totalProjectedInfected":2.519900978134868e5,
		"totalInfectedFraction":9.190140904017416e-3,
		"fatalityRate":7.667047183837577e-3,
		"fatalityRateSymptomatic":1.0952924548339397e-2,
		"fatalityRatePCR":5.184650304723159e-2,
		"fractionOfSymptomaticHospitalized":6.262577030286301e-2,
		"fractionOfSymptomaticHospitalizedOrICU":8.485530817844016e-2,
		"fractionOfPCRHospitalized":0.21659676131580016,
		"fractionOfPCRHospitalizedOrICU":0.2934795826545552,
		"fractionHospitalizedInICU":0.26196991505624134,
		"fractionOfDeathInICU":0.6526583430410854,
		"fractionDeathOfHospitalizedOrICU":0.1654924787640603,
		"fractionOfInfectionsPCRConfirmed":0.14787973601330415,
		"fractionOfDeathsReported":0.7329483504369689,
		"fractionOfHospitalizationsReported":0.7306501946817543,
		"dateContained":"Fri 22 May 2020 01:34:52",
		"dateICUOverCapacity":"Sun 4 Oct 2020 10:28:53",
		"dateHospitalsOverCapacity":"Tue 6 Oct 2020 12:40:00"
	},
	"summaryAug1":{
		"totalProjectedDeaths":1.9320199697958494e3,
		"totalProjectedPCRConfirmed":3.7264229142625125e4,
		"totalProjectedInfected":2.519900978134868e5,
		"totalInfectedFraction":9.190140904017416e-3,
		"fatalityRate":7.667047183837577e-3,
		"fatalityRateSymptomatic":1.0952924548339397e-2,
		"fatalityRatePCR":5.184650304723159e-2,
		"fractionOfSymptomaticHospitalized":6.262577030286301e-2,
		"fractionOfSymptomaticHospitalizedOrICU":8.485530817844016e-2,
		"fractionOfPCRHospitalized":0.21659676131580016,
		"fractionOfPCRHospitalizedOrICU":0.2934795826545552,
		"fractionHospitalizedInICU":0.26196991505624134,
		"fractionOfDeathInICU":0.6526583430410854,
		"fractionDeathOfHospitalizedOrICU":0.1654924787640603,
		"fractionOfInfectionsPCRConfirmed":0.14787973601330415,
		"fractionOfDeathsReported":0.7329483504369689,
		"fractionOfHospitalizationsReported":0.7306501946817543,
		"dateContained":"Fri 22 May 2020 01:34:52",
		"dateICUOverCapacity":"Sun 4 Oct 2020 10:28:53",
		"dateHospitalsOverCapacity":"Tue 6 Oct 2020 12:40:00"
	}
}