{
	"distancingLevel":0.5057142857142857,
	"id":"scenario5",
	"distancingDays":614,
	"maintain":true,
	"name":"Current Indefinite",
	"gradual":false,
	"events":{},
	"summary":{
		"totalProjectedDeaths":9.138743331550499e3,
		"totalProjectedPCRConfirmed":2.7385610959961114e5,
		"totalProjectedInfected":9.507285180207506e5,
		"totalInfectedFraction":0.17487817443859768,
		"fatalityRate":9.612358479133196e-3,
		"fatalityRateSymptomatic":1.3731940684475993e-2,
		"fatalityRatePCR":3.33706023389864e-2,
		"fractionOfSymptomaticHospitalized":7.033706745390932e-2,
		"fractionOfSymptomaticHospitalizedOrICU":9.630565040651476e-2,
		"fractionOfPCRHospitalized":0.20608777131463626,
		"fractionOfPCRHospitalizedOrICU":0.2821757797947831,
		"fractionHospitalizedInICU":0.26964755279663993,
		"fractionOfDeathInICU":0.6414774925083813,
		"fractionDeathOfHospitalizedOrICU":0.15898369242289118,
		"fractionOfInfectionsPCRConfirmed":0.28804869571992153,
		"dateContained":"Thu 29 Apr 2021 00:00:00",
		"dateICUOverCapacity":"",
		"dateHospitalsOverCapacity":""
	},
	"summaryAug1":{
		"totalProjectedDeaths":4.936638475039761e3,
		"totalProjectedPCRConfirmed":1.590691195146483e5,
		"totalProjectedInfected":6.233850822570965e5,
		"totalInfectedFraction":0.11466621973676475,
		"fatalityRate":7.919083429403902e-3,
		"fatalityRateSymptomatic":1.131297632771986e-2,
		"fatalityRatePCR":3.1034549572553322e-2,
		"fractionOfSymptomaticHospitalized":6.377292837975886e-2,
		"fractionOfSymptomaticHospitalizedOrICU":8.731801834026288e-2,
		"fractionOfPCRHospitalized":0.1970483935029661,
		"fractionOfPCRHospitalizedOrICU":0.26979904600511295,
		"fractionHospitalizedInICU":0.2696475527966402,
		"fractionOfDeathInICU":0.636474708108113,
		"fractionDeathOfHospitalizedOrICU":0.1589836924228913,
		"fractionOfInfectionsPCRConfirmed":0.2551699167049445,
		"dateContained":"Thu 29 Apr 2021 00:00:00",
		"dateICUOverCapacity":"",
		"dateHospitalsOverCapacity":""
	}
}