{
	"distancingLevel":0.540952380952381,
	"id":"scenario5",
	"distancingDays":604,
	"maintain":true,
	"name":"Current Indefinite",
	"gradual":false,
	"events":{
		"icu":{
			"eventName":"icu",
			"day":1.3627132979574824e2,
			"thresholdCrossed":1.2386602530035796e-4
		}
	},
	"summary":{
		"totalProjectedDeaths":1.0711026427425324e4,
		"totalProjectedPCRConfirmed":1.8830692511108328e5,
		"totalProjectedInfected":1.2811616643244221e6,
		"totalInfectedFraction":0.23565845430217794,
		"fatalityRate":8.36040191155222e-3,
		"fatalityRateSymptomatic":1.194343130221746e-2,
		"fatalityRatePCR":5.688068254052171e-2,
		"fractionOfSymptomaticHospitalized":5.711477222084549e-2,
		"fractionOfSymptomaticHospitalizedOrICU":7.811772999437262e-2,
		"fractionOfPCRHospitalized":0.21123872946639757,
		"fractionOfPCRHospitalizedOrICU":0.2889180748021566,
		"fractionHospitalizedInICU":0.26886287882456544,
		"fractionOfDeathInICU":0.6710731266817388,
		"fractionDeathOfHospitalizedOrICU":0.16721571970614135,
		"fractionOfInfectionsPCRConfirmed":0.1469813922432503,
		"fractionOfDeathsReported":0.7773321818993145,
		"fractionOfHospitalizationsReported":0.7765857449430971,
		"dateContained":"Sun 4 Apr 2021 07:03:45",
		"dateICUOverCapacity":"Fri 15 May 2020 06:30:42",
		"dateHospitalsOverCapacity":""
	},
	"summaryAug1":{
		"totalProjectedDeaths":7.017000985856686e3,
		"totalProjectedPCRConfirmed":1.3597029585966788e5,
		"totalProjectedInfected":1.0051807727279175e6,
		"totalInfectedFraction":0.18489418922805523,
		"fatalityRate":6.980834866959845e-3,
		"fatalityRateSymptomatic":9.972621238514065e-3,
		"fatalityRatePCR":5.1606867084401924e-2,
		"fractionOfSymptomaticHospitalized":5.1939951102594285e-2,
		"fractionOfSymptomaticHospitalizedOrICU":7.103995898757196e-2,
		"fractionOfPCRHospitalized":0.208613709424392,
		"fractionOfPCRHospitalizedOrICU":0.2853277495868462,
		"fractionHospitalizedInICU":0.2688628788245655,
		"fractionOfDeathInICU":0.6646020554479433,
		"fractionDeathOfHospitalizedOrICU":0.16721571970614138,
		"fractionOfInfectionsPCRConfirmed":0.13526949534725366,
		"fractionOfDeathsReported":0.7771479458746056,
		"fractionOfHospitalizationsReported":0.7761454910172948,
		"dateContained":"Sun 4 Apr 2021 07:03:45",
		"dateICUOverCapacity":"Fri 15 May 2020 06:30:42",
		"dateHospitalsOverCapacity":""
	}
}