{
	"distancingLevel":0.5057142857142857,
	"id":"scenario5",
	"distancingDays":612,
	"maintain":true,
	"name":"Current Indefinite",
	"gradual":false,
	"events":{},
	"summary":{
		"totalProjectedDeaths":3.548125530938563e3,
		"totalProjectedPCRConfirmed":7.205147019305422e4,
		"totalProjectedInfected":3.44167642104867e5,
		"totalInfectedFraction":6.330661993545263e-2,
		"fatalityRate":1.0309294357943906e-2,
		"fatalityRateSymptomatic":1.4727563368491294e-2,
		"fatalityRatePCR":4.924431828291275e-2,
		"fractionOfSymptomaticHospitalized":7.030400730839166e-2,
		"fractionOfSymptomaticHospitalizedOrICU":9.626038439057379e-2,
		"fractionOfPCRHospitalized":0.18182486335739956,
		"fractionOfPCRHospitalizedOrICU":0.2489549587375753,
		"fractionHospitalizedInICU":0.26964755279664027,
		"fractionOfDeathInICU":0.6725140252118692,
		"fractionDeathOfHospitalizedOrICU":0.16741188819916009,
		"fractionOfInfectionsPCRConfirmed":0.2093499253805514,
		"fractionOfDeathsReported":0.7764010370214501,
		"fractionOfHospitalizationsReported":0.7734779898559823,
		"dateContained":"Sun 18 Apr 2021 12:09:34",
		"dateICUOverCapacity":"",
		"dateHospitalsOverCapacity":""
	},
	"summaryAug1":{
		"totalProjectedDeaths":2.8019793578799276e3,
		"totalProjectedPCRConfirmed":5.598354605272837e4,
		"totalProjectedInfected":2.939718127959192e5,
		"totalInfectedFraction":5.4073537275583734e-2,
		"fatalityRate":9.53145586044712e-3,
		"fatalityRateSymptomatic":1.3616365514924457e-2,
		"fatalityRatePCR":5.00500514069057e-2,
		"fractionOfSymptomaticHospitalized":6.751800744867877e-2,
		"fractionOfSymptomaticHospitalizedOrICU":9.244578793049352e-2,
		"fractionOfPCRHospitalized":0.1917315101416256,
		"fractionOfPCRHospitalizedOrICU":0.2625191589017018,
		"fractionHospitalizedInICU":0.2696475527966402,
		"fractionOfDeathInICU":0.6684886041903758,
		"fractionDeathOfHospitalizedOrICU":0.16741188819916003,
		"fractionOfInfectionsPCRConfirmed":0.19043848292895077,
		"fractionOfDeathsReported":0.7760598866878246,
		"fractionOfHospitalizationsReported":0.7725570301438668,
		"dateContained":"Sun 18 Apr 2021 12:09:34",
		"dateICUOverCapacity":"",
		"dateHospitalsOverCapacity":""
	}
}