{
	"distancingLevel":0.608095238095238,
	"id":"scenario5",
	"distancingDays":595,
	"maintain":true,
	"name":"Current Indefinite",
	"gradual":false,
	"events":{},
	"summary":{
		"totalProjectedDeaths":7.724254931327614e3,
		"totalProjectedPCRConfirmed":1.3625773843725352e5,
		"totalProjectedInfected":9.236706883970083e5,
		"totalInfectedFraction":0.16990112393555662,
		"fatalityRate":8.362563658626792e-3,
		"fatalityRateSymptomatic":1.1946519512323991e-2,
		"fatalityRatePCR":5.668855963644679e-2,
		"fractionOfSymptomaticHospitalized":5.712209088891179e-2,
		"fractionOfSymptomaticHospitalizedOrICU":7.81277399745177e-2,
		"fractionOfPCRHospitalized":0.21043199344051544,
		"fractionOfPCRHospitalizedOrICU":0.28781467572349234,
		"fractionHospitalizedInICU":0.26886287882456544,
		"fractionOfDeathInICU":0.6710937418672274,
		"fractionDeathOfHospitalizedOrICU":0.16721571970614135,
		"fractionOfInfectionsPCRConfirmed":0.14751765986395335,
		"fractionOfDeathsReported":0.7772860465268469,
		"fractionOfHospitalizationsReported":0.7763430112033792,
		"dateContained":"",
		"dateICUOverCapacity":"",
		"dateHospitalsOverCapacity":""
	},
	"summaryAug1":{
		"totalProjectedDeaths":4.352083066688092e3,
		"totalProjectedPCRConfirmed":8.218246895243297e4,
		"totalProjectedInfected":6.217170728408701e5,
		"totalInfectedFraction":0.11435940403056996,
		"fatalityRate":7.000102227853758e-3,
		"fatalityRateSymptomatic":1.0000146039791082e-2,
		"fatalityRatePCR":5.2956343635855815e-2,
		"fractionOfSymptomaticHospitalized":5.183462466728551e-2,
		"fractionOfSymptomaticHospitalizedOrICU":7.089590059926382e-2,
		"fractionOfPCRHospitalized":0.21286665200642077,
		"fractionOfPCRHospitalizedOrICU":0.2911446373618664,
		"fractionHospitalizedInICU":0.26886287882456555,
		"fractionOfDeathInICU":0.6651170519830477,
		"fractionDeathOfHospitalizedOrICU":0.16721571970614138,
		"fractionOfInfectionsPCRConfirmed":0.1321862830256678,
		"fractionOfDeathsReported":0.7769791307694186,
		"fractionOfHospitalizationsReported":0.775489678940028,
		"dateContained":"",
		"dateICUOverCapacity":"",
		"dateHospitalsOverCapacity":""
	}
}