{
	"distancingLevel":0.4340456253828571,
	"id":"scenario5",
	"distancingDays":621,
	"maintain":true,
	"name":"Current Indefinite",
	"events":{
		"icu":{
			"eventName":"icu",
			"day":1.4423284415901736e2,
			"thresholdCrossed":1.7695146471482948e-4
		}
	},
	"summary":{
		"totalProjectedDeaths":9.01233876193536e3,
		"totalProjectedPCRConfirmed":2.592445247090319e5,
		"totalProjectedInfected":9.883863242335971e5,
		"totalInfectedFraction":0.18180499768944008,
		"fatalityRate":9.118234986631975e-3,
		"fatalityRateSymptomatic":1.302604998090282e-2,
		"fatalityRatePCR":3.476385382507319e-2,
		"fractionOfSymptomaticHospitalized":7.033702351511348e-2,
		"fractionOfPCRHospitalized":0.22940707157510912,
		"fractionHospitalizedInICU":0.2696475527966402,
		"fractionDeathOfHospitalized":0.11067603775696733,
		"fractionOfInfectionsPCRConfirmed":0.2622906836656732,
		"dateContained":"Tue 27 Apr 2021 00:00:00",
		"dateICUOverCapacity":"Sat 23 May 2020 05:35:17",
		"dateHospitalsOverCapacity":""
	},
	"summaryAug1":{
		"totalProjectedDeaths":5.426530766126635e3,
		"totalProjectedPCRConfirmed":1.650940335384281e5,
		"totalProjectedInfected":7.101973731581175e5,
		"totalInfectedFraction":0.1306345794355023,
		"fatalityRate":7.640876988879651e-3,
		"fatalityRateSymptomatic":1.0915538555542361e-2,
		"fatalityRatePCR":3.286933300871547e-2,
		"fractionOfSymptomaticHospitalized":6.510571969189523e-2,
		"fractionOfPCRHospitalized":0.22205105109149179,
		"fractionHospitalizedInICU":0.2696475527966404,
		"fractionDeathOfHospitalized":0.10811116490039145,
		"fractionOfInfectionsPCRConfirmed":0.2324621855531304,
		"dateContained":"Tue 27 Apr 2021 00:00:00",
		"dateICUOverCapacity":"Sat 23 May 2020 05:35:17",
		"dateHospitalsOverCapacity":""
	}
}