{
	"distancingLevel":0.5057142857142857,
	"id":"scenario5",
	"distancingDays":613,
	"maintain":true,
	"name":"Current Indefinite",
	"gradual":false,
	"events":{},
	"summary":{
		"totalProjectedDeaths":3.4510833995892544e3,
		"totalProjectedPCRConfirmed":7.751860112536993e4,
		"totalProjectedInfected":3.5929816024548275e5,
		"totalInfectedFraction":6.608974607565664e-2,
		"fatalityRate":9.605068384517683e-3,
		"fatalityRateSymptomatic":1.3721526263596689e-2,
		"fatalityRatePCR":4.451942307379693e-2,
		"fractionOfSymptomaticHospitalized":7.031058310453152e-2,
		"fractionOfSymptomaticHospitalizedOrICU":9.62693879835172e-2,
		"fractionOfPCRHospitalized":0.17628067636303163,
		"fractionOfPCRHospitalizedOrICU":0.2413638470549932,
		"fractionHospitalizedInICU":0.26964755279663993,
		"fractionOfDeathInICU":0.8249860485154497,
		"fractionDeathOfHospitalizedOrICU":0.15898369242289118,
		"fractionOfInfectionsPCRConfirmed":0.2157500641595465,
		"fractionOfDeathsReported":0.7759766184574004,
		"fractionOfHospitalizationsReported":0.7727462425813701,
		"dateContained":"Sat 29 May 2021 03:54:13",
		"dateICUOverCapacity":"",
		"dateHospitalsOverCapacity":""
	},
	"summaryAug1":{
		"totalProjectedDeaths":2.5465626996788296e3,
		"totalProjectedPCRConfirmed":5.613192334998256e4,
		"totalProjectedInfected":2.8906611086666427e5,
		"totalInfectedFraction":5.317117642128433e-2,
		"fatalityRate":8.809620373844054e-3,
		"fatalityRateSymptomatic":1.2585171962634367e-2,
		"fatalityRatePCR":4.536745843895301e-2,
		"fractionOfSymptomaticHospitalized":6.734507518506953e-2,
		"fractionOfSymptomaticHospitalizedOrICU":9.220900873673384e-2,
		"fractionOfPCRHospitalized":0.18724120734772076,
		"fractionOfPCRHospitalizedOrICU":0.25637102752882984,
		"fractionHospitalizedInICU":0.26964755279664027,
		"fractionOfDeathInICU":0.8221176279078168,
		"fractionDeathOfHospitalizedOrICU":0.15898369242289132,
		"fractionOfInfectionsPCRConfirmed":0.19418368753670395,
		"fractionOfDeathsReported":0.7753708266015379,
		"fractionOfHospitalizationsReported":0.7712768475685463,
		"dateContained":"Sat 29 May 2021 03:54:13",
		"dateICUOverCapacity":"",
		"dateHospitalsOverCapacity":""
	}
}