{
	"distancingLevel":0.5582892653142857,
	"id":"scenario5",
	"distancingDays":609,
	"maintain":true,
	"name":"Current Indefinite",
	"gradual":false,
	"events":{},
	"summary":{
		"totalProjectedDeaths":7.094115619142022e3,
		"totalProjectedPCRConfirmed":1.956361651600922e5,
		"totalProjectedInfected":8.486555056059796e5,
		"totalInfectedFraction":0.15610273883085474,
		"fatalityRate":8.359240672193003e-3,
		"fatalityRateSymptomatic":1.1941772388847149e-2,
		"fatalityRatePCR":3.626178019456062e-2,
		"fractionOfSymptomaticHospitalized":5.711053391834339e-2,
		"fractionOfSymptomaticHospitalizedOrICU":7.811193313031072e-2,
		"fractionOfPCRHospitalized":0.13463427642755726,
		"fractionOfPCRHospitalizedOrICU":0.18414367500737552,
		"fractionHospitalizedInICU":0.2688628788245658,
		"fractionOfDeathInICU":0.6710774557602819,
		"fractionDeathOfHospitalizedOrICU":0.16721571970614146,
		"fractionOfInfectionsPCRConfirmed":0.2305248288236802,
		"fractionOfDeathsReported":0.7772492710238822,
		"fractionOfHospitalizationsReported":0.7763527370984713,
		"dateContained":"Fri 16 Apr 2021 21:04:32",
		"dateICUOverCapacity":"",
		"dateHospitalsOverCapacity":""
	},
	"summaryAug1":{
		"totalProjectedDeaths":4.915995879439245e3,
		"totalProjectedPCRConfirmed":1.411404641862287e5,
		"totalProjectedInfected":6.769905774821722e5,
		"totalInfectedFraction":0.12452648054429169,
		"fatalityRate":7.261542542767079e-3,
		"fatalityRateSymptomatic":1.037363220395297e-2,
		"fatalityRatePCR":3.483052084165461e-2,
		"fractionOfSymptomaticHospitalized":5.3004344866704495e-2,
		"fractionOfSymptomaticHospitalizedOrICU":7.249576492777508e-2,
		"fractionOfPCRHospitalized":0.138082553158821,
		"fractionOfPCRHospitalizedOrICU":0.1888599951495124,
		"fractionHospitalizedInICU":0.26886287882456555,
		"fractionOfDeathInICU":0.6660892667390513,
		"fractionDeathOfHospitalizedOrICU":0.16721571970614138,
		"fractionOfInfectionsPCRConfirmed":0.20848216929569527,
		"fractionOfDeathsReported":0.7770574770690094,
		"fractionOfHospitalizationsReported":0.7758865347153465,
		"dateContained":"Fri 16 Apr 2021 21:04:32",
		"dateICUOverCapacity":"",
		"dateHospitalsOverCapacity":""
	}
}