{
	"distancingLevel":1,
	"id":"scenario4",
	"distancingDays":90,
	"maintain":false,
	"name":"Normal",
	"gradual":false,
	"events":{},
	"summary":{
		"totalProjectedDeaths":4.6825563820851676e4,
		"totalProjectedPCRConfirmed":7.463899242141938e5,
		"totalProjectedInfected":4.353887851353865e6,
		"totalInfectedFraction":0.7554613771013421,
		"fatalityRate":1.0754885155411389e-2,
		"fatalityRateSymptomatic":1.5364121650587701e-2,
		"fatalityRatePCR":6.273606100745541e-2,
		"fractionOfSymptomaticHospitalized":6.226819487548841e-2,
		"fractionOfSymptomaticHospitalizedOrICU":8.692805695331655e-2,
		"fractionOfPCRHospitalized":0.2055776365636398,
		"fractionOfPCRHospitalizedOrICU":0.2869918509002245,
		"fractionHospitalizedInICU":0.28368127555262584,
		"fractionOfDeathInICU":0.7354135906307437,
		"fractionDeathOfHospitalizedOrICU":0.17092031888815645,
		"fractionOfInfectionsPCRConfirmed":0.1714306729288169,
		"fractionOfDeathsReported":0.8086385246991807,
		"fractionOfHospitalizationsReported":0.8085373427383896,
		"dateContained":"",
		"dateICUOverCapacity":"",
		"dateHospitalsOverCapacity":""
	},
	"summaryAug1":{
		"totalProjectedDeaths":4.2012078193845075e4,
		"totalProjectedPCRConfirmed":7.321437306035036e5,
		"totalProjectedInfected":4.3239917552334145e6,
		"totalInfectedFraction":0.7502739798333838,
		"fatalityRate":9.71604030997446e-3,
		"fatalityRateSymptomatic":1.3880057585677797e-2,
		"fatalityRatePCR":5.738228224561134e-2,
		"fractionOfSymptomaticHospitalized":6.028261091823518e-2,
		"fractionOfSymptomaticHospitalizedOrICU":8.415612891418131e-2,
		"fractionOfPCRHospitalized":0.20150016426731307,
		"fractionOfPCRHospitalizedOrICU":0.2812995910762579,
		"fractionHospitalizedInICU":0.2836812755526254,
		"fractionOfDeathInICU":0.7296897817423407,
		"fractionDeathOfHospitalizedOrICU":0.17092031888815634,
		"fractionOfInfectionsPCRConfirmed":0.16932125962483052,
		"fractionOfDeathsReported":0.8086326528593575,
		"fractionOfHospitalizationsReported":0.8085312333418598,
		"dateContained":"",
		"dateICUOverCapacity":"",
		"dateHospitalsOverCapacity":""
	}
}