{
	"distancingLevel":1,
	"id":"scenario4",
	"distancingDays":90,
	"maintain":false,
	"name":"Normal",
	"gradual":false,
	"events":{
		"herd":{
			"eventName":"herd",
			"day":1.6296534239295298e2,
			"thresholdCrossed":0.7000000000000004
		},
		"icu":{
			"eventName":"icu",
			"day":1.3973328545381352e2,
			"thresholdCrossed":1.4878842840725847e-4
		},
		"hospital":{
			"eventName":"hospital",
			"day":1.4654563980936135e2,
			"thresholdCrossed":1.3340159359733095e-3
		}
	},
	"summary":{
		"totalProjectedDeaths":4.26769249093888e4,
		"totalProjectedPCRConfirmed":1.104321228567993e6,
		"totalProjectedInfected":3.968143247718246e6,
		"totalInfectedFraction":0.6885292099392138,
		"fatalityRate":1.075488515540078e-2,
		"fatalityRateSymptomatic":1.5364121650572542e-2,
		"fatalityRatePCR":3.86453903134048e-2,
		"fractionOfSymptomaticHospitalized":6.2268194875476586e-2,
		"fractionOfSymptomaticHospitalizedOrICU":8.692805695330003e-2,
		"fractionOfPCRHospitalized":0.12663562719529906,
		"fractionOfPCRHospitalizedOrICU":0.17678670523794537,
		"fractionHospitalizedInICU":0.2836812755526256,
		"fractionOfDeathInICU":0.7354136474811687,
		"fractionDeathOfHospitalizedOrICU":0.17092031888815643,
		"fractionOfInfectionsPCRConfirmed":0.27829671451578714,
		"fractionOfDeathsReported":0.8086403076492752,
		"fractionOfHospitalizationsReported":0.8085365721978935,
		"dateContained":"",
		"dateICUOverCapacity":"Mon 18 May 2020 17:35:55",
		"dateHospitalsOverCapacity":"Mon 25 May 2020 13:05:43"
	},
	"summaryAug1":{
		"totalProjectedDeaths":4.104401368999218e4,
		"totalProjectedPCRConfirmed":1.0980517757148694e6,
		"totalProjectedInfected":3.9585661468211375e6,
		"totalInfectedFraction":0.6868674469174313,
		"fatalityRate":1.036840415637665e-2,
		"fatalityRateSymptomatic":1.4812005937680929e-2,
		"fatalityRatePCR":3.737894204785664e-2,
		"fractionOfSymptomaticHospitalized":6.160365846054309e-2,
		"fractionOfSymptomaticHospitalizedOrICU":8.600034643526747e-2,
		"fractionOfPCRHospitalized":0.12569506073430314,
		"fractionOfPCRHospitalizedOrICU":0.1754736494306698,
		"fractionHospitalizedInICU":0.28368127555262557,
		"fractionOfDeathInICU":0.7331570243460562,
		"fractionDeathOfHospitalizedOrICU":0.1709203188881564,
		"fractionOfInfectionsPCRConfirmed":0.27738623910494514,
		"fractionOfDeathsReported":0.8086383396569975,
		"fractionOfHospitalizationsReported":0.8085345449198701,
		"dateContained":"",
		"dateICUOverCapacity":"Mon 18 May 2020 17:35:55",
		"dateHospitalsOverCapacity":"Mon 25 May 2020 13:05:43"
	}
}