{
	"distancingLevel":1,
	"id":"scenario4",
	"distancingDays":90,
	"maintain":false,
	"name":"Normal",
	"gradual":false,
	"events":{
		"herd":{
			"eventName":"herd",
			"day":1.7372533527899668e2,
			"thresholdCrossed":0.7000000000000048
		},
		"icu":{
			"eventName":"icu",
			"day":1.506960050492508e2,
			"thresholdCrossed":1.487884284072592e-4
		},
		"hospital":{
			"eventName":"hospital",
			"day":1.5842579941596236e2,
			"thresholdCrossed":1.3340159359733108e-3
		}
	},
	"summary":{
		"totalProjectedDeaths":4.69390166959369e4,
		"totalProjectedPCRConfirmed":7.473415133418471e5,
		"totalProjectedInfected":4.364436813382719e6,
		"totalInfectedFraction":0.7572917718320721,
		"fatalityRate":1.0754885155401333e-2,
		"fatalityRateSymptomatic":1.5364121650573333e-2,
		"fatalityRatePCR":6.280798785824462e-2,
		"fractionOfSymptomaticHospitalized":6.226819487547753e-2,
		"fractionOfSymptomaticHospitalizedOrICU":8.692805695330134e-2,
		"fractionOfPCRHospitalized":0.20581264725911216,
		"fractionOfPCRHospitalizedOrICU":0.28731993208455137,
		"fractionHospitalizedInICU":0.2836812755526257,
		"fractionOfDeathInICU":0.7354136916366442,
		"fractionDeathOfHospitalizedOrICU":0.17092031888815643,
		"fractionOfInfectionsPCRConfirmed":0.1712343528608928,
		"fractionOfDeathsReported":0.808637702850562,
		"fractionOfHospitalizationsReported":0.8085346559456648,
		"dateContained":"",
		"dateICUOverCapacity":"Fri 29 May 2020 16:42:14",
		"dateHospitalsOverCapacity":"Sat 6 Jun 2020 10:13:09"
	},
	"summaryAug1":{
		"totalProjectedDeaths":4.272206895852276e4,
		"totalProjectedPCRConfirmed":7.353614155381392e5,
		"totalProjectedInfected":4.339775871458898e6,
		"totalInfectedFraction":0.7530127481680627,
		"fatalityRate":9.844303075532084e-3,
		"fatalityRateSymptomatic":1.4063290107902979e-2,
		"fatalityRatePCR":5.8096696475784845e-2,
		"fractionOfSymptomaticHospitalized":6.05735578816237e-2,
		"fractionOfSymptomaticHospitalizedOrICU":8.456229861693897e-2,
		"fractionOfPCRHospitalized":0.20232213885689435,
		"fractionOfPCRHospitalizedOrICU":0.2824470894754033,
		"fractionHospitalizedInICU":0.2836812755526256,
		"fractionOfDeathInICU":0.7303296762942797,
		"fractionDeathOfHospitalizedOrICU":0.17092031888815643,
		"fractionOfInfectionsPCRConfirmed":0.16944686484256927,
		"fractionOfDeathsReported":0.8086325630787708,
		"fractionOfHospitalizationsReported":0.8085294101557179,
		"dateContained":"",
		"dateICUOverCapacity":"Fri 29 May 2020 16:42:14",
		"dateHospitalsOverCapacity":"Sat 6 Jun 2020 10:13:09"
	}
}