{
	"distancingLevel":1,
	"id":"scenario4",
	"distancingDays":90,
	"maintain":false,
	"name":"Normal",
	"gradual":false,
	"events":{},
	"summary":{
		"totalProjectedDeaths":4.0753976041930706e4,
		"totalProjectedPCRConfirmed":1.0973130919357056e6,
		"totalProjectedInfected":3.7893455348574654e6,
		"totalInfectedFraction":0.6575052674326622,
		"fatalityRate":1.075488515550843e-2,
		"fatalityRateSymptomatic":1.536412165072633e-2,
		"fatalityRatePCR":3.7139788398987385e-2,
		"fractionOfSymptomaticHospitalized":6.226819487562589e-2,
		"fractionOfSymptomaticHospitalizedOrICU":8.692805695350843e-2,
		"fractionOfPCRHospitalized":0.12168813790669766,
		"fractionOfPCRHospitalizedOrICU":0.16987987854230333,
		"fractionHospitalizedInICU":0.2836812755526254,
		"fractionOfDeathInICU":0.7354169556566307,
		"fractionDeathOfHospitalizedOrICU":0.17092031888815634,
		"fractionOfInfectionsPCRConfirmed":0.28957852532626865,
		"fractionOfDeathsReported":0.8086018955128531,
		"fractionOfHospitalizationsReported":0.808444632014921,
		"dateContained":"",
		"dateICUOverCapacity":"",
		"dateHospitalsOverCapacity":""
	},
	"summaryAug1":{
		"totalProjectedDeaths":3.622400993385472e4,
		"totalProjectedPCRConfirmed":1.0734683104467057e6,
		"totalProjectedInfected":3.748994448246431e6,
		"totalInfectedFraction":0.6505037808304687,
		"fatalityRate":9.662326907632066e-3,
		"fatalityRateSymptomatic":1.3803324153760095e-2,
		"fatalityRatePCR":3.374483399401024e-2,
		"fractionOfSymptomaticHospitalized":6.002825872126251e-2,
		"fractionOfSymptomaticHospitalizedOrICU":8.380104647909783e-2,
		"fractionOfPCRHospitalized":0.11863784575958954,
		"fractionOfPCRHospitalizedOrICU":0.1656215895390927,
		"fractionHospitalizedInICU":0.2836812755526255,
		"fractionOfDeathInICU":0.7296790742930641,
		"fractionDeathOfHospitalizedOrICU":0.1709203188881564,
		"fractionOfInfectionsPCRConfirmed":0.28633499602775186,
		"fractionOfDeathsReported":0.8085909059243004,
		"fractionOfHospitalizationsReported":0.808432747650961,
		"dateContained":"",
		"dateICUOverCapacity":"",
		"dateHospitalsOverCapacity":""
	}
}