{
	"distancingLevel":1,
	"id":"scenario4",
	"distancingDays":90,
	"maintain":false,
	"name":"Normal",
	"gradual":false,
	"events":{
		"herd":{
			"eventName":"herd",
			"day":1.6630974789505365e2,
			"thresholdCrossed":0.6999999999999995
		},
		"icu":{
			"eventName":"icu",
			"day":1.4555489321066196e2,
			"thresholdCrossed":1.4878842840725912e-4
		},
		"hospital":{
			"eventName":"hospital",
			"day":1.5215356621565417e2,
			"thresholdCrossed":1.3340159359733115e-3
		}
	},
	"summary":{
		"totalProjectedDeaths":4.8372563610071404e4,
		"totalProjectedPCRConfirmed":7.630846263404517e5,
		"totalProjectedInfected":4.497729442115061e6,
		"totalInfectedFraction":0.7804199359689321,
		"fatalityRate":1.075488515541392e-2,
		"fatalityRateSymptomatic":1.5364121650591317e-2,
		"fatalityRatePCR":6.339082447782128e-2,
		"fractionOfSymptomaticHospitalized":6.226819487548914e-2,
		"fractionOfSymptomaticHospitalizedOrICU":8.692805695331751e-2,
		"fractionOfPCRHospitalized":0.20772297759511715,
		"fractionOfPCRHospitalizedOrICU":0.2899868040659852,
		"fractionHospitalizedInICU":0.2836812755526254,
		"fractionOfDeathInICU":0.7354136713988216,
		"fractionDeathOfHospitalizedOrICU":0.17092031888815634,
		"fractionOfInfectionsPCRConfirmed":0.16965996647001746,
		"fractionOfDeathsReported":0.8086393300826225,
		"fractionOfHospitalizationsReported":0.8085364442888624,
		"dateContained":"",
		"dateICUOverCapacity":"Sun 24 May 2020 13:19:02",
		"dateHospitalsOverCapacity":"Sun 31 May 2020 03:41:08"
	},
	"summaryAug1":{
		"totalProjectedDeaths":4.60093923270154e4,
		"totalProjectedPCRConfirmed":7.576959656971784e5,
		"totalProjectedInfected":4.488067502925625e6,
		"totalInfectedFraction":0.7787434522985384,
		"fatalityRate":1.0251492941454951e-2,
		"fatalityRateSymptomatic":1.4644989916364218e-2,
		"fatalityRatePCR":6.072276270427387e-2,
		"fractionOfSymptomaticHospitalized":6.144588455191823e-2,
		"fractionOfSymptomaticHospitalizedOrICU":8.578008986058895e-2,
		"fractionOfPCRHospitalized":0.20599352262040907,
		"fractionOfPCRHospitalizedOrICU":0.28757243890187145,
		"fractionHospitalizedInICU":0.2836812755526256,
		"fractionOfDeathInICU":0.7323813884920866,
		"fractionDeathOfHospitalizedOrICU":0.17092031888815643,
		"fractionOfInfectionsPCRConfirmed":0.16882454758161747,
		"fractionOfDeathsReported":0.8086367391372152,
		"fractionOfHospitalizationsReported":0.8085340578191412,
		"dateContained":"",
		"dateICUOverCapacity":"Sun 24 May 2020 13:19:02",
		"dateHospitalsOverCapacity":"Sun 31 May 2020 03:41:08"
	}
}