{
	"distancingLevel":0.5528571428571428,
	"id":"scenario7",
	"distancingDays":60,
	"maintain":true,
	"postDistancingLevel":1,
	"name":"Open Gradual May 1",
	"gradual":true,
	"events":{},
	"summary":{
		"totalProjectedDeaths":1.5161660345470105e5,
		"totalProjectedPCRConfirmed":5.480176451232468e6,
		"totalProjectedInfected":2.0776516032902487e7,
		"totalInfectedFraction":0.7577246546341534,
		"fatalityRate":7.2974989268939595e-3,
		"fatalityRateSymptomatic":1.042499846699137e-2,
		"fatalityRatePCR":2.766637257101514e-2,
		"fractionOfSymptomaticHospitalized":5.3233797359122044e-2,
		"fractionOfSymptomaticHospitalizedOrICU":7.20543692675151e-2,
		"fractionOfPCRHospitalized":0.10368143659054463,
		"fractionOfPCRHospitalizedOrICU":0.1403375466131646,
		"fractionHospitalizedInICU":0.2611995927480569,
		"fractionOfDeathInICU":0.6667597800338058,
		"fractionDeathOfHospitalizedOrICU":0.1652998981870142,
		"fractionOfInfectionsPCRConfirmed":0.2637678252963033,
		"fractionOfDeathsReported":0.7339328744841875,
		"fractionOfHospitalizationsReported":0.73390076041334,
		"dateContained":"",
		"dateICUOverCapacity":"",
		"dateHospitalsOverCapacity":""
	},
	"summaryAug1":{
		"totalProjectedDeaths":1.1673412872185466e5,
		"totalProjectedPCRConfirmed":5.255560300051323e6,
		"totalProjectedInfected":2.0390835409547467e7,
		"totalInfectedFraction":0.7436587873507279,
		"fatalityRate":5.724833062366685e-3,
		"fatalityRateSymptomatic":8.178332946238123e-3,
		"fatalityRatePCR":2.2211547781254587e-2,
		"fractionOfSymptomaticHospitalized":4.875044508060179e-2,
		"fractionOfSymptomaticHospitalizedOrICU":6.598594776353052e-2,
		"fractionOfPCRHospitalized":9.716882597562493e-2,
		"fractionOfPCRHospitalizedOrICU":0.1315224315279631,
		"fractionHospitalizedInICU":0.2611995927480571,
		"fractionOfDeathInICU":0.6524186066375814,
		"fractionDeathOfHospitalizedOrICU":0.1652998981870143,
		"fractionOfInfectionsPCRConfirmed":0.25774129379665073,
		"fractionOfDeathsReported":0.7339290056842933,
		"fractionOfHospitalizationsReported":0.7338956856775318,
		"dateContained":"",
		"dateICUOverCapacity":"",
		"dateHospitalsOverCapacity":""
	}
}