{
	"distancingLevel":0.6312787986,
	"id":"scenario7",
	"distancingDays":60,
	"maintain":true,
	"postDistancingLevel":1,
	"name":"Open Gradual May 1",
	"gradual":true,
	"events":{
		"herd":{
			"eventName":"herd",
			"day":1.870019682455581e2,
			"thresholdCrossed":0.7
		},
		"icu":{
			"eventName":"icu",
			"day":1.644966486734273e2,
			"thresholdCrossed":1.435505360173488e-4
		},
		"hospital":{
			"eventName":"hospital",
			"day":1.7290887287443107e2,
			"thresholdCrossed":1.3567733664935158e-3
		}
	},
	"summary":{
		"totalProjectedDeaths":1.5119352739527193e5,
		"totalProjectedPCRConfirmed":5.462928268449886e6,
		"totalProjectedInfected":2.0718540544397067e7,
		"totalInfectedFraction":0.7556102742955323,
		"fatalityRate":7.2974989271702975e-3,
		"fatalityRateSymptomatic":1.042499846738614e-2,
		"fatalityRatePCR":2.7676279087986876e-2,
		"fractionOfSymptomaticHospitalized":5.323379735946593e-2,
		"fractionOfSymptomaticHospitalizedOrICU":7.205436926798055e-2,
		"fractionOfPCRHospitalized":0.10371914232210766,
		"fractionOfPCRHospitalizedOrICU":0.14038858303814894,
		"fractionHospitalizedInICU":0.26119959274805676,
		"fractionOfDeathInICU":0.6667595846375958,
		"fractionDeathOfHospitalizedOrICU":0.16529989818701418,
		"fractionOfInfectionsPCRConfirmed":0.2636734115872476,
		"fractionOfDeathsReported":0.7339340263947574,
		"fractionOfHospitalizationsReported":0.7339048676244891,
		"dateContained":"",
		"dateICUOverCapacity":"Fri 12 Jun 2020 11:55:10",
		"dateHospitalsOverCapacity":"Sat 20 Jun 2020 21:48:46"
	},
	"summaryAug1":{
		"totalProjectedDeaths":1.1832330530766053e5,
		"totalProjectedPCRConfirmed":5.250130190030557e6,
		"totalProjectedInfected":2.0348517254242428e7,
		"totalInfectedFraction":0.742115433808561,
		"fatalityRate":5.814836719023913e-3,
		"fatalityRateSymptomatic":8.306909598605592e-3,
		"fatalityRatePCR":2.253721355945496e-2,
		"fractionOfSymptomaticHospitalized":4.903053724742271e-2,
		"fractionOfSymptomaticHospitalizedOrICU":6.636506526816585e-2,
		"fractionOfPCRHospitalized":9.762579869388173e-2,
		"fractionOfPCRHospitalizedOrICU":0.1321409649150203,
		"fractionHospitalizedInICU":0.2611995927480569,
		"fractionOfDeathInICU":0.6533250858631935,
		"fractionDeathOfHospitalizedOrICU":0.1652998981870142,
		"fractionOfInfectionsPCRConfirmed":0.25801045473895484,
		"fractionOfDeathsReported":0.7339307497374125,
		"fractionOfHospitalizationsReported":0.733900548204815,
		"dateContained":"",
		"dateICUOverCapacity":"Fri 12 Jun 2020 11:55:10",
		"dateHospitalsOverCapacity":"Sat 20 Jun 2020 21:48:46"
	}
}