{
	"distancingLevel":0.5528571428571428,
	"id":"scenario7",
	"distancingDays":60,
	"maintain":true,
	"postDistancingLevel":1,
	"name":"Open Gradual May 1",
	"gradual":true,
	"events":{},
	"summary":{
		"totalProjectedDeaths":1.861961204025109e5,
		"totalProjectedPCRConfirmed":5.57335406627953e6,
		"totalProjectedInfected":2.0680879699181132e7,
		"totalInfectedFraction":0.7542367739988856,
		"fatalityRate":9.003297882434053e-3,
		"fatalityRateSymptomatic":1.2861854117762934e-2,
		"fatalityRatePCR":3.340827052942024e-2,
		"fractionOfSymptomaticHospitalized":6.554907883816982e-2,
		"fractionOfSymptomaticHospitalizedOrICU":8.881626938441808e-2,
		"fractionOfPCRHospitalized":0.12495634318566239,
		"fractionOfPCRHospitalizedOrICU":0.16931063615812442,
		"fractionHospitalizedInICU":0.26196991505624134,
		"fractionOfDeathInICU":0.6681179881005221,
		"fractionDeathOfHospitalizedOrICU":0.1654924787640603,
		"fractionOfInfectionsPCRConfirmed":0.269493084788855,
		"fractionOfDeathsReported":0.733935471393284,
		"fractionOfHospitalizationsReported":0.7339074560818082,
		"dateContained":"",
		"dateICUOverCapacity":"",
		"dateHospitalsOverCapacity":""
	},
	"summaryAug1":{
		"totalProjectedDeaths":1.4366466782936075e5,
		"totalProjectedPCRConfirmed":5.342065453657328e6,
		"totalProjectedInfected":2.0304636482144862e7,
		"totalInfectedFraction":0.7405150912472744,
		"fatalityRate":7.075461210827099e-3,
		"fatalityRateSymptomatic":1.0107801729752999e-2,
		"fatalityRatePCR":2.6893093893299996e-2,
		"fractionOfSymptomaticHospitalized":6.030246644279033e-2,
		"fractionOfSymptomaticHospitalizedOrICU":8.170732829595376e-2,
		"fractionOfPCRHospitalized":0.117749208563057,
		"fractionOfPCRHospitalizedOrICU":0.15954526917697404,
		"fractionHospitalizedInICU":0.26196991505624134,
		"fractionOfDeathInICU":0.6470157796726765,
		"fractionDeathOfHospitalizedOrICU":0.1654924787640603,
		"fractionOfInfectionsPCRConfirmed":0.2630958430777592,
		"fractionOfDeathsReported":0.733932407303441,
		"fractionOfHospitalizationsReported":0.7339033453495836,
		"dateContained":"",
		"dateICUOverCapacity":"",
		"dateHospitalsOverCapacity":""
	}
}