{
	"distancingLevel":0.11,
	"id":"scenario3",
	"distancingDays":60,
	"maintain":false,
	"name":"Wuhan",
	"gradual":false,
	"events":{
		"herd":{
			"eventName":"herd",
			"day":2.577911755795518e2,
			"thresholdCrossed":0.6999999999999952
		},
		"icu":{
			"eventName":"icu",
			"day":9.058889133719981e1,
			"thresholdCrossed":1.3526303402051698e-4
		},
		"hospital":{
			"eventName":"hospital",
			"day":2.4332071354723084e2,
			"thresholdCrossed":8.771942643502734e-4
		}
	},
	"summary":{
		"totalProjectedDeaths":5.894899655446154e3,
		"totalProjectedPCRConfirmed":5.328630950425075e4,
		"totalProjectedInfected":5.408692300927049e5,
		"totalInfectedFraction":0.15047226053204524,
		"fatalityRate":1.0898936984150067e-2,
		"fatalityRateSymptomatic":1.5569909977357238e-2,
		"fatalityRatePCR":0.11062690792981088,
		"fractionOfSymptomaticHospitalized":6.331704389373359e-2,
		"fractionOfSymptomaticHospitalizedOrICU":8.837299666799182e-2,
		"fractionOfPCRHospitalized":0.37026642224481526,
		"fractionOfPCRHospitalizedOrICU":0.5167890237299709,
		"fractionHospitalizedInICU":0.2835249874844785,
		"fractionOfDeathInICU":0.7299408271425505,
		"fractionDeathOfHospitalizedOrICU":0.1708812468711196,
		"fractionOfInfectionsPCRConfirmed":9.851976511053788e-2,
		"fractionOfDeathsReported":0.8259086961345871,
		"fractionOfHospitalizationsReported":0.8230363693700189,
		"dateContained":"Fri 5 Jun 2020 01:23:24",
		"dateICUOverCapacity":"Mon 30 Mar 2020 14:08:00",
		"dateHospitalsOverCapacity":"Sun 30 Aug 2020 07:41:49"
	},
	"summaryAug1":{
		"totalProjectedDeaths":5.894899655446154e3,
		"totalProjectedPCRConfirmed":5.328630950425075e4,
		"totalProjectedInfected":5.408692300927049e5,
		"totalInfectedFraction":0.15047226053204524,
		"fatalityRate":1.0898936984150067e-2,
		"fatalityRateSymptomatic":1.5569909977357238e-2,
		"fatalityRatePCR":0.11062690792981088,
		"fractionOfSymptomaticHospitalized":6.331704389373359e-2,
		"fractionOfSymptomaticHospitalizedOrICU":8.837299666799182e-2,
		"fractionOfPCRHospitalized":0.37026642224481526,
		"fractionOfPCRHospitalizedOrICU":0.5167890237299709,
		"fractionHospitalizedInICU":0.2835249874844785,
		"fractionOfDeathInICU":0.7299408271425505,
		"fractionDeathOfHospitalizedOrICU":0.1708812468711196,
		"fractionOfInfectionsPCRConfirmed":9.851976511053788e-2,
		"fractionOfDeathsReported":0.8259086961345871,
		"fractionOfHospitalizationsReported":0.8230363693700189,
		"dateContained":"Fri 5 Jun 2020 01:23:24",
		"dateICUOverCapacity":"Mon 30 Mar 2020 14:08:00",
		"dateHospitalsOverCapacity":"Sun 30 Aug 2020 07:41:49"
	}
}