{
	"distancingLevel":0.11,
	"id":"scenario3",
	"distancingDays":60,
	"maintain":false,
	"name":"Wuhan",
	"gradual":false,
	"events":{},
	"summary":{
		"totalProjectedDeaths":3.2512177234199633e4,
		"totalProjectedPCRConfirmed":4.569179171147586e5,
		"totalProjectedInfected":2.8680946395425117e6,
		"totalInfectedFraction":0.7979168712515452,
		"fatalityRate":1.1335810466625896e-2,
		"fatalityRateSymptomatic":1.619401495232271e-2,
		"fatalityRatePCR":7.115540016355704e-2,
		"fractionOfSymptomaticHospitalized":6.382195588495586e-2,
		"fractionOfSymptomaticHospitalizedOrICU":8.907771348630704e-2,
		"fractionOfPCRHospitalized":0.23174768550833846,
		"fractionOfPCRHospitalizedOrICU":0.3234553633554916,
		"fractionHospitalizedInICU":0.2835249874844786,
		"fractionOfDeathInICU":0.7325838621021535,
		"fractionDeathOfHospitalizedOrICU":0.17088124687111964,
		"fractionOfInfectionsPCRConfirmed":0.15931061367892702,
		"fractionOfDeathsReported":0.8268946780111784,
		"fractionOfHospitalizationsReported":0.8264031551317402,
		"dateContained":"",
		"dateICUOverCapacity":"",
		"dateHospitalsOverCapacity":""
	},
	"summaryAug1":{
		"totalProjectedDeaths":7.754732191175837e3,
		"totalProjectedPCRConfirmed":6.488652403005622e4,
		"totalProjectedInfected":6.846261207233719e5,
		"totalInfectedFraction":0.1904660762211848,
		"fatalityRate":1.1326959279587863e-2,
		"fatalityRateSymptomatic":1.6181370399411234e-2,
		"fatalityRatePCR":0.11951221470245119,
		"fractionOfSymptomaticHospitalized":6.379891542805093e-2,
		"fractionOfSymptomaticHospitalizedOrICU":8.90455554117022e-2,
		"fractionOfPCRHospitalized":0.38837447680385745,
		"fractionOfPCRHospitalizedOrICU":0.5420628354369075,
		"fractionHospitalizedInICU":0.2835249874844782,
		"fractionOfDeathInICU":0.7326161934732967,
		"fractionDeathOfHospitalizedOrICU":0.17088124687111952,
		"fractionOfInfectionsPCRConfirmed":9.47765825257989e-2,
		"fractionOfDeathsReported":0.8262742962253242,
		"fractionOfHospitalizationsReported":0.8242147647976825,
		"dateContained":"",
		"dateICUOverCapacity":"",
		"dateHospitalsOverCapacity":""
	}
}