{
	"distancingLevel":0.11,
	"id":"scenario3",
	"distancingDays":60,
	"maintain":false,
	"name":"Wuhan",
	"gradual":false,
	"events":{
		"herd":{
			"eventName":"herd",
			"day":2.6671710879017036e2,
			"thresholdCrossed":0.6999999999999927
		},
		"icu":{
			"eventName":"icu",
			"day":8.870472659783488e1,
			"thresholdCrossed":1.113930868404172e-4
		},
		"hospital":{
			"eventName":"hospital",
			"day":2.548872516491396e2,
			"thresholdCrossed":8.771942643502758e-4
		}
	},
	"summary":{
		"totalProjectedDeaths":6.459117760996961e3,
		"totalProjectedPCRConfirmed":5.268566840841122e4,
		"totalProjectedInfected":5.926194924250277e5,
		"totalInfectedFraction":0.16486941704053484,
		"fatalityRate":1.0899266466187163e-2,
		"fatalityRateSymptomatic":1.557038066598166e-2,
		"fatalityRatePCR":0.12259724430042095,
		"fractionOfSymptomaticHospitalized":6.328386572304485e-2,
		"fractionOfSymptomaticHospitalizedOrICU":8.83266891623438e-2,
		"fractionOfPCRHospitalized":0.4101942961468521,
		"fractionOfPCRHospitalizedOrICU":0.5725172392358425,
		"fractionHospitalizedInICU":0.2835249874844785,
		"fractionOfDeathInICU":0.7300515959675706,
		"fractionDeathOfHospitalizedOrICU":0.1708812468711196,
		"fractionOfInfectionsPCRConfirmed":8.89030298224227e-2,
		"fractionOfDeathsReported":0.8259605995912377,
		"fractionOfHospitalizationsReported":0.8232185323490893,
		"dateContained":"Fri 12 Jun 2020 14:07:22",
		"dateICUOverCapacity":"Sat 28 Mar 2020 16:54:48",
		"dateHospitalsOverCapacity":"Thu 10 Sep 2020 21:17:38"
	},
	"summaryAug1":{
		"totalProjectedDeaths":6.459117760996961e3,
		"totalProjectedPCRConfirmed":5.268566840841122e4,
		"totalProjectedInfected":5.926194924250277e5,
		"totalInfectedFraction":0.16486941704053484,
		"fatalityRate":1.0899266466187163e-2,
		"fatalityRateSymptomatic":1.557038066598166e-2,
		"fatalityRatePCR":0.12259724430042095,
		"fractionOfSymptomaticHospitalized":6.328386572304485e-2,
		"fractionOfSymptomaticHospitalizedOrICU":8.83266891623438e-2,
		"fractionOfPCRHospitalized":0.4101942961468521,
		"fractionOfPCRHospitalizedOrICU":0.5725172392358425,
		"fractionHospitalizedInICU":0.2835249874844785,
		"fractionOfDeathInICU":0.7300515959675706,
		"fractionDeathOfHospitalizedOrICU":0.1708812468711196,
		"fractionOfInfectionsPCRConfirmed":8.89030298224227e-2,
		"fractionOfDeathsReported":0.8259605995912377,
		"fractionOfHospitalizationsReported":0.8232185323490893,
		"dateContained":"Fri 12 Jun 2020 14:07:22",
		"dateICUOverCapacity":"Sat 28 Mar 2020 16:54:48",
		"dateHospitalsOverCapacity":"Thu 10 Sep 2020 21:17:38"
	}
}