{
	"distancingLevel":0.11,
	"id":"scenario3",
	"distancingDays":60,
	"maintain":false,
	"name":"Wuhan",
	"gradual":false,
	"events":{
		"herd":{
			"eventName":"herd",
			"day":2.718753416213863e2,
			"thresholdCrossed":0.7000000000000077
		},
		"icu":{
			"eventName":"icu",
			"day":8.974543334577017e1,
			"thresholdCrossed":1.35263034020517e-4
		},
		"hospital":{
			"eventName":"hospital",
			"day":2.575988097017105e2,
			"thresholdCrossed":8.771942643502735e-4
		}
	},
	"summary":{
		"totalProjectedDeaths":5.850834888988177e3,
		"totalProjectedPCRConfirmed":5.735143581550672e4,
		"totalProjectedInfected":5.367861027650499e5,
		"totalInfectedFraction":0.1493363160840183,
		"fatalityRate":1.0899751053259058e-2,
		"fatalityRateSymptomatic":1.5571072933227226e-2,
		"fatalityRatePCR":0.10201723471770911,
		"fractionOfSymptomaticHospitalized":6.328098193787302e-2,
		"fractionOfSymptomaticHospitalizedOrICU":8.832266419968426e-2,
		"fractionOfPCRHospitalized":0.34097887003426164,
		"fractionOfPCRHospitalizedOrICU":0.47591174022537847,
		"fractionHospitalizedInICU":0.2835249874844781,
		"fractionOfDeathInICU":0.7300922488288423,
		"fractionDeathOfHospitalizedOrICU":0.17088124687111952,
		"fractionOfInfectionsPCRConfirmed":0.10684225154131703,
		"fractionOfDeathsReported":0.8257235433617616,
		"fractionOfHospitalizationsReported":0.8224305783696417,
		"dateContained":"Tue 9 Jun 2020 15:18:03",
		"dateICUOverCapacity":"Sun 29 Mar 2020 17:53:25",
		"dateHospitalsOverCapacity":"Sun 13 Sep 2020 14:22:17"
	},
	"summaryAug1":{
		"totalProjectedDeaths":5.850834888988177e3,
		"totalProjectedPCRConfirmed":5.735143581550672e4,
		"totalProjectedInfected":5.367861027650499e5,
		"totalInfectedFraction":0.1493363160840183,
		"fatalityRate":1.0899751053259058e-2,
		"fatalityRateSymptomatic":1.5571072933227226e-2,
		"fatalityRatePCR":0.10201723471770911,
		"fractionOfSymptomaticHospitalized":6.328098193787302e-2,
		"fractionOfSymptomaticHospitalizedOrICU":8.832266419968426e-2,
		"fractionOfPCRHospitalized":0.34097887003426164,
		"fractionOfPCRHospitalizedOrICU":0.47591174022537847,
		"fractionHospitalizedInICU":0.2835249874844781,
		"fractionOfDeathInICU":0.7300922488288423,
		"fractionDeathOfHospitalizedOrICU":0.17088124687111952,
		"fractionOfInfectionsPCRConfirmed":0.10684225154131703,
		"fractionOfDeathsReported":0.8257235433617616,
		"fractionOfHospitalizationsReported":0.8224305783696417,
		"dateContained":"Tue 9 Jun 2020 15:18:03",
		"dateICUOverCapacity":"Sun 29 Mar 2020 17:53:25",
		"dateHospitalsOverCapacity":"Sun 13 Sep 2020 14:22:17"
	}
}