{
	"distancingLevel":0.11,
	"id":"scenario3",
	"distancingDays":60,
	"maintain":false,
	"name":"Wuhan",
	"gradual":false,
	"events":{
		"herd":{
			"eventName":"herd",
			"day":2.539521625374294e2,
			"thresholdCrossed":0.7000000000000003
		},
		"icu":{
			"eventName":"icu",
			"day":9.174703487115228e1,
			"thresholdCrossed":1.5913298120060818e-4
		},
		"hospital":{
			"eventName":"hospital",
			"day":1.0832457839324603e2,
			"thresholdCrossed":8.771942643503042e-4
		}
	},
	"summary":{
		"totalProjectedDeaths":5.080295402438856e3,
		"totalProjectedPCRConfirmed":4.8848873464192446e4,
		"totalProjectedInfected":3.900244801429667e5,
		"totalInfectedFraction":0.10850657039574779,
		"fatalityRate":1.3025580857326267e-2,
		"fatalityRateSymptomatic":1.8607972653323243e-2,
		"fatalityRatePCR":0.10400025716381876,
		"fractionOfSymptomaticHospitalized":7.815096843184226e-2,
		"fractionOfSymptomaticHospitalizedOrICU":0.10920061346461338,
		"fractionOfPCRHospitalized":0.3591681313953631,
		"fractionOfPCRHospitalizedOrICU":0.501866849155153,
		"fractionHospitalizedInICU":0.2843358113810671,
		"fractionOfDeathInICU":0.8631824612255047,
		"fractionDeathOfHospitalizedOrICU":0.16383081775575215,
		"fractionOfInfectionsPCRConfirmed":0.1252456600834042,
		"fractionOfDeathsReported":0.8257606711827528,
		"fractionOfHospitalizationsReported":0.8222958095479957,
		"dateContained":"Mon 1 Jun 2020 07:30:10",
		"dateICUOverCapacity":"Tue 31 Mar 2020 17:55:43",
		"dateHospitalsOverCapacity":"Fri 17 Apr 2020 07:47:23"
	},
	"summaryAug1":{
		"totalProjectedDeaths":5.080295402438856e3,
		"totalProjectedPCRConfirmed":4.8848873464192446e4,
		"totalProjectedInfected":3.900244801429667e5,
		"totalInfectedFraction":0.10850657039574779,
		"fatalityRate":1.3025580857326267e-2,
		"fatalityRateSymptomatic":1.8607972653323243e-2,
		"fatalityRatePCR":0.10400025716381876,
		"fractionOfSymptomaticHospitalized":7.815096843184226e-2,
		"fractionOfSymptomaticHospitalizedOrICU":0.10920061346461338,
		"fractionOfPCRHospitalized":0.3591681313953631,
		"fractionOfPCRHospitalizedOrICU":0.501866849155153,
		"fractionHospitalizedInICU":0.2843358113810671,
		"fractionOfDeathInICU":0.8631824612255047,
		"fractionDeathOfHospitalizedOrICU":0.16383081775575215,
		"fractionOfInfectionsPCRConfirmed":0.1252456600834042,
		"fractionOfDeathsReported":0.8257606711827528,
		"fractionOfHospitalizationsReported":0.8222958095479957,
		"dateContained":"Mon 1 Jun 2020 07:30:10",
		"dateICUOverCapacity":"Tue 31 Mar 2020 17:55:43",
		"dateHospitalsOverCapacity":"Fri 17 Apr 2020 07:47:23"
	}
}