{
	"distancingLevel":0.7,
	"id":"scenario8",
	"distancingDays":602,
	"maintain":false,
	"name":"relaxed restrictions",
	"gradual":false,
	"events":{},
	"summary":{
		"totalProjectedDeaths":3.735491201286785e3,
		"totalProjectedPCRConfirmed":5.567023613448947e4,
		"totalProjectedInfected":2.9901469456012634e5,
		"totalInfectedFraction":0.4787023075201019,
		"fatalityRate":1.2492667648932705e-2,
		"fatalityRateSymptomatic":1.7846668069903867e-2,
		"fatalityRatePCR":6.710032973926133e-2,
		"fractionOfSymptomaticHospitalized":6.6933795525075e-2,
		"fractionOfSymptomaticHospitalizedOrICU":9.47330074319057e-2,
		"fractionOfPCRHospitalized":0.2143001221811447,
		"fractionOfPCRHospitalizedOrICU":0.30330410681162273,
		"fractionHospitalizedInICU":0.29344800360964823,
		"fractionOfDeathInICU":0.733686009693613,
		"fractionDeathOfHospitalizedOrICU":0.17336200090241202,
		"fractionOfInfectionsPCRConfirmed":0.18617893082607417,
		"fractionOfDeathsReported":0.8517324215402594,
		"fractionOfHospitalizationsReported":0.8515486365635893,
		"dateContained":"",
		"dateICUOverCapacity":"",
		"dateHospitalsOverCapacity":""
	},
	"summaryAug1":{
		"totalProjectedDeaths":1.3279313953732394e3,
		"totalProjectedPCRConfirmed":3.1957454795870835e4,
		"totalProjectedInfected":2.0254173380176708e5,
		"totalInfectedFraction":0.3242556205562393,
		"fatalityRate":6.556334689387623e-3,
		"fatalityRateSymptomatic":9.366192413410891e-3,
		"fatalityRatePCR":4.155310251881571e-2,
		"fractionOfSymptomaticHospitalized":4.7991697306401425e-2,
		"fractionOfSymptomaticHospitalizedOrICU":6.792380115204887e-2,
		"fractionOfPCRHospitalized":0.18124956752229987,
		"fractionOfPCRHospitalizedOrICU":0.2565268634838929,
		"fractionHospitalizedInICU":0.29344800360964796,
		"fractionOfDeathInICU":0.7131487571050336,
		"fractionDeathOfHospitalizedOrICU":0.17336200090241197,
		"fractionOfInfectionsPCRConfirmed":0.15778207382755216,
		"fractionOfDeathsReported":0.8515992073863318,
		"fractionOfHospitalizationsReported":0.8512761953514243,
		"dateContained":"",
		"dateICUOverCapacity":"",
		"dateHospitalsOverCapacity":""
	}
}