{
	"distancingLevel":0.7,
	"id":"scenario8",
	"distancingDays":601,
	"maintain":false,
	"name":"relaxed restrictions",
	"gradual":false,
	"events":{
		"herd":{
			"eventName":"herd",
			"day":2.2857362315105442e2,
			"thresholdCrossed":0.7000000000006146
		},
		"icu":{
			"eventName":"icu",
			"day":1.6057053737588916e2,
			"thresholdCrossed":7.732503409985691e-5
		},
		"hospital":{
			"eventName":"hospital",
			"day":1.8888015508584917e2,
			"thresholdCrossed":1.2555867923078404e-3
		}
	},
	"summary":{
		"totalProjectedDeaths":3.7455716309276045e3,
		"totalProjectedPCRConfirmed":5.578229075417983e4,
		"totalProjectedInfected":2.998959489582226e5,
		"totalInfectedFraction":0.4801131362236928,
		"fatalityRate":1.2489570612537306e-2,
		"fatalityRateSymptomatic":1.784224373219615e-2,
		"fatalityRatePCR":6.714624982744985e-2,
		"fractionOfSymptomaticHospitalized":6.69274977504725e-2,
		"fractionOfSymptomaticHospitalizedOrICU":9.472409404034401e-2,
		"fractionOfPCRHospitalized":0.214475421977417,
		"fractionOfPCRHospitalizedOrICU":0.30355221282104305,
		"fractionHospitalizedInICU":0.29344800360964796,
		"fractionOfDeathInICU":0.7336749247183262,
		"fractionDeathOfHospitalizedOrICU":0.17336200090241197,
		"fractionOfInfectionsPCRConfirmed":0.18600548272811335,
		"fractionOfDeathsReported":0.8517273094198269,
		"fractionOfHospitalizationsReported":0.8515313636633568,
		"dateContained":"Fri 1 Jan 2021 18:56:19",
		"dateICUOverCapacity":"Mon 8 Jun 2020 13:41:34",
		"dateHospitalsOverCapacity":"Mon 6 Jul 2020 21:07:25"
	},
	"summaryAug1":{
		"totalProjectedDeaths":1.506214479754066e3,
		"totalProjectedPCRConfirmed":3.473630359466833e4,
		"totalProjectedInfected":2.1621852031648008e5,
		"totalInfectedFraction":0.3461512309832928,
		"fatalityRate":6.966167734148826e-3,
		"fatalityRateSymptomatic":9.95166819164118e-3,
		"fatalityRatePCR":4.3361392085059236e-2,
		"fractionOfSymptomaticHospitalized":4.975702328435253e-2,
		"fractionOfSymptomaticHospitalizedOrICU":7.042230938211522e-2,
		"fractionOfPCRHospitalized":0.1845615153161278,
		"fractionOfPCRHospitalizedOrICU":0.2612143426938422,
		"fractionHospitalizedInICU":0.2934480036096479,
		"fractionOfDeathInICU":0.7147141438445781,
		"fractionDeathOfHospitalizedOrICU":0.17336200090241197,
		"fractionOfInfectionsPCRConfirmed":0.16065369212509933,
		"fractionOfDeathsReported":0.8516104680486023,
		"fractionOfHospitalizationsReported":0.8512937155852565,
		"dateContained":"Fri 1 Jan 2021 18:56:19",
		"dateICUOverCapacity":"Mon 8 Jun 2020 13:41:34",
		"dateHospitalsOverCapacity":"Mon 6 Jul 2020 21:07:25"
	}
}