{
	"scenario1":{
		"Deaths":[
			5.095177187080156e4
		],
		"PCR Confirmed":[
			4.451924376594786e6
		],
		"Population Infected":[
			0.16236277802161408
		],
		"Fatality Rate":[
			1.144488710065957e-2
		],
		"Date Contained":"Not Contained",
		"Date ICU Over Capacity":"ICU Under capacity"
	},
	"scenario2":{
		"Deaths":[
			1.0301497156466299e5
		],
		"PCR Confirmed":[
			5.346831608864658e6
		],
		"Population Infected":[
			0.19500026509728355
		],
		"Fatality Rate":[
			1.9266544956058028e-2
		],
		"Date Contained":"Not Contained",
		"Date ICU Over Capacity":"Wed 8 Jul 2020 22:51:39"
	},
	"scenario3":{
		"Deaths":[
			8.641364149933183e1
		],
		"PCR Confirmed":[
			7.5704027803378685e3
		],
		"Population Infected":[
			2.7609445313587475e-4
		],
		"Fatality Rate":[
			1.1414668942551979e-2
		],
		"Date Contained":"Wed 6 May 2020 01:31:57",
		"Date ICU Over Capacity":"ICU Under capacity"
	}
}