{
	"distancingLevel":0.540952380952381,
	"id":"scenario1",
	"distancingDays":90,
	"maintain":true,
	"name":"Current",
	"gradual":false,
	"events":{
		"herd":{
			"eventName":"herd",
			"day":2.5536150245055666e2,
			"thresholdCrossed":0.7000000000000002
		},
		"icu":{
			"eventName":"icu",
			"day":1.3627132979574824e2,
			"thresholdCrossed":1.2386602530035796e-4
		},
		"hospital":{
			"eventName":"hospital",
			"day":2.4364517804047097e2,
			"thresholdCrossed":1.047220776962351e-3
		}
	},
	"summary":{
		"totalProjectedDeaths":3.405684318484234e4,
		"totalProjectedPCRConfirmed":6.456262378079903e5,
		"totalProjectedInfected":4.072501933400152e6,
		"totalInfectedFraction":0.7491010209658334,
		"fatalityRate":8.362634012651804e-3,
		"fatalityRateSymptomatic":1.1946620018074009e-2,
		"fatalityRatePCR":5.275009160171534e-2,
		"fractionOfSymptomaticHospitalized":5.712234102417905e-2,
		"fractionOfSymptomaticHospitalizedOrICU":7.812808209265128e-2,
		"fractionOfPCRHospitalized":0.1960621048213477,
		"fractionOfPCRHospitalizedOrICU":0.26816051208854297,
		"fractionHospitalizedInICU":0.2688628788245658,
		"fractionOfDeathInICU":0.6710515895289697,
		"fractionDeathOfHospitalizedOrICU":0.16721571970614146,
		"fractionOfInfectionsPCRConfirmed":0.15853307091470273,
		"fractionOfDeathsReported":0.7775720822552523,
		"fractionOfHospitalizationsReported":0.7773372782006334,
		"dateContained":"",
		"dateICUOverCapacity":"Fri 15 May 2020 06:30:42",
		"dateHospitalsOverCapacity":"Sun 30 Aug 2020 15:29:03"
	},
	"summaryAug1":{
		"totalProjectedDeaths":7.017000985856686e3,
		"totalProjectedPCRConfirmed":1.3597029585966788e5,
		"totalProjectedInfected":1.0051807727279175e6,
		"totalInfectedFraction":0.18489418922805523,
		"fatalityRate":6.980834866959845e-3,
		"fatalityRateSymptomatic":9.972621238514065e-3,
		"fatalityRatePCR":5.1606867084401924e-2,
		"fractionOfSymptomaticHospitalized":5.1939951102594285e-2,
		"fractionOfSymptomaticHospitalizedOrICU":7.103995898757196e-2,
		"fractionOfPCRHospitalized":0.208613709424392,
		"fractionOfPCRHospitalizedOrICU":0.2853277495868462,
		"fractionHospitalizedInICU":0.2688628788245655,
		"fractionOfDeathInICU":0.6646020554479433,
		"fractionDeathOfHospitalizedOrICU":0.16721571970614138,
		"fractionOfInfectionsPCRConfirmed":0.13526949534725366,
		"fractionOfDeathsReported":0.7771479458746056,
		"fractionOfHospitalizationsReported":0.7761454910172948,
		"dateContained":"",
		"dateICUOverCapacity":"Fri 15 May 2020 06:30:42",
		"dateHospitalsOverCapacity":"Sun 30 Aug 2020 15:29:03"
	}
}