{
	"distancingLevel":0.5057142857142857,
	"id":"scenario1",
	"distancingDays":90,
	"maintain":true,
	"name":"Current",
	"gradual":false,
	"events":{
		"herd":{
			"eventName":"herd",
			"day":2.4869488060888682e2,
			"thresholdCrossed":0.699999999999999
		},
		"icu":{
			"eventName":"icu",
			"day":2.2853643483634963e2,
			"thresholdCrossed":1.7695146471482866e-4
		},
		"hospital":{
			"eventName":"hospital",
			"day":2.3217775033905303e2,
			"thresholdCrossed":1.0472207769623527e-3
		}
	},
	"summary":{
		"totalProjectedDeaths":4.0564226029933125e4,
		"totalProjectedPCRConfirmed":1.323104416117242e6,
		"totalProjectedInfected":4.219989603609848e6,
		"totalInfectedFraction":0.7762300846570843,
		"fatalityRate":9.612399517580288e-3,
		"fatalityRateSymptomatic":1.3731999310828982e-2,
		"fatalityRatePCR":3.0658370976473767e-2,
		"fractionOfSymptomaticHospitalized":7.033721096275865e-2,
		"fractionOfSymptomaticHospitalizedOrICU":9.63058468991121e-2,
		"fractionOfPCRHospitalized":0.20365352379702187,
		"fractionOfPCRHospitalizedOrICU":0.2788428033298784,
		"fractionHospitalizedInICU":0.26964755279663993,
		"fractionOfDeathInICU":0.6414589562252099,
		"fractionDeathOfHospitalizedOrICU":0.15898369242289118,
		"fractionOfInfectionsPCRConfirmed":0.31353262457932063,
		"dateContained":"Mon 7 Dec 2020 00:00:00",
		"dateICUOverCapacity":"Sat 15 Aug 2020 12:52:27",
		"dateHospitalsOverCapacity":"Wed 19 Aug 2020 04:15:57"
	},
	"summaryAug1":{
		"totalProjectedDeaths":2.687588260623931e3,
		"totalProjectedPCRConfirmed":6.944149937628585e4,
		"totalProjectedInfected":3.212907481379179e5,
		"totalInfectedFraction":5.909861588599578e-2,
		"fatalityRate":8.364972462482025e-3,
		"fatalityRateSymptomatic":1.1949960660688607e-2,
		"fatalityRatePCR":3.8702912304075875e-2,
		"fractionOfSymptomaticHospitalized":6.486909472062823e-2,
		"fractionOfSymptomaticHospitalizedOrICU":8.881889143936285e-2,
		"fractionOfPCRHospitalized":0.202374591729117,
		"fractionOfPCRHospitalizedOrICU":0.27709168703965154,
		"fractionHospitalizedInICU":0.26964755279664004,
		"fractionOfDeathInICU":0.6385769572944967,
		"fractionDeathOfHospitalizedOrICU":0.15898369242289123,
		"fractionOfInfectionsPCRConfirmed":0.21613289451608259,
		"dateContained":"Mon 7 Dec 2020 00:00:00",
		"dateICUOverCapacity":"Sat 15 Aug 2020 12:52:27",
		"dateHospitalsOverCapacity":"Wed 19 Aug 2020 04:15:57"
	}
}