{
	"distancingLevel":0.5961904761904762,
	"id":"scenario6",
	"distancingDays":10,
	"maintain":true,
	"name":"Open May 10",
	"gradual":false,
	"events":{
		"herd":{
			"eventName":"herd",
			"day":1.756456734127979e2,
			"thresholdCrossed":0.6999999999999997
		},
		"icu":{
			"eventName":"icu",
			"day":1.4756414770106193e2,
			"thresholdCrossed":1.335912850978128e-4
		},
		"hospital":{
			"eventName":"hospital",
			"day":1.6403161202181485e2,
			"thresholdCrossed":1.3183452727265049e-3
		}
	},
	"summary":{
		"totalProjectedDeaths":1.3487799873857643e5,
		"totalProjectedPCRConfirmed":1.9777749330762746e6,
		"totalProjectedInfected":1.108581242686361e7,
		"totalInfectedFraction":0.8667220275402426,
		"fatalityRate":1.2166722071873987e-2,
		"fatalityRateSymptomatic":1.7381031531248557e-2,
		"fatalityRatePCR":6.81968390249462e-2,
		"fractionOfSymptomaticHospitalized":6.490807958399128e-2,
		"fractionOfSymptomaticHospitalizedOrICU":9.154990408623634e-2,
		"fractionOfPCRHospitalized":0.21079386736320282,
		"fractionOfPCRHospitalizedOrICU":0.29731519500736686,
		"fractionHospitalizedInICU":0.29100876476232607,
		"fractionOfDeathInICU":0.7563292942208273,
		"fractionDeathOfHospitalizedOrICU":0.17275219119058152,
		"fractionOfInfectionsPCRConfirmed":0.17840595320588742,
		"fractionOfDeathsReported":0.8282120200133162,
		"fractionOfHospitalizationsReported":0.8276953474143202,
		"dateContained":"",
		"dateICUOverCapacity":"Tue 26 May 2020 13:32:22",
		"dateHospitalsOverCapacity":"Fri 12 Jun 2020 00:45:31"
	},
	"summaryAug1":{
		"totalProjectedDeaths":1.2221232087544556e5,
		"totalProjectedPCRConfirmed":1.9540870502237387e6,
		"totalProjectedInfected":1.105651056672679e7,
		"totalInfectedFraction":0.8644311203292435,
		"fatalityRate":1.1053425955493454e-2,
		"fatalityRateSymptomatic":1.5790608507847793e-2,
		"fatalityRatePCR":6.254190204139191e-2,
		"fractionOfSymptomaticHospitalized":6.322585008891121e-2,
		"fractionOfSymptomaticHospitalizedOrICU":8.917719563587571e-2,
		"fractionOfPCRHospitalized":0.20726492671652677,
		"fractionOfPCRHospitalizedOrICU":0.2923377841857887,
		"fractionHospitalizedInICU":0.29100876476232623,
		"fractionOfDeathInICU":0.7507492326119805,
		"fractionDeathOfHospitalizedOrICU":0.17275219119058155,
		"fractionOfInfectionsPCRConfirmed":0.17673632548268198,
		"fractionOfDeathsReported":0.8281874923094287,
		"fractionOfHospitalizationsReported":0.8276732538488993,
		"dateContained":"",
		"dateICUOverCapacity":"Tue 26 May 2020 13:32:22",
		"dateHospitalsOverCapacity":"Fri 12 Jun 2020 00:45:31"
	}
}