{
	"distancingLevel":0.5961904761904762,
	"id":"scenario6",
	"distancingDays":14,
	"maintain":true,
	"name":"Open May 28",
	"gradual":false,
	"events":{},
	"summary":{
		"totalProjectedDeaths":1.228756984319103e5,
		"totalProjectedPCRConfirmed":1.7980088876654657e6,
		"totalProjectedInfected":1.0099326483012479e7,
		"totalInfectedFraction":0.7895956010347113,
		"fatalityRate":1.2166722071872093e-2,
		"fatalityRateSymptomatic":1.7381031531245848e-2,
		"fatalityRatePCR":6.833987266406234e-2,
		"fractionOfSymptomaticHospitalized":6.49080795839895e-2,
		"fractionOfSymptomaticHospitalizedOrICU":9.154990408623385e-2,
		"fractionOfPCRHospitalized":0.21051191142683237,
		"fractionOfPCRHospitalizedOrICU":0.2969175089396737,
		"fractionHospitalizedInICU":0.29100876476232623,
		"fractionOfDeathInICU":0.7564243714472174,
		"fractionDeathOfHospitalizedOrICU":0.17275219119058155,
		"fractionOfInfectionsPCRConfirmed":0.17803255402128026,
		"fractionOfDeathsReported":0.827021581491891,
		"fractionOfHospitalizationsReported":0.8248582013083573,
		"dateContained":"",
		"dateICUOverCapacity":"",
		"dateHospitalsOverCapacity":""
	},
	"summaryAug1":{
		"totalProjectedDeaths":8.517886763392422e4,
		"totalProjectedPCRConfirmed":1.6572608588793394e6,
		"totalProjectedInfected":9.802583645277703e6,
		"totalInfectedFraction":0.766395356968134,
		"fatalityRate":8.689430329417111e-3,
		"fatalityRateSymptomatic":1.2413471899167304e-2,
		"fatalityRatePCR":5.1397380911731204e-2,
		"fractionOfSymptomaticHospitalized":5.713851835722692e-2,
		"fractionOfSymptomaticHospitalizedOrICU":8.059129015617873e-2,
		"fractionOfPCRHospitalized":0.19499964119091467,
		"fractionOfPCRHospitalizedOrICU":0.27503815491533595,
		"fractionHospitalizedInICU":0.2910087647623264,
		"fractionOfDeathInICU":0.7411540102414432,
		"fractionDeathOfHospitalizedOrICU":0.17275219119058158,
		"fractionOfInfectionsPCRConfirmed":0.16906367941861006,
		"fractionOfDeathsReported":0.8263899990955592,
		"fractionOfHospitalizationsReported":0.8242465046316956,
		"dateContained":"",
		"dateICUOverCapacity":"",
		"dateHospitalsOverCapacity":""
	}
}