{
	"distancingLevel":0.5380952380952381,
	"id":"scenario6",
	"distancingDays":5,
	"maintain":true,
	"postDistancingLevel":1,
	"name":"Open May 1",
	"gradual":false,
	"events":{
		"herd":{
			"eventName":"herd",
			"day":1.6762625168170806e2,
			"thresholdCrossed":0.6999999999999997
		},
		"icu":{
			"eventName":"icu",
			"day":1.4080247113288274e2,
			"thresholdCrossed":1.3359128509781245e-4
		},
		"hospital":{
			"eventName":"hospital",
			"day":1.549558967146726e2,
			"thresholdCrossed":1.3183452727264964e-3
		}
	},
	"summary":{
		"totalProjectedDeaths":1.2992544902114433e5,
		"totalProjectedPCRConfirmed":1.889060968144361e6,
		"totalProjectedInfected":1.0678755399788575e7,
		"totalInfectedFraction":0.8348970896605392,
		"fatalityRate":1.2166722071723516e-2,
		"fatalityRateSymptomatic":1.7381031531033597e-2,
		"fatalityRatePCR":6.877779553550943e-2,
		"fractionOfSymptomaticHospitalized":6.49080795838892e-2,
		"fractionOfSymptomaticHospitalizedOrICU":9.154990408609247e-2,
		"fractionOfPCRHospitalized":0.21272253122548493,
		"fractionOfPCRHospitalizedOrICU":0.3000354879622376,
		"fractionHospitalizedInICU":0.29100876476232695,
		"fractionOfDeathInICU":0.7563109389091346,
		"fractionDeathOfHospitalizedOrICU":0.17275219119058172,
		"fractionOfInfectionsPCRConfirmed":0.17689898283293964,
		"fractionOfDeathsReported":0.8283822994087282,
		"fractionOfHospitalizationsReported":0.8282129709027727,
		"dateContained":"",
		"dateICUOverCapacity":"Tue 19 May 2020 19:15:33",
		"dateHospitalsOverCapacity":"Tue 2 Jun 2020 22:56:29"
	},
	"summaryAug1":{
		"totalProjectedDeaths":1.2321677848703093e5,
		"totalProjectedPCRConfirmed":1.8768646151653258e6,
		"totalProjectedInfected":1.06618556210551e7,
		"totalInfectedFraction":0.8335758143290746,
		"fatalityRate":1.1556785503988786e-2,
		"fatalityRateSymptomatic":1.6509693577126835e-2,
		"fatalityRatePCR":6.56503284741064e-2,
		"fractionOfSymptomaticHospitalized":6.404536812778659e-2,
		"fractionOfSymptomaticHospitalizedOrICU":9.033308868242469e-2,
		"fractionOfPCRHospitalized":0.21092389431978673,
		"fractionOfPCRHospitalizedOrICU":0.29749859213573937,
		"fractionHospitalizedInICU":0.29100876476232634,
		"fractionOfDeathInICU":0.7531594330918715,
		"fractionDeathOfHospitalizedOrICU":0.17275219119058158,
		"fractionOfInfectionsPCRConfirmed":0.17603545591621797,
		"fractionOfDeathsReported":0.8283786846935577,
		"fractionOfHospitalizationsReported":0.8282094170254879,
		"dateContained":"",
		"dateICUOverCapacity":"Tue 19 May 2020 19:15:33",
		"dateHospitalsOverCapacity":"Tue 2 Jun 2020 22:56:29"
	}
}