{
	"distancingLevel":0.5152380952380952,
	"id":"scenario5",
	"distancingDays":606,
	"maintain":true,
	"name":"Current Indefinite",
	"gradual":false,
	"events":{},
	"summary":{
		"totalProjectedDeaths":1.839210392954449e4,
		"totalProjectedPCRConfirmed":3.873730288151919e5,
		"totalProjectedInfected":1.3269446101790005e6,
		"totalInfectedFraction":6.543620476356007e-2,
		"fatalityRate":1.3860491077365662e-2,
		"fatalityRateSymptomatic":1.98007015390938e-2,
		"fatalityRatePCR":4.7479051357287465e-2,
		"fractionOfSymptomaticHospitalized":6.755195508903153e-2,
		"fractionOfSymptomaticHospitalizedOrICU":9.674348343651794e-2,
		"fractionOfPCRHospitalized":0.13687681014095873,
		"fractionOfPCRHospitalizedOrICU":0.19602599802274787,
		"fractionHospitalizedInICU":0.3017415469295312,
		"fractionOfDeathInICU":0.7784897258507512,
		"fractionDeathOfHospitalizedOrICU":0.1754353867323828,
		"fractionOfInfectionsPCRConfirmed":0.2919285596728386,
		"fractionOfDeathsReported":0.8460043675830284,
		"fractionOfHospitalizationsReported":0.8450268280677726,
		"dateContained":"Wed 15 Dec 2021 17:21:22",
		"dateICUOverCapacity":"",
		"dateHospitalsOverCapacity":""
	},
	"summaryAug1":{
		"totalProjectedDeaths":7.900498413185561e3,
		"totalProjectedPCRConfirmed":1.7167987864337658e5,
		"totalProjectedInfected":6.740610860482584e5,
		"totalInfectedFraction":3.324027160700513e-2,
		"fatalityRate":1.1720745458698587e-2,
		"fatalityRateSymptomatic":1.6743922083855126e-2,
		"fatalityRatePCR":4.601877911154012e-2,
		"fractionOfSymptomaticHospitalized":6.162129495812875e-2,
		"fractionOfSymptomaticHospitalizedOrICU":8.824998062989418e-2,
		"fractionOfPCRHospitalized":0.14282593211244565,
		"fractionOfPCRHospitalizedOrICU":0.20454594066766216,
		"fractionHospitalizedInICU":0.3017415469295312,
		"fractionOfDeathInICU":0.7740437429889595,
		"fractionDeathOfHospitalizedOrICU":0.1754353867323828,
		"fractionOfInfectionsPCRConfirmed":0.25469483730304737,
		"fractionOfDeathsReported":0.8453584797499686,
		"fractionOfHospitalizationsReported":0.8433315502087245,
		"dateContained":"Wed 15 Dec 2021 17:21:22",
		"dateICUOverCapacity":"",
		"dateHospitalsOverCapacity":""
	}
}