{
	"distancingLevel":0.7,
	"id":"scenario8",
	"distancingDays":606,
	"maintain":false,
	"name":"relaxed restrictions",
	"gradual":false,
	"events":{
		"icu":{
			"eventName":"icu",
			"day":1.0246598551074e2,
			"thresholdCrossed":2.2254930404692997e-4
		}
	},
	"summary":{
		"totalProjectedDeaths":1.1727947541357027e4,
		"totalProjectedPCRConfirmed":2.746807617458442e5,
		"totalProjectedInfected":1.2841838437483397e6,
		"totalInfectedFraction":0.27537141272294113,
		"fatalityRate":9.13260791938085e-3,
		"fatalityRateSymptomatic":1.3046582741972642e-2,
		"fatalityRatePCR":4.2696647070640595e-2,
		"fractionOfSymptomaticHospitalized":5.82904168548927e-2,
		"fractionOfSymptomaticHospitalizedOrICU":8.06777749590215e-2,
		"fractionOfPCRHospitalized":0.14713191196564984,
		"fractionOfPCRHospitalizedOrICU":0.2036402538071557,
		"fractionHospitalizedInICU":0.27749102048860363,
		"fractionOfDeathInICU":0.7149676590636348,
		"fractionDeathOfHospitalizedOrICU":0.1693727551221509,
		"fractionOfInfectionsPCRConfirmed":0.21389520128527106,
		"fractionOfDeathsReported":0.7731273667975994,
		"fractionOfHospitalizationsReported":0.7712811525317746,
		"dateContained":"Wed 24 Feb 2021 10:34:34",
		"dateICUOverCapacity":"Sat 11 Apr 2020 11:11:01",
		"dateHospitalsOverCapacity":""
	},
	"summaryAug1":{
		"totalProjectedDeaths":8.711528430425931e3,
		"totalProjectedPCRConfirmed":2.1316433576731052e5,
		"totalProjectedInfected":1.0989385761997034e6,
		"totalInfectedFraction":0.23564871158989073,
		"fatalityRate":7.927220519050045e-3,
		"fatalityRateSymptomatic":1.1324600741500067e-2,
		"fatalityRatePCR":4.086766390385025e-2,
		"fractionOfSymptomaticHospitalized":5.4156521573884446e-2,
		"fractionOfSymptomaticHospitalizedOrICU":7.495619170090911e-2,
		"fractionOfPCRHospitalized":0.1506025497792362,
		"fractionOfPCRHospitalizedOrICU":0.20844384505931346,
		"fractionHospitalizedInICU":0.2774910204886035,
		"fractionOfDeathInICU":0.7098949950674924,
		"fractionDeathOfHospitalizedOrICU":0.1693727551221509,
		"fractionOfInfectionsPCRConfirmed":0.19397293022915366,
		"fractionOfDeathsReported":0.7728412618665524,
		"fractionOfHospitalizationsReported":0.7705922714300854,
		"dateContained":"Wed 24 Feb 2021 10:34:34",
		"dateICUOverCapacity":"Sat 11 Apr 2020 11:11:01",
		"dateHospitalsOverCapacity":""
	}
}