{
	"distancingLevel":0.7,
	"id":"scenario8",
	"distancingDays":604,
	"maintain":false,
	"name":"relaxed restrictions",
	"gradual":false,
	"events":{
		"icu":{
			"eventName":"icu",
			"day":9.686780993120327e1,
			"thresholdCrossed":1.832758974507871e-4
		}
	},
	"summary":{
		"totalProjectedDeaths":1.532343477041154e4,
		"totalProjectedPCRConfirmed":2.332837147222251e5,
		"totalProjectedInfected":1.6778324302101356e6,
		"totalInfectedFraction":0.3597826657519245,
		"fatalityRate":9.132875544962733e-3,
		"fatalityRateSymptomatic":1.3046965064232476e-2,
		"fatalityRatePCR":6.568583147202288e-2,
		"fractionOfSymptomaticHospitalized":5.829144147647733e-2,
		"fractionOfSymptomaticHospitalizedOrICU":8.0679193102759e-2,
		"fractionOfPCRHospitalized":0.226595617958289,
		"fractionOfPCRHospitalizedOrICU":0.3136232550514825,
		"fractionHospitalizedInICU":0.27749102048860336,
		"fractionOfDeathInICU":0.7149331554923145,
		"fractionDeathOfHospitalizedOrICU":0.16937275512215086,
		"fractionOfInfectionsPCRConfirmed":0.13903874458607768,
		"fractionOfDeathsReported":0.7733925947481962,
		"fractionOfHospitalizationsReported":0.7721194803122073,
		"dateContained":"Sun 7 Feb 2021 02:18:16",
		"dateICUOverCapacity":"Sun 5 Apr 2020 20:49:38",
		"dateHospitalsOverCapacity":""
	},
	"summaryAug1":{
		"totalProjectedDeaths":1.1224792088214703e4,
		"totalProjectedPCRConfirmed":1.8652166960307764e5,
		"totalProjectedInfected":1.4478845225538297e6,
		"totalInfectedFraction":0.31047424274671315,
		"fatalityRate":7.7525465003355516e-3,
		"fatalityRateSymptomatic":1.107506642905079e-2,
		"fatalityRatePCR":6.017956043445953e-2,
		"fractionOfSymptomaticHospitalized":5.361222621138382e-2,
		"fractionOfSymptomaticHospitalizedOrICU":7.420285108101993e-2,
		"fractionOfPCRHospitalized":0.224792983445551,
		"fractionOfPCRHospitalizedOrICU":0.3111282901944961,
		"fractionHospitalizedInICU":0.27749102048860363,
		"fractionOfDeathInICU":0.7088794216180345,
		"fractionDeathOfHospitalizedOrICU":0.1693727551221509,
		"fractionOfInfectionsPCRConfirmed":0.12882358136827388,
		"fractionOfDeathsReported":0.7731877305586535,
		"fractionOfHospitalizationsReported":0.7716426761030227,
		"dateContained":"Sun 7 Feb 2021 02:18:16",
		"dateICUOverCapacity":"Sun 5 Apr 2020 20:49:38",
		"dateHospitalsOverCapacity":""
	}
}