{
	"distancingLevel":0.71,
	"id":"scenario6",
	"distancingDays":14,
	"maintain":true,
	"name":"Open May 10",
	"gradual":false,
	"events":{},
	"summary":{
		"totalProjectedDeaths":1.0675645988211164e5,
		"totalProjectedPCRConfirmed":1.6426279109107088e6,
		"totalProjectedInfected":9.757788494885826e6,
		"totalInfectedFraction":0.8404817891853908,
		"fatalityRate":1.0940640898095298e-2,
		"fatalityRateSymptomatic":1.5629486997279e-2,
		"fatalityRatePCR":6.499126136419023e-2,
		"fractionOfSymptomaticHospitalized":6.250265262137324e-2,
		"fractionOfSymptomaticHospitalizedOrICU":8.754825415994193e-2,
		"fractionOfPCRHospitalized":0.21009574739088474,
		"fractionOfPCRHospitalizedOrICU":0.2942837642735556,
		"fractionHospitalizedInICU":0.2860776811472778,
		"fractionOfDeathInICU":0.7422464796899078,
		"fractionDeathOfHospitalizedOrICU":0.1715194202868194,
		"fractionOfInfectionsPCRConfirmed":0.16834018402547152,
		"fractionOfDeathsReported":0.8084570313243105,
		"fractionOfHospitalizationsReported":0.8083669891351671,
		"dateContained":"",
		"dateICUOverCapacity":"",
		"dateHospitalsOverCapacity":""
	},
	"summaryAug1":{
		"totalProjectedDeaths":1.009451820426472e5,
		"totalProjectedPCRConfirmed":1.6317493689907868e6,
		"totalProjectedInfected":9.7426482605791e6,
		"totalInfectedFraction":0.839177693362298,
		"fatalityRate":1.0361164576893702e-2,
		"fatalityRateSymptomatic":1.4801663681276719e-2,
		"fatalityRatePCR":6.186316597449051e-2,
		"fractionOfSymptomaticHospitalized":6.162637086241335e-2,
		"fractionOfSymptomaticHospitalizedOrICU":8.632083524359808e-2,
		"fractionOfPCRHospitalized":0.20820717728949248,
		"fractionOfPCRHospitalizedOrICU":0.2916384203033219,
		"fractionHospitalizedInICU":0.28607768114727755,
		"fractionOfDeathInICU":0.7387135470272286,
		"fractionDeathOfHospitalizedOrICU":0.17151942028681938,
		"fractionOfInfectionsPCRConfirmed":0.16748519759182975,
		"fractionOfDeathsReported":0.808454908691272,
		"fractionOfHospitalizationsReported":0.8083649844878895,
		"dateContained":"",
		"dateICUOverCapacity":"",
		"dateHospitalsOverCapacity":""
	}
}