{
	"distancingLevel":0.6057142857142856,
	"id":"scenario6",
	"distancingDays":4,
	"maintain":true,
	"postDistancingLevel":1,
	"name":"Open May 1",
	"gradual":false,
	"events":{},
	"summary":{
		"totalProjectedDeaths":1.0838721481749818e5,
		"totalProjectedPCRConfirmed":2.150433470165997e6,
		"totalProjectedInfected":8.026310537056102e6,
		"totalInfectedFraction":0.6913418797997221,
		"fatalityRate":1.350398969951299e-2,
		"fatalityRateSymptomatic":1.929141385644713e-2,
		"fatalityRatePCR":5.040249620423343e-2,
		"fractionOfSymptomaticHospitalized":7.696222151121176e-2,
		"fractionOfSymptomaticHospitalizedOrICU":0.10792519044618272,
		"fractionOfPCRHospitalized":0.1625540660591638,
		"fractionOfPCRHospitalizedOrICU":0.2279518209421864,
		"fractionHospitalizedInICU":0.2868928820691844,
		"fractionOfDeathInICU":0.7434292012297286,
		"fractionDeathOfHospitalizedOrICU":0.17172322051729608,
		"fractionOfInfectionsPCRConfirmed":0.2679230339067762,
		"fractionOfDeathsReported":0.8084696623487787,
		"fractionOfHospitalizationsReported":0.8084110748898697,
		"dateContained":"",
		"dateICUOverCapacity":"",
		"dateHospitalsOverCapacity":""
	},
	"summaryAug1":{
		"totalProjectedDeaths":1.0554764603936712e5,
		"totalProjectedPCRConfirmed":2.141707535695608e6,
		"totalProjectedInfected":8.013904852957312e6,
		"totalInfectedFraction":0.6902733229671073,
		"fatalityRate":1.3170563910603162e-2,
		"fatalityRateSymptomatic":1.8815091300861665e-2,
		"fatalityRatePCR":4.9282007127591385e-2,
		"fractionOfSymptomaticHospitalized":7.644788375819529e-2,
		"fractionOfSymptomaticHospitalizedOrICU":0.10720392748290047,
		"fractionOfPCRHospitalized":0.1618748617952124,
		"fractionOfPCRHospitalizedOrICU":0.22699936338444643,
		"fractionHospitalizedInICU":0.2868928820691845,
		"fractionOfDeathInICU":0.7411937062536286,
		"fractionDeathOfHospitalizedOrICU":0.1717232205172961,
		"fractionOfInfectionsPCRConfirmed":0.2672489348192435,
		"fractionOfDeathsReported":0.8084690102069636,
		"fractionOfHospitalizationsReported":0.8084103885468467,
		"dateContained":"",
		"dateICUOverCapacity":"",
		"dateHospitalsOverCapacity":""
	}
}