{
	"distancingLevel":0.669047619047619,
	"id":"scenario6",
	"distancingDays":4,
	"maintain":true,
	"name":"Open May 1",
	"gradual":false,
	"events":{
		"herd":{
			"eventName":"herd",
			"day":1.6450135333808709e2,
			"thresholdCrossed":0.6999999999891778
		},
		"icu":{
			"eventName":"icu",
			"day":1.365182929490205e2,
			"thresholdCrossed":1.460926482864929e-4
		},
		"hospital":{
			"eventName":"hospital",
			"day":1.515380497834711e2,
			"thresholdCrossed":1.4054736240556934e-3
		}
	},
	"summary":{
		"totalProjectedDeaths":1.048110982871432e5,
		"totalProjectedPCRConfirmed":1.5922963916474367e6,
		"totalProjectedInfected":9.579977924823495e6,
		"totalInfectedFraction":0.8251661727277899,
		"fatalityRate":1.094064089809208e-2,
		"fatalityRateSymptomatic":1.56294869972744e-2,
		"fatalityRatePCR":6.582386221368157e-2,
		"fractionOfSymptomaticHospitalized":6.25026526213711e-2,
		"fractionOfSymptomaticHospitalizedOrICU":8.754825415993889e-2,
		"fractionOfPCRHospitalized":0.2127961247079846,
		"fractionOfPCRHospitalizedOrICU":0.2980662168538857,
		"fractionHospitalizedInICU":0.28607768114727733,
		"fractionOfDeathInICU":0.7422451876864187,
		"fractionDeathOfHospitalizedOrICU":0.17151942028681932,
		"fractionOfInfectionsPCRConfirmed":0.16621086229452597,
		"fractionOfDeathsReported":0.8084674247933773,
		"fractionOfHospitalizationsReported":0.8084006014662697,
		"dateContained":"",
		"dateICUOverCapacity":"Fri 15 May 2020 12:26:20",
		"dateHospitalsOverCapacity":"Sat 30 May 2020 12:54:47"
	},
	"summaryAug1":{
		"totalProjectedDeaths":1.005242141619719e5,
		"totalProjectedPCRConfirmed":1.5840691231698596e6,
		"totalProjectedInfected":9.567503311658321e6,
		"totalInfectedFraction":0.8240916787276426,
		"fatalityRate":1.0506838710939333e-2,
		"fatalityRateSymptomatic":1.5009769587056191e-2,
		"fatalityRatePCR":6.345948714713551e-2,
		"fractionOfSymptomaticHospitalized":6.185357195255734e-2,
		"fractionOfSymptomaticHospitalizedOrICU":8.663907867729419e-2,
		"fractionOfPCRHospitalized":0.21140407428148447,
		"fractionOfPCRHospitalizedOrICU":0.2961163542571579,
		"fractionHospitalizedInICU":0.2860776811472774,
		"fractionOfDeathInICU":0.7395805327319263,
		"fractionDeathOfHospitalizedOrICU":0.17151942028681932,
		"fractionOfInfectionsPCRConfirmed":0.16556765872655813,
		"fractionOfDeathsReported":0.8084662956370617,
		"fractionOfHospitalizationsReported":0.8083994994521116,
		"dateContained":"",
		"dateICUOverCapacity":"Fri 15 May 2020 12:26:20",
		"dateHospitalsOverCapacity":"Sat 30 May 2020 12:54:47"
	}
}