{
	"distancingLevel":0.5504761904761903,
	"id":"scenario5",
	"distancingDays":616,
	"maintain":true,
	"name":"Current Indefinite",
	"gradual":false,
	"events":{
		"icu":{
			"eventName":"icu",
			"day":1.0692780669569093e2,
			"thresholdCrossed":2.6182271064344707e-4
		}
	},
	"summary":{
		"totalProjectedDeaths":1.3097860781138303e4,
		"totalProjectedPCRConfirmed":2.876680473492647e5,
		"totalProjectedInfected":1.2292175013783313e6,
		"totalInfectedFraction":0.2635848142352496,
		"fatalityRate":1.0655446059343905e-2,
		"fatalityRateSymptomatic":1.5222065799062724e-2,
		"fatalityRatePCR":4.553116309520422e-2,
		"fractionOfSymptomaticHospitalized":7.178427734970036e-2,
		"fractionOfSymptomaticHospitalizedOrICU":9.946433575044988e-2,
		"fractionOfPCRHospitalized":0.19854114287012195,
		"fractionOfPCRHospitalizedOrICU":0.275098721110052,
		"fractionHospitalizedInICU":0.27829129096279437,
		"fractionOfDeathInICU":0.6698937288050002,
		"fractionDeathOfHospitalizedOrICU":0.16183612601772215,
		"fractionOfInfectionsPCRConfirmed":0.23402534297363997,
		"dateContained":"Tue 29 Dec 2020 00:00:00",
		"dateICUOverCapacity":"Wed 15 Apr 2020 22:16:02",
		"dateHospitalsOverCapacity":""
	},
	"summaryAug1":{
		"totalProjectedDeaths":1.123642748901399e4,
		"totalProjectedPCRConfirmed":2.5645038668567353e5,
		"totalProjectedInfected":1.1530517829131533e6,
		"totalInfectedFraction":0.24725236962701164,
		"fatalityRate":9.744946112155923e-3,
		"fatalityRateSymptomatic":1.3921351588794179e-2,
		"fatalityRatePCR":4.3815209773055516e-2,
		"fractionOfSymptomaticHospitalized":6.906601449838909e-2,
		"fractionOfSymptomaticHospitalizedOrICU":9.569790918905012e-2,
		"fractionOfPCRHospitalized":0.19409014129907276,
		"fractionOfPCRHospitalizedOrICU":0.26893141078759936,
		"fractionHospitalizedInICU":0.2782912909627944,
		"fractionOfDeathInICU":0.6709216957641798,
		"fractionDeathOfHospitalizedOrICU":0.16183612601772215,
		"fractionOfInfectionsPCRConfirmed":0.22241012111161107,
		"dateContained":"Tue 29 Dec 2020 00:00:00",
		"dateICUOverCapacity":"Wed 15 Apr 2020 22:16:02",
		"dateHospitalsOverCapacity":""
	}
}