{
	"distancingLevel":0.5504761904761903,
	"id":"scenario5",
	"distancingDays":617,
	"maintain":true,
	"name":"Current Indefinite",
	"gradual":false,
	"events":{
		"icu":{
			"eventName":"icu",
			"day":1.0701990575793907e2,
			"thresholdCrossed":2.6182271064344696e-4
		}
	},
	"summary":{
		"totalProjectedDeaths":1.5575012486950072e4,
		"totalProjectedPCRConfirmed":2.8803505636710697e5,
		"totalProjectedInfected":1.2297274413535097e6,
		"totalInfectedFraction":0.26369416220131564,
		"fatalityRate":1.2665418338398064e-2,
		"fatalityRateSymptomatic":1.8093454769140094e-2,
		"fatalityRatePCR":5.407332247467607e-2,
		"fractionOfSymptomaticHospitalized":7.178427742807197e-2,
		"fractionOfSymptomaticHospitalizedOrICU":9.946433585904176e-2,
		"fractionOfPCRHospitalized":0.19852505507271087,
		"fractionOfPCRHospitalizedOrICU":0.27507642984875846,
		"fractionHospitalizedInICU":0.2782912909627952,
		"fractionOfDeathInICU":0.5635841480514548,
		"fractionDeathOfHospitalizedOrICU":0.19657562992367783,
		"fractionOfInfectionsPCRConfirmed":0.23422674544050084,
		"dateContained":"Tue 29 Dec 2020 00:00:00",
		"dateICUOverCapacity":"Thu 16 Apr 2020 00:28:39",
		"dateHospitalsOverCapacity":""
	},
	"summaryAug1":{
		"totalProjectedDeaths":1.3352489394372154e4,
		"totalProjectedPCRConfirmed":2.5678577451610306e5,
		"totalProjectedInfected":1.15350044291529e6,
		"totalInfectedFraction":0.24734857714373293,
		"fatalityRate":1.1575625719419622e-2,
		"fatalityRateSymptomatic":1.653660817059946e-2,
		"fatalityRatePCR":5.199855568142003e-2,
		"fractionOfSymptomaticHospitalized":6.906184694973584e-2,
		"fractionOfSymptomaticHospitalizedOrICU":9.56921346312527e-2,
		"fractionOfPCRHospitalized":0.19406771353639976,
		"fractionOfPCRHospitalizedOrICU":0.2689003348668128,
		"fractionHospitalizedInICU":0.27829129096279454,
		"fractionOfDeathInICU":0.564730523059674,
		"fractionDeathOfHospitalizedOrICU":0.19337482680032766,
		"fractionOfInfectionsPCRConfirmed":0.22261437010558716,
		"dateContained":"Tue 29 Dec 2020 00:00:00",
		"dateICUOverCapacity":"Thu 16 Apr 2020 00:28:39",
		"dateHospitalsOverCapacity":""
	}
}