{
	"distancingLevel":0.2,
	"id":"scenario2",
	"distancingDays":90,
	"maintain":false,
	"name":"Italy",
	"gradual":false,
	"events":{
		"herd":{
			"eventName":"herd",
			"day":3.354766839491798e2,
			"thresholdCrossed":0.7000000000000797
		},
		"icu":{
			"eventName":"icu",
			"day":3.140003266580256e2,
			"thresholdCrossed":1.6227790937432354e-4
		},
		"hospital":{
			"eventName":"hospital",
			"day":3.1875384929921654e2,
			"thresholdCrossed":1.0340795313414624e-3
		}
	},
	"summary":{
		"totalProjectedDeaths":3.4699114182162334e3,
		"totalProjectedPCRConfirmed":5.3514509602104525e4,
		"totalProjectedInfected":4.51160511709581e5,
		"totalInfectedFraction":4.422433381605802e-2,
		"fatalityRate":7.691079622788151e-3,
		"fatalityRateSymptomatic":1.0987256603983071e-2,
		"fatalityRatePCR":6.484057209934284e-2,
		"fractionOfSymptomaticHospitalized":5.554503905576485e-2,
		"fractionOfSymptomaticHospitalizedOrICU":7.572463645357591e-2,
		"fractionOfPCRHospitalized":0.24892271419603546,
		"fractionOfPCRHospitalizedOrICU":0.3393567158825469,
		"fractionHospitalizedInICU":0.2664865536882764,
		"fractionOfDeathInICU":0.6626467927912549,
		"fractionDeathOfHospitalizedOrICU":0.16662163842206906,
		"fractionOfInfectionsPCRConfirmed":0.1186152338539607,
		"fractionOfDeathsReported":0.7632144428209988,
		"fractionOfHospitalizationsReported":0.7593844166271343,
		"dateContained":"Sat 20 Jun 2020 22:34:08",
		"dateICUOverCapacity":"Mon 9 Nov 2020 00:00:28",
		"dateHospitalsOverCapacity":"Fri 13 Nov 2020 18:05:32"
	},
	"summaryAug1":{
		"totalProjectedDeaths":3.4699114182162334e3,
		"totalProjectedPCRConfirmed":5.3514509602104525e4,
		"totalProjectedInfected":4.51160511709581e5,
		"totalInfectedFraction":4.422433381605802e-2,
		"fatalityRate":7.691079622788151e-3,
		"fatalityRateSymptomatic":1.0987256603983071e-2,
		"fatalityRatePCR":6.484057209934284e-2,
		"fractionOfSymptomaticHospitalized":5.554503905576485e-2,
		"fractionOfSymptomaticHospitalizedOrICU":7.572463645357591e-2,
		"fractionOfPCRHospitalized":0.24892271419603546,
		"fractionOfPCRHospitalizedOrICU":0.3393567158825469,
		"fractionHospitalizedInICU":0.2664865536882764,
		"fractionOfDeathInICU":0.6626467927912549,
		"fractionDeathOfHospitalizedOrICU":0.16662163842206906,
		"fractionOfInfectionsPCRConfirmed":0.1186152338539607,
		"fractionOfDeathsReported":0.7632144428209988,
		"fractionOfHospitalizationsReported":0.7593844166271343,
		"dateContained":"Sat 20 Jun 2020 22:34:08",
		"dateICUOverCapacity":"Mon 9 Nov 2020 00:00:28",
		"dateHospitalsOverCapacity":"Fri 13 Nov 2020 18:05:32"
	}
}