{
	"distancingLevel":0.2,
	"id":"scenario2",
	"distancingDays":90,
	"maintain":false,
	"name":"Italy",
	"gradual":false,
	"events":{
		"herd":{
			"eventName":"herd",
			"day":3.3540892587586484e2,
			"thresholdCrossed":0.6999999999999995
		},
		"icu":{
			"eventName":"icu",
			"day":3.108789855164416e2,
			"thresholdCrossed":1.6227790937433e-4
		},
		"hospital":{
			"eventName":"hospital",
			"day":3.1595103656510884e2,
			"thresholdCrossed":1.0340795313414578e-3
		}
	},
	"summary":{
		"totalProjectedDeaths":3.0507940259100997e3,
		"totalProjectedPCRConfirmed":4.411213464515803e4,
		"totalProjectedInfected":3.937837758762392e5,
		"totalInfectedFraction":3.860006517349809e-2,
		"fatalityRate":7.747383749169296e-3,
		"fatalityRateSymptomatic":1.1067691070241853e-2,
		"fatalityRatePCR":6.915997265720555e-2,
		"fractionOfSymptomaticHospitalized":5.564983816071583e-2,
		"fractionOfSymptomaticHospitalizedOrICU":7.586750923317925e-2,
		"fractionOfPCRHospitalized":0.26374643692545763,
		"fractionOfPCRHospitalizedOrICU":0.3595659196864573,
		"fractionHospitalizedInICU":0.2664865536882764,
		"fractionOfDeathInICU":0.6631821626258195,
		"fractionDeathOfHospitalizedOrICU":0.16662163842206906,
		"fractionOfInfectionsPCRConfirmed":0.1120212089667754,
		"fractionOfDeathsReported":0.762872096503651,
		"fractionOfHospitalizationsReported":0.7584464291507678,
		"dateContained":"Tue 16 Jun 2020 09:06:30",
		"dateICUOverCapacity":"Thu 5 Nov 2020 21:05:44",
		"dateHospitalsOverCapacity":"Tue 10 Nov 2020 22:49:29"
	},
	"summaryAug1":{
		"totalProjectedDeaths":3.0507940259100997e3,
		"totalProjectedPCRConfirmed":4.411213464515803e4,
		"totalProjectedInfected":3.937837758762392e5,
		"totalInfectedFraction":3.860006517349809e-2,
		"fatalityRate":7.747383749169296e-3,
		"fatalityRateSymptomatic":1.1067691070241853e-2,
		"fatalityRatePCR":6.915997265720555e-2,
		"fractionOfSymptomaticHospitalized":5.564983816071583e-2,
		"fractionOfSymptomaticHospitalizedOrICU":7.586750923317925e-2,
		"fractionOfPCRHospitalized":0.26374643692545763,
		"fractionOfPCRHospitalizedOrICU":0.3595659196864573,
		"fractionHospitalizedInICU":0.2664865536882764,
		"fractionOfDeathInICU":0.6631821626258195,
		"fractionDeathOfHospitalizedOrICU":0.16662163842206906,
		"fractionOfInfectionsPCRConfirmed":0.1120212089667754,
		"fractionOfDeathsReported":0.762872096503651,
		"fractionOfHospitalizationsReported":0.7584464291507678,
		"dateContained":"Tue 16 Jun 2020 09:06:30",
		"dateICUOverCapacity":"Thu 5 Nov 2020 21:05:44",
		"dateHospitalsOverCapacity":"Tue 10 Nov 2020 22:49:29"
	}
}