{
	"distancingLevel":0.4,
	"id":"scenario2",
	"distancingDays":90,
	"maintain":false,
	"name":"Italy",
	"events":{
		"herd":{
			"eventName":"herd",
			"day":2.4569457373215283e2,
			"thresholdCrossed":0.7000000000000008
		},
		"icu":{
			"eventName":"icu",
			"day":1.2495432644300594e2,
			"thresholdCrossed":2.318255848204723e-4
		},
		"hospital":{
			"eventName":"hospital",
			"day":2.2843473122847539e2,
			"thresholdCrossed":1.0340795313410573e-3
		}
	},
	"summary":{
		"totalProjectedDeaths":6.94021597351375e4,
		"totalProjectedPCRConfirmed":2.2798788068039543e6,
		"totalProjectedInfected":8.018105102986921e6,
		"totalInfectedFraction":0.7859627503813772,
		"fatalityRate":8.655680967474929e-3,
		"fatalityRateSymptomatic":1.2365258524964185e-2,
		"fatalityRatePCR":3.0441161840715925e-2,
		"fractionOfSymptomaticHospitalized":6.903981267979897e-2,
		"fractionOfPCRHospitalized":0.22329867270852913,
		"fractionHospitalizedInICU":0.2672668275659787,
		"fractionDeathOfHospitalized":9.988975222096458e-2,
		"fractionOfInfectionsPCRConfirmed":0.28434134717873044,
		"dateContained":"Wed 9 Dec 2020 00:00:00",
		"dateICUOverCapacity":"Sun 3 May 2020 22:54:13",
		"dateHospitalsOverCapacity":"Sat 15 Aug 2020 10:26:00"
	},
	"summaryAug1":{
		"totalProjectedDeaths":9.00293755205723e3,
		"totalProjectedPCRConfirmed":2.078224098473284e5,
		"totalProjectedInfected":1.170813641871807e6,
		"totalInfectedFraction":0.11476725464808404,
		"fatalityRate":7.689471005534257e-3,
		"fatalityRateSymptomatic":1.0984958579334656e-2,
		"fatalityRatePCR":4.3320340470842454e-2,
		"fractionOfSymptomaticHospitalized":6.389869595954523e-2,
		"fractionOfPCRHospitalized":0.22757627669071476,
		"fractionHospitalizedInICU":0.26726682756597886,
		"fractionDeathOfHospitalized":0.13947961081752516,
		"fractionOfInfectionsPCRConfirmed":0.1775025524259163,
		"dateContained":"Wed 9 Dec 2020 00:00:00",
		"dateICUOverCapacity":"Sun 3 May 2020 22:54:13",
		"dateHospitalsOverCapacity":"Sat 15 Aug 2020 10:26:00"
	}
}