{
	"distancingLevel":0.2,
	"id":"scenario2",
	"distancingDays":90,
	"maintain":false,
	"name":"Italy",
	"gradual":false,
	"events":{
		"herd":{
			"eventName":"herd",
			"day":3.301106535629423e2,
			"thresholdCrossed":0.7000000000000006
		},
		"icu":{
			"eventName":"icu",
			"day":3.0852600850620473e2,
			"thresholdCrossed":1.622779093743303e-4
		},
		"hospital":{
			"eventName":"hospital",
			"day":3.1329010594756636e2,
			"thresholdCrossed":1.034079531341461e-3
		}
	},
	"summary":{
		"totalProjectedDeaths":3.376810807187808e3,
		"totalProjectedPCRConfirmed":4.936017248212171e4,
		"totalProjectedInfected":4.3509332024769735e5,
		"totalInfectedFraction":4.264937142406069e-2,
		"fatalityRate":7.761118477446171e-3,
		"fatalityRateSymptomatic":1.1087312110637388e-2,
		"fatalityRatePCR":6.841164925853717e-2,
		"fractionOfSymptomaticHospitalized":5.567314419214294e-2,
		"fractionOfSymptomaticHospitalizedOrICU":7.589928238136667e-2,
		"fractionOfPCRHospitalized":0.2610070059207357,
		"fractionOfPCRHospitalizedOrICU":0.35583124921995596,
		"fractionHospitalizedInICU":0.26648655368827656,
		"fractionOfDeathInICU":0.6632458597178178,
		"fractionDeathOfHospitalizedOrICU":0.16662163842206915,
		"fractionOfInfectionsPCRConfirmed":0.11344732310305547,
		"fractionOfDeathsReported":0.7633894289708198,
		"fractionOfHospitalizationsReported":0.7598058418219664,
		"dateContained":"Sat 20 Jun 2020 16:28:54",
		"dateICUOverCapacity":"Tue 3 Nov 2020 12:37:27",
		"dateHospitalsOverCapacity":"Sun 8 Nov 2020 06:57:45"
	},
	"summaryAug1":{
		"totalProjectedDeaths":3.376810807187808e3,
		"totalProjectedPCRConfirmed":4.936017248212171e4,
		"totalProjectedInfected":4.3509332024769735e5,
		"totalInfectedFraction":4.264937142406069e-2,
		"fatalityRate":7.761118477446171e-3,
		"fatalityRateSymptomatic":1.1087312110637388e-2,
		"fatalityRatePCR":6.841164925853717e-2,
		"fractionOfSymptomaticHospitalized":5.567314419214294e-2,
		"fractionOfSymptomaticHospitalizedOrICU":7.589928238136667e-2,
		"fractionOfPCRHospitalized":0.2610070059207357,
		"fractionOfPCRHospitalizedOrICU":0.35583124921995596,
		"fractionHospitalizedInICU":0.26648655368827656,
		"fractionOfDeathInICU":0.6632458597178178,
		"fractionDeathOfHospitalizedOrICU":0.16662163842206915,
		"fractionOfInfectionsPCRConfirmed":0.11344732310305547,
		"fractionOfDeathsReported":0.7633894289708198,
		"fractionOfHospitalizationsReported":0.7598058418219664,
		"dateContained":"Sat 20 Jun 2020 16:28:54",
		"dateICUOverCapacity":"Tue 3 Nov 2020 12:37:27",
		"dateHospitalsOverCapacity":"Sun 8 Nov 2020 06:57:45"
	}
}