{
	"distancingLevel":0.2,
	"id":"scenario2",
	"distancingDays":90,
	"maintain":false,
	"name":"Italy",
	"gradual":false,
	"events":{
		"herd":{
			"eventName":"herd",
			"day":2.919337088751677e2,
			"thresholdCrossed":0.6999999999999943
		},
		"icu":{
			"eventName":"icu",
			"day":2.717492020108679e2,
			"thresholdCrossed":2.3182558482047312e-4
		},
		"hospital":{
			"eventName":"hospital",
			"day":2.7319417935091076e2,
			"thresholdCrossed":1.0340795313414591e-3
		}
	},
	"summary":{
		"totalProjectedDeaths":8.286184737737493e4,
		"totalProjectedPCRConfirmed":2.3323107472362807e6,
		"totalProjectedInfected":7.4837742610746315e6,
		"totalInfectedFraction":0.7335857694452538,
		"fatalityRate":1.1072200267766548e-2,
		"fatalityRateSymptomatic":1.581742895395221e-2,
		"fatalityRatePCR":3.5527790400813344e-2,
		"fractionOfSymptomaticHospitalized":6.903981257176667e-2,
		"fractionOfSymptomaticHospitalizedOrICU":9.422231061605628e-2,
		"fractionOfPCRHospitalized":0.1822910309437467,
		"fractionOfPCRHospitalizedOrICU":0.24878228228456667,
		"fractionHospitalizedInICU":0.2672668275659788,
		"fractionOfDeathInICU":0.5198727110890249,
		"fractionDeathOfHospitalizedOrICU":0.14280675486438096,
		"fractionOfInfectionsPCRConfirmed":0.3116489976678389,
		"dateContained":"Thu 25 Jun 2020 00:00:00",
		"dateICUOverCapacity":"Sun 27 Sep 2020 17:58:51",
		"dateHospitalsOverCapacity":"Tue 29 Sep 2020 04:39:37"
	},
	"summaryAug1":{
		"totalProjectedDeaths":4.243852632798471e3,
		"totalProjectedPCRConfirmed":5.433402788156514e4,
		"totalProjectedInfected":3.841660242658805e5,
		"totalInfectedFraction":3.765729946874991e-2,
		"fatalityRate":1.1046923373581078e-2,
		"fatalityRateSymptomatic":1.5781319105115828e-2,
		"fatalityRatePCR":7.810671872236363e-2,
		"fractionOfSymptomaticHospitalized":6.902167320274633e-2,
		"fractionOfSymptomaticHospitalizedOrICU":9.419755485269966e-2,
		"fractionOfPCRHospitalized":0.21078665859969653,
		"fractionOfPCRHospitalizedOrICU":0.28767178357641066,
		"fractionHospitalizedInICU":0.267266827565979,
		"fractionOfDeathInICU":0.5197065400987757,
		"fractionDeathOfHospitalizedOrICU":0.271513311981177,
		"fractionOfInfectionsPCRConfirmed":0.1414337147211141,
		"dateContained":"Thu 25 Jun 2020 00:00:00",
		"dateICUOverCapacity":"Sun 27 Sep 2020 17:58:51",
		"dateHospitalsOverCapacity":"Tue 29 Sep 2020 04:39:37"
	}
}