{
	"distancingLevel":0.2,
	"id":"scenario2",
	"distancingDays":90,
	"maintain":false,
	"name":"Italy",
	"gradual":false,
	"events":{
		"herd":{
			"eventName":"herd",
			"day":4.135090423289524e2,
			"thresholdCrossed":0.700000000000849
		},
		"icu":{
			"eventName":"icu",
			"day":3.7808073630020357e2,
			"thresholdCrossed":1.6227790937433067e-4
		},
		"hospital":{
			"eventName":"hospital",
			"day":3.870973192852786e2,
			"thresholdCrossed":1.0340795313412761e-3
		}
	},
	"summary":{
		"totalProjectedDeaths":3.366778364219461e3,
		"totalProjectedPCRConfirmed":5.4548724466559026e4,
		"totalProjectedInfected":4.369295073971413e5,
		"totalInfectedFraction":4.2829360920787825e-2,
		"fatalityRate":7.705541299501368e-3,
		"fatalityRateSymptomatic":1.1007916142144813e-2,
		"fatalityRatePCR":6.172056995179524e-2,
		"fractionOfSymptomaticHospitalized":5.554890063132055e-2,
		"fractionOfSymptomaticHospitalizedOrICU":7.57299009454201e-2,
		"fractionOfPCRHospitalized":0.2291872554598045,
		"fractionOfPCRHospitalizedOrICU":0.31245133488992116,
		"fractionHospitalizedInICU":0.2664865536882764,
		"fractionOfDeathInICU":0.663860957068699,
		"fractionDeathOfHospitalizedOrICU":0.16662163842206906,
		"fractionOfInfectionsPCRConfirmed":0.12484559532615333,
		"fractionOfDeathsReported":0.7525983597016748,
		"fractionOfHospitalizationsReported":0.7358515013375798,
		"dateContained":"Sat 27 Jun 2020 07:09:47",
		"dateICUOverCapacity":"Tue 12 Jan 2021 01:56:15",
		"dateHospitalsOverCapacity":"Thu 21 Jan 2021 02:20:08"
	},
	"summaryAug1":{
		"totalProjectedDeaths":3.366778364219461e3,
		"totalProjectedPCRConfirmed":5.4548724466559026e4,
		"totalProjectedInfected":4.369295073971413e5,
		"totalInfectedFraction":4.2829360920787825e-2,
		"fatalityRate":7.705541299501368e-3,
		"fatalityRateSymptomatic":1.1007916142144813e-2,
		"fatalityRatePCR":6.172056995179524e-2,
		"fractionOfSymptomaticHospitalized":5.554890063132055e-2,
		"fractionOfSymptomaticHospitalizedOrICU":7.57299009454201e-2,
		"fractionOfPCRHospitalized":0.2291872554598045,
		"fractionOfPCRHospitalizedOrICU":0.31245133488992116,
		"fractionHospitalizedInICU":0.2664865536882764,
		"fractionOfDeathInICU":0.663860957068699,
		"fractionDeathOfHospitalizedOrICU":0.16662163842206906,
		"fractionOfInfectionsPCRConfirmed":0.12484559532615333,
		"fractionOfDeathsReported":0.7525983597016748,
		"fractionOfHospitalizationsReported":0.7358515013375798,
		"dateContained":"Sat 27 Jun 2020 07:09:47",
		"dateICUOverCapacity":"Tue 12 Jan 2021 01:56:15",
		"dateHospitalsOverCapacity":"Thu 21 Jan 2021 02:20:08"
	}
}