{
	"distancingLevel":0.2,
	"id":"scenario2",
	"distancingDays":90,
	"maintain":false,
	"name":"Italy",
	"gradual":false,
	"events":{},
	"summary":{
		"totalProjectedDeaths":5.250727206993336e4,
		"totalProjectedPCRConfirmed":1.7929431235266568e6,
		"totalProjectedInfected":6.564083690713372e6,
		"totalInfectedFraction":0.6434344779746944,
		"fatalityRate":7.99917772898276e-3,
		"fatalityRateSymptomatic":1.1427396755689658e-2,
		"fatalityRatePCR":2.9285520204708655e-2,
		"fractionOfSymptomaticHospitalized":5.606869636073175e-2,
		"fractionOfSymptomaticHospitalizedOrICU":7.643853925603987e-2,
		"fractionOfPCRHospitalized":0.10993838751376886,
		"fractionOfPCRHospitalizedOrICU":0.14987917135884096,
		"fractionHospitalizedInICU":0.26648655368827673,
		"fractionOfDeathInICU":0.6653553338860619,
		"fractionDeathOfHospitalizedOrICU":0.16662163842206917,
		"fractionOfInfectionsPCRConfirmed":0.2731444643314417,
		"fractionOfDeathsReported":0.7653892542302573,
		"fractionOfHospitalizationsReported":0.7651089241799152,
		"dateContained":"",
		"dateICUOverCapacity":"",
		"dateHospitalsOverCapacity":""
	},
	"summaryAug1":{
		"totalProjectedDeaths":2.253481302545657e3,
		"totalProjectedPCRConfirmed":3.340915359082527e4,
		"totalProjectedInfected":2.8174480824751145e5,
		"totalInfectedFraction":2.7617613083345118e-2,
		"fatalityRate":7.998306398483779e-3,
		"fatalityRateSymptomatic":1.1426151997833972e-2,
		"fatalityRatePCR":6.745101447779574e-2,
		"fractionOfSymptomaticHospitalized":5.606801869306574e-2,
		"fractionOfSymptomaticHospitalizedOrICU":7.64376153906773e-2,
		"fractionOfPCRHospitalized":0.24998123148294843,
		"fractionOfPCRHospitalizedOrICU":0.3407997941140852,
		"fractionHospitalizedInICU":0.2664865536882765,
		"fractionOfDeathInICU":0.6657602349979047,
		"fractionDeathOfHospitalizedOrICU":0.16662163842206915,
		"fractionOfInfectionsPCRConfirmed":0.11857948261277448,
		"fractionOfDeathsReported":0.7618033958300654,
		"fractionOfHospitalizationsReported":0.7552725570302528,
		"dateContained":"",
		"dateICUOverCapacity":"",
		"dateHospitalsOverCapacity":""
	}
}