{
	"distancingLevel":0.6602877957142858,
	"id":"scenario5",
	"distancingDays":621,
	"maintain":true,
	"name":"Current Indefinite",
	"events":{
		"herd":{
			"eventName":"herd",
			"day":2.3379593362380493e2,
			"thresholdCrossed":0.7
		},
		"icu":{
			"eventName":"icu",
			"day":1.307928112111628e2,
			"thresholdCrossed":2.1255489772465614e-4
		},
		"hospital":{
			"eventName":"hospital",
			"day":1.4852060655587636e2,
			"thresholdCrossed":1.3340159359733095e-3
		}
	},
	"summary":{
		"totalProjectedDeaths":2.8701714098983743e4,
		"totalProjectedPCRConfirmed":6.985295301232331e5,
		"totalProjectedInfected":2.3417923223884185e6,
		"totalInfectedFraction":0.4063342265940045,
		"fatalityRate":1.2256302074519812e-2,
		"fatalityRateSymptomatic":1.750900296359973e-2,
		"fatalityRatePCR":4.108876269542999e-2,
		"fractionOfSymptomaticHospitalized":7.667352355471525e-2,
		"fractionOfPCRHospitalized":0.2422506287653593,
		"fractionHospitalizedInICU":0.28449236892904883,
		"fractionDeathOfHospitalized":0.12135912055080521,
		"fractionOfInfectionsPCRConfirmed":0.2982884192782712,
		"dateContained":"Tue 22 Dec 2020 00:00:00",
		"dateICUOverCapacity":"Sat 9 May 2020 19:01:38",
		"dateHospitalsOverCapacity":"Wed 27 May 2020 12:29:40"
	},
	"summaryAug1":{
		"totalProjectedDeaths":2.0799021682572402e4,
		"totalProjectedPCRConfirmed":5.854469727228269e5,
		"totalProjectedInfected":2.0807708769981263e6,
		"totalInfectedFraction":0.3610432987336979,
		"fatalityRate":9.99582506295869e-3,
		"fatalityRateSymptomatic":1.4279750089940984e-2,
		"fatalityRatePCR":3.552673880238759e-2,
		"fractionOfSymptomaticHospitalized":7.096455284387648e-2,
		"fractionOfPCRHospitalized":0.23353822655453216,
		"fractionHospitalizedInICU":0.28449236892904844,
		"fractionDeathOfHospitalized":0.10884578981007717,
		"fractionOfInfectionsPCRConfirmed":0.28136061456580747,
		"dateContained":"Tue 22 Dec 2020 00:00:00",
		"dateICUOverCapacity":"Sat 9 May 2020 19:01:38",
		"dateHospitalsOverCapacity":"Wed 27 May 2020 12:29:40"
	}
}