{
	"distancingLevel":0.7057142857142856,
	"id":"scenario5",
	"distancingDays":595,
	"maintain":true,
	"name":"Current Indefinite",
	"gradual":false,
	"events":{
		"icu":{
			"eventName":"icu",
			"day":1.8256778878085237e2,
			"thresholdCrossed":1.4878842840725933e-4
		}
	},
	"summary":{
		"totalProjectedDeaths":1.4059655379195945e4,
		"totalProjectedPCRConfirmed":2.2153459688961605e5,
		"totalProjectedInfected":1.3072820525409656e6,
		"totalInfectedFraction":0.22683200242867232,
		"fatalityRate":1.0754875240479416e-2,
		"fatalityRateSymptomatic":1.536410748639917e-2,
		"fatalityRatePCR":6.34648293160343e-2,
		"fractionOfSymptomaticHospitalized":6.226816656381922e-2,
		"fractionOfSymptomaticHospitalizedOrICU":8.6928017429473e-2,
		"fractionOfPCRHospitalized":0.20790389712716809,
		"fractionOfPCRHospitalizedOrICU":0.29023937254685284,
		"fractionHospitalizedInICU":0.2836812755526257,
		"fractionOfDeathInICU":0.7354224955840678,
		"fractionDeathOfHospitalizedOrICU":0.17092031888815643,
		"fractionOfInfectionsPCRConfirmed":0.1694619737638247,
		"fractionOfDeathsReported":0.8085563999451396,
		"fractionOfHospitalizationsReported":0.8082966375133884,
		"dateContained":"",
		"dateICUOverCapacity":"Tue 30 Jun 2020 13:37:36",
		"dateHospitalsOverCapacity":""
	},
	"summaryAug1":{
		"totalProjectedDeaths":5.119513308578867e3,
		"totalProjectedPCRConfirmed":1.0008663331356147e5,
		"totalProjectedInfected":6.706397574331035e5,
		"totalInfectedFraction":0.1163655224908421,
		"fatalityRate":7.633775438804848e-3,
		"fatalityRateSymptomatic":1.0905393484006924e-2,
		"fatalityRatePCR":5.115081943599741e-2,
		"fractionOfSymptomaticHospitalized":5.159962461397066e-2,
		"fractionOfSymptomaticHospitalizedOrICU":7.203444898606935e-2,
		"fractionOfPCRHospitalized":0.19549822585513968,
		"fractionOfPCRHospitalizedOrICU":0.27292072534605694,
		"fractionHospitalizedInICU":0.28368127555262557,
		"fractionOfDeathInICU":0.724843106031814,
		"fractionDeathOfHospitalizedOrICU":0.1709203188881564,
		"fractionOfInfectionsPCRConfirmed":0.14924053070853785,
		"fractionOfDeathsReported":0.8083234903481522,
		"fractionOfHospitalizationsReported":0.8077649843793391,
		"dateContained":"",
		"dateICUOverCapacity":"Tue 30 Jun 2020 13:37:36",
		"dateHospitalsOverCapacity":""
	}
}