{
	"distancingLevel":0.7057142857142856,
	"id":"scenario5",
	"distancingDays":595,
	"maintain":true,
	"name":"Current Indefinite",
	"gradual":false,
	"events":{
		"icu":{
			"eventName":"icu",
			"day":1.8256778878085237e2,
			"thresholdCrossed":1.4878842840725933e-4
		}
	},
	"summary":{
		"totalProjectedDeaths":1.4051148776458967e4,
		"totalProjectedPCRConfirmed":2.2144625490874768e5,
		"totalProjectedInfected":1.3068633033715836e6,
		"totalInfectedFraction":0.22675934350061494,
		"fatalityRate":1.0751812175158897e-2,
		"fatalityRateSymptomatic":1.5359731678798427e-2,
		"fatalityRatePCR":6.345173361477296e-2,
		"fractionOfSymptomaticHospitalized":6.225937769932922e-2,
		"fractionOfSymptomaticHospitalizedOrICU":8.691574794078025e-2,
		"fractionOfPCRHospitalized":0.20789082053656519,
		"fractionOfPCRHospitalizedOrICU":0.2902211172784136,
		"fractionHospitalizedInICU":0.2836812755526256,
		"fractionOfDeathInICU":0.7354122818301566,
		"fractionDeathOfHospitalizedOrICU":0.17092031888815643,
		"fractionOfInfectionsPCRConfirmed":0.16944867480587855,
		"fractionOfDeathsReported":0.8085563192000789,
		"fractionOfHospitalizationsReported":0.8082964560283247,
		"dateContained":"Wed 26 May 2021 21:43:30",
		"dateICUOverCapacity":"Tue 30 Jun 2020 13:37:36",
		"dateHospitalsOverCapacity":""
	},
	"summaryAug1":{
		"totalProjectedDeaths":5.119513308578867e3,
		"totalProjectedPCRConfirmed":1.0008663331356147e5,
		"totalProjectedInfected":6.706397574331035e5,
		"totalInfectedFraction":0.1163655224908421,
		"fatalityRate":7.633775438804848e-3,
		"fatalityRateSymptomatic":1.0905393484006924e-2,
		"fatalityRatePCR":5.115081943599741e-2,
		"fractionOfSymptomaticHospitalized":5.159962461397066e-2,
		"fractionOfSymptomaticHospitalizedOrICU":7.203444898606935e-2,
		"fractionOfPCRHospitalized":0.19549822585513968,
		"fractionOfPCRHospitalizedOrICU":0.27292072534605694,
		"fractionHospitalizedInICU":0.28368127555262557,
		"fractionOfDeathInICU":0.724843106031814,
		"fractionDeathOfHospitalizedOrICU":0.1709203188881564,
		"fractionOfInfectionsPCRConfirmed":0.14924053070853785,
		"fractionOfDeathsReported":0.8083234903481522,
		"fractionOfHospitalizationsReported":0.8077649843793391,
		"dateContained":"Wed 26 May 2021 21:43:30",
		"dateICUOverCapacity":"Tue 30 Jun 2020 13:37:36",
		"dateHospitalsOverCapacity":""
	}
}