{
	"distancingLevel":0.5685172667,
	"id":"scenario5",
	"distancingDays":611,
	"maintain":true,
	"name":"Current Indefinite",
	"gradual":false,
	"events":{},
	"summary":{
		"totalProjectedDeaths":1.2280049845579076e3,
		"totalProjectedPCRConfirmed":1.9081315569076163e4,
		"totalProjectedInfected":1.1454561832821902e5,
		"totalInfectedFraction":1.9875291582499673e-2,
		"fatalityRate":1.0720663107681536e-2,
		"fatalityRateSymptomatic":1.5315233010973622e-2,
		"fatalityRatePCR":6.4356410862365e-2,
		"fractionOfSymptomaticHospitalized":6.2168012336689976e-2,
		"fractionOfSymptomaticHospitalizedOrICU":8.678819946337624e-2,
		"fractionOfPCRHospitalized":0.20913796855652628,
		"fractionOfPCRHospitalizedOrICU":0.29196216909989614,
		"fractionHospitalizedInICU":0.2836812755526256,
		"fractionOfDeathInICU":0.7355974799976931,
		"fractionDeathOfHospitalizedOrICU":0.17092031888815643,
		"fractionOfInfectionsPCRConfirmed":0.16658267551012348,
		"fractionOfDeathsReported":0.8057733332611048,
		"fractionOfHospitalizationsReported":0.8005670220659047,
		"dateContained":"Sat 7 Nov 2020 07:51:58",
		"dateICUOverCapacity":"",
		"dateHospitalsOverCapacity":""
	},
	"summaryAug1":{
		"totalProjectedDeaths":1.1463111159927378e3,
		"totalProjectedPCRConfirmed":1.75783279854724e4,
		"totalProjectedInfected":1.101757922230693e5,
		"totalInfectedFraction":1.9117064692006094e-2,
		"fatalityRate":1.0404382785574524e-2,
		"fatalityRateSymptomatic":1.486340397939218e-2,
		"fatalityRatePCR":6.521161267101776e-2,
		"fractionOfSymptomaticHospitalized":6.124046405208361e-2,
		"fractionOfSymptomaticHospitalizedOrICU":8.549331737674372e-2,
		"fractionOfPCRHospitalized":0.2149802686380431,
		"fractionOfPCRHospitalizedOrICU":0.30011817547265157,
		"fractionHospitalizedInICU":0.2836812755526256,
		"fractionOfDeathInICU":0.7345535343549567,
		"fractionDeathOfHospitalizedOrICU":0.17092031888815643,
		"fractionOfInfectionsPCRConfirmed":0.15954800624335097,
		"fractionOfDeathsReported":0.805565487999703,
		"fractionOfHospitalizationsReported":0.8001169482062123,
		"dateContained":"Sat 7 Nov 2020 07:51:58",
		"dateICUOverCapacity":"",
		"dateHospitalsOverCapacity":""
	}
}