{
	"distancingLevel":0.6342857142857142,
	"id":"scenario5",
	"distancingDays":606,
	"maintain":true,
	"name":"Current Indefinite",
	"gradual":false,
	"events":{},
	"summary":{
		"totalProjectedDeaths":8.645409550298815e3,
		"totalProjectedPCRConfirmed":2.249404120550079e5,
		"totalProjectedInfected":8.04148063927886e5,
		"totalInfectedFraction":0.13953110978258948,
		"fatalityRate":1.0751017055329395e-2,
		"fatalityRateSymptomatic":1.5358595793327708e-2,
		"fatalityRatePCR":3.843422118469592e-2,
		"fractionOfSymptomaticHospitalized":6.225660767931003e-2,
		"fractionOfSymptomaticHospitalizedOrICU":8.69118809191254e-2,
		"fractionOfPCRHospitalized":0.12586069784569204,
		"fractionOfPCRHospitalizedOrICU":0.17570488324564051,
		"fractionHospitalizedInICU":0.28368127555262523,
		"fractionOfDeathInICU":0.7354272128785309,
		"fractionDeathOfHospitalizedOrICU":0.17092031888815631,
		"fractionOfInfectionsPCRConfirmed":0.2797251179792432,
		"fractionOfDeathsReported":0.8084197758901134,
		"fractionOfHospitalizationsReported":0.8078637264655101,
		"dateContained":"Fri 30 Jul 2021 18:44:04",
		"dateICUOverCapacity":"",
		"dateHospitalsOverCapacity":""
	},
	"summaryAug1":{
		"totalProjectedDeaths":3.182027753282997e3,
		"totalProjectedPCRConfirmed":9.364669277081321e4,
		"totalProjectedInfected":3.9023217633837176e5,
		"totalInfectedFraction":6.771082475956948e-2,
		"fatalityRate":8.154191136006808e-3,
		"fatalityRateSymptomatic":1.1648844480009728e-2,
		"fatalityRatePCR":3.397907239576043e-2,
		"fractionOfSymptomaticHospitalized":5.3449314190133816e-2,
		"fractionOfSymptomaticHospitalizedOrICU":7.461666485316139e-2,
		"fractionOfPCRHospitalized":0.1257727808690862,
		"fractionOfPCRHospitalizedOrICU":0.17558214880689793,
		"fractionHospitalizedInICU":0.28368127555262534,
		"fractionOfDeathInICU":0.7270469877323351,
		"fractionDeathOfHospitalizedOrICU":0.17092031888815631,
		"fractionOfInfectionsPCRConfirmed":0.23997686108182892,
		"fractionOfDeathsReported":0.8079562025490478,
		"fractionOfHospitalizationsReported":0.8067070542791895,
		"dateContained":"Fri 30 Jul 2021 18:44:04",
		"dateICUOverCapacity":"",
		"dateHospitalsOverCapacity":""
	}
}