{
	"distancingLevel":0.588095238095238,
	"id":"scenario5",
	"distancingDays":612,
	"maintain":true,
	"name":"Current Indefinite",
	"gradual":false,
	"events":{},
	"summary":{
		"totalProjectedDeaths":6.157256252248651e3,
		"totalProjectedPCRConfirmed":1.5396603029746012e5,
		"totalProjectedInfected":5.725695017754672e5,
		"totalInfectedFraction":9.93489403184831e-2,
		"fatalityRate":1.0753727247357328e-2,
		"fatalityRateSymptomatic":1.5362467496224753e-2,
		"fatalityRatePCR":3.99910047713312e-2,
		"fractionOfSymptomaticHospitalized":6.22646354616063e-2,
		"fractionOfSymptomaticHospitalizedOrICU":8.692308791682396e-2,
		"fractionOfPCRHospitalized":0.13090435115032173,
		"fractionOfPCRHospitalizedOrICU":0.18274595746650604,
		"fractionHospitalizedInICU":0.28368127555262573,
		"fractionOfDeathInICU":0.7354442284498071,
		"fractionDeathOfHospitalizedOrICU":0.17092031888815643,
		"fractionOfInfectionsPCRConfirmed":0.2689036524300203,
		"fractionOfDeathsReported":0.8083468935390424,
		"fractionOfHospitalizationsReported":0.80762786319437,
		"dateContained":"",
		"dateICUOverCapacity":"",
		"dateHospitalsOverCapacity":""
	},
	"summaryAug1":{
		"totalProjectedDeaths":2.682804686920273e3,
		"totalProjectedPCRConfirmed":6.97667077262671e4,
		"totalProjectedInfected":3.0556779270095855e5,
		"totalInfectedFraction":5.302035177591934e-2,
		"fatalityRate":8.779736448028663e-3,
		"fatalityRateSymptomatic":1.254248064004095e-2,
		"fatalityRatePCR":3.845393848089236e-2,
		"fractionOfSymptomaticHospitalized":5.570067208720364e-2,
		"fractionOfSymptomaticHospitalizedOrICU":7.77596203843137e-2,
		"fractionOfPCRHospitalized":0.13772209252021567,
		"fractionOfPCRHospitalizedOrICU":0.19226370583355273,
		"fractionHospitalizedInICU":0.2836812755526256,
		"fractionOfDeathInICU":0.7292874722742176,
		"fractionDeathOfHospitalizedOrICU":0.17092031888815643,
		"fractionOfInfectionsPCRConfirmed":0.22831826322266796,
		"fractionOfDeathsReported":0.8079028351757207,
		"fractionOfHospitalizationsReported":0.806465492716357,
		"dateContained":"",
		"dateICUOverCapacity":"",
		"dateHospitalsOverCapacity":""
	}
}