{
	"distancingLevel":0.11,
	"id":"scenario3",
	"distancingDays":60,
	"maintain":false,
	"name":"Wuhan",
	"gradual":false,
	"events":{
		"herd":{
			"eventName":"herd",
			"day":2.6304956605438736e2,
			"thresholdCrossed":0.700000000000001
		},
		"icu":{
			"eventName":"icu",
			"day":2.4623146224942758e2,
			"thresholdCrossed":1.2386602530038089e-4
		},
		"hospital":{
			"eventName":"hospital",
			"day":2.5067977232883837e2,
			"thresholdCrossed":1.0472207769623553e-3
		}
	},
	"summary":{
		"totalProjectedDeaths":2.321175497084954e3,
		"totalProjectedPCRConfirmed":3.1302128350670537e4,
		"totalProjectedInfected":2.97215428626104e5,
		"totalInfectedFraction":5.467017196594071e-2,
		"fatalityRate":7.809740927026317e-3,
		"fatalityRateSymptomatic":1.1156772752894737e-2,
		"fatalityRatePCR":7.415391921857066e-2,
		"fractionOfSymptomaticHospitalized":5.617133306407868e-2,
		"fractionOfSymptomaticHospitalizedOrICU":7.682735760122968e-2,
		"fractionOfPCRHospitalized":0.2889479368269972,
		"fractionOfPCRHospitalizedOrICU":0.39520348298341273,
		"fractionHospitalizedInICU":0.2688628788245657,
		"fractionOfDeathInICU":0.6663717037479725,
		"fractionDeathOfHospitalizedOrICU":0.16721571970614144,
		"fractionOfInfectionsPCRConfirmed":0.10531797926967144,
		"fractionOfDeathsReported":0.7764961022393067,
		"fractionOfHospitalizationsReported":0.7739436562277551,
		"dateContained":"Thu 11 Jun 2020 13:49:24",
		"dateICUOverCapacity":"Wed 2 Sep 2020 05:33:18",
		"dateHospitalsOverCapacity":"Sun 6 Sep 2020 16:18:52"
	},
	"summaryAug1":{
		"totalProjectedDeaths":2.321175497084954e3,
		"totalProjectedPCRConfirmed":3.1302128350670537e4,
		"totalProjectedInfected":2.97215428626104e5,
		"totalInfectedFraction":5.467017196594071e-2,
		"fatalityRate":7.809740927026317e-3,
		"fatalityRateSymptomatic":1.1156772752894737e-2,
		"fatalityRatePCR":7.415391921857066e-2,
		"fractionOfSymptomaticHospitalized":5.617133306407868e-2,
		"fractionOfSymptomaticHospitalizedOrICU":7.682735760122968e-2,
		"fractionOfPCRHospitalized":0.2889479368269972,
		"fractionOfPCRHospitalizedOrICU":0.39520348298341273,
		"fractionHospitalizedInICU":0.2688628788245657,
		"fractionOfDeathInICU":0.6663717037479725,
		"fractionDeathOfHospitalizedOrICU":0.16721571970614144,
		"fractionOfInfectionsPCRConfirmed":0.10531797926967144,
		"fractionOfDeathsReported":0.7764961022393067,
		"fractionOfHospitalizationsReported":0.7739436562277551,
		"dateContained":"Thu 11 Jun 2020 13:49:24",
		"dateICUOverCapacity":"Wed 2 Sep 2020 05:33:18",
		"dateHospitalsOverCapacity":"Sun 6 Sep 2020 16:18:52"
	}
}