{
	"distancingLevel":0.11,
	"id":"scenario3",
	"distancingDays":60,
	"maintain":false,
	"name":"Wuhan",
	"events":{
		"herd":{
			"eventName":"herd",
			"day":2.570082332314883e2,
			"thresholdCrossed":0.7000000000000005
		},
		"icu":{
			"eventName":"icu",
			"day":2.3839878628057795e2,
			"thresholdCrossed":1.7695146471482994e-4
		},
		"hospital":{
			"eventName":"hospital",
			"day":2.408748955057592e2,
			"thresholdCrossed":1.0472207769623523e-3
		}
	},
	"summary":{
		"totalProjectedDeaths":4.127632822869555e4,
		"totalProjectedPCRConfirmed":1.3545124705345526e6,
		"totalProjectedInfected":4.52604458004753e6,
		"totalInfectedFraction":0.8325262139334986,
		"fatalityRate":9.119735234305204e-3,
		"fatalityRateSymptomatic":1.3028193191864577e-2,
		"fatalityRatePCR":3.0473199122637847e-2,
		"fractionOfSymptomaticHospitalized":7.033721096179736e-2,
		"fractionOfPCRHospitalized":0.2251721981451609,
		"fractionHospitalizedInICU":0.2696475527966402,
		"fractionDeathOfHospitalized":9.884069053225662e-2,
		"fractionOfInfectionsPCRConfirmed":0.29927068692733216,
		"dateContained":"Sun 24 May 2020 00:00:00",
		"dateICUOverCapacity":"Tue 25 Aug 2020 09:34:15",
		"dateHospitalsOverCapacity":"Thu 27 Aug 2020 20:59:50"
	},
	"summaryAug1":{
		"totalProjectedDeaths":1.5012919926221805e3,
		"totalProjectedPCRConfirmed":1.815373797416821e4,
		"totalProjectedInfected":1.6779951568537802e5,
		"totalInfectedFraction":3.0865249562335387e-2,
		"fatalityRate":8.946938770890638e-3,
		"fatalityRateSymptomatic":1.2781341101272341e-2,
		"fatalityRatePCR":8.269878053536071e-2,
		"fractionOfSymptomaticHospitalized":6.929769565933513e-2,
		"fractionOfPCRHospitalized":0.24511541662949188,
		"fractionHospitalizedInICU":0.26964755279664043,
		"fractionDeathOfHospitalized":0.24641149698075385,
		"fractionOfInfectionsPCRConfirmed":0.10818707014748623,
		"dateContained":"Sun 24 May 2020 00:00:00",
		"dateICUOverCapacity":"Tue 25 Aug 2020 09:34:15",
		"dateHospitalsOverCapacity":"Thu 27 Aug 2020 20:59:50"
	}
}