{
	"distancingLevel":0.11,
	"id":"scenario3",
	"distancingDays":60,
	"maintain":false,
	"name":"Wuhan",
	"gradual":false,
	"events":{
		"herd":{
			"eventName":"herd",
			"day":2.6797382398636455e2,
			"thresholdCrossed":0.7000000000000005
		},
		"icu":{
			"eventName":"icu",
			"day":1.367574086251467e2,
			"thresholdCrossed":1.2386602530038056e-4
		},
		"hospital":{
			"eventName":"hospital",
			"day":2.5574181341439902e2,
			"thresholdCrossed":1.047220776962355e-3
		}
	},
	"summary":{
		"totalProjectedDeaths":2.8917786134249923e3,
		"totalProjectedPCRConfirmed":4.123079280094407e4,
		"totalProjectedInfected":3.669356060451818e5,
		"totalInfectedFraction":6.74945872616617e-2,
		"fatalityRate":7.88088854224989e-3,
		"fatalityRateSymptomatic":1.1258412203214127e-2,
		"fatalityRatePCR":7.01363814997702e-2,
		"fractionOfSymptomaticHospitalized":5.633800175520089e-2,
		"fractionOfSymptomaticHospitalizedOrICU":7.705531578621996e-2,
		"fractionOfPCRHospitalized":0.27188299808866895,
		"fractionOfPCRHospitalizedOrICU":0.37186321172089865,
		"fractionHospitalizedInICU":0.26886287882456544,
		"fractionOfDeathInICU":0.6668340301090947,
		"fractionDeathOfHospitalizedOrICU":0.16721571970614135,
		"fractionOfInfectionsPCRConfirmed":0.11236520011052624,
		"fractionOfDeathsReported":0.7767310398618527,
		"fractionOfHospitalizationsReported":0.7746658316157378,
		"dateContained":"Fri 19 Jun 2020 03:25:26",
		"dateICUOverCapacity":"Fri 15 May 2020 18:10:40",
		"dateHospitalsOverCapacity":"Fri 11 Sep 2020 17:48:12"
	},
	"summaryAug1":{
		"totalProjectedDeaths":2.8917786134249923e3,
		"totalProjectedPCRConfirmed":4.123079280094407e4,
		"totalProjectedInfected":3.669356060451818e5,
		"totalInfectedFraction":6.74945872616617e-2,
		"fatalityRate":7.88088854224989e-3,
		"fatalityRateSymptomatic":1.1258412203214127e-2,
		"fatalityRatePCR":7.01363814997702e-2,
		"fractionOfSymptomaticHospitalized":5.633800175520089e-2,
		"fractionOfSymptomaticHospitalizedOrICU":7.705531578621996e-2,
		"fractionOfPCRHospitalized":0.27188299808866895,
		"fractionOfPCRHospitalizedOrICU":0.37186321172089865,
		"fractionHospitalizedInICU":0.26886287882456544,
		"fractionOfDeathInICU":0.6668340301090947,
		"fractionDeathOfHospitalizedOrICU":0.16721571970614135,
		"fractionOfInfectionsPCRConfirmed":0.11236520011052624,
		"fractionOfDeathsReported":0.7767310398618527,
		"fractionOfHospitalizationsReported":0.7746658316157378,
		"dateContained":"Fri 19 Jun 2020 03:25:26",
		"dateICUOverCapacity":"Fri 15 May 2020 18:10:40",
		"dateHospitalsOverCapacity":"Fri 11 Sep 2020 17:48:12"
	}
}