{
	"distancingLevel":0.7,
	"id":"scenario8",
	"distancingDays":596,
	"maintain":false,
	"name":"relaxed restrictions",
	"gradual":false,
	"events":{
		"herd":{
			"eventName":"herd",
			"day":2.360611484383676e2,
			"thresholdCrossed":0.7000000000001118
		},
		"icu":{
			"eventName":"icu",
			"day":8.045836269499728e1,
			"thresholdCrossed":1.099239790550953e-4
		}
	},
	"summary":{
		"totalProjectedDeaths":1.0102954101841072e5,
		"totalProjectedPCRConfirmed":1.4748121251136817e6,
		"totalProjectedInfected":9.752001700109635e6,
		"totalInfectedFraction":0.49256942086481853,
		"fatalityRate":1.0359877297527022e-2,
		"fatalityRateSymptomatic":1.479982471075289e-2,
		"fatalityRatePCR":6.850332954146492e-2,
		"fractionOfSymptomaticHospitalized":6.124593107299939e-2,
		"fractionOfSymptomaticHospitalizedOrICU":8.511757410702624e-2,
		"fractionOfPCRHospitalized":0.2267867503015339,
		"fractionOfPCRHospitalizedOrICU":0.31518074241167876,
		"fractionHospitalizedInICU":0.2804549270167264,
		"fractionOfDeathInICU":0.7276688026198982,
		"fractionDeathOfHospitalizedOrICU":0.1701137317541816,
		"fractionOfInfectionsPCRConfirmed":0.15123173379851867,
		"fractionOfDeathsReported":0.8040659768663829,
		"fractionOfHospitalizationsReported":0.7999914174998938,
		"dateContained":"Wed 17 Feb 2021 04:06:03",
		"dateICUOverCapacity":"Fri 20 Mar 2020 11:00:02",
		"dateHospitalsOverCapacity":""
	},
	"summaryAug1":{
		"totalProjectedDeaths":4.920300791758751e4,
		"totalProjectedPCRConfirmed":7.868352840645453e5,
		"totalProjectedInfected":6.285518772049099e6,
		"totalInfectedFraction":0.3174788557869472,
		"fatalityRate":7.827994745061777e-3,
		"fatalityRateSymptomatic":1.118284963580254e-2,
		"fatalityRatePCR":6.253279296706185e-2,
		"fractionOfSymptomaticHospitalized":5.1841358967963616e-2,
		"fractionOfSymptomaticHospitalizedOrICU":7.204741011292937e-2,
		"fractionOfPCRHospitalized":0.2304944287505418,
		"fractionOfPCRHospitalizedOrICU":0.32033355157988813,
		"fractionHospitalizedInICU":0.2804549270167262,
		"fractionOfDeathInICU":0.720574334310727,
		"fractionDeathOfHospitalizedOrICU":0.17011373175418154,
		"fractionOfInfectionsPCRConfirmed":0.12518223437077328,
		"fractionOfDeathsReported":0.8021884771162315,
		"fractionOfHospitalizationsReported":0.7951127432783819,
		"dateContained":"Wed 17 Feb 2021 04:06:03",
		"dateICUOverCapacity":"Fri 20 Mar 2020 11:00:02",
		"dateHospitalsOverCapacity":""
	}
}