{
	"distancingLevel":0.7,
	"id":"scenario8",
	"distancingDays":606,
	"maintain":false,
	"name":"relaxed restrictions",
	"gradual":false,
	"events":{
		"herd":{
			"eventName":"herd",
			"day":2.094677464714491e2,
			"thresholdCrossed":0.7000000000000001
		},
		"icu":{
			"eventName":"icu",
			"day":8.348801659245926e1,
			"thresholdCrossed":1.3347911742399104e-4
		}
	},
	"summary":{
		"totalProjectedDeaths":9.453881770687713e4,
		"totalProjectedPCRConfirmed":1.342662248473504e6,
		"totalProjectedInfected":9.125630010715457e6,
		"totalInfectedFraction":0.46093165563683053,
		"fatalityRate":1.0359703121413886e-2,
		"fatalityRateSymptomatic":1.4799575887734123e-2,
		"fatalityRatePCR":7.041146633441131e-2,
		"fractionOfSymptomaticHospitalized":6.12455857083243e-2,
		"fractionOfSymptomaticHospitalizedOrICU":8.511709413059657e-2,
		"fractionOfPCRHospitalized":0.23362081462557868,
		"fractionOfPCRHospitalizedOrICU":0.32467849950938293,
		"fractionHospitalizedInICU":0.2804549270167261,
		"fractionOfDeathInICU":0.727599543378863,
		"fractionDeathOfHospitalizedOrICU":0.17011373175418154,
		"fractionOfInfectionsPCRConfirmed":0.1471309100738173,
		"fractionOfDeathsReported":0.8046356503198299,
		"fractionOfHospitalizationsReported":0.8017567463496186,
		"dateContained":"Thu 7 Jan 2021 04:38:20",
		"dateICUOverCapacity":"Mon 23 Mar 2020 11:42:44",
		"dateHospitalsOverCapacity":""
	},
	"summaryAug1":{
		"totalProjectedDeaths":6.970622342848283e4,
		"totalProjectedPCRConfirmed":1.1038384652624363e6,
		"totalProjectedInfected":8.08451737276754e6,
		"totalInfectedFraction":0.4083455030807575,
		"fatalityRate":8.622187350760877e-3,
		"fatalityRateSymptomatic":1.2317410501086966e-2,
		"fatalityRatePCR":6.314893494122825e-2,
		"fractionOfSymptomaticHospitalized":5.5834355790525265e-2,
		"fractionOfSymptomaticHospitalizedOrICU":7.759674534221035e-2,
		"fractionOfPCRHospitalized":0.22922529482015427,
		"fractionOfPCRHospitalizedOrICU":0.3185697511203482,
		"fractionHospitalizedInICU":0.28045492701672603,
		"fractionOfDeathInICU":0.7212102273779681,
		"fractionDeathOfHospitalizedOrICU":0.1701137317541815,
		"fractionOfInfectionsPCRConfirmed":0.13653733604193666,
		"fractionOfDeathsReported":0.804203600023133,
		"fractionOfHospitalizationsReported":0.8007822082465281,
		"dateContained":"Thu 7 Jan 2021 04:38:20",
		"dateICUOverCapacity":"Mon 23 Mar 2020 11:42:44",
		"dateHospitalsOverCapacity":""
	}
}