{
	"distancingLevel":0.7,
	"id":"scenario8",
	"distancingDays":597,
	"maintain":false,
	"name":"relaxed restrictions",
	"gradual":false,
	"events":{
		"herd":{
			"eventName":"herd",
			"day":1.8251108433138418e2,
			"thresholdCrossed":0.7000000000000001
		},
		"icu":{
			"eventName":"icu",
			"day":7.905120352307414e1,
			"thresholdCrossed":1.0992397905509531e-4
		},
		"hospital":{
			"eventName":"hospital",
			"day":1.56296575742844e2,
			"thresholdCrossed":8.571121135744677e-4
		}
	},
	"summary":{
		"totalProjectedDeaths":1.159454354188361e5,
		"totalProjectedPCRConfirmed":1.6672469132183725e6,
		"totalProjectedInfected":1.1189652653254261e7,
		"totalInfectedFraction":0.5651845535496541,
		"fatalityRate":1.0361844018912951e-2,
		"fatalityRateSymptomatic":1.4802634312732788e-2,
		"fatalityRatePCR":6.954304998233325e-2,
		"fractionOfSymptomaticHospitalized":6.1250928307672474e-2,
		"fractionOfSymptomaticHospitalizedOrICU":8.512451909888384e-2,
		"fractionOfPCRHospitalized":0.23005618134390649,
		"fractionOfPCRHospitalizedOrICU":0.3197244897947544,
		"fractionHospitalizedInICU":0.28045492701672614,
		"fractionOfDeathInICU":0.7276971475134117,
		"fractionDeathOfHospitalizedOrICU":0.1701137317541815,
		"fractionOfInfectionsPCRConfirmed":0.14899898726825006,
		"fractionOfDeathsReported":0.8037739097206654,
		"fractionOfHospitalizationsReported":0.7994779830194992,
		"dateContained":"",
		"dateICUOverCapacity":"Thu 19 Mar 2020 01:13:43",
		"dateHospitalsOverCapacity":"Thu 4 Jun 2020 07:07:04"
	},
	"summaryAug1":{
		"totalProjectedDeaths":9.587997431665863e4,
		"totalProjectedPCRConfirmed":1.518173466936766e6,
		"totalProjectedInfected":1.061564932404287e7,
		"totalInfectedFraction":0.5361918917209596,
		"fatalityRate":9.03194627006986e-3,
		"fatalityRateSymptomatic":1.2902780385814083e-2,
		"fatalityRatePCR":6.31548215041043e-2,
		"fractionOfSymptomaticHospitalized":5.7544716467923696e-2,
		"fractionOfSymptomaticHospitalizedOrICU":7.997374817583022e-2,
		"fractionOfPCRHospitalized":0.22496394208228304,
		"fractionOfPCRHospitalizedOrICU":0.31264746369476204,
		"fractionHospitalizedInICU":0.2804549270167264,
		"fractionOfDeathInICU":0.7221779074958958,
		"fractionDeathOfHospitalizedOrICU":0.1701137317541816,
		"fractionOfInfectionsPCRConfirmed":0.14301277487551592,
		"fractionOfDeathsReported":0.803339759520742,
		"fractionOfHospitalizationsReported":0.7987010445062371,
		"dateContained":"",
		"dateICUOverCapacity":"Thu 19 Mar 2020 01:13:43",
		"dateHospitalsOverCapacity":"Thu 4 Jun 2020 07:07:04"
	}
}