{
	"distancingLevel":0.11,
	"id":"scenario3",
	"distancingDays":60,
	"maintain":false,
	"name":"Wuhan",
	"gradual":false,
	"events":{
		"herd":{
			"eventName":"herd",
			"day":2.595622450826631e2,
			"thresholdCrossed":0.7000000000000006
		},
		"icu":{
			"eventName":"icu",
			"day":1.2870384044282676e2,
			"thresholdCrossed":1.4609264828649202e-4
		},
		"hospital":{
			"eventName":"hospital",
			"day":2.4847447112748083e2,
			"thresholdCrossed":1.4054736240556897e-3
		}
	},
	"summary":{
		"totalProjectedDeaths":7.108775077868418e3,
		"totalProjectedPCRConfirmed":7.70747593049179e4,
		"totalProjectedInfected":7.201983467088593e5,
		"totalInfectedFraction":6.203389172940924e-2,
		"fatalityRate":9.870579556803876e-3,
		"fatalityRateSymptomatic":1.4100827938291252e-2,
		"fatalityRatePCR":9.223220600333201e-2,
		"fractionOfSymptomaticHospitalized":6.101417629991871e-2,
		"fractionOfSymptomaticHospitalizedOrICU":8.54633265954885e-2,
		"fractionOfPCRHospitalized":0.32233485788355787,
		"fractionOfPCRHospitalizedOrICU":0.4514985025283309,
		"fractionHospitalizedInICU":0.2860776811472774,
		"fractionOfDeathInICU":0.7355470711015465,
		"fractionDeathOfHospitalizedOrICU":0.17151942028681932,
		"fractionOfInfectionsPCRConfirmed":0.10701879510989132,
		"fractionOfDeathsReported":0.8082471781285238,
		"fractionOfHospitalizationsReported":0.807678528980588,
		"dateContained":"Wed 10 Jun 2020 05:17:34",
		"dateICUOverCapacity":"Thu 7 May 2020 16:53:31",
		"dateHospitalsOverCapacity":"Fri 4 Sep 2020 11:23:14"
	},
	"summaryAug1":{
		"totalProjectedDeaths":7.108775077868418e3,
		"totalProjectedPCRConfirmed":7.70747593049179e4,
		"totalProjectedInfected":7.201983467088593e5,
		"totalInfectedFraction":6.203389172940924e-2,
		"fatalityRate":9.870579556803876e-3,
		"fatalityRateSymptomatic":1.4100827938291252e-2,
		"fatalityRatePCR":9.223220600333201e-2,
		"fractionOfSymptomaticHospitalized":6.101417629991871e-2,
		"fractionOfSymptomaticHospitalizedOrICU":8.54633265954885e-2,
		"fractionOfPCRHospitalized":0.32233485788355787,
		"fractionOfPCRHospitalizedOrICU":0.4514985025283309,
		"fractionHospitalizedInICU":0.2860776811472774,
		"fractionOfDeathInICU":0.7355470711015465,
		"fractionDeathOfHospitalizedOrICU":0.17151942028681932,
		"fractionOfInfectionsPCRConfirmed":0.10701879510989132,
		"fractionOfDeathsReported":0.8082471781285238,
		"fractionOfHospitalizationsReported":0.807678528980588,
		"dateContained":"Wed 10 Jun 2020 05:17:34",
		"dateICUOverCapacity":"Thu 7 May 2020 16:53:31",
		"dateHospitalsOverCapacity":"Fri 4 Sep 2020 11:23:14"
	}
}