{
	"distancingLevel":0.11,
	"id":"scenario3",
	"distancingDays":60,
	"maintain":false,
	"name":"Wuhan",
	"gradual":false,
	"events":{
		"herd":{
			"eventName":"herd",
			"day":2.6842929688075606e2,
			"thresholdCrossed":0.7000000000000001
		},
		"icu":{
			"eventName":"icu",
			"day":2.4389217064051203e2,
			"thresholdCrossed":2.0870378325306342e-4
		},
		"hospital":{
			"eventName":"hospital",
			"day":2.4905126257352927e2,
			"thresholdCrossed":1.4054736240556914e-3
		}
	},
	"summary":{
		"totalProjectedDeaths":3.315210101870462e3,
		"totalProjectedPCRConfirmed":3.9820781604537544e4,
		"totalProjectedInfected":2.7933218155803723e5,
		"totalInfectedFraction":2.406012508428577e-2,
		"fatalityRate":1.1868342857522331e-2,
		"fatalityRateSymptomatic":1.6954775510746187e-2,
		"fatalityRatePCR":8.325326546309421e-2,
		"fractionOfSymptomaticHospitalized":7.569167412067028e-2,
		"fractionOfSymptomaticHospitalizedOrICU":0.10614348422197879,
		"fractionOfPCRHospitalized":0.29914848409751094,
		"fractionOfPCRHospitalizedOrICU":0.41950006748710345,
		"fractionHospitalizedInICU":0.2868928820691845,
		"fractionOfDeathInICU":0.8738419925479078,
		"fractionDeathOfHospitalizedOrICU":0.1646746510828309,
		"fractionOfInfectionsPCRConfirmed":0.14255708519665833,
		"fractionOfDeathsReported":0.8072270873423824,
		"fractionOfHospitalizationsReported":0.8048768984618299,
		"dateContained":"Thu 28 May 2020 23:46:39",
		"dateICUOverCapacity":"Sun 30 Aug 2020 21:24:43",
		"dateHospitalsOverCapacity":"Sat 5 Sep 2020 01:13:49"
	},
	"summaryAug1":{
		"totalProjectedDeaths":3.315210101870462e3,
		"totalProjectedPCRConfirmed":3.9820781604537544e4,
		"totalProjectedInfected":2.7933218155803723e5,
		"totalInfectedFraction":2.406012508428577e-2,
		"fatalityRate":1.1868342857522331e-2,
		"fatalityRateSymptomatic":1.6954775510746187e-2,
		"fatalityRatePCR":8.325326546309421e-2,
		"fractionOfSymptomaticHospitalized":7.569167412067028e-2,
		"fractionOfSymptomaticHospitalizedOrICU":0.10614348422197879,
		"fractionOfPCRHospitalized":0.29914848409751094,
		"fractionOfPCRHospitalizedOrICU":0.41950006748710345,
		"fractionHospitalizedInICU":0.2868928820691845,
		"fractionOfDeathInICU":0.8738419925479078,
		"fractionDeathOfHospitalizedOrICU":0.1646746510828309,
		"fractionOfInfectionsPCRConfirmed":0.14255708519665833,
		"fractionOfDeathsReported":0.8072270873423824,
		"fractionOfHospitalizationsReported":0.8048768984618299,
		"dateContained":"Thu 28 May 2020 23:46:39",
		"dateICUOverCapacity":"Sun 30 Aug 2020 21:24:43",
		"dateHospitalsOverCapacity":"Sat 5 Sep 2020 01:13:49"
	}
}