{
	"distancingLevel":0.11,
	"id":"scenario3",
	"distancingDays":60,
	"maintain":false,
	"name":"Wuhan",
	"gradual":false,
	"events":{},
	"summary":{
		"totalProjectedDeaths":1.0529691690565995e5,
		"totalProjectedPCRConfirmed":1.6478390036346002e6,
		"totalProjectedInfected":9.624382876790626e6,
		"totalInfectedFraction":0.8289909690428141,
		"fatalityRate":1.0940640896528065e-2,
		"fatalityRateSymptomatic":1.5629486995040097e-2,
		"fatalityRatePCR":6.390000277539795e-2,
		"fractionOfSymptomaticHospitalized":6.250265262020781e-2,
		"fractionOfSymptomaticHospitalizedOrICU":8.754825415830947e-2,
		"fractionOfPCRHospitalized":0.2065767602292218,
		"fractionOfPCRHospitalizedOrICU":0.28935467455505787,
		"fractionHospitalizedInICU":0.2860776811472774,
		"fractionOfDeathInICU":0.7422451714254422,
		"fractionDeathOfHospitalizedOrICU":0.17151942028681932,
		"fractionOfInfectionsPCRConfirmed":0.1712150300678908,
		"fractionOfDeathsReported":0.8084675469568656,
		"fractionOfHospitalizationsReported":0.8084010319390709,
		"dateContained":"",
		"dateICUOverCapacity":"",
		"dateHospitalsOverCapacity":""
	},
	"summaryAug1":{
		"totalProjectedDeaths":6.242495135815078e3,
		"totalProjectedPCRConfirmed":6.555953633410648e4,
		"totalProjectedInfected":5.712986515794641e5,
		"totalInfectedFraction":4.920849771342861e-2,
		"fatalityRate":1.0926850813591998e-2,
		"fatalityRateSymptomatic":1.5609786876559997e-2,
		"fatalityRatePCR":9.521872003489906e-2,
		"fractionOfSymptomaticHospitalized":6.246320266368431e-2,
		"fractionOfSymptomaticHospitalizedOrICU":8.74929961064434e-2,
		"fractionOfPCRHospitalized":0.3074571499970447,
		"fractionOfPCRHospitalizedOrICU":0.43065910937079277,
		"fractionHospitalizedInICU":0.2860776811472772,
		"fractionOfDeathInICU":0.7422286283695718,
		"fractionDeathOfHospitalizedOrICU":0.1715194202868193,
		"fractionOfInfectionsPCRConfirmed":0.1147552793146888,
		"fractionOfDeathsReported":0.8080493409354711,
		"fractionOfHospitalizationsReported":0.8069283678944982,
		"dateContained":"",
		"dateICUOverCapacity":"",
		"dateHospitalsOverCapacity":""
	}
}