{
	"distancingLevel":0.11,
	"id":"scenario3",
	"distancingDays":60,
	"maintain":false,
	"name":"Wuhan",
	"events":{
		"herd":{
			"eventName":"herd",
			"day":2.435760900307972e2,
			"thresholdCrossed":0.6999999999999996
		},
		"icu":{
			"eventName":"icu",
			"day":2.255441958114014e2,
			"thresholdCrossed":2.0870378326641792e-4
		},
		"hospital":{
			"eventName":"hospital",
			"day":2.2896474910978802e2,
			"thresholdCrossed":1.4054736240556923e-3
		}
	},
	"summary":{
		"totalProjectedDeaths":1.2272823057290855e5,
		"totalProjectedPCRConfirmed":3.162220446152852e6,
		"totalProjectedInfected":9.811675518356707e6,
		"totalInfectedFraction":0.8451233185569711,
		"fatalityRate":1.25083865995462e-2,
		"fatalityRateSymptomatic":1.786912371363743e-2,
		"fatalityRatePCR":3.881077637146371e-2,
		"fractionOfSymptomaticHospitalized":7.696222151133184e-2,
		"fractionOfPCRHospitalized":0.2389790254247058,
		"fractionHospitalizedInICU":0.28689288206918434,
		"fractionDeathOfHospitalized":0.11581033454181412,
		"fractionOfInfectionsPCRConfirmed":0.32229158416792725,
		"dateContained":"Mon 1 Jun 2020 00:00:00",
		"dateICUOverCapacity":"Wed 12 Aug 2020 13:03:38",
		"dateHospitalsOverCapacity":"Sat 15 Aug 2020 23:09:14"
	},
	"summaryAug1":{
		"totalProjectedDeaths":3.811265874608273e3,
		"totalProjectedPCRConfirmed":4.950474854854199e4,
		"totalProjectedInfected":3.8753422951145587e5,
		"totalInfectedFraction":3.338004946111321e-2,
		"fatalityRate":9.834656100992514e-3,
		"fatalityRateSymptomatic":1.4049508715703594e-2,
		"fatalityRatePCR":7.698788472526283e-2,
		"fractionOfSymptomaticHospitalized":6.33455206469069e-2,
		"fractionOfPCRHospitalized":0.23170341169308692,
		"fractionHospitalizedInICU":0.28689288206918473,
		"fractionDeathOfHospitalized":0.23694346229456073,
		"fractionOfInfectionsPCRConfirmed":0.12774290573235306,
		"dateContained":"Mon 1 Jun 2020 00:00:00",
		"dateICUOverCapacity":"Wed 12 Aug 2020 13:03:38",
		"dateHospitalsOverCapacity":"Sat 15 Aug 2020 23:09:14"
	}
}