{
	"distancingLevel":0.11,
	"id":"scenario3",
	"distancingDays":60,
	"maintain":false,
	"name":"Wuhan",
	"gradual":false,
	"events":{
		"herd":{
			"eventName":"herd",
			"day":2.4634183868155537e2,
			"thresholdCrossed":0.7000000000000002
		},
		"icu":{
			"eventName":"icu",
			"day":2.2828293402729264e2,
			"thresholdCrossed":2.087037832664185e-4
		},
		"hospital":{
			"eventName":"hospital",
			"day":2.3182092375212738e2,
			"thresholdCrossed":1.4054736240556888e-3
		}
	},
	"summary":{
		"totalProjectedDeaths":1.4177728338344683e5,
		"totalProjectedPCRConfirmed":3.208415951524848e6,
		"totalProjectedInfected":9.326169785079166e6,
		"totalInfectedFraction":0.8033045470618992,
		"fatalityRate":1.5202091174693675e-2,
		"fatalityRateSymptomatic":2.1717273106705254e-2,
		"fatalityRatePCR":4.4189184172353034e-2,
		"fractionOfSymptomaticHospitalized":7.696222151147274e-2,
		"fractionOfSymptomaticHospitalizedOrICU":0.10792519044654877,
		"fractionOfPCRHospitalized":0.19719495412216273,
		"fractionOfPCRHospitalizedOrICU":0.2765292186317713,
		"fractionHospitalizedInICU":0.28689288206918495,
		"fractionOfDeathInICU":0.6101792188408875,
		"fractionDeathOfHospitalizedOrICU":0.15979933111949277,
		"fractionOfInfectionsPCRConfirmed":0.3440228974447748,
		"dateContained":"Sun 7 Jun 2020 00:00:00",
		"dateICUOverCapacity":"Sat 15 Aug 2020 06:47:25",
		"dateHospitalsOverCapacity":"Tue 18 Aug 2020 19:42:07"
	},
	"summaryAug1":{
		"totalProjectedDeaths":3.3157697368318127e3,
		"totalProjectedPCRConfirmed":4.304413418642161e4,
		"totalProjectedInfected":2.756933217812513e5,
		"totalInfectedFraction":2.374669388239092e-2,
		"fatalityRate":1.2027022328319974e-2,
		"fatalityRateSymptomatic":1.7181460469028534e-2,
		"fatalityRatePCR":7.703186042658935e-2,
		"fractionOfSymptomaticHospitalized":6.316178620020962e-2,
		"fractionOfSymptomaticHospitalizedOrICU":8.857264864145908e-2,
		"fractionOfPCRHospitalized":0.19566132961185354,
		"fractionOfPCRHospitalizedOrICU":0.274378595714475,
		"fractionHospitalizedInICU":0.2868928820691849,
		"fractionOfDeathInICU":0.6096847020086839,
		"fractionDeathOfHospitalizedOrICU":0.28075025395476033,
		"fractionOfInfectionsPCRConfirmed":0.15613049278203028,
		"dateContained":"Sun 7 Jun 2020 00:00:00",
		"dateICUOverCapacity":"Sat 15 Aug 2020 06:47:25",
		"dateHospitalsOverCapacity":"Tue 18 Aug 2020 19:42:07"
	}
}