{
	"distancingLevel":0.11,
	"id":"scenario3",
	"distancingDays":60,
	"maintain":false,
	"name":"Wuhan",
	"gradual":false,
	"events":{},
	"summary":{
		"totalProjectedDeaths":1.2278767403507954e5,
		"totalProjectedPCRConfirmed":3.185721584448014e6,
		"totalProjectedInfected":9.816427776317624e6,
		"totalInfectedFraction":0.8455326517041034,
		"fatalityRate":1.2508386638498768e-2,
		"fatalityRateSymptomatic":1.7869123769283953e-2,
		"fatalityRatePCR":3.854312775934399e-2,
		"fractionOfSymptomaticHospitalized":7.696222138146856e-2,
		"fractionOfPCRHospitalized":0.23885688121104687,
		"fractionHospitalizedInICU":0.2868928820691845,
		"fractionDeathOfHospitalized":0.11507049163980221,
		"fractionOfInfectionsPCRConfirmed":0.32452962086000836,
		"dateContained":"Sun 31 May 2020 00:00:00",
		"dateICUOverCapacity":"",
		"dateHospitalsOverCapacity":""
	},
	"summaryAug1":{
		"totalProjectedDeaths":2.7083820522380224e3,
		"totalProjectedPCRConfirmed":3.522418299284274e4,
		"totalProjectedInfected":2.4422954852307893e5,
		"totalInfectedFraction":2.1036578936118808e-2,
		"fatalityRate":1.1089493751334879e-2,
		"fatalityRateSymptomatic":1.58421339304784e-2,
		"fatalityRatePCR":7.68898473184841e-2,
		"fractionOfSymptomaticHospitalized":6.975322583944397e-2,
		"fractionOfPCRHospitalized":0.2460736433099566,
		"fractionHospitalizedInICU":0.2868928820691843,
		"fractionDeathOfHospitalized":0.22282230913434065,
		"fractionOfInfectionsPCRConfirmed":0.14422572209567902,
		"dateContained":"Sun 31 May 2020 00:00:00",
		"dateICUOverCapacity":"",
		"dateHospitalsOverCapacity":""
	}
}