{
	"distancingLevel":0.11,
	"id":"scenario3",
	"distancingDays":60,
	"maintain":false,
	"name":"Wuhan",
	"gradual":false,
	"events":{},
	"summary":{
		"totalProjectedDeaths":9.379428053066441e4,
		"totalProjectedPCRConfirmed":1.4758349197049406e6,
		"totalProjectedInfected":8.573015183072936e6,
		"totalInfectedFraction":0.7384319862599125,
		"fatalityRate":1.0940640897948875e-2,
		"fatalityRateSymptomatic":1.5629486997069817e-2,
		"fatalityRatePCR":6.355336852269117e-2,
		"fractionOfSymptomaticHospitalized":6.250265262120282e-2,
		"fractionOfSymptomaticHospitalizedOrICU":8.754825415970315e-2,
		"fractionOfPCRHospitalized":0.20544599540328168,
		"fractionOfPCRHospitalizedOrICU":0.28777079799583044,
		"fractionHospitalizedInICU":0.28607768114727705,
		"fractionOfDeathInICU":0.742246688552078,
		"fractionDeathOfHospitalizedOrICU":0.17151942028681927,
		"fractionOfInfectionsPCRConfirmed":0.17214887506777263,
		"fractionOfDeathsReported":0.8084564894078902,
		"fractionOfHospitalizationsReported":0.8083610514945924,
		"dateContained":"",
		"dateICUOverCapacity":"",
		"dateHospitalsOverCapacity":""
	},
	"summaryAug1":{
		"totalProjectedDeaths":4.330912433457307e3,
		"totalProjectedPCRConfirmed":4.6735088436607715e4,
		"totalProjectedInfected":3.961747659139632e5,
		"totalInfectedFraction":3.412429735077664e-2,
		"fatalityRate":1.0931823038920773e-2,
		"fatalityRateSymptomatic":1.5616890055601105e-2,
		"fatalityRatePCR":9.266939634300321e-2,
		"fractionOfSymptomaticHospitalized":6.249536724335517e-2,
		"fractionOfSymptomaticHospitalizedOrICU":8.753804943902803e-2,
		"fractionOfPCRHospitalized":0.29875773924584204,
		"fractionOfPCRHospitalizedOrICU":0.41847373496593787,
		"fractionHospitalizedInICU":0.2860776811472774,
		"fractionOfDeathInICU":0.7422659347154738,
		"fractionDeathOfHospitalizedOrICU":0.17151942028681932,
		"fractionOfInfectionsPCRConfirmed":0.11796583845715483,
		"fractionOfDeathsReported":0.8076836463391114,
		"fractionOfHospitalizationsReported":0.8056187376135248,
		"dateContained":"",
		"dateICUOverCapacity":"",
		"dateHospitalsOverCapacity":""
	}
}