{
	"distancingLevel":0.11,
	"id":"scenario3",
	"distancingDays":60,
	"maintain":false,
	"name":"Wuhan",
	"gradual":false,
	"events":{
		"herd":{
			"eventName":"herd",
			"day":2.6510728625346e2,
			"thresholdCrossed":0.6999999999999995
		},
		"icu":{
			"eventName":"icu",
			"day":2.4828795150345957e2,
			"thresholdCrossed":1.4609264828648427e-4
		},
		"hospital":{
			"eventName":"hospital",
			"day":2.535889737687507e2,
			"thresholdCrossed":1.4054736240556845e-3
		}
	},
	"summary":{
		"totalProjectedDeaths":3.614935018546331e3,
		"totalProjectedPCRConfirmed":4.091048894198543e4,
		"totalProjectedInfected":3.965260652654903e5,
		"totalInfectedFraction":3.4154556328788506e-2,
		"fatalityRate":9.116512974061327e-3,
		"fatalityRateSymptomatic":1.3023589962944754e-2,
		"fatalityRatePCR":8.836205853400132e-2,
		"fractionOfSymptomaticHospitalized":5.929070768187159e-2,
		"fractionOfSymptomaticHospitalizedOrICU":8.304924235616014e-2,
		"fractionOfPCRHospitalized":0.3243474540789692,
		"fractionOfPCRHospitalizedOrICU":0.45431757141336826,
		"fractionHospitalizedInICU":0.2860776811472773,
		"fractionOfDeathInICU":0.7320185413106487,
		"fractionDeathOfHospitalizedOrICU":0.17151942028681932,
		"fractionOfInfectionsPCRConfirmed":0.10317225656929815,
		"fractionOfDeathsReported":0.8077751964974857,
		"fractionOfHospitalizationsReported":0.8062853127336496,
		"dateContained":"Sun 31 May 2020 20:09:08",
		"dateICUOverCapacity":"Fri 4 Sep 2020 06:54:39",
		"dateHospitalsOverCapacity":"Wed 9 Sep 2020 14:08:07"
	},
	"summaryAug1":{
		"totalProjectedDeaths":3.614935018546331e3,
		"totalProjectedPCRConfirmed":4.091048894198543e4,
		"totalProjectedInfected":3.965260652654903e5,
		"totalInfectedFraction":3.4154556328788506e-2,
		"fatalityRate":9.116512974061327e-3,
		"fatalityRateSymptomatic":1.3023589962944754e-2,
		"fatalityRatePCR":8.836205853400132e-2,
		"fractionOfSymptomaticHospitalized":5.929070768187159e-2,
		"fractionOfSymptomaticHospitalizedOrICU":8.304924235616014e-2,
		"fractionOfPCRHospitalized":0.3243474540789692,
		"fractionOfPCRHospitalizedOrICU":0.45431757141336826,
		"fractionHospitalizedInICU":0.2860776811472773,
		"fractionOfDeathInICU":0.7320185413106487,
		"fractionDeathOfHospitalizedOrICU":0.17151942028681932,
		"fractionOfInfectionsPCRConfirmed":0.10317225656929815,
		"fractionOfDeathsReported":0.8077751964974857,
		"fractionOfHospitalizationsReported":0.8062853127336496,
		"dateContained":"Sun 31 May 2020 20:09:08",
		"dateICUOverCapacity":"Fri 4 Sep 2020 06:54:39",
		"dateHospitalsOverCapacity":"Wed 9 Sep 2020 14:08:07"
	}
}