{
	"distancingLevel":0.11,
	"id":"scenario3",
	"distancingDays":60,
	"maintain":false,
	"name":"Wuhan",
	"gradual":false,
	"events":{
		"herd":{
			"eventName":"herd",
			"day":2.575881821170254e2,
			"thresholdCrossed":0.7000000000000667
		},
		"icu":{
			"eventName":"icu",
			"day":2.3587111346663875e2,
			"thresholdCrossed":2.0870378326640792e-4
		},
		"hospital":{
			"eventName":"hospital",
			"day":2.4023748869390647e2,
			"thresholdCrossed":1.4054736240556908e-3
		}
	},
	"summary":{
		"totalProjectedDeaths":6.349468230666017e3,
		"totalProjectedPCRConfirmed":7.014884782768824e4,
		"totalProjectedInfected":5.012036781259306e5,
		"totalInfectedFraction":4.3170905411442806e-2,
		"fatalityRate":1.2668439015466828e-2,
		"fatalityRateSymptomatic":1.809777002209547e-2,
		"fatalityRatePCR":9.05142197953512e-2,
		"fractionOfSymptomaticHospitalized":7.599306578397841e-2,
		"fractionOfSymptomaticHospitalizedOrICU":0.10656612993077871,
		"fractionOfPCRHospitalized":0.3067752186496963,
		"fractionOfPCRHospitalizedOrICU":0.43019514310816237,
		"fractionHospitalizedInICU":0.28689288206918473,
		"fractionOfDeathInICU":0.7370781529804148,
		"fractionDeathOfHospitalizedOrICU":0.1717232205172962,
		"fractionOfInfectionsPCRConfirmed":0.13996076024418735,
		"fractionOfDeathsReported":0.808080113685954,
		"fractionOfHospitalizationsReported":0.8071505769889524,
		"dateContained":"Mon 8 Jun 2020 22:44:45",
		"dateICUOverCapacity":"Sat 22 Aug 2020 20:54:24",
		"dateHospitalsOverCapacity":"Thu 27 Aug 2020 05:41:59"
	},
	"summaryAug1":{
		"totalProjectedDeaths":6.349468230666017e3,
		"totalProjectedPCRConfirmed":7.014884782768824e4,
		"totalProjectedInfected":5.012036781259306e5,
		"totalInfectedFraction":4.3170905411442806e-2,
		"fatalityRate":1.2668439015466828e-2,
		"fatalityRateSymptomatic":1.809777002209547e-2,
		"fatalityRatePCR":9.05142197953512e-2,
		"fractionOfSymptomaticHospitalized":7.599306578397841e-2,
		"fractionOfSymptomaticHospitalizedOrICU":0.10656612993077871,
		"fractionOfPCRHospitalized":0.3067752186496963,
		"fractionOfPCRHospitalizedOrICU":0.43019514310816237,
		"fractionHospitalizedInICU":0.28689288206918473,
		"fractionOfDeathInICU":0.7370781529804148,
		"fractionDeathOfHospitalizedOrICU":0.1717232205172962,
		"fractionOfInfectionsPCRConfirmed":0.13996076024418735,
		"fractionOfDeathsReported":0.808080113685954,
		"fractionOfHospitalizationsReported":0.8071505769889524,
		"dateContained":"Mon 8 Jun 2020 22:44:45",
		"dateICUOverCapacity":"Sat 22 Aug 2020 20:54:24",
		"dateHospitalsOverCapacity":"Thu 27 Aug 2020 05:41:59"
	}
}