{
	"distancingLevel":0.2,
	"id":"scenario2",
	"distancingDays":90,
	"maintain":false,
	"name":"Italy",
	"gradual":false,
	"events":{
		"herd":{
			"eventName":"herd",
			"day":3.03003347370186e2,
			"thresholdCrossed":0.7000000000000058
		},
		"icu":{
			"eventName":"icu",
			"day":2.81574892444536e2,
			"thresholdCrossed":1.4609264828649337e-4
		},
		"hospital":{
			"eventName":"hospital",
			"day":2.8816318519135194e2,
			"thresholdCrossed":1.4054736240556853e-3
		}
	},
	"summary":{
		"totalProjectedDeaths":3.304140165868784e3,
		"totalProjectedPCRConfirmed":4.169836437844792e4,
		"totalProjectedInfected":3.1967346079853096e5,
		"totalInfectedFraction":2.7534899165712952e-2,
		"fatalityRate":1.0335985219464825e-2,
		"fatalityRateSymptomatic":1.4765693170664037e-2,
		"fatalityRatePCR":7.923908323791595e-2,
		"fractionOfSymptomaticHospitalized":6.1711756383595245e-2,
		"fractionOfSymptomaticHospitalizedOrICU":8.644043582047747e-2,
		"fractionOfPCRHospitalized":0.2667169787978408,
		"fractionOfPCRHospitalizedOrICU":0.3735938375290698,
		"fractionHospitalizedInICU":0.28607768114727716,
		"fractionOfDeathInICU":0.7384545846154024,
		"fractionDeathOfHospitalizedOrICU":0.1715194202868193,
		"fractionOfInfectionsPCRConfirmed":0.13044049472948788,
		"fractionOfDeathsReported":0.8074845552344451,
		"fractionOfHospitalizationsReported":0.8053731621686141,
		"dateContained":"Sat 6 Jun 2020 14:40:58",
		"dateICUOverCapacity":"Wed 7 Oct 2020 13:47:50",
		"dateHospitalsOverCapacity":"Wed 14 Oct 2020 03:54:59"
	},
	"summaryAug1":{
		"totalProjectedDeaths":3.304140165868784e3,
		"totalProjectedPCRConfirmed":4.169836437844792e4,
		"totalProjectedInfected":3.1967346079853096e5,
		"totalInfectedFraction":2.7534899165712952e-2,
		"fatalityRate":1.0335985219464825e-2,
		"fatalityRateSymptomatic":1.4765693170664037e-2,
		"fatalityRatePCR":7.923908323791595e-2,
		"fractionOfSymptomaticHospitalized":6.1711756383595245e-2,
		"fractionOfSymptomaticHospitalizedOrICU":8.644043582047747e-2,
		"fractionOfPCRHospitalized":0.2667169787978408,
		"fractionOfPCRHospitalizedOrICU":0.3735938375290698,
		"fractionHospitalizedInICU":0.28607768114727716,
		"fractionOfDeathInICU":0.7384545846154024,
		"fractionDeathOfHospitalizedOrICU":0.1715194202868193,
		"fractionOfInfectionsPCRConfirmed":0.13044049472948788,
		"fractionOfDeathsReported":0.8074845552344451,
		"fractionOfHospitalizationsReported":0.8053731621686141,
		"dateContained":"Sat 6 Jun 2020 14:40:58",
		"dateICUOverCapacity":"Wed 7 Oct 2020 13:47:50",
		"dateHospitalsOverCapacity":"Wed 14 Oct 2020 03:54:59"
	}
}