{
	"distancingLevel":0.2,
	"id":"scenario2",
	"distancingDays":90,
	"maintain":false,
	"name":"Italy",
	"gradual":false,
	"events":{
		"herd":{
			"eventName":"herd",
			"day":3.0755790544357296e2,
			"thresholdCrossed":0.7000000000000012
		},
		"icu":{
			"eventName":"icu",
			"day":1.3669601247168086e2,
			"thresholdCrossed":1.4609264828649286e-4
		},
		"hospital":{
			"eventName":"hospital",
			"day":2.9634971875196266e2,
			"thresholdCrossed":1.405473624043021e-3
		}
	},
	"summary":{
		"totalProjectedDeaths":6.122780368407428e3,
		"totalProjectedPCRConfirmed":6.888970888906396e4,
		"totalProjectedInfected":5.95307869775685e5,
		"totalInfectedFraction":5.127651862585958e-2,
		"fatalityRate":1.0285065390979162e-2,
		"fatalityRateSymptomatic":1.469295055854166e-2,
		"fatalityRatePCR":8.88780119287077e-2,
		"fractionOfSymptomaticHospitalized":6.165051734178738e-2,
		"fractionOfSymptomaticHospitalizedOrICU":8.63546575219278e-2,
		"fractionOfPCRHospitalized":0.30094029713506176,
		"fractionOfPCRHospitalizedOrICU":0.4215308713400004,
		"fractionHospitalizedInICU":0.28607768114727766,
		"fractionOfDeathInICU":0.738083767110162,
		"fractionDeathOfHospitalizedOrICU":0.1715194202868194,
		"fractionOfInfectionsPCRConfirmed":0.11572114595935368,
		"fractionOfDeathsReported":0.8080406487073652,
		"fractionOfHospitalizationsReported":0.8069717023216259,
		"dateContained":"Wed 17 Jun 2020 20:01:16",
		"dateICUOverCapacity":"Fri 15 May 2020 16:42:15",
		"dateHospitalsOverCapacity":"Thu 22 Oct 2020 08:23:35"
	},
	"summaryAug1":{
		"totalProjectedDeaths":6.122780368407428e3,
		"totalProjectedPCRConfirmed":6.888970888906396e4,
		"totalProjectedInfected":5.95307869775685e5,
		"totalInfectedFraction":5.127651862585958e-2,
		"fatalityRate":1.0285065390979162e-2,
		"fatalityRateSymptomatic":1.469295055854166e-2,
		"fatalityRatePCR":8.88780119287077e-2,
		"fractionOfSymptomaticHospitalized":6.165051734178738e-2,
		"fractionOfSymptomaticHospitalizedOrICU":8.63546575219278e-2,
		"fractionOfPCRHospitalized":0.30094029713506176,
		"fractionOfPCRHospitalizedOrICU":0.4215308713400004,
		"fractionHospitalizedInICU":0.28607768114727766,
		"fractionOfDeathInICU":0.738083767110162,
		"fractionDeathOfHospitalizedOrICU":0.1715194202868194,
		"fractionOfInfectionsPCRConfirmed":0.11572114595935368,
		"fractionOfDeathsReported":0.8080406487073652,
		"fractionOfHospitalizationsReported":0.8069717023216259,
		"dateContained":"Wed 17 Jun 2020 20:01:16",
		"dateICUOverCapacity":"Fri 15 May 2020 16:42:15",
		"dateHospitalsOverCapacity":"Thu 22 Oct 2020 08:23:35"
	}
}