{
	"distancingLevel":0.2,
	"id":"scenario2",
	"distancingDays":90,
	"maintain":false,
	"name":"Italy",
	"gradual":false,
	"events":{
		"herd":{
			"eventName":"herd",
			"day":2.8629766781132145e2,
			"thresholdCrossed":0.7000000000000187
		},
		"icu":{
			"eventName":"icu",
			"day":2.6823038348308813e2,
			"thresholdCrossed":2.0870378326637488e-4
		},
		"hospital":{
			"eventName":"hospital",
			"day":2.7178770639201343e2,
			"thresholdCrossed":1.4054736240556882e-3
		}
	},
	"summary":{
		"totalProjectedDeaths":1.4167314442316725e5,
		"totalProjectedPCRConfirmed":3.203240224338253e6,
		"totalProjectedInfected":9.31931855345075e6,
		"totalInfectedFraction":0.8027144199628959,
		"fatalityRate":1.5202092686348683e-2,
		"fatalityRateSymptomatic":2.1717275266212407e-2,
		"fatalityRatePCR":4.422807360707236e-2,
		"fractionOfSymptomaticHospitalized":7.696222151138904e-2,
		"fractionOfSymptomaticHospitalizedOrICU":0.10792519044643131,
		"fractionOfPCRHospitalized":0.19724209841916637,
		"fractionOfPCRHospitalizedOrICU":0.2765953297332009,
		"fractionHospitalizedInICU":0.28689288206918434,
		"fractionOfDeathInICU":0.6101792576426994,
		"fractionDeathOfHospitalizedOrICU":0.15990173677094985,
		"fractionOfInfectionsPCRConfirmed":0.34372043470411895,
		"dateContained":"Mon 15 Jun 2020 00:00:00",
		"dateICUOverCapacity":"Thu 24 Sep 2020 05:31:45",
		"dateHospitalsOverCapacity":"Sun 27 Sep 2020 18:54:17"
	},
	"summaryAug1":{
		"totalProjectedDeaths":3.6548191620515254e3,
		"totalProjectedPCRConfirmed":3.978951161454816e4,
		"totalProjectedInfected":2.4076701108089663e5,
		"totalInfectedFraction":2.0738335162332148e-2,
		"fatalityRate":1.5179900043795961e-2,
		"fatalityRateSymptomatic":2.168557149113709e-2,
		"fatalityRatePCR":9.18538331773648e-2,
		"fractionOfSymptomaticHospitalized":7.695447999220445e-2,
		"fractionOfSymptomaticHospitalizedOrICU":0.10791433440672861,
		"fractionOfPCRHospitalized":0.22646616921053564,
		"fractionOfPCRHospitalizedOrICU":0.3175766494487677,
		"fractionHospitalizedInICU":0.2868928820691849,
		"fractionOfDeathInICU":0.6101967367069107,
		"fractionDeathOfHospitalizedOrICU":0.28923358608638167,
		"fractionOfInfectionsPCRConfirmed":0.1652614759634951,
		"dateContained":"Mon 15 Jun 2020 00:00:00",
		"dateICUOverCapacity":"Thu 24 Sep 2020 05:31:45",
		"dateHospitalsOverCapacity":"Sun 27 Sep 2020 18:54:17"
	}
}