{
	"distancingLevel":0.2,
	"id":"scenario2",
	"distancingDays":90,
	"maintain":false,
	"name":"Italy",
	"gradual":false,
	"events":{
		"herd":{
			"eventName":"herd",
			"day":3.0631821224848784e2,
			"thresholdCrossed":0.6999999999999986
		},
		"icu":{
			"eventName":"icu",
			"day":2.895028548125841e2,
			"thresholdCrossed":1.4609264828648142e-4
		},
		"hospital":{
			"eventName":"hospital",
			"day":2.948157188899418e2,
			"thresholdCrossed":1.4054736240556845e-3
		}
	},
	"summary":{
		"totalProjectedDeaths":4.167738460268577e3,
		"totalProjectedPCRConfirmed":4.3808160813325456e4,
		"totalProjectedInfected":4.109945962311756e5,
		"totalInfectedFraction":3.54007953510113e-2,
		"fatalityRate":1.0140616199061444e-2,
		"fatalityRateSymptomatic":1.448659457008778e-2,
		"fatalityRatePCR":9.513612036871551e-2,
		"fractionOfSymptomaticHospitalized":6.138634963093149e-2,
		"fractionOfSymptomaticHospitalizedOrICU":8.598463447617061e-2,
		"fractionOfPCRHospitalized":0.3251028244891886,
		"fractionOfPCRHospitalizedOrICU":0.4553756282779207,
		"fractionHospitalizedInICU":0.2860776811472772,
		"fractionOfDeathInICU":0.7373634251977802,
		"fractionDeathOfHospitalizedOrICU":0.1715194202868193,
		"fractionOfInfectionsPCRConfirmed":0.1065906004970545,
		"fractionOfDeathsReported":0.8078705247539719,
		"fractionOfHospitalizationsReported":0.8064358070746572,
		"dateContained":"Fri 12 Jun 2020 04:24:48",
		"dateICUOverCapacity":"Thu 15 Oct 2020 12:04:06",
		"dateHospitalsOverCapacity":"Tue 20 Oct 2020 19:34:38"
	},
	"summaryAug1":{
		"totalProjectedDeaths":4.167738460268577e3,
		"totalProjectedPCRConfirmed":4.3808160813325456e4,
		"totalProjectedInfected":4.109945962311756e5,
		"totalInfectedFraction":3.54007953510113e-2,
		"fatalityRate":1.0140616199061444e-2,
		"fatalityRateSymptomatic":1.448659457008778e-2,
		"fatalityRatePCR":9.513612036871551e-2,
		"fractionOfSymptomaticHospitalized":6.138634963093149e-2,
		"fractionOfSymptomaticHospitalizedOrICU":8.598463447617061e-2,
		"fractionOfPCRHospitalized":0.3251028244891886,
		"fractionOfPCRHospitalizedOrICU":0.4553756282779207,
		"fractionHospitalizedInICU":0.2860776811472772,
		"fractionOfDeathInICU":0.7373634251977802,
		"fractionDeathOfHospitalizedOrICU":0.1715194202868193,
		"fractionOfInfectionsPCRConfirmed":0.1065906004970545,
		"fractionOfDeathsReported":0.8078705247539719,
		"fractionOfHospitalizationsReported":0.8064358070746572,
		"dateContained":"Fri 12 Jun 2020 04:24:48",
		"dateICUOverCapacity":"Thu 15 Oct 2020 12:04:06",
		"dateHospitalsOverCapacity":"Tue 20 Oct 2020 19:34:38"
	}
}