{
	"distancingLevel":0.2,
	"id":"scenario2",
	"distancingDays":90,
	"maintain":false,
	"name":"Italy",
	"gradual":false,
	"events":{
		"herd":{
			"eventName":"herd",
			"day":3.032779971117984e2,
			"thresholdCrossed":0.7000000000000012
		},
		"icu":{
			"eventName":"icu",
			"day":1.353508964941566e2,
			"thresholdCrossed":1.4609264828649286e-4
		},
		"hospital":{
			"eventName":"hospital",
			"day":2.92084532934396e2,
			"thresholdCrossed":1.405473624055686e-3
		}
	},
	"summary":{
		"totalProjectedDeaths":5.859211063752039e3,
		"totalProjectedPCRConfirmed":6.123205340312727e4,
		"totalProjectedInfected":5.660967548154444e5,
		"totalInfectedFraction":4.8760435173266725e-2,
		"fatalityRate":1.0350193697298662e-2,
		"fatalityRateSymptomatic":1.4785990996140948e-2,
		"fatalityRatePCR":9.568862610530704e-2,
		"fractionOfSymptomaticHospitalized":6.1744674570096886e-2,
		"fractionOfSymptomaticHospitalizedOrICU":8.648654473965868e-2,
		"fractionOfPCRHospitalized":0.3225945443033918,
		"fractionOfPCRHospitalizedOrICU":0.4518622485732106,
		"fractionHospitalizedInICU":0.28607768114727716,
		"fractionOfDeathInICU":0.7384487714068014,
		"fractionDeathOfHospitalizedOrICU":0.1715194202868193,
		"fractionOfInfectionsPCRConfirmed":0.10816534961958894,
		"fractionOfDeathsReported":0.8081510449038865,
		"fractionOfHospitalizationsReported":0.8073235676459548,
		"dateContained":"Thu 18 Jun 2020 02:35:00",
		"dateICUOverCapacity":"Thu 14 May 2020 08:25:17",
		"dateHospitalsOverCapacity":"Sun 18 Oct 2020 02:01:43"
	},
	"summaryAug1":{
		"totalProjectedDeaths":5.859211063752039e3,
		"totalProjectedPCRConfirmed":6.123205340312727e4,
		"totalProjectedInfected":5.660967548154444e5,
		"totalInfectedFraction":4.8760435173266725e-2,
		"fatalityRate":1.0350193697298662e-2,
		"fatalityRateSymptomatic":1.4785990996140948e-2,
		"fatalityRatePCR":9.568862610530704e-2,
		"fractionOfSymptomaticHospitalized":6.1744674570096886e-2,
		"fractionOfSymptomaticHospitalizedOrICU":8.648654473965868e-2,
		"fractionOfPCRHospitalized":0.3225945443033918,
		"fractionOfPCRHospitalizedOrICU":0.4518622485732106,
		"fractionHospitalizedInICU":0.28607768114727716,
		"fractionOfDeathInICU":0.7384487714068014,
		"fractionDeathOfHospitalizedOrICU":0.1715194202868193,
		"fractionOfInfectionsPCRConfirmed":0.10816534961958894,
		"fractionOfDeathsReported":0.8081510449038865,
		"fractionOfHospitalizationsReported":0.8073235676459548,
		"dateContained":"Thu 18 Jun 2020 02:35:00",
		"dateICUOverCapacity":"Thu 14 May 2020 08:25:17",
		"dateHospitalsOverCapacity":"Sun 18 Oct 2020 02:01:43"
	}
}