{
	"distancingLevel":0.2,
	"id":"scenario2",
	"distancingDays":90,
	"maintain":false,
	"name":"Italy",
	"gradual":false,
	"events":{
		"herd":{
			"eventName":"herd",
			"day":3.47798469590829e2,
			"thresholdCrossed":0.7000000000000004
		},
		"icu":{
			"eventName":"icu",
			"day":3.249957855295835e2,
			"thresholdCrossed":1.460926482864302e-4
		},
		"hospital":{
			"eventName":"hospital",
			"day":3.327988972108489e2,
			"thresholdCrossed":1.4054736240556877e-3
		}
	},
	"summary":{
		"totalProjectedDeaths":3.9769155558553425e3,
		"totalProjectedPCRConfirmed":4.731336068650268e4,
		"totalProjectedInfected":4.033894349376346e5,
		"totalInfectedFraction":3.474572893156709e-2,
		"fatalityRate":9.858749911162614e-3,
		"fatalityRateSymptomatic":1.408392844451802e-2,
		"fatalityRatePCR":8.405481027243658e-2,
		"fractionOfSymptomaticHospitalized":6.0768501313529066e-2,
		"fractionOfSymptomaticHospitalizedOrICU":8.511920654222499e-2,
		"fractionOfPCRHospitalized":0.2921671002998472,
		"fractionOfPCRHospitalizedOrICU":0.40924214383626717,
		"fractionHospitalizedInICU":0.2860776811472777,
		"fractionOfDeathInICU":0.7361997673342876,
		"fractionDeathOfHospitalizedOrICU":0.1715194202868194,
		"fractionOfInfectionsPCRConfirmed":0.11728953856666446,
		"fractionOfDeathsReported":0.8076115230556112,
		"fractionOfHospitalizationsReported":0.8055899176573722,
		"dateContained":"Sat 13 Jun 2020 07:01:53",
		"dateICUOverCapacity":"Thu 19 Nov 2020 23:53:55",
		"dateHospitalsOverCapacity":"Fri 27 Nov 2020 19:10:24"
	},
	"summaryAug1":{
		"totalProjectedDeaths":3.9769155558553425e3,
		"totalProjectedPCRConfirmed":4.731336068650268e4,
		"totalProjectedInfected":4.033894349376346e5,
		"totalInfectedFraction":3.474572893156709e-2,
		"fatalityRate":9.858749911162614e-3,
		"fatalityRateSymptomatic":1.408392844451802e-2,
		"fatalityRatePCR":8.405481027243658e-2,
		"fractionOfSymptomaticHospitalized":6.0768501313529066e-2,
		"fractionOfSymptomaticHospitalizedOrICU":8.511920654222499e-2,
		"fractionOfPCRHospitalized":0.2921671002998472,
		"fractionOfPCRHospitalizedOrICU":0.40924214383626717,
		"fractionHospitalizedInICU":0.2860776811472777,
		"fractionOfDeathInICU":0.7361997673342876,
		"fractionDeathOfHospitalizedOrICU":0.1715194202868194,
		"fractionOfInfectionsPCRConfirmed":0.11728953856666446,
		"fractionOfDeathsReported":0.8076115230556112,
		"fractionOfHospitalizationsReported":0.8055899176573722,
		"dateContained":"Sat 13 Jun 2020 07:01:53",
		"dateICUOverCapacity":"Thu 19 Nov 2020 23:53:55",
		"dateHospitalsOverCapacity":"Fri 27 Nov 2020 19:10:24"
	}
}