{
	"distancingLevel":0.2,
	"id":"scenario2",
	"distancingDays":90,
	"maintain":false,
	"name":"Italy",
	"gradual":false,
	"events":{
		"herd":{
			"eventName":"herd",
			"day":3.0534273627780834e2,
			"thresholdCrossed":0.7000000000000033
		},
		"icu":{
			"eventName":"icu",
			"day":2.8677243231188305e2,
			"thresholdCrossed":1.4609264828649302e-4
		},
		"hospital":{
			"eventName":"hospital",
			"day":2.9253996970933525e2,
			"thresholdCrossed":1.4054736240556966e-3
		}
	},
	"summary":{
		"totalProjectedDeaths":5.382861082373013e3,
		"totalProjectedPCRConfirmed":5.7871704257390295e4,
		"totalProjectedInfected":5.205247445964093e5,
		"totalInfectedFraction":4.483511493233874e-2,
		"fatalityRate":1.0341220351679215e-2,
		"fatalityRateSymptomatic":1.477317193097031e-2,
		"fatalityRatePCR":9.301369557793203e-2,
		"fractionOfSymptomaticHospitalized":6.173012976101228e-2,
		"fractionOfSymptomaticHospitalizedOrICU":8.646617164205336e-2,
		"fractionOfPCRHospitalized":0.313651818607739,
		"fractionOfPCRHospitalizedOrICU":0.4393360598556146,
		"fractionHospitalizedInICU":0.28607768114727716,
		"fractionOfDeathInICU":0.7384157693752489,
		"fractionDeathOfHospitalizedOrICU":0.1715194202868193,
		"fractionOfInfectionsPCRConfirmed":0.11117954498447778,
		"fractionOfDeathsReported":0.808055240206466,
		"fractionOfHospitalizationsReported":0.8070073169725746,
		"dateContained":"Mon 15 Jun 2020 07:11:37",
		"dateICUOverCapacity":"Mon 12 Oct 2020 18:32:18",
		"dateHospitalsOverCapacity":"Sun 18 Oct 2020 12:57:33"
	},
	"summaryAug1":{
		"totalProjectedDeaths":5.382861082373013e3,
		"totalProjectedPCRConfirmed":5.7871704257390295e4,
		"totalProjectedInfected":5.205247445964093e5,
		"totalInfectedFraction":4.483511493233874e-2,
		"fatalityRate":1.0341220351679215e-2,
		"fatalityRateSymptomatic":1.477317193097031e-2,
		"fatalityRatePCR":9.301369557793203e-2,
		"fractionOfSymptomaticHospitalized":6.173012976101228e-2,
		"fractionOfSymptomaticHospitalizedOrICU":8.646617164205336e-2,
		"fractionOfPCRHospitalized":0.313651818607739,
		"fractionOfPCRHospitalizedOrICU":0.4393360598556146,
		"fractionHospitalizedInICU":0.28607768114727716,
		"fractionOfDeathInICU":0.7384157693752489,
		"fractionDeathOfHospitalizedOrICU":0.1715194202868193,
		"fractionOfInfectionsPCRConfirmed":0.11117954498447778,
		"fractionOfDeathsReported":0.808055240206466,
		"fractionOfHospitalizationsReported":0.8070073169725746,
		"dateContained":"Mon 15 Jun 2020 07:11:37",
		"dateICUOverCapacity":"Mon 12 Oct 2020 18:32:18",
		"dateHospitalsOverCapacity":"Sun 18 Oct 2020 12:57:33"
	}
}