{
	"distancingLevel":0.2,
	"id":"scenario2",
	"distancingDays":90,
	"maintain":false,
	"name":"Italy",
	"gradual":false,
	"events":{
		"herd":{
			"eventName":"herd",
			"day":3.107582980792715e2,
			"thresholdCrossed":0.7000000000000008
		},
		"icu":{
			"eventName":"icu",
			"day":2.909231968690611e2,
			"thresholdCrossed":1.460926482864893e-4
		},
		"hospital":{
			"eventName":"hospital",
			"day":2.968235738312883e2,
			"thresholdCrossed":1.4054736240556903e-3
		}
	},
	"summary":{
		"totalProjectedDeaths":2.516152959390014e3,
		"totalProjectedPCRConfirmed":2.7277524246916175e4,
		"totalProjectedInfected":2.5046757013060706e5,
		"totalInfectedFraction":2.1573887524475713e-2,
		"fatalityRate":1.0045823329854476e-2,
		"fatalityRateSymptomatic":1.4351176185506392e-2,
		"fatalityRatePCR":9.22427173600432e-2,
		"fractionOfSymptomaticHospitalized":6.1123393548855876e-2,
		"fractionOfSymptomaticHospitalizedOrICU":8.561630857413388e-2,
		"fractionOfPCRHospitalized":0.3157906732639111,
		"fractionOfPCRHospitalizedOrICU":0.4423319805597177,
		"fractionHospitalizedInICU":0.28607768114727766,
		"fractionOfDeathInICU":0.7371537005523108,
		"fractionDeathOfHospitalizedOrICU":0.1715194202868194,
		"fractionOfInfectionsPCRConfirmed":0.10890641144756676,
		"fractionOfDeathsReported":0.8069420962590784,
		"fractionOfHospitalizationsReported":0.8037986065560601,
		"dateContained":"Sat 30 May 2020 01:33:06",
		"dateICUOverCapacity":"Fri 16 Oct 2020 22:09:24",
		"dateHospitalsOverCapacity":"Thu 22 Oct 2020 19:45:56"
	},
	"summaryAug1":{
		"totalProjectedDeaths":2.516152959390014e3,
		"totalProjectedPCRConfirmed":2.7277524246916175e4,
		"totalProjectedInfected":2.5046757013060706e5,
		"totalInfectedFraction":2.1573887524475713e-2,
		"fatalityRate":1.0045823329854476e-2,
		"fatalityRateSymptomatic":1.4351176185506392e-2,
		"fatalityRatePCR":9.22427173600432e-2,
		"fractionOfSymptomaticHospitalized":6.1123393548855876e-2,
		"fractionOfSymptomaticHospitalizedOrICU":8.561630857413388e-2,
		"fractionOfPCRHospitalized":0.3157906732639111,
		"fractionOfPCRHospitalizedOrICU":0.4423319805597177,
		"fractionHospitalizedInICU":0.28607768114727766,
		"fractionOfDeathInICU":0.7371537005523108,
		"fractionDeathOfHospitalizedOrICU":0.1715194202868194,
		"fractionOfInfectionsPCRConfirmed":0.10890641144756676,
		"fractionOfDeathsReported":0.8069420962590784,
		"fractionOfHospitalizationsReported":0.8037986065560601,
		"dateContained":"Sat 30 May 2020 01:33:06",
		"dateICUOverCapacity":"Fri 16 Oct 2020 22:09:24",
		"dateHospitalsOverCapacity":"Thu 22 Oct 2020 19:45:56"
	}
}