{
	"distancingLevel":0.2,
	"id":"scenario2",
	"distancingDays":90,
	"maintain":false,
	"name":"Italy",
	"gradual":false,
	"events":{
		"herd":{
			"eventName":"herd",
			"day":3.1034100710510995e2,
			"thresholdCrossed":0.7000000000000006
		},
		"icu":{
			"eventName":"icu",
			"day":2.905058574914282e2,
			"thresholdCrossed":1.4609264828649307e-4
		},
		"hospital":{
			"eventName":"hospital",
			"day":2.9640627024955324e2,
			"thresholdCrossed":1.4054736240556916e-3
		}
	},
	"summary":{
		"totalProjectedDeaths":2.5160729837668064e3,
		"totalProjectedPCRConfirmed":2.788741143397185e4,
		"totalProjectedInfected":2.5047122242790673e5,
		"totalInfectedFraction":2.1574202113111313e-2,
		"fatalityRate":1.0045357543982957e-2,
		"fatalityRateSymptomatic":1.4350510777118512e-2,
		"fatalityRatePCR":9.022253606162169e-2,
		"fractionOfSymptomaticHospitalized":6.1122450576384414e-2,
		"fractionOfSymptomaticHospitalizedOrICU":8.561498774069504e-2,
		"fractionOfPCRHospitalized":0.3088841906516818,
		"fractionOfPCRHospitalizedOrICU":0.4326579832215649,
		"fractionHospitalizedInICU":0.2860776811472774,
		"fractionOfDeathInICU":0.7371513768272309,
		"fractionDeathOfHospitalizedOrICU":0.17151942028681932,
		"fractionOfInfectionsPCRConfirmed":0.11133978252531067,
		"fractionOfDeathsReported":0.8069420502656537,
		"fractionOfHospitalizationsReported":0.8037986110167136,
		"dateContained":"Sat 30 May 2020 01:25:01",
		"dateICUOverCapacity":"Fri 16 Oct 2020 12:08:26",
		"dateHospitalsOverCapacity":"Thu 22 Oct 2020 09:45:01"
	},
	"summaryAug1":{
		"totalProjectedDeaths":2.5160729837668064e3,
		"totalProjectedPCRConfirmed":2.788741143397185e4,
		"totalProjectedInfected":2.5047122242790673e5,
		"totalInfectedFraction":2.1574202113111313e-2,
		"fatalityRate":1.0045357543982957e-2,
		"fatalityRateSymptomatic":1.4350510777118512e-2,
		"fatalityRatePCR":9.022253606162169e-2,
		"fractionOfSymptomaticHospitalized":6.1122450576384414e-2,
		"fractionOfSymptomaticHospitalizedOrICU":8.561498774069504e-2,
		"fractionOfPCRHospitalized":0.3088841906516818,
		"fractionOfPCRHospitalizedOrICU":0.4326579832215649,
		"fractionHospitalizedInICU":0.2860776811472774,
		"fractionOfDeathInICU":0.7371513768272309,
		"fractionDeathOfHospitalizedOrICU":0.17151942028681932,
		"fractionOfInfectionsPCRConfirmed":0.11133978252531067,
		"fractionOfDeathsReported":0.8069420502656537,
		"fractionOfHospitalizationsReported":0.8037986110167136,
		"dateContained":"Sat 30 May 2020 01:25:01",
		"dateICUOverCapacity":"Fri 16 Oct 2020 12:08:26",
		"dateHospitalsOverCapacity":"Thu 22 Oct 2020 09:45:01"
	}
}