{
	"distancingLevel":1,
	"id":"scenario4",
	"distancingDays":90,
	"maintain":false,
	"name":"Normal",
	"gradual":false,
	"events":{
		"herd":{
			"eventName":"herd",
			"day":1.6831177064347668e2,
			"thresholdCrossed":0.6999999999999995
		},
		"icu":{
			"eventName":"icu",
			"day":1.404273849931233e2,
			"thresholdCrossed":1.9924617508650298e-4
		},
		"hospital":{
			"eventName":"hospital",
			"day":1.4589189094549988e2,
			"thresholdCrossed":1.168568856326902e-3
		}
	},
	"summary":{
		"totalProjectedDeaths":4.251718976818937e4,
		"totalProjectedPCRConfirmed":1.0956236322070612e6,
		"totalProjectedInfected":3.352310534457229e6,
		"totalInfectedFraction":0.68506159147979,
		"fatalityRate":1.268295085767563e-2,
		"fatalityRateSymptomatic":1.8118501225250903e-2,
		"fatalityRatePCR":3.880638251891418e-2,
		"fractionOfSymptomaticHospitalized":7.652695722110507e-2,
		"fractionOfSymptomaticHospitalizedOrICU":0.10780554262839874,
		"fractionOfPCRHospitalized":0.217692314556578,
		"fractionOfPCRHospitalizedOrICU":0.30666890399154256,
		"fractionHospitalizedInICU":0.2901389357605635,
		"fractionOfDeathInICU":0.704344207806866,
		"fractionDeathOfHospitalizedOrICU":0.16574584880098597,
		"fractionOfInfectionsPCRConfirmed":0.3268264144820501,
		"dateContained":"Sun 27 Sep 2020 00:00:00",
		"dateICUOverCapacity":"Tue 19 May 2020 10:15:26",
		"dateHospitalsOverCapacity":"Sun 24 May 2020 21:24:19"
	},
	"summaryAug1":{
		"totalProjectedDeaths":4.0280320918983205e4,
		"totalProjectedPCRConfirmed":1.0828500962452732e6,
		"totalProjectedInfected":3.334648318665535e6,
		"totalInfectedFraction":0.6814522284643566,
		"fatalityRate":1.2079331032755696e-2,
		"fatalityRateSymptomatic":1.7256187189650992e-2,
		"fatalityRatePCR":3.719842761122074e-2,
		"fractionOfSymptomaticHospitalized":7.550242099659199e-2,
		"fractionOfSymptomaticHospitalizedOrICU":0.1063622514322394,
		"fractionOfPCRHospitalized":0.21603483712926905,
		"fractionOfPCRHospitalizedOrICU":0.3043339718325506,
		"fractionHospitalizedInICU":0.29013893576056354,
		"fractionOfDeathInICU":0.7022989467792873,
		"fractionDeathOfHospitalizedOrICU":0.16574584880098597,
		"fractionOfInfectionsPCRConfirmed":0.32472692553036897,
		"dateContained":"Sun 27 Sep 2020 00:00:00",
		"dateICUOverCapacity":"Tue 19 May 2020 10:15:26",
		"dateHospitalsOverCapacity":"Sun 24 May 2020 21:24:19"
	}
}