{
	"distancingLevel":1,
	"id":"scenario4",
	"distancingDays":90,
	"maintain":false,
	"name":"Normal",
	"gradual":false,
	"events":{
		"herd":{
			"eventName":"herd",
			"day":2.1404010805226622e2,
			"thresholdCrossed":0.7000000000000002
		},
		"icu":{
			"eventName":"icu",
			"day":1.667892109488389e2,
			"thresholdCrossed":1.3947232256055102e-4
		},
		"hospital":{
			"eventName":"hospital",
			"day":1.8248792049044764e2,
			"thresholdCrossed":1.1685688563269027e-3
		}
	},
	"summary":{
		"totalProjectedDeaths":2.7864908715925452e4,
		"totalProjectedPCRConfirmed":4.5095427147201577e5,
		"totalProjectedInfected":2.610757535356127e6,
		"totalInfectedFraction":0.5335214902543336,
		"fatalityRate":1.0673112435209142e-2,
		"fatalityRateSymptomatic":1.5247303478870204e-2,
		"fatalityRatePCR":6.179098520337361e-2,
		"fractionOfSymptomaticHospitalized":6.2149165257815386e-2,
		"fractionOfSymptomaticHospitalizedOrICU":8.745006545371889e-2,
		"fractionOfPCRHospitalized":0.20280995925024095,
		"fractionOfPCRHospitalizedOrICU":0.28537381214254254,
		"fractionHospitalizedInICU":0.2893182533899128,
		"fractionOfDeathInICU":0.7346172673501671,
		"fractionDeathOfHospitalizedOrICU":0.17232956334747818,
		"fractionOfInfectionsPCRConfirmed":0.17272928081791486,
		"fractionOfDeathsReported":0.805909843769472,
		"fractionOfHospitalizationsReported":0.8052336264277269,
		"dateContained":"",
		"dateICUOverCapacity":"Sun 14 Jun 2020 18:56:27",
		"dateHospitalsOverCapacity":"Tue 30 Jun 2020 11:42:36"
	},
	"summaryAug1":{
		"totalProjectedDeaths":1.3664004150354132e4,
		"totalProjectedPCRConfirmed":3.28661357476171e5,
		"totalProjectedInfected":2.1328016737391963e6,
		"totalInfectedFraction":0.43584879560064366,
		"fatalityRate":6.406598568726085e-3,
		"fatalityRateSymptomatic":9.152283669608692e-3,
		"fatalityRatePCR":4.1574720725556596e-2,
		"fractionOfSymptomaticHospitalized":4.8557585953836795e-2,
		"fractionOfSymptomaticHospitalizedOrICU":6.832535967815948e-2,
		"fractionOfPCRHospitalized":0.17746354229556313,
		"fractionOfPCRHospitalizedOrICU":0.2497088790334837,
		"fractionHospitalizedInICU":0.289318253389913,
		"fractionOfDeathInICU":0.7152706352046899,
		"fractionDeathOfHospitalizedOrICU":0.17232956334747823,
		"fractionOfInfectionsPCRConfirmed":0.15409841502044905,
		"fractionOfDeathsReported":0.8053560862000533,
		"fractionOfHospitalizationsReported":0.8045484273826684,
		"dateContained":"",
		"dateICUOverCapacity":"Sun 14 Jun 2020 18:56:27",
		"dateHospitalsOverCapacity":"Tue 30 Jun 2020 11:42:36"
	}
}