{
	"distancingLevel":1,
	"id":"scenario4",
	"distancingDays":90,
	"maintain":false,
	"name":"Normal",
	"gradual":false,
	"events":{
		"herd":{
			"eventName":"herd",
			"day":1.5969865591841142e2,
			"thresholdCrossed":0.7000000000000084
		},
		"icu":{
			"eventName":"icu",
			"day":1.3781154224594437e2,
			"thresholdCrossed":1.9924617508650306e-4
		},
		"hospital":{
			"eventName":"hospital",
			"day":1.415006482176423e2,
			"thresholdCrossed":1.1685688563268168e-3
		}
	},
	"summary":{
		"totalProjectedDeaths":5.497795167202032e4,
		"totalProjectedPCRConfirmed":1.2079094395842627e6,
		"totalProjectedInfected":3.7083388475161567e6,
		"totalInfectedFraction":0.7578177756843967,
		"fatalityRate":1.482549301255049e-2,
		"fatalityRateSymptomatic":2.117927573221499e-2,
		"fatalityRatePCR":4.5514961528028614e-2,
		"fractionOfSymptomaticHospitalized":7.652695722141294e-2,
		"fractionOfSymptomaticHospitalizedOrICU":0.10780554262883245,
		"fractionOfPCRHospitalized":0.20017788974457632,
		"fractionOfPCRHospitalizedOrICU":0.2819958719091772,
		"fractionHospitalizedInICU":0.2901389357605635,
		"fractionOfDeathInICU":0.6025376221174941,
		"fractionDeathOfHospitalizedOrICU":0.16140293551065768,
		"fractionOfInfectionsPCRConfirmed":0.3257279038546652,
		"dateContained":"Fri 18 Sep 2020 00:00:00",
		"dateICUOverCapacity":"Sat 16 May 2020 19:28:37",
		"dateHospitalsOverCapacity":"Wed 20 May 2020 12:00:56"
	},
	"summaryAug1":{
		"totalProjectedDeaths":5.2171562205789945e4,
		"totalProjectedPCRConfirmed":1.2013411560551322e6,
		"totalProjectedInfected":3.7025361972034015e6,
		"totalInfectedFraction":0.7566319747816469,
		"fatalityRate":1.4090763581243622e-2,
		"fatalityRateSymptomatic":2.0129662258919462e-2,
		"fatalityRatePCR":4.342776566242577e-2,
		"fractionOfSymptomaticHospitalized":7.572529835458228e-2,
		"fractionOfSymptomaticHospitalizedOrICU":0.10667622464364392,
		"fractionOfPCRHospitalized":0.19874716858829997,
		"fractionOfPCRHospitalizedOrICU":0.27998037728867803,
		"fractionHospitalizedInICU":0.29013893576056354,
		"fractionOfDeathInICU":0.6048112756312364,
		"fractionDeathOfHospitalizedOrICU":0.15511003336369145,
		"fractionOfInfectionsPCRConfirmed":0.324464391992313,
		"dateContained":"Fri 18 Sep 2020 00:00:00",
		"dateICUOverCapacity":"Sat 16 May 2020 19:28:37",
		"dateHospitalsOverCapacity":"Wed 20 May 2020 12:00:56"
	}
}