{
	"distancingLevel":1,
	"id":"scenario4",
	"distancingDays":90,
	"maintain":false,
	"name":"Normal",
	"gradual":false,
	"events":{
		"herd":{
			"eventName":"herd",
			"day":1.61193391326988e2,
			"thresholdCrossed":0.6999999999999996
		},
		"icu":{
			"eventName":"icu",
			"day":1.391064012391638e2,
			"thresholdCrossed":1.394723225605521e-4
		},
		"hospital":{
			"eventName":"hospital",
			"day":1.4500289164245663e2,
			"thresholdCrossed":1.1685688563269037e-3
		}
	},
	"summary":{
		"totalProjectedDeaths":3.723283308704148e4,
		"totalProjectedPCRConfirmed":9.805743291416455e5,
		"totalProjectedInfected":3.4884700514193545e6,
		"totalInfectedFraction":0.7128864765632047,
		"fatalityRate":1.067311243560556e-2,
		"fatalityRateSymptomatic":1.5247303479436517e-2,
		"fatalityRatePCR":3.797043424503432e-2,
		"fractionOfSymptomaticHospitalized":6.214916525861563e-2,
		"fractionOfSymptomaticHospitalizedOrICU":8.745006545484493e-2,
		"fractionOfPCRHospitalized":0.12480514043262993,
		"fractionOfPCRHospitalizedOrICU":0.17561326293793758,
		"fractionHospitalizedInICU":0.2893182533899131,
		"fractionOfDeathInICU":0.7345767828929859,
		"fractionDeathOfHospitalizedOrICU":0.1723295633474783,
		"fractionOfInfectionsPCRConfirmed":0.28109008094900484,
		"fractionOfDeathsReported":0.8064271100773435,
		"fractionOfHospitalizationsReported":0.8063891096543635,
		"dateContained":"",
		"dateICUOverCapacity":"Mon 18 May 2020 02:33:13",
		"dateHospitalsOverCapacity":"Sun 24 May 2020 00:04:09"
	},
	"summaryAug1":{
		"totalProjectedDeaths":3.6035548171686714e4,
		"totalProjectedPCRConfirmed":9.765069222726102e5,
		"totalProjectedInfected":3.482655549228122e6,
		"totalInfectedFraction":0.7116982536692199,
		"fatalityRate":1.0347146785639898e-2,
		"fatalityRateSymptomatic":1.4781638265199855e-2,
		"fatalityRatePCR":3.6902501507948056e-2,
		"fractionOfSymptomaticHospitalized":6.161546405729426e-2,
		"fractionOfSymptomaticHospitalizedOrICU":8.669909470898422e-2,
		"fractionOfPCRHospitalized":0.12404158753212483,
		"fractionOfPCRHospitalizedOrICU":0.17453886795854318,
		"fractionHospitalizedInICU":0.28931825338991296,
		"fractionOfDeathInICU":0.7325757937606631,
		"fractionDeathOfHospitalizedOrICU":0.17232956334747823,
		"fractionOfInfectionsPCRConfirmed":0.28039147382492025,
		"fractionOfDeathsReported":0.8064265932580483,
		"fractionOfHospitalizationsReported":0.8063885555783373,
		"dateContained":"",
		"dateICUOverCapacity":"Mon 18 May 2020 02:33:13",
		"dateHospitalsOverCapacity":"Sun 24 May 2020 00:04:09"
	}
}