{
	"distancingLevel":0.49714285714285705,
	"id":"scenario5",
	"distancingDays":613,
	"maintain":true,
	"name":"Current Indefinite",
	"gradual":false,
	"events":{
		"icu":{
			"eventName":"icu",
			"day":1.3073023820661135e2,
			"thresholdCrossed":1.9084469299687472e-4
		}
	},
	"summary":{
		"totalProjectedDeaths":4.168760575732041e4,
		"totalProjectedPCRConfirmed":7.966956774294778e5,
		"totalProjectedInfected":2.839295488258332e6,
		"totalInfectedFraction":0.2219846275231769,
		"fatalityRate":1.468237664227482e-2,
		"fatalityRateSymptomatic":2.0974823774678315e-2,
		"fatalityRatePCR":5.232563315998478e-2,
		"fractionOfSymptomaticHospitalized":7.991357891497473e-2,
		"fractionOfSymptomaticHospitalizedOrICU":0.1128455532548681,
		"fractionOfPCRHospitalized":0.16506638181862865,
		"fractionOfPCRHospitalizedOrICU":0.2330893877237176,
		"fractionHospitalizedInICU":0.2918322733153217,
		"fractionOfDeathInICU":0.8852094950271694,
		"fractionDeathOfHospitalizedOrICU":0.16630465019405616,
		"fractionOfInfectionsPCRConfirmed":0.2805962537975163,
		"fractionOfDeathsReported":0.8283265556701626,
		"fractionOfHospitalizationsReported":0.8279838759227875,
		"dateContained":"Sun 14 Feb 2021 19:03:59",
		"dateICUOverCapacity":"Sat 9 May 2020 17:31:32",
		"dateHospitalsOverCapacity":""
	},
	"summaryAug1":{
		"totalProjectedDeaths":3.0581587294656478e4,
		"totalProjectedPCRConfirmed":6.444021564247151e5,
		"totalProjectedInfected":2.419445856068652e6,
		"totalInfectedFraction":0.1891595254502189,
		"fatalityRate":1.2639913895138109e-2,
		"fatalityRateSymptomatic":1.80570198501973e-2,
		"fatalityRatePCR":4.745730129819839e-2,
		"fractionOfSymptomaticHospitalized":7.453743593013827e-2,
		"fractionOfSymptomaticHospitalizedOrICU":0.10525392943150476,
		"fractionOfPCRHospitalized":0.16217740329971778,
		"fractionOfPCRHospitalizedOrICU":0.2290098760345366,
		"fractionHospitalizedInICU":0.29183227331532174,
		"fractionOfDeathInICU":0.8808509222378181,
		"fractionDeathOfHospitalizedOrICU":0.16630465019405619,
		"fractionOfInfectionsPCRConfirmed":0.2663428713679923,
		"fractionOfDeathsReported":0.8282822012783163,
		"fractionOfHospitalizationsReported":0.8278638728279332,
		"dateContained":"Sun 14 Feb 2021 19:03:59",
		"dateICUOverCapacity":"Sat 9 May 2020 17:31:32",
		"dateHospitalsOverCapacity":""
	}
}