{
	"distancingLevel":0.49714285714285705,
	"id":"scenario5",
	"distancingDays":619,
	"maintain":true,
	"name":"Current Indefinite",
	"gradual":false,
	"events":{
		"icu":{
			"eventName":"icu",
			"day":1.2840482935239015e2,
			"thresholdCrossed":1.908446929968755e-4
		},
		"hospital":{
			"eventName":"hospital",
			"day":1.5670032024574786e2,
			"thresholdCrossed":1.3183452727265036e-3
		}
	},
	"summary":{
		"totalProjectedDeaths":6.1971788394861294e4,
		"totalProjectedPCRConfirmed":1.4118967367983258e6,
		"totalProjectedInfected":4.38684815326958e6,
		"totalInfectedFraction":0.3429769311899397,
		"fatalityRate":1.4126722929461976e-2,
		"fatalityRateSymptomatic":2.0181032756374253e-2,
		"fatalityRatePCR":4.3892578529072204e-2,
		"fractionOfSymptomaticHospitalized":7.9924127680079e-2,
		"fractionOfPCRHospitalized":0.24688845749946195,
		"fractionHospitalizedInICU":0.29183227331532147,
		"fractionDeathOfHospitalized":0.12590020558303955,
		"fractionOfInfectionsPCRConfirmed":0.321847642651141,
		"dateContained":"Wed 27 Jan 2021 00:00:00",
		"dateICUOverCapacity":"Thu 7 May 2020 09:42:57",
		"dateHospitalsOverCapacity":"Thu 4 Jun 2020 16:48:27"
	},
	"summaryAug1":{
		"totalProjectedDeaths":3.9672980479933554e4,
		"totalProjectedPCRConfirmed":1.0676547131401943e6,
		"totalProjectedInfected":3.5641815122067924e6,
		"totalInfectedFraction":0.2786583885629842,
		"fatalityRate":1.113102134222387e-2,
		"fatalityRateSymptomatic":1.5901459060319815e-2,
		"fatalityRatePCR":3.7158999058082245e-2,
		"fractionOfSymptomaticHospitalized":7.247386075295709e-2,
		"fractionOfPCRHospitalized":0.2362482351782638,
		"fractionHospitalizedInICU":0.2918322733153216,
		"fractionDeathOfHospitalized":0.11138624535749046,
		"fractionOfInfectionsPCRConfirmed":0.29955116188208586,
		"dateContained":"Wed 27 Jan 2021 00:00:00",
		"dateICUOverCapacity":"Thu 7 May 2020 09:42:57",
		"dateHospitalsOverCapacity":"Thu 4 Jun 2020 16:48:27"
	}
}