{
	"distancingLevel":0.5917448115428572,
	"id":"scenario5",
	"distancingDays":610,
	"maintain":true,
	"name":"Current Indefinite",
	"gradual":false,
	"events":{
		"icu":{
			"eventName":"icu",
			"day":1.642193068534324e2,
			"thresholdCrossed":1.6221798904734414e-4
		}
	},
	"summary":{
		"totalProjectedDeaths":2.464987227155908e4,
		"totalProjectedPCRConfirmed":5.395731200073558e5,
		"totalProjectedInfected":2.0268090859315204e6,
		"totalInfectedFraction":0.158462006459598,
		"fatalityRate":1.2161911273567246e-2,
		"fatalityRateSymptomatic":1.7374158962238925e-2,
		"fatalityRatePCR":4.5684025681677835e-2,
		"fractionOfSymptomaticHospitalized":6.489518849494937e-2,
		"fractionOfSymptomaticHospitalizedOrICU":9.153172178947268e-2,
		"fractionOfPCRHospitalized":0.14116184498165385,
		"fractionOfPCRHospitalizedOrICU":0.19910238373304084,
		"fractionHospitalizedInICU":0.29100876476232596,
		"fractionOfDeathInICU":0.7563310310099263,
		"fractionDeathOfHospitalizedOrICU":0.1727521911905815,
		"fractionOfInfectionsPCRConfirmed":0.2662180289957445,
		"fractionOfDeathsReported":0.8280964071734891,
		"fractionOfHospitalizationsReported":0.8272642397241045,
		"dateContained":"Wed 21 Apr 2021 18:59:39",
		"dateICUOverCapacity":"Fri 12 Jun 2020 05:15:48",
		"dateHospitalsOverCapacity":""
	},
	"summaryAug1":{
		"totalProjectedDeaths":1.6323980688280499e4,
		"totalProjectedPCRConfirmed":3.831506760416622e5,
		"totalProjectedInfected":1.5730306518954984e6,
		"totalInfectedFraction":0.12298424901092633,
		"fatalityRate":1.0377407883698985e-2,
		"fatalityRateSymptomatic":1.4824868405284264e-2,
		"fatalityRatePCR":4.260459842306398e-2,
		"fractionOfSymptomaticHospitalized":5.970553021230051e-2,
		"fractionOfSymptomaticHospitalizedOrICU":8.421194401971066e-2,
		"fractionOfPCRHospitalized":0.1418650296629905,
		"fractionOfPCRHospitalizedOrICU":0.20009419385196406,
		"fractionHospitalizedInICU":0.291008764762326,
		"fractionOfDeathInICU":0.7514450823813966,
		"fractionDeathOfHospitalizedOrICU":0.17275219119058152,
		"fractionOfInfectionsPCRConfirmed":0.24357483153933876,
		"fractionOfDeathsReported":0.8279167285850527,
		"fractionOfHospitalizationsReported":0.8267899036826876,
		"dateContained":"Wed 21 Apr 2021 18:59:39",
		"dateICUOverCapacity":"Fri 12 Jun 2020 05:15:48",
		"dateHospitalsOverCapacity":""
	}
}