{
	"distancingLevel":0.5380952380952381,
	"id":"scenario5",
	"distancingDays":602,
	"maintain":true,
	"name":"Current Indefinite",
	"gradual":false,
	"events":{
		"icu":{
			"eventName":"icu",
			"day":1.665126468340815e2,
			"thresholdCrossed":1.3359128509786983e-4
		}
	},
	"summary":{
		"totalProjectedDeaths":2.316629021748061e4,
		"totalProjectedPCRConfirmed":3.248585408433239e5,
		"totalProjectedInfected":1.9048457942140861e6,
		"totalInfectedFraction":0.14892655092305473,
		"fatalityRate":1.216176673610407e-2,
		"fatalityRateSymptomatic":1.7373952480148672e-2,
		"fatalityRatePCR":7.13119321331111e-2,
		"fractionOfSymptomaticHospitalized":6.489463396001162e-2,
		"fractionOfSymptomaticHospitalizedOrICU":9.153093964307916e-2,
		"fractionOfPCRHospitalized":0.22027447396116068,
		"fractionOfPCRHospitalizedOrICU":0.310687160874871,
		"fractionHospitalizedInICU":0.2910087647623267,
		"fractionOfDeathInICU":0.7563410238887391,
		"fractionDeathOfHospitalizedOrICU":0.17275219119058166,
		"fractionOfInfectionsPCRConfirmed":0.170543222884536,
		"fractionOfDeathsReported":0.8280292223561718,
		"fractionOfHospitalizationsReported":0.8269739161590264,
		"dateContained":"Wed 19 May 2021 09:36:57",
		"dateICUOverCapacity":"Sun 14 Jun 2020 12:18:12",
		"dateHospitalsOverCapacity":""
	},
	"summaryAug1":{
		"totalProjectedDeaths":1.4543870645794668e4,
		"totalProjectedPCRConfirmed":2.237717921753806e5,
		"totalProjectedInfected":1.405120595213712e6,
		"totalInfectedFraction":0.10985653773746322,
		"fatalityRate":1.0350620932705506e-2,
		"fatalityRateSymptomatic":1.478660133243644e-2,
		"fatalityRatePCR":6.499420907527051e-2,
		"fractionOfSymptomaticHospitalized":5.954692428830709e-2,
		"fractionOfSymptomaticHospitalizedOrICU":8.398823755324042e-2,
		"fractionOfPCRHospitalized":0.21626565287096178,
		"fractionOfPCRHospitalizedOrICU":0.3050329004398249,
		"fractionHospitalizedInICU":0.2910087647623265,
		"fractionOfDeathInICU":0.7515097518101236,
		"fractionDeathOfHospitalizedOrICU":0.1727521911905816,
		"fractionOfInfectionsPCRConfirmed":0.15925451020903014,
		"fractionOfDeathsReported":0.8277805384026525,
		"fractionOfHospitalizationsReported":0.8262698711894968,
		"dateContained":"Wed 19 May 2021 09:36:57",
		"dateICUOverCapacity":"Sun 14 Jun 2020 12:18:12",
		"dateHospitalsOverCapacity":""
	}
}