{
	"distancingLevel":0.5961904761904762,
	"id":"scenario5",
	"distancingDays":595,
	"maintain":true,
	"name":"Current Indefinite",
	"gradual":false,
	"events":{},
	"summary":{
		"totalProjectedDeaths":1.7087583227493407e4,
		"totalProjectedPCRConfirmed":2.257542437274135e5,
		"totalProjectedInfected":1.4045656070526997e6,
		"totalInfectedFraction":0.10981314710034511,
		"fatalityRate":1.2165742306156496e-2,
		"fatalityRateSymptomatic":1.7379631865937852e-2,
		"fatalityRatePCR":7.56910831236722e-2,
		"fractionOfSymptomaticHospitalized":6.490529949757254e-2,
		"fractionOfSymptomaticHospitalizedOrICU":9.154598290035908e-2,
		"fractionOfPCRHospitalized":0.2268820136534368,
		"fractionOfPCRHospitalizedOrICU":0.3200067961028878,
		"fractionHospitalizedInICU":0.2910087647623263,
		"fractionOfDeathInICU":0.7571848302845339,
		"fractionDeathOfHospitalizedOrICU":0.17275219119058155,
		"fractionOfInfectionsPCRConfirmed":0.16072887061582675,
		"fractionOfDeathsReported":0.8181864447529139,
		"fractionOfHospitalizationsReported":0.802630692053237,
		"dateContained":"",
		"dateICUOverCapacity":"",
		"dateHospitalsOverCapacity":""
	},
	"summaryAug1":{
		"totalProjectedDeaths":1.0642156971907396e4,
		"totalProjectedPCRConfirmed":1.444634637041137e5,
		"totalProjectedInfected":9.876287147067848e5,
		"totalInfectedFraction":7.721577175465588e-2,
		"fatalityRate":1.0775463302590311e-2,
		"fatalityRateSymptomatic":1.5393519003700444e-2,
		"fatalityRatePCR":7.366677150773834e-2,
		"fractionOfSymptomaticHospitalized":6.076915563648826e-2,
		"fractionOfSymptomaticHospitalizedOrICU":8.571213946829223e-2,
		"fractionOfPCRHospitalized":0.22952065066241575,
		"fractionOfPCRHospitalizedOrICU":0.3237284739993633,
		"fractionHospitalizedInICU":0.2910087647623265,
		"fractionOfDeathInICU":0.7541167591301501,
		"fractionDeathOfHospitalizedOrICU":0.1727521911905816,
		"fractionOfInfectionsPCRConfirmed":0.14627304932805965,
		"fractionOfDeathsReported":0.8119711120857867,
		"fractionOfHospitalizationsReported":0.7892322794473126,
		"dateContained":"",
		"dateICUOverCapacity":"",
		"dateHospitalsOverCapacity":""
	}
}