{
	"distancingLevel":0.5614285714285714,
	"id":"scenario7",
	"distancingDays":60,
	"maintain":true,
	"postDistancingLevel":1,
	"name":"Open Gradual May 1",
	"gradual":true,
	"events":{
		"herd":{
			"eventName":"herd",
			"day":1.8442985247928914e2,
			"thresholdCrossed":0.6999999999999997
		},
		"icu":{
			"eventName":"icu",
			"day":1.3221605917025389e2,
			"thresholdCrossed":1.092762664667454e-4
		},
		"hospital":{
			"eventName":"hospital",
			"day":1.5919268873056274e2,
			"thresholdCrossed":9.776012435496989e-4
		}
	},
	"summary":{
		"totalProjectedDeaths":5.710489139091277e4,
		"totalProjectedPCRConfirmed":1.013015154943571e6,
		"totalProjectedInfected":6.138073454675692e6,
		"totalInfectedFraction":0.7336969486169287,
		"fatalityRate":9.303390031511106e-3,
		"fatalityRateSymptomatic":1.329055718787301e-2,
		"fatalityRatePCR":5.6371211340953485e-2,
		"fractionOfSymptomaticHospitalized":5.9430707660874764e-2,
		"fractionOfSymptomaticHospitalizedOrICU":8.195626343926819e-2,
		"fractionOfPCRHospitalized":0.2004081269968349,
		"fractionOfPCRHospitalizedOrICU":0.27636725016377095,
		"fractionHospitalizedInICU":0.2748484964188913,
		"fractionOfDeathInICU":0.6952753155457363,
		"fractionDeathOfHospitalizedOrICU":0.16871212410472283,
		"fractionOfInfectionsPCRConfirmed":0.16503796548278585,
		"fractionOfDeathsReported":0.7951054113028907,
		"fractionOfHospitalizationsReported":0.7950423237790193,
		"dateContained":"",
		"dateICUOverCapacity":"Mon 11 May 2020 05:11:07",
		"dateHospitalsOverCapacity":"Sun 7 Jun 2020 04:37:28"
	},
	"summaryAug1":{
		"totalProjectedDeaths":4.472570931531134e4,
		"totalProjectedPCRConfirmed":9.470602455266798e5,
		"totalProjectedInfected":5.946277843154948e6,
		"totalInfectedFraction":0.710771212069463,
		"fatalityRate":7.52163126161306e-3,
		"fatalityRateSymptomatic":1.0745187516590085e-2,
		"fatalityRatePCR":4.7225833336968386e-2,
		"fractionOfSymptomaticHospitalized":5.4561346922676446e-2,
		"fractionOfSymptomaticHospitalizedOrICU":7.524130702788194e-2,
		"fractionOfPCRHospitalized":0.1906490462350294,
		"fractionOfPCRHospitalizedOrICU":0.26290926143505555,
		"fractionHospitalizedInICU":0.2748484964188911,
		"fractionOfDeathInICU":0.6850334383115011,
		"fractionDeathOfHospitalizedOrICU":0.16871212410472275,
		"fractionOfInfectionsPCRConfirmed":0.15926942374831798,
		"fractionOfDeathsReported":0.7950971022298305,
		"fractionOfHospitalizationsReported":0.7950307431023282,
		"dateContained":"",
		"dateICUOverCapacity":"Mon 11 May 2020 05:11:07",
		"dateHospitalsOverCapacity":"Sun 7 Jun 2020 04:37:28"
	}
}