{
	"distancingLevel":0.5376190476190476,
	"id":"scenario7",
	"distancingDays":60,
	"maintain":true,
	"postDistancingLevel":1,
	"name":"Open Gradual May 1",
	"gradual":true,
	"events":{
		"herd":{
			"eventName":"herd",
			"day":1.8393116147083427e2,
			"thresholdCrossed":0.6999999999999996
		},
		"icu":{
			"eventName":"icu",
			"day":1.428321512262938e2,
			"thresholdCrossed":1.3269260928104763e-4
		},
		"hospital":{
			"eventName":"hospital",
			"day":1.5882459441715693e2,
			"thresholdCrossed":9.776012435536172e-4
		}
	},
	"summary":{
		"totalProjectedDeaths":5.150517519988799e4,
		"totalProjectedPCRConfirmed":1.5491424008813193e6,
		"totalProjectedInfected":5.536172838591438e6,
		"totalInfectedFraction":0.6617504903914626,
		"fatalityRate":9.30339003162199e-3,
		"fatalityRateSymptomatic":1.3290557188031413e-2,
		"fatalityRatePCR":3.3247540813927945e-2,
		"fractionOfSymptomaticHospitalized":5.943070766106277e-2,
		"fractionOfSymptomaticHospitalizedOrICU":8.195626343952746e-2,
		"fractionOfPCRHospitalized":0.11819710884146271,
		"fractionOfPCRHospitalizedOrICU":0.16299643351458934,
		"fractionHospitalizedInICU":0.2748484964188913,
		"fractionOfDeathInICU":0.695276091924791,
		"fractionDeathOfHospitalizedOrICU":0.16871212410472283,
		"fractionOfInfectionsPCRConfirmed":0.279821899721517,
		"fractionOfDeathsReported":0.7950993692726482,
		"fractionOfHospitalizationsReported":0.7950228531262947,
		"dateContained":"",
		"dateICUOverCapacity":"Thu 21 May 2020 19:58:17",
		"dateHospitalsOverCapacity":"Sat 6 Jun 2020 19:47:24"
	},
	"summaryAug1":{
		"totalProjectedDeaths":4.203291323817406e4,
		"totalProjectedPCRConfirmed":1.4731184184011936e6,
		"totalProjectedInfected":5.388406532591731e6,
		"totalInfectedFraction":0.6440876701888477,
		"fatalityRate":7.800620273162082e-3,
		"fatalityRateSymptomatic":1.1143743247374403e-2,
		"fatalityRatePCR":2.853328877918264e-2,
		"fractionOfSymptomaticHospitalized":5.5459724752362514e-2,
		"fractionOfSymptomaticHospitalizedOrICU":7.648018997199707e-2,
		"fractionOfPCRHospitalized":0.11289425616476648,
		"fractionOfPCRHospitalizedOrICU":0.15568368210952643,
		"fractionHospitalizedInICU":0.2748484964188912,
		"fractionOfDeathInICU":0.6865463910811822,
		"fractionDeathOfHospitalizedOrICU":0.1687121241047228,
		"fractionOfInfectionsPCRConfirmed":0.27338665141374346,
		"fractionOfDeathsReported":0.7950912424579779,
		"fractionOfHospitalizationsReported":0.7950114840619702,
		"dateContained":"",
		"dateICUOverCapacity":"Thu 21 May 2020 19:58:17",
		"dateHospitalsOverCapacity":"Sat 6 Jun 2020 19:47:24"
	}
}