{
	"distancingLevel":0.6171428571428571,
	"id":"scenario7",
	"distancingDays":60,
	"maintain":true,
	"name":"Open Gradual May 10",
	"gradual":true,
	"events":{},
	"summary":{
		"totalProjectedDeaths":4.826987354247079e4,
		"totalProjectedPCRConfirmed":8.669148586652152e5,
		"totalProjectedInfected":5.188417703573693e6,
		"totalInfectedFraction":0.620182580963134,
		"fatalityRate":9.303390031458596e-3,
		"fatalityRateSymptomatic":1.3290557187797994e-2,
		"fatalityRatePCR":5.5680062534389695e-2,
		"fractionOfSymptomaticHospitalized":5.943070766074406e-2,
		"fractionOfSymptomaticHospitalizedOrICU":8.195626343908788e-2,
		"fractionOfPCRHospitalized":0.19794858615339736,
		"fractionOfPCRHospitalizedOrICU":0.2729754888128101,
		"fractionHospitalizedInICU":0.2748484964188908,
		"fractionOfDeathInICU":0.6952757024635626,
		"fractionDeathOfHospitalizedOrICU":0.1687121241047227,
		"fractionOfInfectionsPCRConfirmed":0.16708655859918514,
		"fractionOfDeathsReported":0.7951024740628669,
		"fractionOfHospitalizationsReported":0.795032672545291,
		"dateContained":"",
		"dateICUOverCapacity":"",
		"dateHospitalsOverCapacity":""
	},
	"summaryAug1":{
		"totalProjectedDeaths":1.998086150251723e4,
		"totalProjectedPCRConfirmed":5.680357151410206e5,
		"totalProjectedInfected":3.9546338762153205e6,
		"totalInfectedFraction":0.4727057812685658,
		"fatalityRate":5.052518672509677e-3,
		"fatalityRateSymptomatic":7.217883817870968e-3,
		"fatalityRatePCR":3.5175361284381174e-2,
		"fractionOfSymptomaticHospitalized":4.320986188383566e-2,
		"fractionOfSymptomaticHospitalizedOrICU":5.958735749763578e-2,
		"fractionOfPCRHospitalized":0.1673984270708125,
		"fractionOfPCRHospitalizedOrICU":0.2308461421428865,
		"fractionHospitalizedInICU":0.2748484964188909,
		"fractionOfDeathInICU":0.673637233344277,
		"fractionDeathOfHospitalizedOrICU":0.16871212410472272,
		"fractionOfInfectionsPCRConfirmed":0.1436380036486828,
		"fractionOfDeathsReported":0.7950558123214819,
		"fractionOfHospitalizationsReported":0.7949500028165699,
		"dateContained":"",
		"dateICUOverCapacity":"",
		"dateHospitalsOverCapacity":""
	}
}