{
	"distancingLevel":0.11,
	"id":"scenario3",
	"distancingDays":60,
	"maintain":false,
	"name":"Wuhan",
	"gradual":false,
	"events":{
		"herd":{
			"eventName":"herd",
			"day":2.5033406007597435e2,
			"thresholdCrossed":0.700000000000017
		},
		"icu":{
			"eventName":"icu",
			"day":2.297836378309651e2,
			"thresholdCrossed":1.561089520953505e-4
		},
		"hospital":{
			"eventName":"hospital",
			"day":2.3324800318103405e2,
			"thresholdCrossed":9.776012435604416e-4
		}
	},
	"summary":{
		"totalProjectedDeaths":7.114454198156604e4,
		"totalProjectedPCRConfirmed":2.1362806923219096e6,
		"totalProjectedInfected":6.555562747463354e6,
		"totalInfectedFraction":0.7836003299401376,
		"fatalityRate":1.0852545345416015e-2,
		"fatalityRateSymptomatic":1.5503636207737162e-2,
		"fatalityRatePCR":3.330299348642219e-2,
		"fractionOfSymptomaticHospitalized":7.317960271638281e-2,
		"fractionOfSymptomaticHospitalizedOrICU":0.10102713046425735,
		"fractionOfPCRHospitalized":0.2094804691514723,
		"fractionOfPCRHospitalizedOrICU":0.2891954848224639,
		"fractionHospitalizedInICU":0.27564405343302095,
		"fractionOfDeathInICU":0.6695907906642066,
		"fractionDeathOfHospitalizedOrICU":0.16096253763289692,
		"fractionOfInfectionsPCRConfirmed":0.3258729684417305,
		"dateContained":"Fri 12 Jun 2020 00:00:00",
		"dateICUOverCapacity":"Sun 16 Aug 2020 18:48:26",
		"dateHospitalsOverCapacity":"Thu 20 Aug 2020 05:57:07"
	},
	"summaryAug1":{
		"totalProjectedDeaths":2.3047361371298043e3,
		"totalProjectedPCRConfirmed":3.928433709679269e4,
		"totalProjectedInfected":2.364404852837559e5,
		"totalInfectedFraction":2.8262233070875366e-2,
		"fatalityRate":9.747637484180657e-3,
		"fatalityRateSymptomatic":1.392519640597237e-2,
		"fatalityRatePCR":5.866806741453124e-2,
		"fractionOfSymptomaticHospitalized":6.699503267021735e-2,
		"fractionOfSymptomaticHospitalizedOrICU":9.248910426943327e-2,
		"fractionOfPCRHospitalized":0.21818416178694078,
		"fractionOfPCRHospitalizedOrICU":0.30121125231456336,
		"fractionHospitalizedInICU":0.275644053433021,
		"fractionOfDeathInICU":0.6690141903165051,
		"fractionDeathOfHospitalizedOrICU":0.16096253763289697,
		"fractionOfInfectionsPCRConfirmed":0.16614894462615803,
		"dateContained":"Fri 12 Jun 2020 00:00:00",
		"dateICUOverCapacity":"Sun 16 Aug 2020 18:48:26",
		"dateHospitalsOverCapacity":"Thu 20 Aug 2020 05:57:07"
	}
}