{
	"distancingLevel":0.11,
	"id":"scenario3",
	"distancingDays":60,
	"maintain":false,
	"name":"Wuhan",
	"gradual":false,
	"events":{
		"herd":{
			"eventName":"herd",
			"day":2.6560777545380046e2,
			"thresholdCrossed":0.7000000000000014
		},
		"icu":{
			"eventName":"icu",
			"day":1.3224355113318435e2,
			"thresholdCrossed":1.0927626646674511e-4
		},
		"hospital":{
			"eventName":"hospital",
			"day":2.502121437067591e2,
			"thresholdCrossed":9.776012434415946e-4
		}
	},
	"summary":{
		"totalProjectedDeaths":3.3661037319520074e3,
		"totalProjectedPCRConfirmed":4.70968479436871e4,
		"totalProjectedInfected":3.7768933729431196e5,
		"totalInfectedFraction":4.514600816432033e-2,
		"fatalityRate":8.912361032127824e-3,
		"fatalityRateSymptomatic":1.2731944331611176e-2,
		"fatalityRatePCR":7.147195362154173e-2,
		"fractionOfSymptomaticHospitalized":5.8878351309227216e-2,
		"fractionOfSymptomaticHospitalizedOrICU":8.11945517846418e-2,
		"fractionOfPCRHospitalized":0.2623026283941122,
		"fractionOfPCRHospitalizedOrICU":0.3617211397876849,
		"fractionHospitalizedInICU":0.274848496418891,
		"fractionOfDeathInICU":0.6921188473418582,
		"fractionDeathOfHospitalizedOrICU":0.16871212410472275,
		"fractionOfInfectionsPCRConfirmed":0.12469731944533871,
		"fractionOfDeathsReported":0.7946261435232734,
		"fractionOfHospitalizationsReported":0.7936080777909824,
		"dateContained":"Sat 20 Jun 2020 13:41:51",
		"dateICUOverCapacity":"Mon 11 May 2020 05:50:42",
		"dateHospitalsOverCapacity":"Sun 6 Sep 2020 05:05:29"
	},
	"summaryAug1":{
		"totalProjectedDeaths":3.3661037319520074e3,
		"totalProjectedPCRConfirmed":4.70968479436871e4,
		"totalProjectedInfected":3.7768933729431196e5,
		"totalInfectedFraction":4.514600816432033e-2,
		"fatalityRate":8.912361032127824e-3,
		"fatalityRateSymptomatic":1.2731944331611176e-2,
		"fatalityRatePCR":7.147195362154173e-2,
		"fractionOfSymptomaticHospitalized":5.8878351309227216e-2,
		"fractionOfSymptomaticHospitalizedOrICU":8.11945517846418e-2,
		"fractionOfPCRHospitalized":0.2623026283941122,
		"fractionOfPCRHospitalizedOrICU":0.3617211397876849,
		"fractionHospitalizedInICU":0.274848496418891,
		"fractionOfDeathInICU":0.6921188473418582,
		"fractionDeathOfHospitalizedOrICU":0.16871212410472275,
		"fractionOfInfectionsPCRConfirmed":0.12469731944533871,
		"fractionOfDeathsReported":0.7946261435232734,
		"fractionOfHospitalizationsReported":0.7936080777909824,
		"dateContained":"Sat 20 Jun 2020 13:41:51",
		"dateICUOverCapacity":"Mon 11 May 2020 05:50:42",
		"dateHospitalsOverCapacity":"Sun 6 Sep 2020 05:05:29"
	}
}