{
	"distancingLevel":0.11,
	"id":"scenario3",
	"distancingDays":60,
	"maintain":false,
	"name":"Wuhan",
	"events":{
		"herd":{
			"eventName":"herd",
			"day":2.4298067052353107e2,
			"thresholdCrossed":0.7000000000000001
		},
		"icu":{
			"eventName":"icu",
			"day":2.234274671253033e2,
			"thresholdCrossed":1.5610895209535022e-4
		},
		"hospital":{
			"eventName":"hospital",
			"day":2.2624951903056277e2,
			"thresholdCrossed":9.776012435604134e-4
		}
	},
	"summary":{
		"totalProjectedDeaths":7.228238177558225e4,
		"totalProjectedPCRConfirmed":2.187470349218931e6,
		"totalProjectedInfected":6.990439191490738e6,
		"totalInfectedFraction":0.8355820343567281,
		"fatalityRate":1.0340177461749403e-2,
		"fatalityRateSymptomatic":1.4771682088213434e-2,
		"fatalityRatePCR":3.3043822423189304e-2,
		"fractionOfSymptomaticHospitalized":7.317960271683693e-2,
		"fractionOfPCRHospitalized":0.23130400980527102,
		"fractionHospitalizedInICU":0.27564405343302073,
		"fractionDeathOfHospitalized":0.10348064994502747,
		"fractionOfInfectionsPCRConfirmed":0.31292316395251335,
		"dateContained":"Tue 2 Jun 2020 00:00:00",
		"dateICUOverCapacity":"Mon 10 Aug 2020 10:15:33",
		"dateHospitalsOverCapacity":"Thu 13 Aug 2020 05:59:18"
	},
	"summaryAug1":{
		"totalProjectedDeaths":1.9808096402762e3,
		"totalProjectedPCRConfirmed":4.028990322246806e4,
		"totalProjectedInfected":2.712130915677817e5,
		"totalInfectedFraction":3.2418676507799914e-2,
		"fatalityRate":7.303517794166493e-3,
		"fatalityRateSymptomatic":1.0433596848809274e-2,
		"fatalityRatePCR":4.916392152492394e-2,
		"fractionOfSymptomaticHospitalized":5.5484267037134195e-2,
		"fractionOfPCRHospitalized":0.21191772048451912,
		"fractionHospitalizedInICU":0.27564405343302106,
		"fractionDeathOfHospitalized":0.16804719695789896,
		"fractionOfInfectionsPCRConfirmed":0.14855441892412777,
		"dateContained":"Tue 2 Jun 2020 00:00:00",
		"dateICUOverCapacity":"Mon 10 Aug 2020 10:15:33",
		"dateHospitalsOverCapacity":"Thu 13 Aug 2020 05:59:18"
	}
}