{
	"distancingLevel":0.11,
	"id":"scenario3",
	"distancingDays":60,
	"maintain":false,
	"name":"Wuhan",
	"gradual":false,
	"events":{},
	"summary":{
		"totalProjectedDeaths":7.191371956788792e4,
		"totalProjectedPCRConfirmed":2.185732690449605e6,
		"totalProjectedInfected":6.954794521733869e6,
		"totalInfectedFraction":0.8313213513218661,
		"fatalityRate":1.034016452149034e-2,
		"fatalityRateSymptomatic":1.4771663602129058e-2,
		"fatalityRatePCR":3.29014247177203e-2,
		"fractionOfSymptomaticHospitalized":7.317960271643602e-2,
		"fractionOfPCRHospitalized":0.23122300967147458,
		"fractionHospitalizedInICU":0.2756440534330209,
		"fractionDeathOfHospitalized":0.10307080890724438,
		"fractionOfInfectionsPCRConfirmed":0.3142771053291578,
		"dateContained":"Wed 3 Jun 2020 00:00:00",
		"dateICUOverCapacity":"",
		"dateHospitalsOverCapacity":""
	},
	"summaryAug1":{
		"totalProjectedDeaths":1.3892636787325841e3,
		"totalProjectedPCRConfirmed":2.7134653964213994e4,
		"totalProjectedInfected":1.7875776400407412e5,
		"totalInfectedFraction":2.1367294959865193e-2,
		"fatalityRate":7.771766929804072e-3,
		"fatalityRateSymptomatic":1.110252418543439e-2,
		"fatalityRatePCR":5.119887213468015e-2,
		"fractionOfSymptomaticHospitalized":5.825007023082797e-2,
		"fractionOfPCRHospitalized":0.21843035843357161,
		"fractionHospitalizedInICU":0.27564405343302106,
		"fractionDeathOfHospitalized":0.169785041576794,
		"fractionOfInfectionsPCRConfirmed":0.15179566669672348,
		"dateContained":"Wed 3 Jun 2020 00:00:00",
		"dateICUOverCapacity":"",
		"dateHospitalsOverCapacity":""
	}
}