{
	"distancingLevel":0.11,
	"id":"scenario3",
	"distancingDays":60,
	"maintain":false,
	"name":"Wuhan",
	"gradual":false,
	"events":{
		"herd":{
			"eventName":"herd",
			"day":3.1254036205255886e2,
			"thresholdCrossed":0.7000000000000003
		},
		"icu":{
			"eventName":"icu",
			"day":1.4487461575517182e2,
			"thresholdCrossed":1.0927626646674521e-4
		},
		"hospital":{
			"eventName":"hospital",
			"day":2.899234235314366e2,
			"thresholdCrossed":9.776012435604444e-4
		}
	},
	"summary":{
		"totalProjectedDeaths":3.265242681157405e3,
		"totalProjectedPCRConfirmed":5.231181854175472e4,
		"totalProjectedInfected":3.700700364532416e5,
		"totalInfectedFraction":4.423525696217736e-2,
		"fatalityRate":8.823310075172673e-3,
		"fatalityRateSymptomatic":1.2604728678818105e-2,
		"fatalityRatePCR":6.2418833299613244e-2,
		"fractionOfSymptomaticHospitalized":5.869910264254396e-2,
		"fractionOfSymptomaticHospitalizedOrICU":8.094736389935432e-2,
		"fractionOfPCRHospitalized":0.23070514621195068,
		"fractionOfPCRHospitalizedOrICU":0.3181475113443602,
		"fractionHospitalizedInICU":0.27484849641889114,
		"fractionOfDeathInICU":0.6915764578796196,
		"fractionDeathOfHospitalizedOrICU":0.16871212410472278,
		"fractionOfInfectionsPCRConfirmed":0.141356536300837,
		"fractionOfDeathsReported":0.7946482196965056,
		"fractionOfHospitalizationsReported":0.7936767808114717,
		"dateContained":"Wed 24 Jun 2020 16:06:08",
		"dateICUOverCapacity":"Sat 23 May 2020 20:59:26",
		"dateHospitalsOverCapacity":"Thu 15 Oct 2020 22:09:43"
	},
	"summaryAug1":{
		"totalProjectedDeaths":3.265242681157405e3,
		"totalProjectedPCRConfirmed":5.231181854175472e4,
		"totalProjectedInfected":3.700700364532416e5,
		"totalInfectedFraction":4.423525696217736e-2,
		"fatalityRate":8.823310075172673e-3,
		"fatalityRateSymptomatic":1.2604728678818105e-2,
		"fatalityRatePCR":6.2418833299613244e-2,
		"fractionOfSymptomaticHospitalized":5.869910264254396e-2,
		"fractionOfSymptomaticHospitalizedOrICU":8.094736389935432e-2,
		"fractionOfPCRHospitalized":0.23070514621195068,
		"fractionOfPCRHospitalizedOrICU":0.3181475113443602,
		"fractionHospitalizedInICU":0.27484849641889114,
		"fractionOfDeathInICU":0.6915764578796196,
		"fractionDeathOfHospitalizedOrICU":0.16871212410472278,
		"fractionOfInfectionsPCRConfirmed":0.141356536300837,
		"fractionOfDeathsReported":0.7946482196965056,
		"fractionOfHospitalizationsReported":0.7936767808114717,
		"dateContained":"Wed 24 Jun 2020 16:06:08",
		"dateICUOverCapacity":"Sat 23 May 2020 20:59:26",
		"dateHospitalsOverCapacity":"Thu 15 Oct 2020 22:09:43"
	}
}