{
	"distancingLevel":0.4747619047619048,
	"id":"scenario7",
	"distancingDays":60,
	"maintain":true,
	"postDistancingLevel":1,
	"name":"Open Gradual May 1",
	"gradual":true,
	"events":{
		"herd":{
			"eventName":"herd",
			"day":1.7930073062968782e2,
			"thresholdCrossed":0.6999999999996398
		},
		"icu":{
			"eventName":"icu",
			"day":1.5049675001739493e2,
			"thresholdCrossed":1.776422332622344e-4
		},
		"hospital":{
			"eventName":"hospital",
			"day":1.563320391918029e2,
			"thresholdCrossed":9.525570076091397e-4
		}
	},
	"summary":{
		"totalProjectedDeaths":3.0318279076442815e5,
		"totalProjectedPCRConfirmed":9.60555918469047e6,
		"totalProjectedInfected":3.055661103187246e7,
		"totalInfectedFraction":0.7838475992241526,
		"fatalityRate":9.922003145184833e-3,
		"fatalityRateSymptomatic":1.4174290207406907e-2,
		"fatalityRatePCR":3.156326299541695e-2,
		"fractionOfSymptomaticHospitalized":7.003009058865962e-2,
		"fractionOfSymptomaticHospitalizedOrICU":9.596035137629877e-2,
		"fractionOfPCRHospitalized":0.1850526216321833,
		"fractionOfPCRHospitalizedOrICU":0.25357263492966514,
		"fractionHospitalizedInICU":0.2702184851945389,
		"fractionOfDeathInICU":0.6541550744710627,
		"fractionDeathOfHospitalizedOrICU":0.15917210011419786,
		"fractionOfInfectionsPCRConfirmed":0.31435289648682796,
		"dateContained":"Wed 7 Oct 2020 00:00:00",
		"dateICUOverCapacity":"Fri 29 May 2020 11:55:19",
		"dateHospitalsOverCapacity":"Thu 4 Jun 2020 07:58:08"
	},
	"summaryAug1":{
		"totalProjectedDeaths":2.453119933904383e5,
		"totalProjectedPCRConfirmed":9.316510868327953e6,
		"totalProjectedInfected":3.023334263491505e7,
		"totalInfectedFraction":0.7755550187218253,
		"fatalityRate":8.113955388682002e-3,
		"fatalityRateSymptomatic":1.159136484097429e-2,
		"fatalityRatePCR":2.6330886837087408e-2,
		"fractionOfSymptomaticHospitalized":6.611239848398819e-2,
		"fractionOfSymptomaticHospitalizedOrICU":9.059204315638474e-2,
		"fractionOfPCRHospitalized":0.177946656890146,
		"fractionOfPCRHospitalizedOrICU":0.2438355223858765,
		"fractionHospitalizedInICU":0.27021848519453867,
		"fractionOfDeathInICU":0.657796420899934,
		"fractionDeathOfHospitalizedOrICU":0.15917210011419777,
		"fractionOfInfectionsPCRConfirmed":0.30815351715588196,
		"dateContained":"Wed 7 Oct 2020 00:00:00",
		"dateICUOverCapacity":"Fri 29 May 2020 11:55:19",
		"dateHospitalsOverCapacity":"Thu 4 Jun 2020 07:58:08"
	}
}