{
	"distancingLevel":0.49523809523809514,
	"id":"scenario7",
	"distancingDays":60,
	"maintain":true,
	"postDistancingLevel":1,
	"name":"Open Gradual May 1",
	"gradual":true,
	"events":{},
	"summary":{
		"totalProjectedDeaths":2.5773320364218618e5,
		"totalProjectedPCRConfirmed":4.777583584607303e6,
		"totalProjectedInfected":3.0056094117390554e7,
		"totalInfectedFraction":0.7710081851484719,
		"fatalityRate":8.575073082868107e-3,
		"fatalityRateSymptomatic":1.2250104404097297e-2,
		"fatalityRatePCR":5.394635155574588e-2,
		"fractionOfSymptomaticHospitalized":5.6872922053818255e-2,
		"fractionOfSymptomaticHospitalizedOrICU":7.784762189092995e-2,
		"fractionOfPCRHospitalized":0.19271013326011954,
		"fractionOfPCRHospitalizedOrICU":0.2637815158220329,
		"fractionHospitalizedInICU":0.26943276271815647,
		"fractionOfDeathInICU":0.6961590625148263,
		"fractionDeathOfHospitalizedOrICU":0.1673581906795391,
		"fractionOfInfectionsPCRConfirmed":0.15895557040603547,
		"fractionOfDeathsReported":0.7695245549858292,
		"fractionOfHospitalizationsReported":0.7694434752622281,
		"dateContained":"",
		"dateICUOverCapacity":"",
		"dateHospitalsOverCapacity":""
	},
	"summaryAug1":{
		"totalProjectedDeaths":1.8723209106753842e5,
		"totalProjectedPCRConfirmed":4.425646880406215e6,
		"totalProjectedInfected":2.9099657150711175e7,
		"totalInfectedFraction":0.7464733694465973,
		"fatalityRate":6.4341682823903165e-3,
		"fatalityRateSymptomatic":9.19166897484331e-3,
		"fatalityRatePCR":4.230615232690075e-2,
		"fractionOfSymptomaticHospitalized":5.076895240460063e-2,
		"fractionOfSymptomaticHospitalizedOrICU":6.949251186446867e-2,
		"fractionOfPCRHospitalized":0.17979324259855411,
		"fractionOfPCRHospitalizedOrICU":0.2461008835647965,
		"fractionHospitalizedInICU":0.26943276271815625,
		"fractionOfDeathInICU":0.6814860737824693,
		"fractionDeathOfHospitalizedOrICU":0.16735819067953905,
		"fractionOfInfectionsPCRConfirmed":0.15208587707701068,
		"fractionOfDeathsReported":0.7695095843512813,
		"fractionOfHospitalizationsReported":0.7694244977353234,
		"dateContained":"",
		"dateICUOverCapacity":"",
		"dateHospitalsOverCapacity":""
	}
}