{
	"distancingLevel":0.4747619047619048,
	"id":"scenario7",
	"distancingDays":60,
	"maintain":true,
	"postDistancingLevel":1,
	"name":"Open Gradual May 1",
	"gradual":true,
	"events":{
		"herd":{
			"eventName":"herd",
			"day":1.857582962235336e2,
			"thresholdCrossed":0.7000000000000003
		},
		"icu":{
			"eventName":"icu",
			"day":1.5910116093693284e2,
			"thresholdCrossed":1.7764223326223436e-4
		},
		"hospital":{
			"eventName":"hospital",
			"day":1.6377062449706864e2,
			"thresholdCrossed":9.525570076091422e-4
		}
	},
	"summary":{
		"totalProjectedDeaths":3.5095307161416713e5,
		"totalProjectedPCRConfirmed":9.402694612819597e6,
		"totalProjectedInfected":2.9534516278611522e7,
		"totalInfectedFraction":0.7576285097548551,
		"fatalityRate":1.1882810888232571e-2,
		"fatalityRateSymptomatic":1.6975444126046534e-2,
		"fatalityRatePCR":3.732473360728733e-2,
		"fractionOfSymptomaticHospitalized":7.003009058865982e-2,
		"fractionOfSymptomaticHospitalizedOrICU":9.596035137629902e-2,
		"fractionOfPCRHospitalized":0.18437039130310195,
		"fractionOfPCRHospitalizedOrICU":0.25263779304172934,
		"fractionHospitalizedInICU":0.27021848519453884,
		"fractionOfDeathInICU":0.5462086348048519,
		"fractionDeathOfHospitalizedOrICU":0.14774010316470043,
		"fractionOfInfectionsPCRConfirmed":0.318362912198054,
		"dateContained":"Wed 14 Oct 2020 00:00:00",
		"dateICUOverCapacity":"Sun 7 Jun 2020 02:25:40",
		"dateHospitalsOverCapacity":"Thu 11 Jun 2020 18:29:41"
	},
	"summaryAug1":{
		"totalProjectedDeaths":2.568302150729135e5,
		"totalProjectedPCRConfirmed":8.933261549257852e6,
		"totalProjectedInfected":2.8963960555549946e7,
		"totalInfectedFraction":0.742992438585872,
		"fatalityRate":8.867233974453843e-3,
		"fatalityRateSymptomatic":1.2667477106362634e-2,
		"fatalityRatePCR":2.8749881961560853e-2,
		"fractionOfSymptomaticHospitalized":6.394014173306842e-2,
		"fractionOfSymptomaticHospitalizedOrICU":8.761545810065222e-2,
		"fractionOfPCRHospitalized":0.17351268092852476,
		"fractionOfPCRHospitalizedOrICU":0.23775976426969134,
		"fractionHospitalizedInICU":0.27021848519453856,
		"fractionOfDeathInICU":0.5503130237422872,
		"fractionDeathOfHospitalizedOrICU":0.1209198791472127,
		"fractionOfInfectionsPCRConfirmed":0.3084267958494406,
		"dateContained":"Wed 14 Oct 2020 00:00:00",
		"dateICUOverCapacity":"Sun 7 Jun 2020 02:25:40",
		"dateHospitalsOverCapacity":"Thu 11 Jun 2020 18:29:41"
	}
}