{
	"distancingLevel":0.5950369513571429,
	"id":"scenario7",
	"distancingDays":60,
	"maintain":true,
	"postDistancingLevel":1,
	"name":"Open Gradual May 1",
	"gradual":true,
	"events":{
		"herd":{
			"eventName":"herd",
			"day":1.8371327890737564e2,
			"thresholdCrossed":0.7
		},
		"icu":{
			"eventName":"icu",
			"day":1.488402413452924e2,
			"thresholdCrossed":1.243495632835642e-4
		},
		"hospital":{
			"eventName":"hospital",
			"day":1.6138802004880955e2,
			"thresholdCrossed":9.525570076091411e-4
		}
	},
	"summary":{
		"totalProjectedDeaths":2.3440322163797187e5,
		"totalProjectedPCRConfirmed":7.454877348675034e6,
		"totalProjectedInfected":2.7335419697570913e7,
		"totalInfectedFraction":0.7012166068212236,
		"fatalityRate":8.575073082152145e-3,
		"fatalityRateSymptomatic":1.2250104403074493e-2,
		"fatalityRatePCR":3.144293469558325e-2,
		"fractionOfSymptomaticHospitalized":5.687292205265581e-2,
		"fractionOfSymptomaticHospitalizedOrICU":7.784762188933882e-2,
		"fractionOfPCRHospitalized":0.11232085925741295,
		"fractionOfPCRHospitalizedOrICU":0.15374472536616218,
		"fractionHospitalizedInICU":0.26943276271815664,
		"fractionOfDeathInICU":0.6961594723796963,
		"fractionDeathOfHospitalizedOrICU":0.16735819067953916,
		"fractionOfInfectionsPCRConfirmed":0.27271859847600916,
		"fractionOfDeathsReported":0.7695219761016309,
		"fractionOfHospitalizationsReported":0.7694343863661038,
		"dateContained":"",
		"dateICUOverCapacity":"Wed 27 May 2020 20:09:56",
		"dateHospitalsOverCapacity":"Tue 9 Jun 2020 09:18:44"
	},
	"summaryAug1":{
		"totalProjectedDeaths":1.9063218476153794e5,
		"totalProjectedPCRConfirmed":7.129013920899778e6,
		"totalProjectedInfected":2.6713949005511418e7,
		"totalInfectedFraction":0.6852744491830322,
		"fatalityRate":7.136054078796368e-3,
		"fatalityRateSymptomatic":1.0194362969709098e-2,
		"fatalityRatePCR":2.6740329991876016e-2,
		"fractionOfSymptomaticHospitalized":5.3018853766619065e-2,
		"fractionOfSymptomaticHospitalizedOrICU":7.257217551102016e-2,
		"fractionOfPCRHospitalized":0.10700435028582275,
		"fractionOfPCRHospitalizedOrICU":0.14646749104701748,
		"fractionHospitalizedInICU":0.26943276271815647,
		"fractionOfDeathInICU":0.6864168547475197,
		"fractionDeathOfHospitalizedOrICU":0.1673581906795391,
		"fractionOfInfectionsPCRConfirmed":0.2668648472537315,
		"fractionOfDeathsReported":0.7695122551338721,
		"fractionOfHospitalizationsReported":0.7694216993667067,
		"dateContained":"",
		"dateICUOverCapacity":"Wed 27 May 2020 20:09:56",
		"dateHospitalsOverCapacity":"Tue 9 Jun 2020 09:18:44"
	}
}