{
	"distancingLevel":0.4747619047619048,
	"id":"scenario7",
	"distancingDays":60,
	"maintain":true,
	"postDistancingLevel":1,
	"name":"Open Gradual May 1",
	"gradual":true,
	"events":{},
	"summary":{
		"totalProjectedDeaths":2.97261550049216e5,
		"totalProjectedPCRConfirmed":7.970918507485945e6,
		"totalProjectedInfected":2.809267003989622e7,
		"totalInfectedFraction":0.7206418258752681,
		"fatalityRate":1.058146305164499e-2,
		"fatalityRateSymptomatic":1.511637578806427e-2,
		"fatalityRatePCR":3.729326172009421e-2,
		"fractionOfSymptomaticHospitalized":7.003009058867257e-2,
		"fractionOfSymptomaticHospitalizedOrICU":9.596035137631649e-2,
		"fractionOfPCRHospitalized":0.13293750432941825,
		"fractionOfPCRHospitalizedOrICU":0.18216069005920982,
		"fractionHospitalizedInICU":0.2702184851945389,
		"fractionOfDeathInICU":0.6974494487374782,
		"fractionDeathOfHospitalizedOrICU":0.16755462129863474,
		"fractionOfInfectionsPCRConfirmed":0.28373659378641924,
		"fractionOfDeathsReported":0.7695300828472333,
		"fractionOfHospitalizationsReported":0.7694495394322399,
		"dateContained":"",
		"dateICUOverCapacity":"",
		"dateHospitalsOverCapacity":""
	},
	"summaryAug1":{
		"totalProjectedDeaths":2.178392037470824e5,
		"totalProjectedPCRConfirmed":7.504584485811259e6,
		"totalProjectedInfected":2.7318395543562207e7,
		"totalInfectedFraction":0.7007798979782622,
		"fatalityRate":7.974084839635392e-3,
		"fatalityRateSymptomatic":1.1391549770907703e-2,
		"fatalityRatePCR":2.90274836879971e-2,
		"fractionOfSymptomaticHospitalized":6.319626510525417e-2,
		"fractionOfSymptomaticHospitalizedOrICU":8.659614394604181e-2,
		"fractionOfPCRHospitalized":0.12390507478055117,
		"fractionOfPCRHospitalizedOrICU":0.1697837945560743,
		"fractionHospitalizedInICU":0.27021848519453856,
		"fractionOfDeathInICU":0.6752040055609462,
		"fractionDeathOfHospitalizedOrICU":0.16755462129863463,
		"fractionOfInfectionsPCRConfirmed":0.27470809820600073,
		"fractionOfDeathsReported":0.7695176028259592,
		"fractionOfHospitalizationsReported":0.7694335234695834,
		"dateContained":"",
		"dateICUOverCapacity":"",
		"dateHospitalsOverCapacity":""
	}
}