{
	"distancingLevel":0.5350136855714286,
	"id":"scenario7",
	"distancingDays":60,
	"maintain":true,
	"postDistancingLevel":1,
	"name":"Open Gradual May 1",
	"gradual":true,
	"events":{
		"herd":{
			"eventName":"herd",
			"day":1.933276240208962e2,
			"thresholdCrossed":0.6999999999999946
		},
		"icu":{
			"eventName":"icu",
			"day":1.6644677164395168e2,
			"thresholdCrossed":1.4609264828649302e-4
		},
		"hospital":{
			"eventName":"hospital",
			"day":1.7753952680611403e2,
			"thresholdCrossed":1.4054736240556897e-3
		}
	},
	"summary":{
		"totalProjectedDeaths":9.158487185928649e4,
		"totalProjectedPCRConfirmed":2.4467430182098276e6,
		"totalProjectedInfected":8.371070097191556e6,
		"totalInfectedFraction":0.7210375564474875,
		"fatalityRate":1.094064089727461e-2,
		"fatalityRateSymptomatic":1.5629486996106588e-2,
		"fatalityRatePCR":3.743134083868564e-2,
		"fractionOfSymptomaticHospitalized":6.25026526204227e-2,
		"fractionOfSymptomaticHospitalizedOrICU":8.754825415861048e-2,
		"fractionOfPCRHospitalized":0.1210018621517282,
		"fractionOfPCRHospitalizedOrICU":0.16948883506846915,
		"fractionHospitalizedInICU":0.2860776811472776,
		"fractionOfDeathInICU":0.7422468231536827,
		"fractionDeathOfHospitalizedOrICU":0.17151942028681938,
		"fractionOfInfectionsPCRConfirmed":0.29228557278844136,
		"fractionOfDeathsReported":0.8084512691761202,
		"fractionOfHospitalizationsReported":0.8083565166487425,
		"dateContained":"",
		"dateICUOverCapacity":"Sun 14 Jun 2020 10:43:21",
		"dateHospitalsOverCapacity":"Thu 25 Jun 2020 12:56:55"
	},
	"summaryAug1":{
		"totalProjectedDeaths":6.291086843786331e4,
		"totalProjectedPCRConfirmed":2.2587326897535124e6,
		"totalProjectedInfected":8.057946966298875e6,
		"totalInfectedFraction":0.6940668663750449,
		"fatalityRate":7.807307332870066e-3,
		"fatalityRateSymptomatic":1.1153296189814381e-2,
		"fatalityRatePCR":2.7852285807546596e-2,
		"fractionOfSymptomaticHospitalized":5.4761169227950594e-2,
		"fractionOfSymptomaticHospitalizedOrICU":7.670466069186926e-2,
		"fractionOfPCRHospitalized":0.11054002413966628,
		"fractionOfPCRHospitalizedOrICU":0.1548348065617345,
		"fractionHospitalizedInICU":0.28607768114727733,
		"fractionOfDeathInICU":0.7264832015968358,
		"fractionDeathOfHospitalizedOrICU":0.17151942028681932,
		"fractionOfInfectionsPCRConfirmed":0.28031118834615254,
		"fractionOfDeathsReported":0.8084318373557009,
		"fractionOfHospitalizationsReported":0.8083310012564501,
		"dateContained":"",
		"dateICUOverCapacity":"Sun 14 Jun 2020 10:43:21",
		"dateHospitalsOverCapacity":"Thu 25 Jun 2020 12:56:55"
	}
}