{
	"distancingLevel":0.669047619047619,
	"id":"scenario7",
	"distancingDays":60,
	"maintain":true,
	"postDistancingLevel":1,
	"name":"Open Gradual May 1",
	"gradual":true,
	"events":{
		"herd":{
			"eventName":"herd",
			"day":1.79764565707473e2,
			"thresholdCrossed":0.7000000000000033
		},
		"icu":{
			"eventName":"icu",
			"day":1.3651461042527288e2,
			"thresholdCrossed":1.4609264828648435e-4
		},
		"hospital":{
			"eventName":"hospital",
			"day":1.6063940952435743e2,
			"thresholdCrossed":1.4054736240556914e-3
		}
	},
	"summary":{
		"totalProjectedDeaths":9.918291422467305e4,
		"totalProjectedPCRConfirmed":1.5289750257418475e6,
		"totalProjectedInfected":9.06554882374596e6,
		"totalInfectedFraction":0.7808561027248083,
		"fatalityRate":1.0940640898086284e-2,
		"fatalityRateSymptomatic":1.562948699726612e-2,
		"fatalityRatePCR":6.486889095951728e-2,
		"fractionOfSymptomaticHospitalized":6.250265262136481e-2,
		"fractionOfSymptomaticHospitalizedOrICU":8.754825415993013e-2,
		"fractionOfPCRHospitalized":0.2097075094217194,
		"fractionOfPCRHospitalizedOrICU":0.2937399544515161,
		"fractionHospitalizedInICU":0.28607768114727755,
		"fractionOfDeathInICU":0.7422453874637565,
		"fractionDeathOfHospitalizedOrICU":0.17151942028681938,
		"fractionOfInfectionsPCRConfirmed":0.16865774543477252,
		"fractionOfDeathsReported":0.8084659222935269,
		"fractionOfHospitalizationsReported":0.8083953070433058,
		"dateContained":"",
		"dateICUOverCapacity":"Fri 15 May 2020 12:21:02",
		"dateHospitalsOverCapacity":"Mon 8 Jun 2020 15:20:44"
	},
	"summaryAug1":{
		"totalProjectedDeaths":8.198753419787533e4,
		"totalProjectedPCRConfirmed":1.4589346913159688e6,
		"totalProjectedInfected":8.888671597504925e6,
		"totalInfectedFraction":0.7656208793281206,
		"fatalityRate":9.223823076205161e-3,
		"fatalityRateSymptomatic":1.317689010886452e-2,
		"fatalityRatePCR":5.619685013036603e-2,
		"fractionOfSymptomaticHospitalized":5.860767679480075e-2,
		"fractionOfSymptomaticHospitalizedOrICU":8.209251237443262e-2,
		"fractionOfPCRHospitalized":0.20205643925044608,
		"fractionOfPCRHospitalizedOrICU":0.2830230039245054,
		"fractionHospitalizedInICU":0.2860776811472774,
		"fractionOfDeathInICU":0.7340046272198358,
		"fractionDeathOfHospitalizedOrICU":0.17151942028681932,
		"fractionOfInfectionsPCRConfirmed":0.16413416507878362,
		"fractionOfDeathsReported":0.8084600539251123,
		"fractionOfHospitalizationsReported":0.8083866621695842,
		"dateContained":"",
		"dateICUOverCapacity":"Fri 15 May 2020 12:21:02",
		"dateHospitalsOverCapacity":"Mon 8 Jun 2020 15:20:44"
	}
}