{
	"distancingLevel":0.49523809523809514,
	"id":"scenario6",
	"distancingDays":6,
	"maintain":true,
	"postDistancingLevel":1,
	"name":"Open May 1",
	"gradual":false,
	"events":{
		"herd":{
			"eventName":"herd",
			"day":1.7073901069092383e2,
			"thresholdCrossed":0.7000000000000023
		},
		"icu":{
			"eventName":"icu",
			"day":1.4769156426680735e2,
			"thresholdCrossed":1.2434956328356397e-4
		},
		"hospital":{
			"eventName":"hospital",
			"day":1.5514959148938567e2,
			"thresholdCrossed":9.525570076091417e-4
		}
	},
	"summary":{
		"totalProjectedDeaths":2.649613708262803e5,
		"totalProjectedPCRConfirmed":4.860457742196552e6,
		"totalProjectedInfected":3.089902188184557e7,
		"totalInfectedFraction":0.7926312278281156,
		"fatalityRate":8.575073082878262e-3,
		"fatalityRateSymptomatic":1.22501044041118e-2,
		"fatalityRatePCR":5.451366617715685e-2,
		"fractionOfSymptomaticHospitalized":5.6872922053828816e-2,
		"fractionOfSymptomaticHospitalizedOrICU":7.784762189094437e-2,
		"fractionOfPCRHospitalized":0.19473756014376029,
		"fractionOfPCRHospitalizedOrICU":0.26655665653486305,
		"fractionHospitalizedInICU":0.26943276271815625,
		"fractionOfDeathInICU":0.6961589219429147,
		"fractionDeathOfHospitalizedOrICU":0.16735819067953905,
		"fractionOfInfectionsPCRConfirmed":0.15730134632683207,
		"fractionOfDeathsReported":0.7695256395872128,
		"fractionOfHospitalizationsReported":0.7694467717248903,
		"dateContained":"",
		"dateICUOverCapacity":"Tue 26 May 2020 16:35:51",
		"dateHospitalsOverCapacity":"Wed 3 Jun 2020 03:35:24"
	},
	"summaryAug1":{
		"totalProjectedDeaths":2.4653277256232387e5,
		"totalProjectedPCRConfirmed":4.810264631180911e6,
		"totalProjectedInfected":3.0798246551221073e7,
		"totalInfectedFraction":0.7900461080028627,
		"fatalityRate":8.004766510077485e-3,
		"fatalityRateSymptomatic":1.1435380728682124e-2,
		"fatalityRatePCR":5.125139497820113e-2,
		"fractionOfSymptomaticHospitalized":5.5736822745790865e-2,
		"fractionOfSymptomaticHospitalizedOrICU":7.629252983362063e-2,
		"fractionOfPCRHospitalized":0.19220924752015767,
		"fractionOfPCRHospitalizedOrICU":0.26309590371899705,
		"fractionHospitalizedInICU":0.2694327627181562,
		"fractionOfDeathInICU":0.691577547875411,
		"fractionDeathOfHospitalizedOrICU":0.16735819067953905,
		"fractionOfInfectionsPCRConfirmed":0.15618631480142484,
		"fractionOfDeathsReported":0.7695227487077834,
		"fractionOfHospitalizationsReported":0.7694439834005538,
		"dateContained":"",
		"dateICUOverCapacity":"Tue 26 May 2020 16:35:51",
		"dateHospitalsOverCapacity":"Wed 3 Jun 2020 03:35:24"
	}
}