{
	"distancingLevel":0.4747619047619048,
	"id":"scenario6",
	"distancingDays":4,
	"maintain":true,
	"postDistancingLevel":1,
	"name":"Open May 1",
	"gradual":false,
	"events":{
		"herd":{
			"eventName":"herd",
			"day":1.633759995834842e2,
			"thresholdCrossed":0.6999999999999995
		},
		"icu":{
			"eventName":"icu",
			"day":1.432540215315316e2,
			"thresholdCrossed":1.2434956328356318e-4
		},
		"hospital":{
			"eventName":"hospital",
			"day":1.4764183337226856e2,
			"thresholdCrossed":9.525570076091387e-4
		}
	},
	"summary":{
		"totalProjectedDeaths":2.455304195380473e5,
		"totalProjectedPCRConfirmed":7.605730083533709e6,
		"totalProjectedInfected":2.8633041044078358e7,
		"totalInfectedFraction":0.7345035893370835,
		"fatalityRate":8.575073082879048e-3,
		"fatalityRateSymptomatic":1.2250104404112927e-2,
		"fatalityRatePCR":3.22822946438261e-2,
		"fractionOfSymptomaticHospitalized":5.687292205383111e-2,
		"fractionOfSymptomaticHospitalizedOrICU":7.78476218909475e-2,
		"fractionOfPCRHospitalized":0.11532147121909679,
		"fractionOfPCRHospitalizedOrICU":0.15785196123516734,
		"fractionHospitalizedInICU":0.269432762718156,
		"fractionOfDeathInICU":0.6961588416716394,
		"fractionDeathOfHospitalizedOrICU":0.167358190679539,
		"fractionOfInfectionsPCRConfirmed":0.26562774355072083,
		"fractionOfDeathsReported":0.7695276846309095,
		"fractionOfHospitalizationsReported":0.7694493285997422,
		"dateContained":"",
		"dateICUOverCapacity":"Fri 22 May 2020 06:05:47",
		"dateHospitalsOverCapacity":"Tue 26 May 2020 15:24:14"
	},
	"summaryAug1":{
		"totalProjectedDeaths":2.36493568716663e5,
		"totalProjectedPCRConfirmed":7.573084902535309e6,
		"totalProjectedInfected":2.858482043481136e7,
		"totalInfectedFraction":0.7332666194136965,
		"fatalityRate":8.273397037983656e-3,
		"fatalityRateSymptomatic":1.1819138625690936e-2,
		"fatalityRatePCR":3.122816814551887e-2,
		"fractionOfSymptomaticHospitalized":5.631275552415686e-2,
		"fractionOfSymptomaticHospitalizedOrICU":7.708086627820143e-2,
		"fractionOfPCRHospitalized":0.11448451021582577,
		"fractionOfPCRHospitalizedOrICU":0.1567063295115424,
		"fractionHospitalizedInICU":0.26943276271815625,
		"fractionOfDeathInICU":0.693619772419178,
		"fractionDeathOfHospitalizedOrICU":0.16735819067953905,
		"fractionOfInfectionsPCRConfirmed":0.26493379308804765,
		"fractionOfDeathsReported":0.7695262849946373,
		"fractionOfHospitalizationsReported":0.7694479889017798,
		"dateContained":"",
		"dateICUOverCapacity":"Fri 22 May 2020 06:05:47",
		"dateHospitalsOverCapacity":"Tue 26 May 2020 15:24:14"
	}
}