{
	"distancingLevel":0.5085714285714286,
	"id":"scenario6",
	"distancingDays":4,
	"maintain":true,
	"name":"Open May 1",
	"gradual":false,
	"events":{
		"herd":{
			"eventName":"herd",
			"day":1.7143537622181165e2,
			"thresholdCrossed":0.7000000000000021
		},
		"icu":{
			"eventName":"icu",
			"day":1.518598463567944e2,
			"thresholdCrossed":1.2434956328356362e-4
		},
		"hospital":{
			"eventName":"hospital",
			"day":1.5716140167698876e2,
			"thresholdCrossed":9.525570076091427e-4
		}
	},
	"summary":{
		"totalProjectedDeaths":2.7365431924096396e5,
		"totalProjectedPCRConfirmed":5.062428577573366e6,
		"totalProjectedInfected":3.1912768159091767e7,
		"totalInfectedFraction":0.8186361596189157,
		"fatalityRate":8.575073082872049e-3,
		"fatalityRateSymptomatic":1.2250104404102928e-2,
		"fatalityRatePCR":5.405593679943588e-2,
		"fractionOfSymptomaticHospitalized":5.687292205382135e-2,
		"fractionOfSymptomaticHospitalizedOrICU":7.78476218909342e-2,
		"fractionOfPCRHospitalized":0.19310816059553743,
		"fractionOfPCRHospitalizedOrICU":0.26432633540208805,
		"fractionHospitalizedInICU":0.2694327627181565,
		"fractionOfDeathInICU":0.6961579740716742,
		"fractionDeathOfHospitalizedOrICU":0.16735819067953914,
		"fractionOfInfectionsPCRConfirmed":0.15863332670911248,
		"fractionOfDeathsReported":0.7695344263072404,
		"fractionOfHospitalizationsReported":0.769469618121556,
		"dateContained":"",
		"dateICUOverCapacity":"Sat 30 May 2020 20:38:10",
		"dateHospitalsOverCapacity":"Fri 5 Jun 2020 03:52:25"
	},
	"summaryAug1":{
		"totalProjectedDeaths":2.5469314670060572e5,
		"totalProjectedPCRConfirmed":5.01663044749887e6,
		"totalProjectedInfected":3.1832152002487987e7,
		"totalInfectedFraction":0.8165681691357224,
		"fatalityRate":8.001128754370708e-3,
		"fatalityRateSymptomatic":1.1430183934815298e-2,
		"fatalityRatePCR":5.0769764559314416e-2,
		"fractionOfSymptomaticHospitalized":5.578073021854281e-2,
		"fractionOfSymptomaticHospitalizedOrICU":7.635263035621637e-2,
		"fractionOfPCRHospitalized":0.190645438169839,
		"fractionOfPCRHospitalizedOrICU":0.2609553624101136,
		"fractionHospitalizedInICU":0.26943276271815647,
		"fractionOfDeathInICU":0.6914103148856077,
		"fractionDeathOfHospitalizedOrICU":0.1673581906795391,
		"fractionOfInfectionsPCRConfirmed":0.15759633364111772,
		"fractionOfDeathsReported":0.7695322013299669,
		"fractionOfHospitalizationsReported":0.7694675194733253,
		"dateContained":"",
		"dateICUOverCapacity":"Sat 30 May 2020 20:38:10",
		"dateHospitalsOverCapacity":"Fri 5 Jun 2020 03:52:25"
	}
}