{
	"distancingLevel":1,
	"id":"scenario4",
	"distancingDays":90,
	"maintain":false,
	"name":"Normal",
	"events":{
		"herd":{
			"eventName":"herd",
			"day":1.4133660156806803e2,
			"thresholdCrossed":0.7000000000000005
		},
		"icu":{
			"eventName":"icu",
			"day":1.2098704467278309e2,
			"thresholdCrossed":2.087037832664182e-4
		},
		"hospital":{
			"eventName":"hospital",
			"day":1.2595263220714946e2,
			"thresholdCrossed":1.405473624055691e-3
		}
	},
	"summary":{
		"totalProjectedDeaths":1.2313816365831537e5,
		"totalProjectedPCRConfirmed":2.5106575360095385e6,
		"totalProjectedInfected":9.84444770366991e6,
		"totalInfectedFraction":0.8479461328618715,
		"fatalityRate":1.2508387201082974e-2,
		"fatalityRateSymptomatic":1.7869124572975677e-2,
		"fatalityRatePCR":4.904618088774953e-2,
		"fractionOfSymptomaticHospitalized":7.696222151138848e-2,
		"fractionOfPCRHospitalized":0.25362343415778105,
		"fractionHospitalizedInICU":0.28689288206918456,
		"fractionDeathOfHospitalized":0.13790200741709926,
		"fractionOfInfectionsPCRConfirmed":0.25503284811738003,
		"dateContained":"Sat 15 Aug 2020 00:00:00",
		"dateICUOverCapacity":"Wed 29 Apr 2020 23:41:20",
		"dateHospitalsOverCapacity":"Mon 4 May 2020 22:51:47"
	},
	"summaryAug1":{
		"totalProjectedDeaths":1.2232153314759725e5,
		"totalProjectedPCRConfirmed":2.5098140954914987e6,
		"totalProjectedInfected":9.843751220732706e6,
		"totalInfectedFraction":0.8478861416840032,
		"fatalityRate":1.24263129374873e-2,
		"fatalityRateSymptomatic":1.7751875624981858e-2,
		"fatalityRatePCR":4.873728829849564e-2,
		"fractionOfSymptomaticHospitalized":7.69270634487587e-2,
		"fractionOfPCRHospitalized":0.2535464534271603,
		"fractionHospitalizedInICU":0.28689288206918456,
		"fractionDeathOfHospitalized":0.1370751068473849,
		"fractionOfInfectionsPCRConfirmed":0.2549652098282797,
		"dateContained":"Sat 15 Aug 2020 00:00:00",
		"dateICUOverCapacity":"Wed 29 Apr 2020 23:41:20",
		"dateHospitalsOverCapacity":"Mon 4 May 2020 22:51:47"
	}
}