{
	"distancingLevel":1,
	"id":"scenario4",
	"distancingDays":90,
	"maintain":false,
	"name":"Normal",
	"gradual":false,
	"events":{
		"herd":{
			"eventName":"herd",
			"day":1.6524207831448282e2,
			"thresholdCrossed":0.7000000000000159
		},
		"icu":{
			"eventName":"icu",
			"day":1.433645315870508e2,
			"thresholdCrossed":1.4609264828649272e-4
		},
		"hospital":{
			"eventName":"hospital",
			"day":1.5078067829056988e2,
			"thresholdCrossed":1.40547362405569e-3
		}
	},
	"summary":{
		"totalProjectedDeaths":9.289128661369173e4,
		"totalProjectedPCRConfirmed":2.374537812135876e6,
		"totalProjectedInfected":8.49047944071551e6,
		"totalInfectedFraction":0.7313228151147629,
		"fatalityRate":1.0940640898114416e-2,
		"fatalityRateSymptomatic":1.562948699730631e-2,
		"fatalityRatePCR":3.911973359149704e-2,
		"fractionOfSymptomaticHospitalized":6.250265262139486e-2,
		"fractionOfSymptomaticHospitalizedOrICU":8.754825415997221e-2,
		"fractionOfPCRHospitalized":0.12646012194538836,
		"fractionOfPCRHospitalizedOrICU":0.17713428843156284,
		"fractionHospitalizedInICU":0.2860776811472775,
		"fractionOfDeathInICU":0.7422467506354236,
		"fractionDeathOfHospitalizedOrICU":0.17151942028681938,
		"fractionOfInfectionsPCRConfirmed":0.2796706391807444,
		"fractionOfDeathsReported":0.8084518688599018,
		"fractionOfHospitalizationsReported":0.8083584490765698,
		"dateContained":"",
		"dateICUOverCapacity":"Fri 22 May 2020 08:44:55",
		"dateHospitalsOverCapacity":"Fri 29 May 2020 18:44:10"
	},
	"summaryAug1":{
		"totalProjectedDeaths":8.877081538003635e4,
		"totalProjectedPCRConfirmed":2.360767907242635e6,
		"totalProjectedInfected":8.471263316047516e6,
		"totalInfectedFraction":0.7296676446987788,
		"fatalityRate":1.0479052777390781e-2,
		"fatalityRateSymptomatic":1.4970075396272545e-2,
		"fatalityRatePCR":3.7602517006307595e-2,
		"fractionOfSymptomaticHospitalized":6.1744762092275994e-2,
		"fractionOfSymptomaticHospitalizedOrICU":8.648666733307929e-2,
		"fractionOfPCRHospitalized":0.12537067724448572,
		"fractionOfPCRHospitalizedOrICU":0.17560828949283605,
		"fractionHospitalizedInICU":0.28607768114727733,
		"fractionOfDeathInICU":0.7395592504223867,
		"fractionDeathOfHospitalizedOrICU":0.17151942028681932,
		"fractionOfInfectionsPCRConfirmed":0.2786795568933054,
		"fractionOfDeathsReported":0.8084499177786995,
		"fractionOfHospitalizationsReported":0.8083564754087981,
		"dateContained":"",
		"dateICUOverCapacity":"Fri 22 May 2020 08:44:55",
		"dateHospitalsOverCapacity":"Fri 29 May 2020 18:44:10"
	}
}