{
	"distancingLevel":1,
	"id":"scenario4",
	"distancingDays":90,
	"maintain":false,
	"name":"Normal",
	"gradual":false,
	"events":{},
	"summary":{
		"totalProjectedDeaths":1.050716961126624e5,
		"totalProjectedPCRConfirmed":1.5828266712371819e6,
		"totalProjectedInfected":9.603797171712259e6,
		"totalInfectedFraction":0.8272178305652814,
		"fatalityRate":1.094064089797194e-2,
		"fatalityRateSymptomatic":1.5629486997102773e-2,
		"fatalityRatePCR":6.638231337770888e-2,
		"fractionOfSymptomaticHospitalized":6.250265262127983e-2,
		"fractionOfSymptomaticHospitalizedOrICU":8.754825415981106e-2,
		"fractionOfPCRHospitalized":0.21460155336594122,
		"fractionOfPCRHospitalizedOrICU":0.30059510355525393,
		"fractionHospitalizedInICU":0.28607768114727744,
		"fractionOfDeathInICU":0.7422451789533843,
		"fractionDeathOfHospitalizedOrICU":0.17151942028681935,
		"fractionOfInfectionsPCRConfirmed":0.164812588493576,
		"fractionOfDeathsReported":0.8084674904635282,
		"fractionOfHospitalizationsReported":0.8084008328710112,
		"dateContained":"",
		"dateICUOverCapacity":"",
		"dateHospitalsOverCapacity":""
	},
	"summaryAug1":{
		"totalProjectedDeaths":1.0183906823496139e5,
		"totalProjectedPCRConfirmed":1.5770522812463585e6,
		"totalProjectedInfected":9.595408969374577e6,
		"totalInfectedFraction":0.8264953173326447,
		"fatalityRate":1.0613311903640437e-2,
		"fatalityRateSymptomatic":1.5161874148057766e-2,
		"fatalityRatePCR":6.457558157455445e-2,
		"fractionOfSymptomaticHospitalized":6.2036552256844166e-2,
		"fractionOfSymptomaticHospitalizedOrICU":8.68953814982802e-2,
		"fractionOfPCRHospitalized":0.21359418486320508,
		"fractionOfPCRHospitalizedOrICU":0.29918406978290324,
		"fractionHospitalizedInICU":0.28607768114727744,
		"fractionOfDeathInICU":0.7401696449341909,
		"fractionDeathOfHospitalizedOrICU":0.17151942028681935,
		"fractionOfInfectionsPCRConfirmed":0.16435487911769017,
		"fractionOfDeathsReported":0.8084666520740248,
		"fractionOfHospitalizationsReported":0.8084000516361629,
		"dateContained":"",
		"dateICUOverCapacity":"",
		"dateHospitalsOverCapacity":""
	}
}