{
	"distancingLevel":1,
	"id":"scenario4",
	"distancingDays":90,
	"maintain":false,
	"name":"Normal",
	"gradual":false,
	"events":{
		"herd":{
			"eventName":"herd",
			"day":1.6524191802203592e2,
			"thresholdCrossed":0.6999999999999947
		},
		"icu":{
			"eventName":"icu",
			"day":1.4336431965424939e2,
			"thresholdCrossed":1.460926482864927e-4
		},
		"hospital":{
			"eventName":"hospital",
			"day":1.507805081177374e2,
			"thresholdCrossed":1.4054736240556901e-3
		}
	},
	"summary":{
		"totalProjectedDeaths":9.289126643295259e4,
		"totalProjectedPCRConfirmed":2.3722570559027153e6,
		"totalProjectedInfected":8.49047759614762e6,
		"totalInfectedFraction":0.7313226562339139,
		"fatalityRate":1.0940640898116274e-2,
		"fatalityRateSymptomatic":1.5629486997308963e-2,
		"fatalityRatePCR":3.9157335922689315e-2,
		"fractionOfSymptomaticHospitalized":6.250265262139744e-2,
		"fractionOfSymptomaticHospitalizedOrICU":8.754825415997575e-2,
		"fractionOfPCRHospitalized":0.1265816768048043,
		"fractionOfPCRHospitalizedOrICU":0.1773045518568768,
		"fractionHospitalizedInICU":0.28607768114727694,
		"fractionOfDeathInICU":0.7422467506455285,
		"fractionDeathOfHospitalizedOrICU":0.17151942028681924,
		"fractionOfInfectionsPCRConfirmed":0.27940207474065754,
		"fractionOfDeathsReported":0.808451868760597,
		"fractionOfHospitalizationsReported":0.8083584488039091,
		"dateContained":"",
		"dateICUOverCapacity":"Fri 22 May 2020 08:44:37",
		"dateHospitalsOverCapacity":"Fri 29 May 2020 18:43:55"
	},
	"summaryAug1":{
		"totalProjectedDeaths":8.877084941085838e4,
		"totalProjectedPCRConfirmed":2.358487254879811e6,
		"totalProjectedInfected":8.471261546932688e6,
		"totalInfectedFraction":0.7296674923170382,
		"fatalityRate":1.0479058983015455e-2,
		"fatalityRateSymptomatic":1.4970084261450651e-2,
		"fatalityRatePCR":3.763889299261113e-2,
		"fractionOfSymptomaticHospitalized":6.174477052206621e-2,
		"fractionOfSymptomaticHospitalizedOrICU":8.648667914079283e-2,
		"fractionOfPCRHospitalized":0.12549190131927856,
		"fractionOfPCRHospitalizedOrICU":0.17577808958395474,
		"fractionHospitalizedInICU":0.28607768114727744,
		"fractionOfDeathInICU":0.7395592877753376,
		"fractionDeathOfHospitalizedOrICU":0.17151942028681935,
		"fractionOfInfectionsPCRConfirmed":0.27841039281023994,
		"fractionOfDeathsReported":0.8084499177011174,
		"fractionOfHospitalizationsReported":0.8083564751520841,
		"dateContained":"",
		"dateICUOverCapacity":"Fri 22 May 2020 08:44:37",
		"dateHospitalsOverCapacity":"Fri 29 May 2020 18:43:55"
	}
}