{
	"distancingLevel":1,
	"id":"scenario4",
	"distancingDays":90,
	"maintain":false,
	"name":"Normal",
	"gradual":false,
	"events":{
		"herd":{
			"eventName":"herd",
			"day":1.6265029866922063e2,
			"thresholdCrossed":0.6999999999999997
		},
		"icu":{
			"eventName":"icu",
			"day":1.3218905473922345e2,
			"thresholdCrossed":1.0927626646674522e-4
		},
		"hospital":{
			"eventName":"hospital",
			"day":1.456139905602223e2,
			"thresholdCrossed":9.77601243560442e-4
		}
	},
	"summary":{
		"totalProjectedDeaths":6.014258484882158e4,
		"totalProjectedPCRConfirmed":1.0467068753334463e6,
		"totalProjectedInfected":6.464588138818173e6,
		"totalInfectedFraction":0.7727259418674853,
		"fatalityRate":9.303390031559933e-3,
		"fatalityRateSymptomatic":1.3290557187942765e-2,
		"fatalityRatePCR":5.74588609916813e-2,
		"fractionOfSymptomaticHospitalized":5.9430707660954485e-2,
		"fractionOfSymptomaticHospitalizedOrICU":8.195626343937806e-2,
		"fractionOfPCRHospitalized":0.20427609323813217,
		"fractionOfPCRHospitalizedOrICU":0.28170126136307977,
		"fractionHospitalizedInICU":0.27484849641889086,
		"fractionOfDeathInICU":0.695275128466546,
		"fractionDeathOfHospitalizedOrICU":0.16871212410472272,
		"fractionOfInfectionsPCRConfirmed":0.161913930610404,
		"fractionOfDeathsReported":0.7951069275839873,
		"fractionOfHospitalizationsReported":0.7950470264971277,
		"dateContained":"",
		"dateICUOverCapacity":"Mon 11 May 2020 04:32:14",
		"dateHospitalsOverCapacity":"Sun 24 May 2020 14:44:08"
	},
	"summaryAug1":{
		"totalProjectedDeaths":5.782244196900783e4,
		"totalProjectedPCRConfirmed":1.040697518989439e6,
		"totalProjectedInfected":6.452666834956073e6,
		"totalInfectedFraction":0.7713009631128739,
		"fatalityRate":8.961014639058372e-3,
		"fatalityRateSymptomatic":1.2801449484369103e-2,
		"fatalityRatePCR":5.556123745269985e-2,
		"fractionOfSymptomaticHospitalized":5.8809386902289346e-2,
		"fractionOfSymptomaticHospitalizedOrICU":8.109944833853808e-2,
		"fractionOfPCRHospitalized":0.20293251234254975,
		"fractionOfPCRHospitalizedOrICU":0.2798484335209705,
		"fractionHospitalizedInICU":0.2748484964188911,
		"fractionOfDeathInICU":0.6927649497612067,
		"fractionDeathOfHospitalizedOrICU":0.16871212410472275,
		"fractionOfInfectionsPCRConfirmed":0.16128176854748824,
		"fractionOfDeathsReported":0.7951057838437852,
		"fractionOfHospitalizationsReported":0.7950459274413486,
		"dateContained":"",
		"dateICUOverCapacity":"Mon 11 May 2020 04:32:14",
		"dateHospitalsOverCapacity":"Sun 24 May 2020 14:44:08"
	}
}