{
	"distancingLevel":1,
	"id":"scenario4",
	"distancingDays":90,
	"maintain":false,
	"name":"Normal",
	"gradual":false,
	"events":{
		"herd":{
			"eventName":"herd",
			"day":1.862871954710425e2,
			"thresholdCrossed":0.7000000000004484
		},
		"icu":{
			"eventName":"icu",
			"day":1.440220743783865e2,
			"thresholdCrossed":1.092762664667452e-4
		},
		"hospital":{
			"eventName":"hospital",
			"day":1.627557718052708e2,
			"thresholdCrossed":9.776012435597794e-4
		}
	},
	"summary":{
		"totalProjectedDeaths":5.036918550312555e4,
		"totalProjectedPCRConfirmed":9.024996734046075e5,
		"totalProjectedInfected":5.414067918509374e6,
		"totalInfectedFraction":0.6471550301160435,
		"fatalityRate":9.303390031537214e-3,
		"fatalityRateSymptomatic":1.3290557187910305e-2,
		"fatalityRatePCR":5.5810752056132985e-2,
		"fractionOfSymptomaticHospitalized":5.9430707660912685e-2,
		"fractionOfSymptomaticHospitalizedOrICU":8.195626343932046e-2,
		"fractionOfPCRHospitalized":0.19841560326513621,
		"fractionOfPCRHospitalizedOrICU":0.2736195157636367,
		"fractionHospitalizedInICU":0.27484849641889114,
		"fractionOfDeathInICU":0.6952753225096228,
		"fractionDeathOfHospitalizedOrICU":0.16871212410472278,
		"fractionOfInfectionsPCRConfirmed":0.16669529953977522,
		"fractionOfDeathsReported":0.795105716676707,
		"fractionOfHospitalizationsReported":0.7950422967091407,
		"dateContained":"",
		"dateICUOverCapacity":"Sat 23 May 2020 00:31:47",
		"dateHospitalsOverCapacity":"Wed 10 Jun 2020 18:08:18"
	},
	"summaryAug1":{
		"totalProjectedDeaths":4.0095976041570015e4,
		"totalProjectedPCRConfirmed":8.460614113793266e5,
		"totalProjectedInfected":5.240240991823648e6,
		"totalInfectedFraction":0.6263771286069593,
		"fatalityRate":7.651551923686677e-3,
		"fatalityRateSymptomatic":1.0930788462409538e-2,
		"fatalityRatePCR":4.739133058462256e-2,
		"fractionOfSymptomaticHospitalized":5.4988914766555576e-2,
		"fractionOfSymptomaticHospitalizedOrICU":7.583093256374254e-2,
		"fractionOfPCRHospitalized":0.18954261232452302,
		"fractionOfPCRHospitalizedOrICU":0.26138346454289946,
		"fractionHospitalizedInICU":0.27484849641889103,
		"fractionOfDeathInICU":0.6856843184845529,
		"fractionDeathOfHospitalizedOrICU":0.16871212410472275,
		"fractionOfInfectionsPCRConfirmed":0.16145467597758137,
		"fractionOfDeathsReported":0.7950981032026209,
		"fractionOfHospitalizationsReported":0.7950314346268603,
		"dateContained":"",
		"dateICUOverCapacity":"Sat 23 May 2020 00:31:47",
		"dateHospitalsOverCapacity":"Wed 10 Jun 2020 18:08:18"
	}
}