{
	"distancingLevel":1,
	"id":"scenario4",
	"distancingDays":90,
	"maintain":false,
	"name":"Normal",
	"gradual":false,
	"events":{
		"herd":{
			"eventName":"herd",
			"day":1.653964054893374e2,
			"thresholdCrossed":0.7000000000000671
		}
	},
	"summary":{
		"totalProjectedDeaths":5.202041474791695e4,
		"totalProjectedPCRConfirmed":1.5486572110610043e6,
		"totalProjectedInfected":5.591554752767651e6,
		"totalInfectedFraction":0.6683704081457378,
		"fatalityRate":9.303390031577246e-3,
		"fatalityRateSymptomatic":1.3290557187967497e-2,
		"fatalityRatePCR":3.359065800770534e-2,
		"fractionOfSymptomaticHospitalized":5.943070766097854e-2,
		"fractionOfSymptomaticHospitalizedOrICU":8.19562634394113e-2,
		"fractionOfPCRHospitalized":0.11940816204753477,
		"fractionOfPCRHospitalizedOrICU":0.16466650273473366,
		"fractionHospitalizedInICU":0.27484849641889125,
		"fractionOfDeathInICU":0.6952783394464788,
		"fractionDeathOfHospitalizedOrICU":0.16871212410472278,
		"fractionOfInfectionsPCRConfirmed":0.276963613795334,
		"fractionOfDeathsReported":0.7950765092963424,
		"fractionOfHospitalizationsReported":0.79496459896507,
		"dateContained":"",
		"dateICUOverCapacity":"",
		"dateHospitalsOverCapacity":""
	},
	"summaryAug1":{
		"totalProjectedDeaths":4.960004268488433e4,
		"totalProjectedPCRConfirmed":1.5370705313872325e6,
		"totalProjectedInfected":5.57230131724593e6,
		"totalInfectedFraction":0.6660690041307827,
		"fatalityRate":8.901177424016042e-3,
		"fatalityRateSymptomatic":1.2715967748594344e-2,
		"fatalityRatePCR":3.226920409444025e-2,
		"fractionOfSymptomaticHospitalized":5.8623786106645745e-2,
		"fractionOfSymptomaticHospitalizedOrICU":8.084350072658796e-2,
		"fractionOfPCRHospitalized":0.11826571914554936,
		"fractionOfPCRHospitalizedOrICU":0.16309104864501078,
		"fractionHospitalizedInICU":0.2748484964188908,
		"fractionOfDeathInICU":0.6925167093624669,
		"fractionDeathOfHospitalizedOrICU":0.1687121241047227,
		"fractionOfInfectionsPCRConfirmed":0.2758412447349345,
		"fractionOfDeathsReported":0.7950736340089137,
		"fractionOfHospitalizationsReported":0.794961649165872,
		"dateContained":"",
		"dateICUOverCapacity":"",
		"dateHospitalsOverCapacity":""
	}
}