{
	"distancingLevel":1,
	"id":"scenario4",
	"distancingDays":90,
	"maintain":false,
	"name":"Normal",
	"gradual":false,
	"events":{
		"herd":{
			"eventName":"herd",
			"day":1.5967155898623196e2,
			"thresholdCrossed":0.7000000000000551
		},
		"icu":{
			"eventName":"icu",
			"day":1.2843400763650894e2,
			"thresholdCrossed":1.0927626646674537e-4
		},
		"hospital":{
			"eventName":"hospital",
			"day":1.401500873817024e2,
			"thresholdCrossed":9.77601243560442e-4
		}
	},
	"summary":{
		"totalProjectedDeaths":5.304035026663856e4,
		"totalProjectedPCRConfirmed":1.4924536088272575e6,
		"totalProjectedInfected":5.701185276179114e6,
		"totalInfectedFraction":0.6814747773091592,
		"fatalityRate":9.303390031587562e-3,
		"fatalityRateSymptomatic":1.3290557187982235e-2,
		"fatalityRatePCR":3.5539027781450905e-2,
		"fractionOfSymptomaticHospitalized":5.943070766099472e-2,
		"fractionOfSymptomaticHospitalizedOrICU":8.195626343943355e-2,
		"fractionOfPCRHospitalized":0.12634616852871372,
		"fractionOfPCRHospitalizedOrICU":0.1742341674874316,
		"fractionHospitalizedInICU":0.274848496418891,
		"fractionOfDeathInICU":0.6952754081022752,
		"fractionDeathOfHospitalizedOrICU":0.16871212410472275,
		"fractionOfInfectionsPCRConfirmed":0.26177953119030833,
		"fractionOfDeathsReported":0.7951036510706313,
		"fractionOfHospitalizationsReported":0.7950397089522965,
		"dateContained":"",
		"dateICUOverCapacity":"Thu 7 May 2020 10:24:58",
		"dateHospitalsOverCapacity":"Tue 19 May 2020 03:36:07"
	},
	"summaryAug1":{
		"totalProjectedDeaths":5.137810497627266e4,
		"totalProjectedPCRConfirmed":1.48498315352534e6,
		"totalProjectedInfected":5.688947227642838e6,
		"totalInfectedFraction":0.6800119373913259,
		"fatalityRate":9.03121490152418e-3,
		"fatalityRateSymptomatic":1.2901735573605971e-2,
		"fatalityRatePCR":3.459844298859646e-2,
		"fractionOfSymptomaticHospitalized":5.890664527512622e-2,
		"fractionOfSymptomaticHospitalizedOrICU":8.12335697908919e-2,
		"fractionOfPCRHospitalized":0.1255917033170934,
		"fractionOfPCRHospitalizedOrICU":0.17319374323416242,
		"fractionHospitalizedInICU":0.2748484964188909,
		"fractionOfDeathInICU":0.693351148933146,
		"fractionDeathOfHospitalizedOrICU":0.16871212410472272,
		"fractionOfInfectionsPCRConfirmed":0.2610295181346987,
		"fractionOfDeathsReported":0.7951026228628785,
		"fractionOfHospitalizationsReported":0.7950386496042473,
		"dateContained":"",
		"dateICUOverCapacity":"Thu 7 May 2020 10:24:58",
		"dateHospitalsOverCapacity":"Tue 19 May 2020 03:36:07"
	}
}