{
	"distancingLevel":0.47244947732857145,
	"id":"scenario1",
	"distancingDays":90,
	"maintain":true,
	"name":"Current",
	"gradual":false,
	"events":{
		"herd":{
			"eventName":"herd",
			"day":2.7758103423976553e2,
			"thresholdCrossed":0.699999999999812
		},
		"icu":{
			"eventName":"icu",
			"day":8.37516295921971e1,
			"thresholdCrossed":1.3347911742404432e-4
		},
		"hospital":{
			"eventName":"hospital",
			"day":2.651197575715019e2,
			"thresholdCrossed":8.571121135697138e-4
		}
	},
	"summary":{
		"totalProjectedDeaths":1.4158150570525991e5,
		"totalProjectedPCRConfirmed":3.3506891632689014e6,
		"totalProjectedInfected":1.3663736435195755e7,
		"totalInfectedFraction":0.6901494636386527,
		"fatalityRate":1.036184402244228e-2,
		"fatalityRateSymptomatic":1.4802634317774685e-2,
		"fatalityRatePCR":4.225444343131319e-2,
		"fractionOfSymptomaticHospitalized":6.125092831390831e-2,
		"fractionOfSymptomaticHospitalizedOrICU":8.51245191075502e-2,
		"fractionOfPCRHospitalized":0.14040315267906803,
		"fractionOfPCRHospitalizedOrICU":0.1951276687879312,
		"fractionHospitalizedInICU":0.2804549270167259,
		"fractionOfDeathInICU":0.7275599163679897,
		"fractionDeathOfHospitalizedOrICU":0.17011373175418149,
		"fractionOfInfectionsPCRConfirmed":0.2452249557915962,
		"fractionOfDeathsReported":0.8049749172309981,
		"fractionOfHospitalizationsReported":0.8030282235600491,
		"dateContained":"",
		"dateICUOverCapacity":"Mon 23 Mar 2020 18:02:20",
		"dateHospitalsOverCapacity":"Mon 21 Sep 2020 02:52:27"
	},
	"summaryAug1":{
		"totalProjectedDeaths":4.374935381506956e4,
		"totalProjectedPCRConfirmed":5.440935904537758e5,
		"totalProjectedInfected":4.253726625043178e6,
		"totalInfectedFraction":0.2148539063719833,
		"fatalityRate":1.0284947217224023e-2,
		"fatalityRateSymptomatic":1.469278173889146e-2,
		"fatalityRatePCR":8.040777282191922e-2,
		"fractionOfSymptomaticHospitalized":6.105266891676467e-2,
		"fractionOfSymptomaticHospitalizedOrICU":8.484898473925602e-2,
		"fractionOfPCRHospitalized":0.266211110317967,
		"fractionOfPCRHospitalizedOrICU":0.3699714170986412,
		"fractionHospitalizedInICU":0.28045492701672603,
		"fractionOfDeathInICU":0.7274741942592231,
		"fractionDeathOfHospitalizedOrICU":0.1701137317541815,
		"fractionOfInfectionsPCRConfirmed":0.12790986314224012,
		"fractionOfDeathsReported":0.8030215594384185,
		"fractionOfHospitalizationsReported":0.7967599894103135,
		"dateContained":"",
		"dateICUOverCapacity":"Mon 23 Mar 2020 18:02:20",
		"dateHospitalsOverCapacity":"Mon 21 Sep 2020 02:52:27"
	}
}