{
	"distancingLevel":0.4552380952380952,
	"id":"scenario1",
	"distancingDays":90,
	"maintain":true,
	"name":"Current",
	"gradual":false,
	"events":{
		"herd":{
			"eventName":"herd",
			"day":3.1921592265399863e2,
			"thresholdCrossed":0.7000000000000015
		},
		"icu":{
			"eventName":"icu",
			"day":8.282554615807553e1,
			"thresholdCrossed":1.0992397905509517e-4
		},
		"hospital":{
			"eventName":"hospital",
			"day":3.026349966896226e2,
			"thresholdCrossed":8.571121135744702e-4
		}
	},
	"summary":{
		"totalProjectedDeaths":1.4039324041130286e5,
		"totalProjectedPCRConfirmed":2.1404415112572866e6,
		"totalProjectedInfected":1.3549059430854358e7,
		"totalInfectedFraction":0.6843571773622548,
		"fatalityRate":1.0361844017865536e-2,
		"fatalityRateSymptomatic":1.480263431123648e-2,
		"fatalityRatePCR":6.55907856733896e-2,
		"fractionOfSymptomaticHospitalized":6.12509283058799e-2,
		"fractionOfSymptomaticHospitalizedOrICU":8.51245190963926e-2,
		"fractionOfPCRHospitalized":0.21577126749555964,
		"fractionOfPCRHospitalizedOrICU":0.2998717878797502,
		"fractionHospitalizedInICU":0.2804549270167262,
		"fractionOfDeathInICU":0.7278645115731343,
		"fractionDeathOfHospitalizedOrICU":0.17011373175418154,
		"fractionOfInfectionsPCRConfirmed":0.157977129126986,
		"fractionOfDeathsReported":0.8019404293908857,
		"fractionOfHospitalizationsReported":0.7950182804183891,
		"dateContained":"",
		"dateICUOverCapacity":"Sun 22 Mar 2020 19:48:47",
		"dateHospitalsOverCapacity":"Wed 28 Oct 2020 15:14:23"
	},
	"summaryAug1":{
		"totalProjectedDeaths":3.515285282731463e4,
		"totalProjectedPCRConfirmed":3.842730239354852e5,
		"totalProjectedInfected":3.4032411014100737e6,
		"totalInfectedFraction":0.17189624755357266,
		"fatalityRate":1.0329227868325184e-2,
		"fatalityRateSymptomatic":1.4756039811893122e-2,
		"fatalityRatePCR":9.147884612690473e-2,
		"fractionOfSymptomaticHospitalized":6.1171524781441416e-2,
		"fractionOfSymptomaticHospitalizedOrICU":8.501416669816232e-2,
		"fractionOfPCRHospitalized":0.28922764256232353,
		"fractionOfPCRHospitalizedOrICU":0.40195903414802037,
		"fractionHospitalizedInICU":0.28045492701672614,
		"fractionOfDeathInICU":0.7289720113764749,
		"fractionDeathOfHospitalizedOrICU":0.1701137317541815,
		"fractionOfInfectionsPCRConfirmed":0.11291384080201322,
		"fractionOfDeathsReported":0.7902406664579332,
		"fractionOfHospitalizationsReported":0.7626752130763513,
		"dateContained":"",
		"dateICUOverCapacity":"Sun 22 Mar 2020 19:48:47",
		"dateHospitalsOverCapacity":"Wed 28 Oct 2020 15:14:23"
	}
}