{
	"distancingLevel":0.40285714285714275,
	"id":"scenario1",
	"distancingDays":90,
	"maintain":true,
	"name":"Current",
	"gradual":false,
	"events":{},
	"summary":{
		"totalProjectedDeaths":1.6433878049277948e5,
		"totalProjectedPCRConfirmed":2.5226846690579415e6,
		"totalProjectedInfected":1.5859993664766397e7,
		"totalInfectedFraction":0.8010814737948465,
		"fatalityRate":1.0361844018756741e-2,
		"fatalityRateSymptomatic":1.480263431250963e-2,
		"fatalityRatePCR":6.514440053030857e-2,
		"fractionOfSymptomaticHospitalized":6.125092830751103e-2,
		"fractionOfSymptomaticHospitalizedOrICU":8.512451909865949e-2,
		"fractionOfPCRHospitalized":0.21665190971487353,
		"fractionOfPCRHospitalizedOrICU":0.3010956753780868,
		"fractionHospitalizedInICU":0.2804549270167263,
		"fractionOfDeathInICU":0.7275331342090863,
		"fractionDeathOfHospitalizedOrICU":0.1701137317541816,
		"fractionOfInfectionsPCRConfirmed":0.1590596265282366,
		"fractionOfDeathsReported":0.8052211360906277,
		"fractionOfHospitalizationsReported":0.8037329345295168,
		"dateContained":"",
		"dateICUOverCapacity":"",
		"dateHospitalsOverCapacity":""
	},
	"summaryAug1":{
		"totalProjectedDeaths":3.618345737446169e4,
		"totalProjectedPCRConfirmed":3.8500637370439956e5,
		"totalProjectedInfected":3.511610143618825e6,
		"totalInfectedFraction":0.1773699213696713,
		"fatalityRate":1.0303950579540555e-2,
		"fatalityRateSymptomatic":1.4719929399343652e-2,
		"fatalityRatePCR":9.398145029734661e-2,
		"fractionOfSymptomaticHospitalized":6.11004803672821e-2,
		"fractionOfSymptomaticHospitalizedOrICU":8.491543151557708e-2,
		"fractionOfPCRHospitalized":0.31062871070260606,
		"fractionOfPCRHospitalizedOrICU":0.43170153249013615,
		"fractionHospitalizedInICU":0.28045492701672625,
		"fractionOfDeathInICU":0.7275770484029835,
		"fractionDeathOfHospitalizedOrICU":0.17011373175418154,
		"fractionOfInfectionsPCRConfirmed":0.10963813121568171,
		"fractionOfDeathsReported":0.8029993550885669,
		"fractionOfHospitalizationsReported":0.7962703668881922,
		"dateContained":"",
		"dateICUOverCapacity":"",
		"dateHospitalsOverCapacity":""
	}
}