{
	"distancingLevel":0.6485714285714286,
	"id":"scenario5",
	"distancingDays":604,
	"maintain":true,
	"name":"Current Indefinite",
	"gradual":false,
	"events":{
		"icu":{
			"eventName":"icu",
			"day":1.450965480403203e2,
			"thresholdCrossed":1.46092648286493e-4
		}
	},
	"summary":{
		"totalProjectedDeaths":4.110629933883126e4,
		"totalProjectedPCRConfirmed":6.202393785706972e5,
		"totalProjectedInfected":3.758026723799383e6,
		"totalInfectedFraction":0.3236955818709181,
		"fatalityRate":1.0938266904412164e-2,
		"fatalityRateSymptomatic":1.5626095577731664e-2,
		"fatalityRatePCR":6.627489443440072e-2,
		"fractionOfSymptomaticHospitalized":6.249649283366861e-2,
		"fractionOfSymptomaticHospitalizedOrICU":8.753962606758228e-2,
		"fractionOfPCRHospitalized":0.21424573673024375,
		"fractionOfPCRHospitalizedOrICU":0.3000967067040821,
		"fractionHospitalizedInICU":0.2860776811472773,
		"fractionOfDeathInICU":0.7422411466717453,
		"fractionDeathOfHospitalizedOrICU":0.17151942028681932,
		"fractionOfInfectionsPCRConfirmed":0.165043897810187,
		"fractionOfDeathsReported":0.8084306988184897,
		"fractionOfHospitalizationsReported":0.8082728183365742,
		"dateContained":"Wed 17 Feb 2021 17:44:17",
		"dateICUOverCapacity":"Sun 24 May 2020 02:19:01",
		"dateHospitalsOverCapacity":""
	},
	"summaryAug1":{
		"totalProjectedDeaths":2.4527736670795362e4,
		"totalProjectedPCRConfirmed":4.456979058905737e5,
		"totalProjectedInfected":2.947461149365705e6,
		"totalInfectedFraction":0.2538779582762726,
		"fatalityRate":8.321648845506832e-3,
		"fatalityRateSymptomatic":1.1888069779295475e-2,
		"fatalityRatePCR":5.5032200839681154e-2,
		"fractionOfSymptomaticHospitalized":5.436602491538611e-2,
		"fractionOfSymptomaticHospitalizedOrICU":7.615117706748913e-2,
		"fractionOfPCRHospitalized":0.20339288996434707,
		"fractionOfPCRHospitalizedOrICU":0.28489498730226087,
		"fractionHospitalizedInICU":0.28607768114727733,
		"fractionOfDeathInICU":0.732829039350299,
		"fractionDeathOfHospitalizedOrICU":0.17151942028681932,
		"fractionOfInfectionsPCRConfirmed":0.1512141749473061,
		"fractionOfDeathsReported":0.8083879786571494,
		"fractionOfHospitalizationsReported":0.8081698632812007,
		"dateContained":"Wed 17 Feb 2021 17:44:17",
		"dateICUOverCapacity":"Sun 24 May 2020 02:19:01",
		"dateHospitalsOverCapacity":""
	}
}