{
	"distancingLevel":0.669047619047619,
	"id":"scenario5",
	"distancingDays":602,
	"maintain":true,
	"name":"Current Indefinite",
	"gradual":false,
	"events":{
		"icu":{
			"eventName":"icu",
			"day":1.3736699005281662e2,
			"thresholdCrossed":1.4609264828649286e-4
		}
	},
	"summary":{
		"totalProjectedDeaths":4.061644546364028e4,
		"totalProjectedPCRConfirmed":6.040550427470485e5,
		"totalProjectedInfected":3.7135367321668784e6,
		"totalInfectedFraction":0.3198634607107056,
		"fatalityRate":1.0937402372196346e-2,
		"fatalityRateSymptomatic":1.5624860531709065e-2,
		"fatalityRatePCR":6.723964306121792e-2,
		"fractionOfSymptomaticHospitalized":6.249469135110997e-2,
		"fractionOfSymptomaticHospitalizedOrICU":8.753710270823208e-2,
		"fractionOfPCRHospitalized":0.21737011265410167,
		"fractionOfPCRHospitalizedOrICU":0.3044730594827412,
		"fractionHospitalizedInICU":0.2860776811472776,
		"fractionOfDeathInICU":0.7422378586859125,
		"fractionDeathOfHospitalizedOrICU":0.17151942028681938,
		"fractionOfInfectionsPCRConfirmed":0.16266300465394284,
		"fractionOfDeathsReported":0.8084255814037409,
		"fractionOfHospitalizationsReported":0.8082532379232061,
		"dateContained":"Wed 30 Dec 2020 19:52:21",
		"dateICUOverCapacity":"Sat 16 May 2020 08:48:27",
		"dateHospitalsOverCapacity":""
	},
	"summaryAug1":{
		"totalProjectedDeaths":3.0500579275501026e4,
		"totalProjectedPCRConfirmed":5.166833373890922e5,
		"totalProjectedInfected":3.3426920919722174e6,
		"totalInfectedFraction":0.2879209599213125,
		"fatalityRate":9.124555429065984e-3,
		"fatalityRateSymptomatic":1.3035079184379978e-2,
		"fatalityRatePCR":5.9031474538402504e-2,
		"fractionOfSymptomaticHospitalized":5.73407438684765e-2,
		"fractionOfSymptomaticHospitalizedOrICU":8.031790343888315e-2,
		"fractionOfPCRHospitalized":0.2098715033813968,
		"fractionOfPCRHospitalizedOrICU":0.2939696628600455,
		"fractionHospitalizedInICU":0.28607768114727755,
		"fractionOfDeathInICU":0.7353645670533695,
		"fractionDeathOfHospitalizedOrICU":0.17151942028681938,
		"fractionOfInfectionsPCRConfirmed":0.15457102334670753,
		"fractionOfDeathsReported":0.8084029218767727,
		"fractionOfHospitalizationsReported":0.808202506640026,
		"dateContained":"Wed 30 Dec 2020 19:52:21",
		"dateICUOverCapacity":"Sat 16 May 2020 08:48:27",
		"dateHospitalsOverCapacity":""
	}
}