{
	"distancingLevel":0.6570514657142856,
	"id":"scenario5",
	"distancingDays":621,
	"maintain":true,
	"name":"Current Indefinite",
	"events":{
		"herd":{
			"eventName":"herd",
			"day":1.800281765127481e2,
			"thresholdCrossed":0.7000000000000274
		},
		"icu":{
			"eventName":"icu",
			"day":1.227369920335944e2,
			"thresholdCrossed":2.0870378326641827e-4
		},
		"hospital":{
			"eventName":"hospital",
			"day":1.3535238643020952e2,
			"thresholdCrossed":1.4054736240556914e-3
		}
	},
	"summary":{
		"totalProjectedDeaths":7.432298919180628e4,
		"totalProjectedPCRConfirmed":1.728470125493755e6,
		"totalProjectedInfected":5.941908284994051e6,
		"totalInfectedFraction":0.5118030288486727,
		"fatalityRate":1.2508269334870875e-2,
		"fatalityRateSymptomatic":1.786895619267268e-2,
		"fatalityRatePCR":4.2999290583963755e-2,
		"fractionOfSymptomaticHospitalized":7.696222151841346e-2,
		"fractionOfPCRHospitalized":0.24458126757203358,
		"fractionHospitalizedInICU":0.28689288206918495,
		"fractionDeathOfHospitalized":0.1253697819370782,
		"fractionOfInfectionsPCRConfirmed":0.2908947837277979,
		"dateContained":"Tue 3 Nov 2020 00:00:00",
		"dateICUOverCapacity":"Fri 1 May 2020 17:41:16",
		"dateHospitalsOverCapacity":"Thu 14 May 2020 08:27:26"
	},
	"summaryAug1":{
		"totalProjectedDeaths":6.577450601110175e4,
		"totalProjectedPCRConfirmed":1.6498256484160624e6,
		"totalProjectedInfected":5.787589159421522e6,
		"totalInfectedFraction":0.49851083514774314,
		"fatalityRate":1.1364750364843799e-2,
		"fatalityRateSymptomatic":1.623535766406257e-2,
		"fatalityRatePCR":3.986754968578011e-2,
		"fractionOfSymptomaticHospitalized":7.475634130890005e-2,
		"fractionOfPCRHospitalized":0.24102474468360394,
		"fractionHospitalizedInICU":0.2868928820691846,
		"fractionDeathOfHospitalized":0.11795400299131285,
		"fractionOfInfectionsPCRConfirmed":0.2850626751434729,
		"dateContained":"Tue 3 Nov 2020 00:00:00",
		"dateICUOverCapacity":"Fri 1 May 2020 17:41:16",
		"dateHospitalsOverCapacity":"Thu 14 May 2020 08:27:26"
	}
}