{
	"distancingLevel":0.71,
	"id":"scenario5",
	"distancingDays":597,
	"maintain":true,
	"name":"Current Indefinite",
	"gradual":false,
	"events":{
		"herd":{
			"eventName":"herd",
			"day":2.078803288362377e2,
			"thresholdCrossed":0.7
		},
		"icu":{
			"eventName":"icu",
			"day":1.4010614903644662e2,
			"thresholdCrossed":1.460926482864925e-4
		},
		"hospital":{
			"eventName":"hospital",
			"day":1.6510727988461804e2,
			"thresholdCrossed":1.4054736240557179e-3
		}
	},
	"summary":{
		"totalProjectedDeaths":5.656935099235469e4,
		"totalProjectedPCRConfirmed":8.627616950321079e5,
		"totalProjectedInfected":5.171939765265982e6,
		"totalInfectedFraction":0.44548221041561786,
		"fatalityRate":1.0937743585543372e-2,
		"fatalityRateSymptomatic":1.5625347979347677e-2,
		"fatalityRatePCR":6.556775911365588e-2,
		"fractionOfSymptomaticHospitalized":6.249608517014899e-2,
		"fractionOfSymptomaticHospitalizedOrICU":8.753905504814666e-2,
		"fractionOfPCRHospitalized":0.21195368489559596,
		"fractionOfPCRHospitalizedOrICU":0.29688620077910827,
		"fractionHospitalizedInICU":0.28607768114727744,
		"fractionOfDeathInICU":0.7422392798268881,
		"fractionDeathOfHospitalizedOrICU":0.17151942028681935,
		"fractionOfInfectionsPCRConfirmed":0.16681588227811428,
		"fractionOfDeathsReported":0.808409788648221,
		"fractionOfHospitalizationsReported":0.8082161318400812,
		"dateContained":"Fri 11 Dec 2020 13:05:57",
		"dateICUOverCapacity":"Tue 19 May 2020 02:32:51",
		"dateHospitalsOverCapacity":"Sat 13 Jun 2020 02:34:28"
	},
	"summaryAug1":{
		"totalProjectedDeaths":4.3067205214938636e4,
		"totalProjectedPCRConfirmed":7.608336829178337e5,
		"totalProjectedInfected":4.771338638773254e6,
		"totalInfectedFraction":0.41097665091094543,
		"fatalityRate":9.026231101050403e-3,
		"fatalityRateSymptomatic":1.289461585864343e-2,
		"fatalityRatePCR":5.660528205030808e-2,
		"fractionOfSymptomaticHospitalized":5.7262293171447924e-2,
		"fractionOfSymptomaticHospitalizedOrICU":8.020801655769604e-2,
		"fractionOfPCRHospitalized":0.20315030573928142,
		"fractionOfPCRHospitalizedOrICU":0.28455519651738176,
		"fractionHospitalizedInICU":0.2860776811472774,
		"fractionOfDeathInICU":0.7345539389856377,
		"fractionDeathOfHospitalizedOrICU":0.17151942028681932,
		"fractionOfInfectionsPCRConfirmed":0.15945916660265588,
		"fractionOfDeathsReported":0.8083834177783226,
		"fractionOfHospitalizationsReported":0.8081652902839761,
		"dateContained":"Fri 11 Dec 2020 13:05:57",
		"dateICUOverCapacity":"Tue 19 May 2020 02:32:51",
		"dateHospitalsOverCapacity":"Sat 13 Jun 2020 02:34:28"
	}
}