{
	"distancingLevel":0.719047619047619,
	"id":"scenario5",
	"distancingDays":593,
	"maintain":true,
	"name":"Current Indefinite",
	"gradual":false,
	"events":{
		"icu":{
			"eventName":"icu",
			"day":1.6069187655702177e2,
			"thresholdCrossed":1.4609264828649275e-4
		}
	},
	"summary":{
		"totalProjectedDeaths":3.2289176032731797e4,
		"totalProjectedPCRConfirmed":4.908098992498695e5,
		"totalProjectedInfected":2.9513061415037364e6,
		"totalInfectedFraction":0.25420914457665916,
		"fatalityRate":1.0940639325298852e-2,
		"fatalityRateSymptomatic":1.5629484750426935e-2,
		"fatalityRatePCR":6.578754031261601e-2,
		"fractionOfSymptomaticHospitalized":6.250264829193941e-2,
		"fractionOfSymptomaticHospitalizedOrICU":8.754824809564951e-2,
		"fractionOfPCRHospitalized":0.21260964196607046,
		"fractionOfPCRHospitalizedOrICU":0.2978050081243239,
		"fractionHospitalizedInICU":0.286077681147279,
		"fractionOfDeathInICU":0.7422551080189933,
		"fractionDeathOfHospitalizedOrICU":0.17151942028681974,
		"fractionOfInfectionsPCRConfirmed":0.16630260492047574,
		"fractionOfDeathsReported":0.808393654904177,
		"fractionOfHospitalizationsReported":0.8081380379508786,
		"dateContained":"",
		"dateICUOverCapacity":"Mon 8 Jun 2020 16:36:18",
		"dateHospitalsOverCapacity":""
	},
	"summaryAug1":{
		"totalProjectedDeaths":1.530678477144732e4,
		"totalProjectedPCRConfirmed":2.8164388145939214e5,
		"totalProjectedInfected":1.8997060100889767e6,
		"totalInfectedFraction":0.1636301408995139,
		"fatalityRate":8.0574492527559e-3,
		"fatalityRateSymptomatic":1.1510641789651289e-2,
		"fatalityRatePCR":5.434801101352623e-2,
		"fractionOfSymptomaticHospitalized":5.307666934614321e-2,
		"fractionOfSymptomaticHospitalizedOrICU":7.434516045308365e-2,
		"fractionOfPCRHospitalized":0.2024485499946141,
		"fractionOfPCRHospitalizedOrICU":0.28357223839135615,
		"fractionHospitalizedInICU":0.2860776811472774,
		"fractionOfDeathInICU":0.7324659409554506,
		"fractionDeathOfHospitalizedOrICU":0.17151942028681932,
		"fractionOfInfectionsPCRConfirmed":0.14825656178568428,
		"fractionOfDeathsReported":0.8082824332035676,
		"fractionOfHospitalizationsReported":0.8078428628528769,
		"dateContained":"",
		"dateICUOverCapacity":"Mon 8 Jun 2020 16:36:18",
		"dateHospitalsOverCapacity":""
	}
}