{
	"distancingLevel":1,
	"id":"scenario4",
	"distancingDays":90,
	"maintain":false,
	"name":"Normal",
	"gradual":false,
	"events":{},
	"summary":{
		"totalProjectedDeaths":3.1601302872127906e5,
		"totalProjectedPCRConfirmed":8.85823587751016e6,
		"totalProjectedInfected":3.3504954958380815e7,
		"totalInfectedFraction":0.8594794258710969,
		"fatalityRate":9.431829683514697e-3,
		"fatalityRateSymptomatic":1.3474042405020993e-2,
		"fatalityRatePCR":3.567448791057738e-2,
		"fractionOfSymptomaticHospitalized":7.003009058865996e-2,
		"fractionOfPCRHospitalized":0.2323353496719149,
		"fractionHospitalizedInICU":0.27021848519453867,
		"fractionDeathOfHospitalized":0.11205605115215657,
		"fractionOfInfectionsPCRConfirmed":0.26438584646699825,
		"dateContained":"Tue 18 Aug 2020 00:00:00",
		"dateICUOverCapacity":"",
		"dateHospitalsOverCapacity":""
	},
	"summaryAug1":{
		"totalProjectedDeaths":3.12594523398741e5,
		"totalProjectedPCRConfirmed":8.854159117704999e6,
		"totalProjectedInfected":3.350141240306622e7,
		"totalInfectedFraction":0.8593885511508746,
		"fatalityRate":9.330786404997382e-3,
		"fatalityRateSymptomatic":1.3329694864281974e-2,
		"fatalityRatePCR":3.530482333140694e-2,
		"fractionOfSymptomaticHospitalized":6.997655432813295e-2,
		"fractionOfPCRHospitalized":0.23221875829244082,
		"fractionHospitalizedInICU":0.27021848519453867,
		"fractionDeathOfHospitalized":0.11095058659424435,
		"fractionOfInfectionsPCRConfirmed":0.2642921143496213,
		"dateContained":"Tue 18 Aug 2020 00:00:00",
		"dateICUOverCapacity":"",
		"dateHospitalsOverCapacity":""
	}
}