{
	"distancingLevel":1,
	"id":"scenario4",
	"distancingDays":90,
	"maintain":false,
	"name":"Normal",
	"events":{},
	"summary":{
		"totalProjectedDeaths":3.087449787175091e5,
		"totalProjectedPCRConfirmed":8.635000124654733e6,
		"totalProjectedInfected":3.2734490916983105e7,
		"totalInfectedFraction":0.8397152449379366,
		"fatalityRate":9.431794112836742e-3,
		"fatalityRateSymptomatic":1.3473991589766775e-2,
		"fatalityRatePCR":3.575506360862434e-2,
		"fractionOfSymptomaticHospitalized":7.003009058866524e-2,
		"fractionOfPCRHospitalized":0.23230917254669417,
		"fractionHospitalizedInICU":0.27021848519453884,
		"fractionDeathOfHospitalized":0.11232180028114355,
		"fractionOfInfectionsPCRConfirmed":0.2637890458279519,
		"dateContained":"Thu 20 Aug 2020 00:00:00",
		"dateICUOverCapacity":"",
		"dateHospitalsOverCapacity":""
	},
	"summaryAug1":{
		"totalProjectedDeaths":3.053293227538288e5,
		"totalProjectedPCRConfirmed":8.630122011711754e6,
		"totalProjectedInfected":3.2729761347097017e7,
		"totalInfectedFraction":0.8395939205542637,
		"fatalityRate":9.32879771153327e-3,
		"fatalityRateSymptomatic":1.332685387361896e-2,
		"fatalityRatePCR":3.537949085070557e-2,
		"fractionOfSymptomaticHospitalized":6.996856513838785e-2,
		"fractionOfPCRHospitalized":0.23217703705397894,
		"fractionHospitalizedInICU":0.2702184851945389,
		"fractionDeathOfHospitalized":0.11120521974820073,
		"fractionOfInfectionsPCRConfirmed":0.26367812218946124,
		"dateContained":"Thu 20 Aug 2020 00:00:00",
		"dateICUOverCapacity":"",
		"dateHospitalsOverCapacity":""
	}
}