{
	"distancingLevel":1,
	"id":"scenario4",
	"distancingDays":90,
	"maintain":false,
	"name":"Normal",
	"gradual":false,
	"events":{
		"herd":{
			"eventName":"herd",
			"day":1.6521256963808406e2,
			"thresholdCrossed":0.7000000000000015
		},
		"icu":{
			"eventName":"icu",
			"day":1.4302653252744085e2,
			"thresholdCrossed":1.2434956328356405e-4
		},
		"hospital":{
			"eventName":"hospital",
			"day":1.497313069976626e2,
			"thresholdCrossed":9.525570076091419e-4
		}
	},
	"summary":{
		"totalProjectedDeaths":2.6550455269041815e5,
		"totalProjectedPCRConfirmed":4.824334658091608e6,
		"totalProjectedInfected":3.096236616668786e7,
		"totalInfectedFraction":0.7942561549362431,
		"fatalityRate":8.575073082627392e-3,
		"fatalityRateSymptomatic":1.2250104403753419e-2,
		"fatalityRatePCR":5.5034439255805166e-2,
		"fractionOfSymptomaticHospitalized":5.687292205356507e-2,
		"fractionOfSymptomaticHospitalizedOrICU":7.784762189058335e-2,
		"fractionOfPCRHospitalized":0.1965979638831933,
		"fractionOfPCRHospitalizedOrICU":0.26910317606721285,
		"fractionHospitalizedInICU":0.2694327627181561,
		"fractionOfDeathInICU":0.6961589116847455,
		"fractionDeathOfHospitalizedOrICU":0.167358190679539,
		"fractionOfInfectionsPCRConfirmed":0.15581285461580993,
		"fractionOfDeathsReported":0.7695257187070919,
		"fractionOfHospitalizationsReported":0.7694470121964045,
		"dateContained":"",
		"dateICUOverCapacity":"Fri 22 May 2020 00:38:12",
		"dateHospitalsOverCapacity":"Thu 28 May 2020 17:33:04"
	},
	"summaryAug1":{
		"totalProjectedDeaths":2.5368954646465197e5,
		"totalProjectedPCRConfirmed":4.795352571359672e6,
		"totalProjectedInfected":3.090667236502201e7,
		"totalInfectedFraction":0.7928274803793066,
		"fatalityRate":8.2082452445369e-3,
		"fatalityRateSymptomatic":1.1726064635052715e-2,
		"fatalityRatePCR":5.290321049172011e-2,
		"fractionOfSymptomaticHospitalized":5.6193729903997826e-2,
		"fractionOfSymptomaticHospitalizedOrICU":7.691794408009976e-2,
		"fractionOfPCRHospitalized":0.195072208613685,
		"fractionOfPCRHospitalizedOrICU":0.26701472316151587,
		"fractionHospitalizedInICU":0.26943276271815636,
		"fractionOfDeathInICU":0.6930773273221533,
		"fractionDeathOfHospitalizedOrICU":0.1673581906795391,
		"fractionOfInfectionsPCRConfirmed":0.15515590014752648,
		"fractionOfDeathsReported":0.7695239212674821,
		"fractionOfHospitalizationsReported":0.7694453804958123,
		"dateContained":"",
		"dateICUOverCapacity":"Fri 22 May 2020 00:38:12",
		"dateHospitalsOverCapacity":"Thu 28 May 2020 17:33:04"
	}
}