{
	"distancingLevel":1,
	"id":"scenario4",
	"distancingDays":90,
	"maintain":false,
	"name":"Normal",
	"gradual":false,
	"events":{
		"herd":{
			"eventName":"herd",
			"day":1.56302308228689e2,
			"thresholdCrossed":0.6999999999999778
		},
		"icu":{
			"eventName":"icu",
			"day":1.3695192930025118e2,
			"thresholdCrossed":1.7764223326223428e-4
		},
		"hospital":{
			"eventName":"hospital",
			"day":1.3952693050132868e2,
			"thresholdCrossed":9.525570076091423e-4
		}
	},
	"summary":{
		"totalProjectedDeaths":3.073770820548365e5,
		"totalProjectedPCRConfirmed":9.048588856897626e6,
		"totalProjectedInfected":3.0978823133731477e7,
		"totalInfectedFraction":0.7946783141244527,
		"fatalityRate":9.922167821802988e-3,
		"fatalityRateSymptomatic":1.4174525459718557e-2,
		"fatalityRatePCR":3.3969615253380284e-2,
		"fractionOfSymptomaticHospitalized":7.003009058833178e-2,
		"fractionOfSymptomaticHospitalizedOrICU":9.596035137584946e-2,
		"fractionOfPCRHospitalized":0.20711915965319985,
		"fractionOfPCRHospitalizedOrICU":0.2838098190366083,
		"fractionHospitalizedInICU":0.2702184851945384,
		"fractionOfDeathInICU":0.6541634736863999,
		"fractionDeathOfHospitalizedOrICU":0.1591721001141977,
		"fractionOfInfectionsPCRConfirmed":0.2920894966808799,
		"dateContained":"Tue 1 Sep 2020 00:00:00",
		"dateICUOverCapacity":"Fri 15 May 2020 22:50:46",
		"dateHospitalsOverCapacity":"Mon 18 May 2020 12:38:46"
	},
	"summaryAug1":{
		"totalProjectedDeaths":3.026944821326261e5,
		"totalProjectedPCRConfirmed":9.032079581816202e6,
		"totalProjectedInfected":3.0960400201867044e7,
		"totalInfectedFraction":0.7942057234010396,
		"fatalityRate":9.776827177911361e-3,
		"fatalityRateSymptomatic":1.3966895968444804e-2,
		"fatalityRatePCR":3.3513265620691006e-2,
		"fractionOfSymptomaticHospitalized":6.983143134850738e-2,
		"fractionOfSymptomaticHospitalizedOrICU":9.56881339576303e-2,
		"fractionOfPCRHospitalized":0.20674337354939587,
		"fractionOfPCRHospitalizedOrICU":0.2832948894362001,
		"fractionHospitalizedInICU":0.2702184851945384,
		"fractionOfDeathInICU":0.653302625812405,
		"fractionDeathOfHospitalizedOrICU":0.1591721001141977,
		"fractionOfInfectionsPCRConfirmed":0.29173006559752185,
		"dateContained":"Tue 1 Sep 2020 00:00:00",
		"dateICUOverCapacity":"Fri 15 May 2020 22:50:46",
		"dateHospitalsOverCapacity":"Mon 18 May 2020 12:38:46"
	}
}