{
	"distancingLevel":1,
	"id":"scenario4",
	"distancingDays":90,
	"maintain":false,
	"name":"Normal",
	"gradual":false,
	"events":{},
	"summary":{
		"totalProjectedDeaths":2.702669582070093e5,
		"totalProjectedPCRConfirmed":4.981527281293728e6,
		"totalProjectedInfected":3.1517743999965087e7,
		"totalInfectedFraction":0.8085028782008941,
		"fatalityRate":8.575073082873846e-3,
		"fatalityRateSymptomatic":1.2250104404105495e-2,
		"fatalityRatePCR":5.4253834807227945e-2,
		"fractionOfSymptomaticHospitalized":5.687292205382396e-2,
		"fractionOfSymptomaticHospitalizedOrICU":7.784762189093773e-2,
		"fractionOfPCRHospitalized":0.19381918646138602,
		"fractionOfPCRHospitalizedOrICU":0.2652995871844894,
		"fractionHospitalizedInICU":0.2694327627181563,
		"fractionOfDeathInICU":0.6961572754907351,
		"fractionDeathOfHospitalizedOrICU":0.16735819067953908,
		"fractionOfInfectionsPCRConfirmed":0.15805469075766485,
		"fractionOfDeathsReported":0.7695392412000039,
		"fractionOfHospitalizationsReported":0.7694857354854794,
		"dateContained":"",
		"dateICUOverCapacity":"",
		"dateHospitalsOverCapacity":""
	},
	"summaryAug1":{
		"totalProjectedDeaths":2.5412170261630949e5,
		"totalProjectedPCRConfirmed":4.941927523204212e6,
		"totalProjectedInfected":3.1444939411566902e7,
		"totalInfectedFraction":0.8066352724716823,
		"fatalityRate":8.081481706491435e-3,
		"fatalityRateSymptomatic":1.1544973866416338e-2,
		"fatalityRatePCR":5.142157618117877e-2,
		"fractionOfSymptomaticHospitalized":5.593923931568323e-2,
		"fractionOfSymptomaticHospitalizedOrICU":7.656959751413348e-2,
		"fractionOfPCRHospitalized":0.1917205717807355,
		"fractionOfPCRHospitalizedOrICU":0.26242700465744,
		"fractionHospitalizedInICU":0.2694327627181563,
		"fractionOfDeathInICU":0.692065487589334,
		"fractionDeathOfHospitalizedOrICU":0.16735819067953908,
		"fractionOfInfectionsPCRConfirmed":0.15716129894613,
		"fractionOfDeathsReported":0.7695376483002976,
		"fractionOfHospitalizationsReported":0.7694842389797736,
		"dateContained":"",
		"dateICUOverCapacity":"",
		"dateHospitalsOverCapacity":""
	}
}