{
	"distancingLevel":0.549047619047619,
	"id":"scenario1",
	"distancingDays":90,
	"maintain":true,
	"name":"Current",
	"gradual":false,
	"events":{
		"herd":{
			"eventName":"herd",
			"day":2.621412389111909e2,
			"thresholdCrossed":0.6999999999999998
		},
		"icu":{
			"eventName":"icu",
			"day":2.3994389577005302e2,
			"thresholdCrossed":1.718721359646148e-4
		},
		"hospital":{
			"eventName":"hospital",
			"day":2.4649809871009245e2,
			"thresholdCrossed":1.1191896431429094e-3
		}
	},
	"summary":{
		"totalProjectedDeaths":2.1977127915936062e5,
		"totalProjectedPCRConfirmed":2.9713427925986215e6,
		"totalProjectedInfected":1.5843554182488855e7,
		"totalInfectedFraction":0.7813001746380704,
		"fatalityRate":1.3871336988405267e-2,
		"fatalityRateSymptomatic":1.9816195697721813e-2,
		"fatalityRatePCR":7.396362335129875e-2,
		"fractionOfSymptomaticHospitalized":6.758050548257384e-2,
		"fractionOfSymptomaticHospitalizedOrICU":9.678437143925789e-2,
		"fractionOfPCRHospitalized":0.21349402451804828,
		"fractionOfPCRHospitalizedOrICU":0.3057521517702307,
		"fractionHospitalizedInICU":0.30174154692953165,
		"fractionOfDeathInICU":0.7784683016585154,
		"fractionDeathOfHospitalizedOrICU":0.1754353867323829,
		"fractionOfInfectionsPCRConfirmed":0.18754269139198002,
		"fractionOfDeathsReported":0.8464571861863587,
		"fractionOfHospitalizationsReported":0.8463819488498706,
		"dateContained":"",
		"dateICUOverCapacity":"Wed 26 Aug 2020 22:39:12",
		"dateHospitalsOverCapacity":"Wed 2 Sep 2020 11:57:15"
	},
	"summaryAug1":{
		"totalProjectedDeaths":1.0198267951603968e4,
		"totalProjectedPCRConfirmed":1.655586897468841e5,
		"totalProjectedInfected":9.522118750651827e5,
		"totalInfectedFraction":4.6956844134325604e-2,
		"fatalityRate":1.0710082722824537e-2,
		"fatalityRateSymptomatic":1.5300118175463626e-2,
		"fatalityRatePCR":6.159911006299749e-2,
		"fractionOfSymptomaticHospitalized":5.851540978518747e-2,
		"fractionOfSymptomaticHospitalizedOrICU":8.38019354121332e-2,
		"fractionOfPCRHospitalized":0.19892905080070297,
		"fractionOfPCRHospitalizedOrICU":0.284893150846864,
		"fractionHospitalizedInICU":0.3017415469295312,
		"fractionOfDeathInICU":0.7717541284542666,
		"fractionDeathOfHospitalizedOrICU":0.1754353867323828,
		"fractionOfInfectionsPCRConfirmed":0.17386749113536415,
		"fractionOfDeathsReported":0.8457676437133304,
		"fractionOfHospitalizationsReported":0.8444001601734128,
		"dateContained":"",
		"dateICUOverCapacity":"Wed 26 Aug 2020 22:39:12",
		"dateHospitalsOverCapacity":"Wed 2 Sep 2020 11:57:15"
	}
}