{
	"distancingLevel":0.5030489311142857,
	"id":"scenario1",
	"distancingDays":90,
	"maintain":true,
	"name":"Current",
	"events":{
		"herd":{
			"eventName":"herd",
			"day":2.2487125826139666e2,
			"thresholdCrossed":0.6999999999999899
		},
		"icu":{
			"eventName":"icu",
			"day":1.4902926958256293e2,
			"thresholdCrossed":2.4553162281081047e-4
		},
		"hospital":{
			"eventName":"hospital",
			"day":1.6788801926804493e2,
			"thresholdCrossed":1.1191896431429229e-3
		}
	},
	"summary":{
		"totalProjectedDeaths":2.6496012658988114e5,
		"totalProjectedPCRConfirmed":5.652837326852067e6,
		"totalProjectedInfected":1.6146584000631824e7,
		"totalInfectedFraction":0.796243617700696,
		"fatalityRate":1.640967071298258e-2,
		"fatalityRateSymptomatic":2.3442386732832256e-2,
		"fatalityRatePCR":4.68720593340391e-2,
		"fractionOfSymptomaticHospitalized":8.321480152689543e-2,
		"fractionOfPCRHospitalized":0.2510454447985394,
		"fractionHospitalizedInICU":0.302582465394058,
		"fractionDeathOfHospitalized":0.13021306197721214,
		"fractionOfInfectionsPCRConfirmed":0.3500949381386719,
		"dateContained":"Mon 23 Nov 2020 00:00:00",
		"dateICUOverCapacity":"Thu 28 May 2020 00:42:08",
		"dateHospitalsOverCapacity":"Mon 15 Jun 2020 21:18:44"
	},
	"summaryAug1":{
		"totalProjectedDeaths":5.352785949112688e4,
		"totalProjectedPCRConfirmed":1.7305468717618797e6,
		"totalProjectedInfected":6.642694005843594e6,
		"totalInfectedFraction":0.3275740990344869,
		"fatalityRate":8.058155237022553e-3,
		"fatalityRateSymptomatic":1.1511650338603649e-2,
		"fatalityRatePCR":3.0931181561485166e-2,
		"fractionOfSymptomaticHospitalized":5.4041274496153126e-2,
		"fractionOfPCRHospitalized":0.2131874056294891,
		"fractionHospitalizedInICU":0.30258246539405786,
		"fractionDeathOfHospitalized":0.10118772412170968,
		"fractionOfInfectionsPCRConfirmed":0.260518830197434,
		"dateContained":"Mon 23 Nov 2020 00:00:00",
		"dateICUOverCapacity":"Thu 28 May 2020 00:42:08",
		"dateHospitalsOverCapacity":"Mon 15 Jun 2020 21:18:44"
	}
}