{
	"distancingLevel":0.7,
	"id":"scenario8",
	"distancingDays":598,
	"maintain":false,
	"name":"relaxed restrictions",
	"gradual":false,
	"events":{
		"herd":{
			"eventName":"herd",
			"day":1.8968867972188158e2,
			"thresholdCrossed":0.7000000000000202
		},
		"icu":{
			"eventName":"icu",
			"day":1.367576932323465e2,
			"thresholdCrossed":1.2386602530038086e-4
		},
		"hospital":{
			"eventName":"hospital",
			"day":1.657841834272326e2,
			"thresholdCrossed":1.5039251818258568e-3
		}
	},
	"summary":{
		"totalProjectedDeaths":2.4748962506903517e4,
		"totalProjectedPCRConfirmed":4.606483109672536e5,
		"totalProjectedInfected":2.959469763908457e6,
		"totalInfectedFraction":0.5443685129967277,
		"fatalityRate":8.362634012593701e-3,
		"fatalityRateSymptomatic":1.1946620017991003e-2,
		"fatalityRatePCR":5.372637197982229e-2,
		"fractionOfSymptomaticHospitalized":5.712234102398744e-2,
		"fractionOfSymptomaticHospitalizedOrICU":7.812808209238924e-2,
		"fractionOfPCRHospitalized":0.19968459425486804,
		"fractionOfPCRHospitalizedOrICU":0.2731151086048525,
		"fractionHospitalizedInICU":0.26886287882456605,
		"fractionOfDeathInICU":0.6710526996751468,
		"fractionDeathOfHospitalizedOrICU":0.16721571970614152,
		"fractionOfInfectionsPCRConfirmed":0.15565231197324117,
		"fractionOfDeathsReported":0.7775710164685302,
		"fractionOfHospitalizationsReported":0.7773132994411011,
		"dateContained":"",
		"dateICUOverCapacity":"Fri 15 May 2020 18:11:04",
		"dateHospitalsOverCapacity":"Sat 13 Jun 2020 18:49:13"
	},
	"summaryAug1":{
		"totalProjectedDeaths":1.9795909014940178e4,
		"totalProjectedPCRConfirmed":4.231064941898989e5,
		"totalProjectedInfected":2.81636446962139e6,
		"totalInfectedFraction":0.518045548929635,
		"fatalityRate":7.028887499635793e-3,
		"fatalityRateSymptomatic":1.0041267856622562e-2,
		"fatalityRatePCR":4.678706020062969e-2,
		"fractionOfSymptomaticHospitalized":5.298198980472605e-2,
		"fractionOfSymptomaticHospitalizedOrICU":7.246518918304676e-2,
		"fractionOfPCRHospitalized":0.19188197220084138,
		"fractionOfPCRHospitalizedOrICU":0.26244320886396333,
		"fractionHospitalizedInICU":0.2688628788245655,
		"fractionOfDeathInICU":0.6629285223775141,
		"fractionDeathOfHospitalizedOrICU":0.16721571970614138,
		"fractionOfInfectionsPCRConfirmed":0.1502314415459083,
		"fractionOfDeathsReported":0.777543210655657,
		"fractionOfHospitalizationsReported":0.7772642686599711,
		"dateContained":"",
		"dateICUOverCapacity":"Fri 15 May 2020 18:11:04",
		"dateHospitalsOverCapacity":"Sat 13 Jun 2020 18:49:13"
	}
}