{
	"distancingLevel":0.7,
	"id":"scenario8",
	"distancingDays":606,
	"maintain":false,
	"name":"relaxed restrictions",
	"gradual":false,
	"events":{
		"herd":{
			"eventName":"herd",
			"day":1.971593649325053e2,
			"thresholdCrossed":0.7000000000000001
		},
		"icu":{
			"eventName":"icu",
			"day":1.4272504523551353e2,
			"thresholdCrossed":1.504087450075524e-4
		},
		"hospital":{
			"eventName":"hospital",
			"day":1.6597054966361824e2,
			"thresholdCrossed":1.5039251818259299e-3
		}
	},
	"summary":{
		"totalProjectedDeaths":2.0853919840925413e4,
		"totalProjectedPCRConfirmed":3.8387248265309125e5,
		"totalProjectedInfected":2.4943164885202143e6,
		"totalInfectedFraction":0.4588076466798358,
		"fatalityRate":8.360574905751945e-3,
		"fatalityRateSymptomatic":1.1943678436788495e-2,
		"fatalityRatePCR":5.43251230116728e-2,
		"fractionOfSymptomaticHospitalized":5.711704544895158e-2,
		"fractionOfSymptomaticHospitalizedOrICU":7.81208391623252e-2,
		"fractionOfPCRHospitalized":0.20191500683085298,
		"fractionOfPCRHospitalizedOrICU":0.2761657163655407,
		"fractionHospitalizedInICU":0.2688628788245656,
		"fractionOfDeathInICU":0.6710427668476119,
		"fractionDeathOfHospitalizedOrICU":0.1672157197061414,
		"fractionOfInfectionsPCRConfirmed":0.153898867453195,
		"fractionOfDeathsReported":0.7775410008784966,
		"fractionOfHospitalizationsReported":0.7772133427025805,
		"dateContained":"Tue 24 Nov 2020 12:19:56",
		"dateICUOverCapacity":"Thu 21 May 2020 17:24:03",
		"dateHospitalsOverCapacity":"Sat 13 Jun 2020 23:17:35"
	},
	"summaryAug1":{
		"totalProjectedDeaths":1.715701049724684e4,
		"totalProjectedPCRConfirmed":3.548183185258197e5,
		"totalProjectedInfected":2.3798735931540634e6,
		"totalInfectedFraction":0.43775687956835313,
		"fatalityRate":7.209210836491752e-3,
		"fatalityRateSymptomatic":1.0298872623559647e-2,
		"fatalityRatePCR":4.8354353767668695e-2,
		"fractionOfSymptomaticHospitalized":5.355276320633134e-2,
		"fractionOfSymptomaticHospitalizedOrICU":7.324585451253744e-2,
		"fractionOfPCRHospitalized":0.19540566803772133,
		"fractionOfPCRHospitalizedOrICU":0.26726268216770555,
		"fractionHospitalizedInICU":0.2688628788245655,
		"fractionOfDeathInICU":0.6641311910430415,
		"fractionDeathOfHospitalizedOrICU":0.16721571970614138,
		"fractionOfInfectionsPCRConfirmed":0.14909124566384066,
		"fractionOfDeathsReported":0.7775105871417723,
		"fractionOfHospitalizationsReported":0.777158096406512,
		"dateContained":"Tue 24 Nov 2020 12:19:56",
		"dateICUOverCapacity":"Thu 21 May 2020 17:24:03",
		"dateHospitalsOverCapacity":"Sat 13 Jun 2020 23:17:35"
	}
}