{
	"distancingLevel":0.11,
	"id":"scenario3",
	"distancingDays":60,
	"maintain":false,
	"name":"Wuhan",
	"gradual":false,
	"events":{
		"herd":{
			"eventName":"herd",
			"day":2.6719757957101604e2,
			"thresholdCrossed":0.7000000000000008
		},
		"icu":{
			"eventName":"icu",
			"day":1.156810798993486e2,
			"thresholdCrossed":1.409853618873228e-4
		},
		"hospital":{
			"eventName":"hospital",
			"day":2.5511119103578528e2,
			"thresholdCrossed":1.306655897918936e-3
		}
	},
	"summary":{
		"totalProjectedDeaths":1.2841151993503816e4,
		"totalProjectedPCRConfirmed":1.6659670259865784e5,
		"totalProjectedInfected":1.3814851293726151e6,
		"totalInfectedFraction":0.10747071726896933,
		"fatalityRate":9.295179311365783e-3,
		"fatalityRateSymptomatic":1.3278827587665406e-2,
		"fatalityRatePCR":7.707926863618049e-2,
		"fractionOfSymptomaticHospitalized":5.914149088738382e-2,
		"fractionOfSymptomaticHospitalizedOrICU":8.178629266148432e-2,
		"fractionOfPCRHospitalized":0.27063350987249046,
		"fractionOfPCRHospitalizedOrICU":0.3742569067895769,
		"fractionHospitalizedInICU":0.27687771431122266,
		"fractionOfDeathInICU":0.7150732503263169,
		"fractionDeathOfHospitalizedOrICU":0.16921942857780567,
		"fractionOfInfectionsPCRConfirmed":0.12059246897164627,
		"fractionOfDeathsReported":0.789483046419188,
		"fractionOfHospitalizationsReported":0.7883361615942741,
		"dateContained":"Mon 22 Jun 2020 11:49:08",
		"dateICUOverCapacity":"Fri 24 Apr 2020 16:20:45",
		"dateHospitalsOverCapacity":"Fri 11 Sep 2020 02:40:06"
	},
	"summaryAug1":{
		"totalProjectedDeaths":1.2841151993503816e4,
		"totalProjectedPCRConfirmed":1.6659670259865784e5,
		"totalProjectedInfected":1.3814851293726151e6,
		"totalInfectedFraction":0.10747071726896933,
		"fatalityRate":9.295179311365783e-3,
		"fatalityRateSymptomatic":1.3278827587665406e-2,
		"fatalityRatePCR":7.707926863618049e-2,
		"fractionOfSymptomaticHospitalized":5.914149088738382e-2,
		"fractionOfSymptomaticHospitalizedOrICU":8.178629266148432e-2,
		"fractionOfPCRHospitalized":0.27063350987249046,
		"fractionOfPCRHospitalizedOrICU":0.3742569067895769,
		"fractionHospitalizedInICU":0.27687771431122266,
		"fractionOfDeathInICU":0.7150732503263169,
		"fractionDeathOfHospitalizedOrICU":0.16921942857780567,
		"fractionOfInfectionsPCRConfirmed":0.12059246897164627,
		"fractionOfDeathsReported":0.789483046419188,
		"fractionOfHospitalizationsReported":0.7883361615942741,
		"dateContained":"Mon 22 Jun 2020 11:49:08",
		"dateICUOverCapacity":"Fri 24 Apr 2020 16:20:45",
		"dateHospitalsOverCapacity":"Fri 11 Sep 2020 02:40:06"
	}
}