{
	"distancingLevel":0.11,
	"id":"scenario3",
	"distancingDays":60,
	"maintain":false,
	"name":"Wuhan",
	"gradual":false,
	"events":{
		"herd":{
			"eventName":"herd",
			"day":2.4092551048305387e2,
			"thresholdCrossed":0.7
		},
		"icu":{
			"eventName":"icu",
			"day":1.2445359070390776e2,
			"thresholdCrossed":2.0140765983905063e-4
		},
		"hospital":{
			"eventName":"hospital",
			"day":2.282757431663874e2,
			"thresholdCrossed":1.3066558979518508e-3
		}
	},
	"summary":{
		"totalProjectedDeaths":1.2202897318562648e5,
		"totalProjectedPCRConfirmed":3.442934308707002e6,
		"totalProjectedInfected":1.0791367758047894e7,
		"totalInfectedFraction":0.8394994695290899,
		"fatalityRate":1.130801728952484e-2,
		"fatalityRateSymptomatic":1.615431041360691e-2,
		"fatalityRatePCR":3.544330569335045e-2,
		"fractionOfSymptomaticHospitalized":7.334721824635536e-2,
		"fractionOfSymptomaticHospitalizedOrICU":0.10154350292949718,
		"fractionOfPCRHospitalized":0.21001061193913434,
		"fractionOfPCRHospitalizedOrICU":0.2907433124053978,
		"fractionHospitalizedInICU":0.2776768958100533,
		"fractionOfDeathInICU":0.6821751107788918,
		"fractionDeathOfHospitalizedOrICU":0.1616333756173176,
		"fractionOfInfectionsPCRConfirmed":0.3190452207635459,
		"dateContained":"Sat 13 Jun 2020 00:00:00",
		"dateICUOverCapacity":"Sun 3 May 2020 10:53:10",
		"dateHospitalsOverCapacity":"Sat 15 Aug 2020 06:37:04"
	},
	"summaryAug1":{
		"totalProjectedDeaths":7.532035787466104e3,
		"totalProjectedPCRConfirmed":1.1994357050942065e5,
		"totalProjectedInfected":7.59287868700779e5,
		"totalInfectedFraction":5.906774537628062e-2,
		"fatalityRate":9.91986846879854e-3,
		"fatalityRateSymptomatic":1.41712406697122e-2,
		"fatalityRatePCR":6.279649468059248e-2,
		"fractionOfSymptomaticHospitalized":6.565952437362506e-2,
		"fractionOfSymptomaticHospitalizedOrICU":9.090049036609359e-2,
		"fractionOfPCRHospitalized":0.21550712110169287,
		"fractionOfPCRHospitalizedOrICU":0.2983528006395068,
		"fractionHospitalizedInICU":0.2776768958100533,
		"fractionOfDeathInICU":0.6816138288557482,
		"fractionDeathOfHospitalizedOrICU":0.1616333756173176,
		"fractionOfInfectionsPCRConfirmed":0.15796850635142723,
		"dateContained":"Sat 13 Jun 2020 00:00:00",
		"dateICUOverCapacity":"Sun 3 May 2020 10:53:10",
		"dateHospitalsOverCapacity":"Sat 15 Aug 2020 06:37:04"
	}
}