{
	"distancingLevel":0.11,
	"id":"scenario3",
	"distancingDays":60,
	"maintain":false,
	"name":"Wuhan",
	"gradual":false,
	"events":{
		"herd":{
			"eventName":"herd",
			"day":2.616222768987978e2,
			"thresholdCrossed":0.7000000000000232
		},
		"icu":{
			"eventName":"icu",
			"day":1.171444913887164e2,
			"thresholdCrossed":1.4098536188732284e-4
		},
		"hospital":{
			"eventName":"hospital",
			"day":2.5119394708965424e2,
			"thresholdCrossed":1.306655897951847e-3
		}
	},
	"summary":{
		"totalProjectedDeaths":1.293853094593872e4,
		"totalProjectedPCRConfirmed":1.6960597527298305e5,
		"totalProjectedInfected":1.3952853422609537e6,
		"totalInfectedFraction":0.10854428566723921,
		"fatalityRate":9.273035811422498e-3,
		"fatalityRateSymptomatic":1.3247194016317852e-2,
		"fatalityRatePCR":7.628582026732243e-2,
		"fractionOfSymptomaticHospitalized":5.910805638308627e-2,
		"fractionOfSymptomaticHospitalizedOrICU":8.174005635407236e-2,
		"fractionOfPCRHospitalized":0.26837512846378664,
		"fractionOfPCRHospitalizedOrICU":0.371133809281176,
		"fractionHospitalizedInICU":0.27687771431122266,
		"fractionOfDeathInICU":0.7149037521323713,
		"fractionDeathOfHospitalizedOrICU":0.16921942857780567,
		"fractionOfInfectionsPCRConfirmed":0.1215564803383869,
		"fractionOfDeathsReported":0.7895169580164524,
		"fractionOfHospitalizationsReported":0.7884527331964106,
		"dateContained":"Mon 22 Jun 2020 11:47:07",
		"dateICUOverCapacity":"Sun 26 Apr 2020 03:28:04",
		"dateHospitalsOverCapacity":"Mon 7 Sep 2020 04:39:17"
	},
	"summaryAug1":{
		"totalProjectedDeaths":1.293853094593872e4,
		"totalProjectedPCRConfirmed":1.6960597527298305e5,
		"totalProjectedInfected":1.3952853422609537e6,
		"totalInfectedFraction":0.10854428566723921,
		"fatalityRate":9.273035811422498e-3,
		"fatalityRateSymptomatic":1.3247194016317852e-2,
		"fatalityRatePCR":7.628582026732243e-2,
		"fractionOfSymptomaticHospitalized":5.910805638308627e-2,
		"fractionOfSymptomaticHospitalizedOrICU":8.174005635407236e-2,
		"fractionOfPCRHospitalized":0.26837512846378664,
		"fractionOfPCRHospitalizedOrICU":0.371133809281176,
		"fractionHospitalizedInICU":0.27687771431122266,
		"fractionOfDeathInICU":0.7149037521323713,
		"fractionDeathOfHospitalizedOrICU":0.16921942857780567,
		"fractionOfInfectionsPCRConfirmed":0.1215564803383869,
		"fractionOfDeathsReported":0.7895169580164524,
		"fractionOfHospitalizationsReported":0.7884527331964106,
		"dateContained":"Mon 22 Jun 2020 11:47:07",
		"dateICUOverCapacity":"Sun 26 Apr 2020 03:28:04",
		"dateHospitalsOverCapacity":"Mon 7 Sep 2020 04:39:17"
	}
}