{
	"distancingLevel":0.8366666666666666,
	"id":"scenario1",
	"distancingDays":90,
	"maintain":true,
	"name":"Current",
	"gradual":false,
	"events":{
		"herd":{
			"eventName":"herd",
			"day":2.2078637676844727e2,
			"thresholdCrossed":0.7
		},
		"icu":{
			"eventName":"icu",
			"day":1.557179305317583e2,
			"thresholdCrossed":1.543278397618633e-4
		},
		"hospital":{
			"eventName":"hospital",
			"day":1.8999778138252694e2,
			"thresholdCrossed":1.8295628880128513e-3
		}
	},
	"summary":{
		"totalProjectedDeaths":2.1806103702814657e4,
		"totalProjectedPCRConfirmed":3.655401009019905e5,
		"totalProjectedInfected":2.277854528424636e6,
		"totalInfectedFraction":0.5846272553859174,
		"fatalityRate":9.573088812609888e-3,
		"fatalityRateSymptomatic":1.3675841160871269e-2,
		"fatalityRatePCR":5.96544774403872e-2,
		"fractionOfSymptomaticHospitalized":5.868382878140875e-2,
		"fractionOfSymptomaticHospitalizedOrICU":8.176769806040479e-2,
		"fractionOfPCRHospitalized":0.1969883544871582,
		"fractionOfPCRHospitalizedOrICU":0.27447568820228013,
		"fractionHospitalizedInICU":0.282310372268804,
		"fractionOfDeathInICU":0.741571167677985,
		"fractionDeathOfHospitalizedOrICU":0.17057759306720102,
		"fractionOfInfectionsPCRConfirmed":0.1604756126172807,
		"fractionOfDeathsReported":0.7697441015673073,
		"fractionOfHospitalizationsReported":0.7695433921363726,
		"dateContained":"",
		"dateICUOverCapacity":"Wed 3 Jun 2020 17:13:49",
		"dateHospitalsOverCapacity":"Tue 7 Jul 2020 23:56:48"
	},
	"summaryAug1":{
		"totalProjectedDeaths":1.0241928075400834e4,
		"totalProjectedPCRConfirmed":2.1845536416515682e5,
		"totalProjectedInfected":1.4784825748025826e6,
		"totalInfectedFraction":0.3794628669463499,
		"fatalityRate":6.927324170031838e-3,
		"fatalityRateSymptomatic":9.896177385759767e-3,
		"fatalityRatePCR":4.688339018151883e-2,
		"fractionOfSymptomaticHospitalized":5.023389186602832e-2,
		"fractionOfSymptomaticHospitalizedOrICU":6.999389419188179e-2,
		"fractionOfPCRHospitalized":0.18307946132873898,
		"fractionOfPCRHospitalizedOrICU":0.2550955932127666,
		"fractionHospitalizedInICU":0.28231037226880457,
		"fractionOfDeathInICU":0.7284807203190184,
		"fractionDeathOfHospitalizedOrICU":0.17057759306720113,
		"fractionOfInfectionsPCRConfirmed":0.14775646861737718,
		"fractionOfDeathsReported":0.7696159540096499,
		"fractionOfHospitalizationsReported":0.7692920819971644,
		"dateContained":"",
		"dateICUOverCapacity":"Wed 3 Jun 2020 17:13:49",
		"dateHospitalsOverCapacity":"Tue 7 Jul 2020 23:56:48"
	}
}