{
	"distancingLevel":0.7,
	"id":"scenario8",
	"distancingDays":593,
	"maintain":false,
	"name":"relaxed restrictions",
	"gradual":false,
	"events":{
		"icu":{
			"eventName":"icu",
			"day":8.619836367455028e1,
			"thresholdCrossed":1.1139308684042532e-4
		}
	},
	"summary":{
		"totalProjectedDeaths":1.2147978095250048e4,
		"totalProjectedPCRConfirmed":1.4260030788728132e5,
		"totalProjectedInfected":1.0716467767752036e6,
		"totalInfectedFraction":0.29813696919975685,
		"fatalityRate":1.1335804258009069e-2,
		"fatalityRateSymptomatic":1.61940060828701e-2,
		"fatalityRatePCR":8.518900327236628e-2,
		"fractionOfSymptomaticHospitalized":6.382193845780422e-2,
		"fractionOfSymptomaticHospitalizedOrICU":8.907768916284656e-2,
		"fractionOfPCRHospitalized":0.27375641477286033,
		"fractionOfPCRHospitalizedOrICU":0.3820878746513578,
		"fractionHospitalizedInICU":0.2835249874844786,
		"fractionOfDeathInICU":0.7329785143523111,
		"fractionDeathOfHospitalizedOrICU":0.17088124687111964,
		"fractionOfInfectionsPCRConfirmed":0.1330665205902954,
		"fractionOfDeathsReported":0.8230783262812308,
		"fractionOfHospitalizationsReported":0.8153894252697731,
		"dateContained":"",
		"dateICUOverCapacity":"Thu 26 Mar 2020 04:45:38",
		"dateHospitalsOverCapacity":""
	},
	"summaryAug1":{
		"totalProjectedDeaths":8.443311951812524e3,
		"totalProjectedPCRConfirmed":9.66027780386038e4,
		"totalProjectedInfected":8.436536020994618e5,
		"totalInfectedFraction":0.23470823916559283,
		"fatalityRate":1.0008031650432172e-2,
		"fatalityRateSymptomatic":1.429718807204596e-2,
		"fatalityRatePCR":8.740237209781337e-2,
		"fractionOfSymptomaticHospitalized":5.960859609920434e-2,
		"fractionOfSymptomaticHospitalizedOrICU":8.319703417139475e-2,
		"fractionOfPCRHospitalized":0.295595100215335,
		"fractionOfPCRHospitalizedOrICU":0.41256861028203884,
		"fractionHospitalizedInICU":0.2835249874844783,
		"fractionOfDeathInICU":0.7294882237065644,
		"fractionDeathOfHospitalizedOrICU":0.17088124687111958,
		"fractionOfInfectionsPCRConfirmed":0.11450526353257354,
		"fractionOfDeathsReported":0.8213185661269475,
		"fractionOfHospitalizationsReported":0.8111772238056741,
		"dateContained":"",
		"dateICUOverCapacity":"Thu 26 Mar 2020 04:45:38",
		"dateHospitalsOverCapacity":""
	}
}