{
	"distancingLevel":0.7,
	"id":"scenario8",
	"distancingDays":602,
	"maintain":false,
	"name":"relaxed restrictions",
	"gradual":false,
	"events":{},
	"summary":{
		"totalProjectedDeaths":2.231280000833782e4,
		"totalProjectedPCRConfirmed":2.874979250208721e5,
		"totalProjectedInfected":1.9683462479994106e6,
		"totalInfectedFraction":0.5476028085300315,
		"fatalityRate":1.1335810470853958e-2,
		"fatalityRateSymptomatic":1.61940149583628e-2,
		"fatalityRatePCR":7.761029929770079e-2,
		"fractionOfSymptomaticHospitalized":6.382195589409619e-2,
		"fractionOfSymptomaticHospitalizedOrICU":8.907771349906432e-2,
		"fractionOfPCRHospitalized":0.25267490582984165,
		"fractionOfPCRHospitalizedOrICU":0.35266394698498693,
		"fractionHospitalizedInICU":0.2835249874844782,
		"fractionOfDeathInICU":0.7325951107525339,
		"fractionDeathOfHospitalizedOrICU":0.17088124687111952,
		"fractionOfInfectionsPCRConfirmed":0.14606064624711199,
		"fractionOfDeathsReported":0.8268058521144084,
		"fractionOfHospitalizationsReported":0.8260896498013738,
		"dateContained":"",
		"dateICUOverCapacity":"",
		"dateHospitalsOverCapacity":""
	},
	"summaryAug1":{
		"totalProjectedDeaths":1.9833266860258747e4,
		"totalProjectedPCRConfirmed":2.71215201677512e5,
		"totalProjectedInfected":1.909306468087241e6,
		"totalInfectedFraction":0.5311776753362355,
		"fatalityRate":1.0387681177306164e-2,
		"fatalityRateSymptomatic":1.4839544539008806e-2,
		"fatalityRatePCR":7.312741593239107e-2,
		"fractionOfSymptomaticHospitalized":6.145106786309038e-2,
		"fractionOfSymptomaticHospitalizedOrICU":8.576861270756335e-2,
		"fractionOfPCRHospitalized":0.250137685085971,
		"fractionOfPCRHospitalizedOrICU":0.349122691952292,
		"fractionHospitalizedInICU":0.2835249874844783,
		"fractionOfDeathInICU":0.7290084768839573,
		"fractionDeathOfHospitalizedOrICU":0.17088124687111958,
		"fractionOfInfectionsPCRConfirmed":0.14204906661695732,
		"fractionOfDeathsReported":0.8267704533858679,
		"fractionOfHospitalizationsReported":0.8260189989433439,
		"dateContained":"",
		"dateICUOverCapacity":"",
		"dateHospitalsOverCapacity":""
	}
}