{
	"distancingLevel":0.4,
	"id":"scenario2",
	"distancingDays":90,
	"maintain":false,
	"name":"Italy",
	"events":{
		"herd":{
			"eventName":"herd",
			"day":3.10263250427072e2,
			"thresholdCrossed":0.7000000000000007
		},
		"icu":{
			"eventName":"icu",
			"day":2.879140634403119e2,
			"thresholdCrossed":1.8546402570583705e-4
		},
		"hospital":{
			"eventName":"hospital",
			"day":2.914740207998901e2,
			"thresholdCrossed":1.0967057000421496e-3
		}
	},
	"summary":{
		"totalProjectedDeaths":6.533567063812416e4,
		"totalProjectedPCRConfirmed":1.6937724966852602e6,
		"totalProjectedInfected":5.406524981085924e6,
		"totalInfectedFraction":0.7939159842215965,
		"fatalityRate":1.2084596088373423e-2,
		"fatalityRateSymptomatic":1.7263708697676322e-2,
		"fatalityRatePCR":3.8574053343047615e-2,
		"fractionOfSymptomaticHospitalized":7.45738384204212e-2,
		"fractionOfPCRHospitalized":0.23290962395340753,
		"fractionHospitalizedInICU":0.2919272542917044,
		"fractionDeathOfHospitalized":0.11726967482105354,
		"fractionOfInfectionsPCRConfirmed":0.313283024236588,
		"dateContained":"Sun 24 May 2020 00:00:00",
		"dateICUOverCapacity":"Tue 13 Oct 2020 21:56:15",
		"dateHospitalsOverCapacity":"Sat 17 Oct 2020 11:22:35"
	},
	"summaryAug1":{
		"totalProjectedDeaths":9.074407778777882e2,
		"totalProjectedPCRConfirmed":1.0063740798949993e4,
		"totalProjectedInfected":7.520956517469593e4,
		"totalInfectedFraction":1.1044076586612571e-2,
		"fatalityRate":1.2065496932072336e-2,
		"fatalityRateSymptomatic":1.7236424188674767e-2,
		"fatalityRatePCR":9.016933126620934e-2,
		"fractionOfSymptomaticHospitalized":7.457345641253803e-2,
		"fractionOfPCRHospitalized":0.25289582486378237,
		"fractionHospitalizedInICU":0.29192725429170485,
		"fractionDeathOfHospitalized":0.25246144732810594,
		"fractionOfInfectionsPCRConfirmed":0.13380932033809864,
		"dateContained":"Sun 24 May 2020 00:00:00",
		"dateICUOverCapacity":"Tue 13 Oct 2020 21:56:15",
		"dateHospitalsOverCapacity":"Sat 17 Oct 2020 11:22:35"
	}
}