{
	"distancingLevel":0.11,
	"id":"scenario3",
	"distancingDays":60,
	"maintain":false,
	"name":"Wuhan",
	"gradual":false,
	"events":{
		"herd":{
			"eventName":"herd",
			"day":2.3165768375379128e2,
			"thresholdCrossed":0.6999999999999982
		},
		"icu":{
			"eventName":"icu",
			"day":1.0189983931399738e2,
			"thresholdCrossed":1.8013588697187447e-4
		},
		"hospital":{
			"eventName":"hospital",
			"day":1.125122160342644e2,
			"thresholdCrossed":9.144354072183098e-4
		}
	},
	"summary":{
		"totalProjectedDeaths":7.024433981837801e4,
		"totalProjectedPCRConfirmed":1.7192170996970905e6,
		"totalProjectedInfected":5.528930763529485e6,
		"totalInfectedFraction":0.8143571930453533,
		"fatalityRate":1.2704868775303014e-2,
		"fatalityRateSymptomatic":1.8149812536147166e-2,
		"fatalityRatePCR":4.085833012640136e-2,
		"fractionOfSymptomaticHospitalized":7.6762257305805e-2,
		"fractionOfSymptomaticHospitalizedOrICU":0.10690472888937165,
		"fractionOfPCRHospitalized":0.2188990110895577,
		"fractionOfPCRHospitalizedOrICU":0.30485475878405477,
		"fractionHospitalizedInICU":0.28195639142173984,
		"fractionOfDeathInICU":0.7039512416914306,
		"fractionDeathOfHospitalizedOrICU":0.16304560916917415,
		"fractionOfInfectionsPCRConfirmed":0.31094929078106226,
		"dateContained":"Mon 23 Nov 2020 00:00:00",
		"dateICUOverCapacity":"Fri 10 Apr 2020 21:35:46",
		"dateHospitalsOverCapacity":"Tue 21 Apr 2020 12:17:35"
	},
	"summaryAug1":{
		"totalProjectedDeaths":1.3672095548622192e4,
		"totalProjectedPCRConfirmed":2.3385244298126848e5,
		"totalProjectedInfected":1.4124154184158072e6,
		"totalInfectedFraction":0.2080349175544421,
		"fatalityRate":9.679939322637162e-3,
		"fatalityRateSymptomatic":1.382848474662452e-2,
		"fatalityRatePCR":5.846462570295802e-2,
		"fractionOfSymptomaticHospitalized":6.1858192698687774e-2,
		"fractionOfSymptomaticHospitalizedOrICU":8.614823941009402e-2,
		"fractionOfPCRHospitalized":0.20793276293480176,
		"fractionOfPCRHospitalizedOrICU":0.2895823602503928,
		"fractionHospitalizedInICU":0.28195639142174006,
		"fractionOfDeathInICU":0.702191060152946,
		"fractionDeathOfHospitalizedOrICU":0.16304560916917424,
		"fractionOfInfectionsPCRConfirmed":0.1655691660769053,
		"dateContained":"Mon 23 Nov 2020 00:00:00",
		"dateICUOverCapacity":"Fri 10 Apr 2020 21:35:46",
		"dateHospitalsOverCapacity":"Tue 21 Apr 2020 12:17:35"
	}
}