{
	"distancingLevel":0.11,
	"id":"scenario3",
	"distancingDays":60,
	"maintain":false,
	"name":"Wuhan",
	"gradual":false,
	"events":{
		"herd":{
			"eventName":"herd",
			"day":2.669067172758347e2,
			"thresholdCrossed":0.6999999999999971
		},
		"icu":{
			"eventName":"icu",
			"day":9.260669927676307e1,
			"thresholdCrossed":1.5311550392609435e-4
		},
		"hospital":{
			"eventName":"hospital",
			"day":2.522598457140756e2,
			"thresholdCrossed":9.144354072183089e-4
		}
	},
	"summary":{
		"totalProjectedDeaths":1.0573130484006255e4,
		"totalProjectedPCRConfirmed":1.2311031923558147e5,
		"totalProjectedInfected":1.0219357343596466e6,
		"totalInfectedFraction":0.1505210956149868,
		"fatalityRate":1.0346179440169462e-2,
		"fatalityRateSymptomatic":1.4780256343099232e-2,
		"fatalityRatePCR":8.588338126045894e-2,
		"fractionOfSymptomaticHospitalized":6.192005216168399e-2,
		"fractionOfSymptomaticHospitalizedOrICU":8.613761593699364e-2,
		"fractionOfPCRHospitalized":0.29210158359091526,
		"fractionOfPCRHospitalizedOrICU":0.4063454913804393,
		"fractionHospitalizedInICU":0.28114968718223954,
		"fractionOfDeathInICU":0.7222516816287822,
		"fractionDeathOfHospitalizedOrICU":0.17028742179555986,
		"fractionOfInfectionsPCRConfirmed":0.1204677702289405,
		"fractionOfDeathsReported":0.8154118538449648,
		"fractionOfHospitalizationsReported":0.8118493173758942,
		"dateContained":"Sat 13 Jun 2020 03:32:15",
		"dateICUOverCapacity":"Wed 1 Apr 2020 14:33:38",
		"dateHospitalsOverCapacity":"Tue 8 Sep 2020 06:14:10"
	},
	"summaryAug1":{
		"totalProjectedDeaths":1.0573130484006255e4,
		"totalProjectedPCRConfirmed":1.2311031923558147e5,
		"totalProjectedInfected":1.0219357343596466e6,
		"totalInfectedFraction":0.1505210956149868,
		"fatalityRate":1.0346179440169462e-2,
		"fatalityRateSymptomatic":1.4780256343099232e-2,
		"fatalityRatePCR":8.588338126045894e-2,
		"fractionOfSymptomaticHospitalized":6.192005216168399e-2,
		"fractionOfSymptomaticHospitalizedOrICU":8.613761593699364e-2,
		"fractionOfPCRHospitalized":0.29210158359091526,
		"fractionOfPCRHospitalizedOrICU":0.4063454913804393,
		"fractionHospitalizedInICU":0.28114968718223954,
		"fractionOfDeathInICU":0.7222516816287822,
		"fractionDeathOfHospitalizedOrICU":0.17028742179555986,
		"fractionOfInfectionsPCRConfirmed":0.1204677702289405,
		"fractionOfDeathsReported":0.8154118538449648,
		"fractionOfHospitalizationsReported":0.8118493173758942,
		"dateContained":"Sat 13 Jun 2020 03:32:15",
		"dateICUOverCapacity":"Wed 1 Apr 2020 14:33:38",
		"dateHospitalsOverCapacity":"Tue 8 Sep 2020 06:14:10"
	}
}