{
	"distancingLevel":0.11,
	"id":"scenario3",
	"distancingDays":60,
	"maintain":false,
	"name":"Wuhan",
	"gradual":false,
	"events":{
		"herd":{
			"eventName":"herd",
			"day":3.094388617708614e2,
			"thresholdCrossed":0.6999999999999996
		},
		"icu":{
			"eventName":"icu",
			"day":8.813032797167295e1,
			"thresholdCrossed":1.2609512088031265e-4
		},
		"hospital":{
			"eventName":"hospital",
			"day":2.925790059889211e2,
			"thresholdCrossed":9.144354072183106e-4
		}
	},
	"summary":{
		"totalProjectedDeaths":1.0293263011703018e4,
		"totalProjectedPCRConfirmed":1.0093268645110351e5,
		"totalProjectedInfected":9.815975452038994e5,
		"totalInfectedFraction":0.14457967657785697,
		"fatalityRate":1.0486235486219438e-2,
		"fatalityRateSymptomatic":1.498033640888491e-2,
		"fatalityRatePCR":0.10198146283057227,
		"fractionOfSymptomaticHospitalized":6.20713156259048e-2,
		"fractionOfSymptomaticHospitalizedOrICU":8.634804008444638e-2,
		"fractionOfPCRHospitalized":0.3170435064506707,
		"fractionOfPCRHospitalizedOrICU":0.4410424545938064,
		"fractionHospitalizedInICU":0.2811496871822395,
		"fractionOfDeathInICU":0.7255273170010217,
		"fractionDeathOfHospitalizedOrICU":0.1702874217955599,
		"fractionOfInfectionsPCRConfirmed":0.10282491734444749,
		"fractionOfDeathsReported":0.788993817882269,
		"fractionOfHospitalizationsReported":0.750288415755735,
		"dateContained":"Tue 23 Jun 2020 22:55:00",
		"dateICUOverCapacity":"Sat 28 Mar 2020 03:07:40",
		"dateHospitalsOverCapacity":"Sun 18 Oct 2020 13:53:46"
	},
	"summaryAug1":{
		"totalProjectedDeaths":1.0293263011703018e4,
		"totalProjectedPCRConfirmed":1.0093268645110351e5,
		"totalProjectedInfected":9.815975452038994e5,
		"totalInfectedFraction":0.14457967657785697,
		"fatalityRate":1.0486235486219438e-2,
		"fatalityRateSymptomatic":1.498033640888491e-2,
		"fatalityRatePCR":0.10198146283057227,
		"fractionOfSymptomaticHospitalized":6.20713156259048e-2,
		"fractionOfSymptomaticHospitalizedOrICU":8.634804008444638e-2,
		"fractionOfPCRHospitalized":0.3170435064506707,
		"fractionOfPCRHospitalizedOrICU":0.4410424545938064,
		"fractionHospitalizedInICU":0.2811496871822395,
		"fractionOfDeathInICU":0.7255273170010217,
		"fractionDeathOfHospitalizedOrICU":0.1702874217955599,
		"fractionOfInfectionsPCRConfirmed":0.10282491734444749,
		"fractionOfDeathsReported":0.788993817882269,
		"fractionOfHospitalizationsReported":0.750288415755735,
		"dateContained":"Tue 23 Jun 2020 22:55:00",
		"dateICUOverCapacity":"Sat 28 Mar 2020 03:07:40",
		"dateHospitalsOverCapacity":"Sun 18 Oct 2020 13:53:46"
	}
}