{
	"distancingLevel":0.11,
	"id":"scenario3",
	"distancingDays":60,
	"maintain":false,
	"name":"Wuhan",
	"gradual":false,
	"events":{},
	"summary":{
		"totalProjectedDeaths":5.313312637549536e4,
		"totalProjectedPCRConfirmed":1.3324273925158523e6,
		"totalProjectedInfected":4.968572490437568e6,
		"totalInfectedFraction":0.7318219235887382,
		"fatalityRate":1.0693841435896223e-2,
		"fatalityRateSymptomatic":1.5276916336994606e-2,
		"fatalityRatePCR":3.987693939192504e-2,
		"fractionOfSymptomaticHospitalized":6.234025744906002e-2,
		"fractionOfSymptomaticHospitalizedOrICU":8.672216779693356e-2,
		"fractionOfPCRHospitalized":0.13283632935023942,
		"fractionOfPCRHospitalizedOrICU":0.18478997223990287,
		"fractionHospitalizedInICU":0.2811496871822394,
		"fractionOfDeathInICU":0.7244712728914949,
		"fractionDeathOfHospitalizedOrICU":0.17028742179555986,
		"fractionOfInfectionsPCRConfirmed":0.2681710682656276,
		"fractionOfDeathsReported":0.8168670678394864,
		"fractionOfHospitalizationsReported":0.8163232328059072,
		"dateContained":"",
		"dateICUOverCapacity":"",
		"dateHospitalsOverCapacity":""
	},
	"summaryAug1":{
		"totalProjectedDeaths":9.96159749953676e3,
		"totalProjectedPCRConfirmed":1.1326703842739188e5,
		"totalProjectedInfected":9.557324348657042e5,
		"totalInfectedFraction":0.14076999988742672,
		"fatalityRate":1.04229982536237e-2,
		"fatalityRateSymptomatic":1.4889997505176715e-2,
		"fatalityRatePCR":8.794789409032258e-2,
		"fractionOfSymptomaticHospitalized":6.102023950634079e-2,
		"fractionOfSymptomaticHospitalizedOrICU":8.48858773771033e-2,
		"fractionOfPCRHospitalized":0.2930323062253986,
		"fractionOfPCRHospitalizedOrICU":0.4076402291274883,
		"fractionHospitalizedInICU":0.2811496871822393,
		"fractionOfDeathInICU":0.7243910754119463,
		"fractionDeathOfHospitalizedOrICU":0.17028742179555983,
		"fractionOfInfectionsPCRConfirmed":0.11851333521322602,
		"fractionOfDeathsReported":0.8159213319665695,
		"fractionOfHospitalizationsReported":0.8130378711098833,
		"dateContained":"",
		"dateICUOverCapacity":"",
		"dateHospitalsOverCapacity":""
	}
}