{
	"distancingLevel":0.6742857142857143,
	"id":"scenario1",
	"distancingDays":90,
	"maintain":true,
	"name":"Current",
	"gradual":false,
	"events":{
		"herd":{
			"eventName":"herd",
			"day":3.053109636902502e2,
			"thresholdCrossed":0.7000000000000001
		},
		"icu":{
			"eventName":"icu",
			"day":2.668399768051183e2,
			"thresholdCrossed":1.6227790937433054e-4
		},
		"hospital":{
			"eventName":"hospital",
			"day":2.788406850063438e2,
			"thresholdCrossed":1.0340795313414307e-3
		}
	},
	"summary":{
		"totalProjectedDeaths":4.4824847311933096e4,
		"totalProjectedPCRConfirmed":8.838115550127269e5,
		"totalProjectedInfected":5.60368188766776e6,
		"totalInfectedFraction":0.5492925288610855,
		"fatalityRate":7.999177721094567e-3,
		"fatalityRateSymptomatic":1.1427396744420813e-2,
		"fatalityRatePCR":5.0717652487908035e-2,
		"fractionOfSymptomaticHospitalized":5.606869634128852e-2,
		"fractionOfSymptomaticHospitalizedOrICU":7.643853922953285e-2,
		"fractionOfPCRHospitalized":0.1899338834350603,
		"fractionOfPCRHospitalizedOrICU":0.25893715294531017,
		"fractionHospitalizedInICU":0.2664865536882765,
		"fractionOfDeathInICU":0.6654314396939986,
		"fractionDeathOfHospitalizedOrICU":0.16662163842206915,
		"fractionOfInfectionsPCRConfirmed":0.15771979436551622,
		"fractionOfDeathsReported":0.7645772543903477,
		"fractionOfHospitalizationsReported":0.7632558678191664,
		"dateContained":"",
		"dateICUOverCapacity":"Tue 22 Sep 2020 20:09:33",
		"dateHospitalsOverCapacity":"Sun 4 Oct 2020 20:10:35"
	},
	"summaryAug1":{
		"totalProjectedDeaths":5.608884324125934e3,
		"totalProjectedPCRConfirmed":1.105010080802752e5,
		"totalProjectedInfected":8.180934265242465e5,
		"totalInfectedFraction":8.019238352717446e-2,
		"fatalityRate":6.856043750352392e-3,
		"fatalityRateSymptomatic":9.794348214789132e-3,
		"fatalityRatePCR":5.0758671088785644e-2,
		"fractionOfSymptomaticHospitalized":5.154350177422138e-2,
		"fractionOfSymptomaticHospitalizedOrICU":7.026933457511123e-2,
		"fractionOfPCRHospitalized":0.1999285847627779,
		"fractionOfPCRHospitalizedOrICU":0.272562944507787,
		"fractionHospitalizedInICU":0.2664865536882765,
		"fractionOfDeathInICU":0.6607119272240396,
		"fractionDeathOfHospitalizedOrICU":0.16662163842206915,
		"fractionOfInfectionsPCRConfirmed":0.13507137998865243,
		"fractionOfDeathsReported":0.7577756932602964,
		"fractionOfHospitalizationsReported":0.7484559896990766,
		"dateContained":"",
		"dateICUOverCapacity":"Tue 22 Sep 2020 20:09:33",
		"dateHospitalsOverCapacity":"Sun 4 Oct 2020 20:10:35"
	}
}