{
	"distancingLevel":0.5304761904761904,
	"id":"scenario1",
	"distancingDays":90,
	"maintain":true,
	"name":"Current",
	"gradual":false,
	"events":{
		"herd":{
			"eventName":"herd",
			"day":2.370908582773209e2,
			"thresholdCrossed":0.6999999999999716
		},
		"icu":{
			"eventName":"icu",
			"day":2.184475550442042e2,
			"thresholdCrossed":2.3182558482047233e-4
		},
		"hospital":{
			"eventName":"hospital",
			"day":2.203715968965481e2,
			"thresholdCrossed":1.034079531341458e-3
		}
	},
	"summary":{
		"totalProjectedDeaths":7.233720306773439e4,
		"totalProjectedPCRConfirmed":2.4345066693250807e6,
		"totalProjectedInfected":8.356949092737316e6,
		"totalInfectedFraction":0.8191774252595114,
		"fatalityRate":8.65593439244469e-3,
		"fatalityRateSymptomatic":1.2365620560635273e-2,
		"fatalityRatePCR":2.9713290162309745e-2,
		"fractionOfSymptomaticHospitalized":6.903981267981098e-2,
		"fractionOfPCRHospitalized":0.22273610487917125,
		"fractionHospitalizedInICU":0.2672668275659789,
		"fractionDeathOfHospitalized":9.774757162020285e-2,
		"fractionOfInfectionsPCRConfirmed":0.29131524463165764,
		"dateContained":"Wed 25 Nov 2020 00:00:00",
		"dateICUOverCapacity":"Wed 5 Aug 2020 10:44:28",
		"dateHospitalsOverCapacity":"Fri 7 Aug 2020 08:55:05"
	},
	"summaryAug1":{
		"totalProjectedDeaths":8.175966175324447e3,
		"totalProjectedPCRConfirmed":2.7087378087832895e5,
		"totalProjectedInfected":1.316672651912453e6,
		"totalInfectedFraction":0.1290648657702861,
		"fatalityRate":6.209566336362303e-3,
		"fatalityRateSymptomatic":8.870809051946147e-3,
		"fatalityRatePCR":3.0183675026845533e-2,
		"fractionOfSymptomaticHospitalized":5.57844988305978e-2,
		"fractionOfPCRHospitalized":0.20887269673533665,
		"fractionHospitalizedInICU":0.26726682756597897,
		"fractionDeathOfHospitalized":0.10588545225785097,
		"fractionOfInfectionsPCRConfirmed":0.20572598700587252,
		"dateContained":"Wed 25 Nov 2020 00:00:00",
		"dateICUOverCapacity":"Wed 5 Aug 2020 10:44:28",
		"dateHospitalsOverCapacity":"Fri 7 Aug 2020 08:55:05"
	}
}