{
	"distancingLevel":0.7,
	"id":"scenario8",
	"distancingDays":603,
	"maintain":false,
	"name":"relaxed restrictions",
	"gradual":false,
	"events":{
		"herd":{
			"eventName":"herd",
			"day":1.7251979487613877e2,
			"thresholdCrossed":0.70000000000022
		},
		"icu":{
			"eventName":"icu",
			"day":1.0846267313599061e2,
			"thresholdCrossed":1.0775375040922578e-4
		},
		"hospital":{
			"eventName":"hospital",
			"day":1.473131256928933e2,
			"thresholdCrossed":1.2011475723628492e-3
		}
	},
	"summary":{
		"totalProjectedDeaths":3.422975913973043e4,
		"totalProjectedPCRConfirmed":5.608465727091747e5,
		"totalProjectedInfected":3.6240546012912e6,
		"totalInfectedFraction":0.6044040782803562,
		"fatalityRate":9.445155469659546e-3,
		"fatalityRateSymptomatic":1.3493079242370783e-2,
		"fatalityRatePCR":6.103230509974101e-2,
		"fractionOfSymptomaticHospitalized":5.9943261302048176e-2,
		"fractionOfSymptomaticHospitalizedOrICU":8.256400818161276e-2,
		"fractionOfPCRHospitalized":0.2170008025428773,
		"fractionOfPCRHospitalizedOrICU":0.29889024466465697,
		"fractionHospitalizedInICU":0.2739783033523109,
		"fractionOfDeathInICU":0.6942182071217126,
		"fractionDeathOfHospitalizedOrICU":0.16849457583807773,
		"fractionOfInfectionsPCRConfirmed":0.15475665640063835,
		"fractionOfDeathsReported":0.8004874447554189,
		"fractionOfHospitalizationsReported":0.8003358487518685,
		"dateContained":"",
		"dateICUOverCapacity":"Fri 17 Apr 2020 11:06:14",
		"dateHospitalsOverCapacity":"Tue 26 May 2020 07:30:54"
	},
	"summaryAug1":{
		"totalProjectedDeaths":3.0979887135605997e4,
		"totalProjectedPCRConfirmed":5.428728658339888e5,
		"totalProjectedInfected":3.565216516985006e6,
		"totalInfectedFraction":0.5945913182573155,
		"fatalityRate":8.689482669009044e-3,
		"fatalityRateSymptomatic":1.241354667001292e-2,
		"fatalityRatePCR":5.706656030415727e-2,
		"fractionOfSymptomaticHospitalized":5.8031687049484346e-2,
		"fractionOfSymptomaticHospitalizedOrICU":7.993106448118302e-2,
		"fractionOfPCRHospitalized":0.21350966234866497,
		"fractionOfPCRHospitalizedOrICU":0.2940816553203822,
		"fractionHospitalizedInICU":0.27397830335231077,
		"fractionOfDeathInICU":0.69002929452735,
		"fractionDeathOfHospitalizedOrICU":0.1684945758380777,
		"fractionOfInfectionsPCRConfirmed":0.15226925580752096,
		"fractionOfDeathsReported":0.8004811196714221,
		"fractionOfHospitalizationsReported":0.8003252569293687,
		"dateContained":"",
		"dateICUOverCapacity":"Fri 17 Apr 2020 11:06:14",
		"dateHospitalsOverCapacity":"Tue 26 May 2020 07:30:54"
	}
}