{
	"distancingLevel":0.7,
	"id":"scenario8",
	"distancingDays":598,
	"maintain":false,
	"name":"relaxed restrictions",
	"gradual":false,
	"events":{},
	"summary":{
		"totalProjectedDeaths":3.355762616732388e4,
		"totalProjectedPCRConfirmed":5.526039110940062e5,
		"totalProjectedInfected":3.552892938090899e6,
		"totalInfectedFraction":0.592536045320767,
		"fatalityRate":9.445155469659502e-3,
		"fatalityRateSymptomatic":1.349307924237072e-2,
		"fatalityRatePCR":6.072636384510718e-2,
		"fractionOfSymptomaticHospitalized":5.994326130204512e-2,
		"fractionOfSymptomaticHospitalizedOrICU":8.256400818160854e-2,
		"fractionOfPCRHospitalized":0.21590734235620357,
		"fractionOfPCRHospitalizedOrICU":0.29738414616688125,
		"fractionHospitalizedInICU":0.27397830335231077,
		"fractionOfDeathInICU":0.6942190465561175,
		"fractionDeathOfHospitalizedOrICU":0.1684945758380777,
		"fractionOfInfectionsPCRConfirmed":0.1555363251083329,
		"fractionOfDeathsReported":0.800481402320768,
		"fractionOfHospitalizationsReported":0.800314780166598,
		"dateContained":"",
		"dateICUOverCapacity":"",
		"dateHospitalsOverCapacity":""
	},
	"summaryAug1":{
		"totalProjectedDeaths":3.0213615391748062e4,
		"totalProjectedPCRConfirmed":5.334117071517286e5,
		"totalProjectedInfected":3.488759378915879e6,
		"totalInfectedFraction":0.581840129010288,
		"fatalityRate":8.660274931639697e-3,
		"fatalityRateSymptomatic":1.2371821330913853e-2,
		"fatalityRatePCR":5.664220523595261e-2,
		"fractionOfSymptomaticHospitalized":5.792745074511317e-2,
		"fractionOfSymptomaticHospitalizedOrICU":7.978749259503624e-2,
		"fractionOfPCRHospitalized":0.21224866335966597,
		"fractionOfPCRHospitalizedOrICU":0.2923447940188241,
		"fractionHospitalizedInICU":0.2739783033523106,
		"fractionOfDeathInICU":0.689924036542329,
		"fractionDeathOfHospitalizedOrICU":0.16849457583807764,
		"fractionOfInfectionsPCRConfirmed":0.1528943814168934,
		"fractionOfDeathsReported":0.8004740601860854,
		"fractionOfHospitalizationsReported":0.8003022419427247,
		"dateContained":"",
		"dateICUOverCapacity":"",
		"dateHospitalsOverCapacity":""
	}
}