{
	"distancingLevel":0.7,
	"id":"scenario8",
	"distancingDays":596,
	"maintain":false,
	"name":"relaxed restrictions",
	"gradual":false,
	"events":{
		"herd":{
			"eventName":"herd",
			"day":2.977717449822393e2,
			"thresholdCrossed":0.7000000000000002
		},
		"icu":{
			"eventName":"icu",
			"day":1.702436804512095e2,
			"thresholdCrossed":1.2982481799415145e-4
		}
	},
	"summary":{
		"totalProjectedDeaths":2.7289359092375034e4,
		"totalProjectedPCRConfirmed":4.2643037165735394e5,
		"totalProjectedInfected":2.5809856243561525e6,
		"totalInfectedFraction":0.3790023627729431,
		"fatalityRate":1.057323172777554e-2,
		"fatalityRateSymptomatic":1.5104616753965057e-2,
		"fatalityRatePCR":6.399487678683127e-2,
		"fractionOfSymptomaticHospitalized":6.055627068601452e-2,
		"fractionOfSymptomaticHospitalizedOrICU":8.542329972564133e-2,
		"fractionOfPCRHospitalized":0.20067833921690323,
		"fractionOfPCRHospitalizedOrICU":0.28308556199331053,
		"fractionHospitalizedInICU":0.2911035878910509,
		"fractionOfDeathInICU":0.7657583435992091,
		"fractionDeathOfHospitalizedOrICU":0.17277589697276272,
		"fractionOfInfectionsPCRConfirmed":0.16521997163921842,
		"fractionOfDeathsReported":0.7823486988263385,
		"fractionOfHospitalizationsReported":0.7821785102496319,
		"dateContained":"Fri 12 Feb 2021 04:30:00",
		"dateICUOverCapacity":"Thu 18 Jun 2020 05:50:53",
		"dateHospitalsOverCapacity":""
	},
	"summaryAug1":{
		"totalProjectedDeaths":9.438058923537521e3,
		"totalProjectedPCRConfirmed":2.1583363457086333e5,
		"totalProjectedInfected":1.5243506452682998e6,
		"totalInfectedFraction":0.22384181097299446,
		"fatalityRate":6.191527489317484e-3,
		"fatalityRateSymptomatic":8.845039270453547e-3,
		"fatalityRatePCR":4.3728397301481675e-2,
		"fractionOfSymptomaticHospitalized":4.543276904986238e-2,
		"fractionOfSymptomaticHospitalizedOrICU":6.408943291827511e-2,
		"fractionOfPCRHospitalized":0.1756184208472278,
		"fractionOfPCRHospitalizedOrICU":0.24773495513225605,
		"fractionHospitalizedInICU":0.29110358789105106,
		"fractionOfDeathInICU":0.7479477763935146,
		"fractionDeathOfHospitalizedOrICU":0.17277589697276274,
		"fractionOfInfectionsPCRConfirmed":0.1415905423340931,
		"fractionOfDeathsReported":0.7822131171731918,
		"fractionOfHospitalizationsReported":0.7818745296350715,
		"dateContained":"Fri 12 Feb 2021 04:30:00",
		"dateICUOverCapacity":"Thu 18 Jun 2020 05:50:53",
		"dateHospitalsOverCapacity":""
	}
}