{
	"distancingLevel":0.7,
	"id":"scenario8",
	"distancingDays":610,
	"maintain":false,
	"name":"relaxed restrictions",
	"gradual":false,
	"events":{
		"icu":{
			"eventName":"icu",
			"day":1.5326684310303054e2,
			"thresholdCrossed":1.5764442185004117e-4
		}
	},
	"summary":{
		"totalProjectedDeaths":2.257950912115556e4,
		"totalProjectedPCRConfirmed":5.88508044899448e5,
		"totalProjectedInfected":2.1356383642204013e6,
		"totalInfectedFraction":0.3136057707682853,
		"fatalityRate":1.0572721252550658e-2,
		"fatalityRateSymptomatic":1.5103887503643797e-2,
		"fatalityRatePCR":3.836737546215442e-2,
		"fractionOfSymptomaticHospitalized":6.055498675087188e-2,
		"fractionOfSymptomaticHospitalizedOrICU":8.542148855108787e-2,
		"fractionOfPCRHospitalized":0.12033587491673035,
		"fractionOfPCRHospitalizedOrICU":0.1697510000914438,
		"fractionHospitalizedInICU":0.2911035878910508,
		"fractionOfDeathInICU":0.7657513947984785,
		"fractionDeathOfHospitalizedOrICU":0.1727758969727627,
		"fractionOfInfectionsPCRConfirmed":0.27556540225118054,
		"fractionOfDeathsReported":0.7823858382979926,
		"fractionOfHospitalizationsReported":0.7822973455537937,
		"dateContained":"Thu 14 Jan 2021 21:43:23",
		"dateICUOverCapacity":"Mon 1 Jun 2020 06:24:15",
		"dateHospitalsOverCapacity":""
	},
	"summaryAug1":{
		"totalProjectedDeaths":1.397440140544153e4,
		"totalProjectedPCRConfirmed":4.535129757118448e5,
		"totalProjectedInfected":1.7610842865649043e6,
		"totalInfectedFraction":0.2586047358620618,
		"fatalityRate":7.935112198803045e-3,
		"fatalityRateSymptomatic":1.1335874569718636e-2,
		"fatalityRatePCR":3.0813674919680026e-2,
		"fractionOfSymptomaticHospitalized":5.254787224603627e-2,
		"fractionOfSymptomaticHospitalizedOrICU":7.412630583036478e-2,
		"fractionOfPCRHospitalized":0.11173476172307574,
		"fractionOfPCRHospitalizedOrICU":0.15761789707845697,
		"fractionHospitalizedInICU":0.29110358789105095,
		"fractionOfDeathInICU":0.7550507539382815,
		"fractionDeathOfHospitalizedOrICU":0.17277589697276272,
		"fractionOfInfectionsPCRConfirmed":0.25751917677742037,
		"fractionOfDeathsReported":0.7823645674512372,
		"fractionOfHospitalizationsReported":0.7822484425419234,
		"dateContained":"Thu 14 Jan 2021 21:43:23",
		"dateICUOverCapacity":"Mon 1 Jun 2020 06:24:15",
		"dateHospitalsOverCapacity":""
	}
}