{
	"distancingLevel":0.7,
	"id":"scenario8",
	"distancingDays":606,
	"maintain":false,
	"name":"relaxed restrictions",
	"gradual":false,
	"events":{
		"herd":{
			"eventName":"herd",
			"day":2.2547967798758023e2,
			"thresholdCrossed":0.7000000000000001
		},
		"icu":{
			"eventName":"icu",
			"day":1.4903097540766723e2,
			"thresholdCrossed":1.5764442185004103e-4
		},
		"hospital":{
			"eventName":"hospital",
			"day":1.7834502767204862e2,
			"thresholdCrossed":1.6775101149979208e-3
		}
	},
	"summary":{
		"totalProjectedDeaths":2.8998950368829912e4,
		"totalProjectedPCRConfirmed":4.476852444978658e5,
		"totalProjectedInfected":2.7427355581336706e6,
		"totalInfectedFraction":0.40275437692658217,
		"fatalityRate":1.057300266620039e-2,
		"fatalityRateSymptomatic":1.5104289523143412e-2,
		"fatalityRatePCR":6.47753097186748e-2,
		"fractionOfSymptomaticHospitalized":6.055639928741374e-2,
		"fractionOfSymptomaticHospitalizedOrICU":8.542348113634822e-2,
		"fractionOfPCRHospitalized":0.20316965826184463,
		"fractionOfPCRHospitalizedOrICU":0.28659992460311645,
		"fractionHospitalizedInICU":0.29110358789105095,
		"fractionOfDeathInICU":0.765749545720674,
		"fractionDeathOfHospitalizedOrICU":0.17277589697276272,
		"fractionOfInfectionsPCRConfirmed":0.16322581415851078,
		"fractionOfDeathsReported":0.7823946554979262,
		"fractionOfHospitalizationsReported":0.7823293249251932,
		"dateContained":"Thu 10 Dec 2020 03:25:40",
		"dateICUOverCapacity":"Thu 28 May 2020 00:44:36",
		"dateHospitalsOverCapacity":"Fri 26 Jun 2020 08:16:50"
	},
	"summaryAug1":{
		"totalProjectedDeaths":2.114624788555449e4,
		"totalProjectedPCRConfirmed":3.8923970367829787e5,
		"totalProjectedInfected":2.5058508716784893e6,
		"totalInfectedFraction":0.36796927195582596,
		"fatalityRate":8.438749537952407e-3,
		"fatalityRateSymptomatic":1.2055356482789156e-2,
		"fatalityRatePCR":5.432705781482051e-2,
		"fractionOfSymptomaticHospitalized":5.4654706393547685e-2,
		"fractionOfSymptomaticHospitalizedOrICU":7.709829738163199e-2,
		"fractionOfPCRHospitalized":0.19268262349997656,
		"fractionOfPCRHospitalizedOrICU":0.271806458896795,
		"fractionHospitalizedInICU":0.2911035878910511,
		"fractionOfDeathInICU":0.756397589503684,
		"fractionDeathOfHospitalizedOrICU":0.1727758969727628,
		"fractionOfInfectionsPCRConfirmed":0.15533234961327694,
		"fractionOfDeathsReported":0.7823851021212407,
		"fractionOfHospitalizationsReported":0.7823099552198118,
		"dateContained":"Thu 10 Dec 2020 03:25:40",
		"dateICUOverCapacity":"Thu 28 May 2020 00:44:36",
		"dateHospitalsOverCapacity":"Fri 26 Jun 2020 08:16:50"
	}
}