{
	"distancingLevel":1,
	"id":"scenario4",
	"distancingDays":90,
	"maintain":false,
	"name":"Normal",
	"gradual":false,
	"events":{
		"herd":{
			"eventName":"herd",
			"day":1.5385554557632122e2,
			"thresholdCrossed":0.7000000000000033
		},
		"icu":{
			"eventName":"icu",
			"day":1.13605373271097e2,
			"thresholdCrossed":1.308438397826313e-4
		},
		"hospital":{
			"eventName":"hospital",
			"day":1.3107129126455018e2,
			"thresholdCrossed":5.889434527283127e-4
		}
	},
	"summary":{
		"totalProjectedDeaths":4.263313632565477e4,
		"totalProjectedPCRConfirmed":1.1494214760952005e6,
		"totalProjectedInfected":4.51375696909114e6,
		"totalInfectedFraction":0.7527847730310324,
		"fatalityRate":9.445155469732588e-3,
		"fatalityRateSymptomatic":1.3493079242475128e-2,
		"fatalityRatePCR":3.709095158939217e-2,
		"fractionOfSymptomaticHospitalized":5.994326130219608e-2,
		"fractionOfSymptomaticHospitalizedOrICU":8.25640081818164e-2,
		"fractionOfPCRHospitalized":0.13188412970381985,
		"fractionOfPCRHospitalizedOrICU":0.1816531521203535,
		"fractionHospitalizedInICU":0.2739783033523103,
		"fractionOfDeathInICU":0.6942165191023191,
		"fractionDeathOfHospitalizedOrICU":0.16849457583807756,
		"fractionOfInfectionsPCRConfirmed":0.254648507654731,
		"fractionOfDeathsReported":0.8004985941478999,
		"fractionOfHospitalizationsReported":0.8003782263152124,
		"dateContained":"",
		"dateICUOverCapacity":"Wed 22 Apr 2020 14:31:44",
		"dateHospitalsOverCapacity":"Sun 10 May 2020 01:42:39"
	},
	"summaryAug1":{
		"totalProjectedDeaths":4.184838448898819e4,
		"totalProjectedPCRConfirmed":1.1468900272496587e6,
		"totalProjectedInfected":4.510262654120725e6,
		"totalInfectedFraction":0.7522020063646134,
		"fatalityRate":9.2784805893187e-3,
		"fatalityRateSymptomatic":1.3254972270455287e-2,
		"fatalityRatePCR":3.648857649354945e-2,
		"fractionOfSymptomaticHospitalized":5.96660525118674e-2,
		"fractionOfSymptomaticHospitalizedOrICU":8.21821893028371e-2,
		"fractionOfPCRHospitalized":0.1314619802361579,
		"fractionOfPCRHospitalizedOrICU":0.18107169640131485,
		"fractionHospitalizedInICU":0.2739783033523105,
		"fractionOfDeathInICU":0.6929489905585495,
		"fractionDeathOfHospitalizedOrICU":0.16849457583807761,
		"fractionOfInfectionsPCRConfirmed":0.2542845317892567,
		"fractionOfDeathsReported":0.800497672560346,
		"fractionOfHospitalizationsReported":0.8003773068156794,
		"dateContained":"",
		"dateICUOverCapacity":"Wed 22 Apr 2020 14:31:44",
		"dateHospitalsOverCapacity":"Sun 10 May 2020 01:42:39"
	}
}