{
	"distancingLevel":1,
	"id":"scenario4",
	"distancingDays":90,
	"maintain":false,
	"name":"Normal",
	"events":{
		"herd":{
			"eventName":"herd",
			"day":1.3849539835721689e2,
			"thresholdCrossed":0.7000000000000004
		},
		"icu":{
			"eventName":"icu",
			"day":1.1943104560981372e2,
			"thresholdCrossed":1.5393392915346617e-4
		},
		"hospital":{
			"eventName":"hospital",
			"day":1.2000870978996987e2,
			"thresholdCrossed":5.889434527283124e-4
		}
	},
	"summary":{
		"totalProjectedDeaths":5.49920900516584e4,
		"totalProjectedPCRConfirmed":1.3573766904038482e6,
		"totalProjectedInfected":5.229174439523507e6,
		"totalInfectedFraction":0.872098989943846,
		"fatalityRate":1.0516399995382331e-2,
		"fatalityRateSymptomatic":1.50234285648319e-2,
		"fatalityRatePCR":4.051350700246451e-2,
		"fractionOfSymptomaticHospitalized":7.381073219462002e-2,
		"fractionOfPCRHospitalized":0.2443360253756575,
		"fractionHospitalizedInICU":0.27477229598324165,
		"fractionDeathOfHospitalized":0.12025045271114324,
		"fractionOfInfectionsPCRConfirmed":0.25957762666022965,
		"dateContained":"Sat 8 Aug 2020 00:00:00",
		"dateICUOverCapacity":"Tue 28 Apr 2020 10:20:42",
		"dateHospitalsOverCapacity":"Wed 29 Apr 2020 00:12:32"
	},
	"summaryAug1":{
		"totalProjectedDeaths":5.472793147792886e4,
		"totalProjectedPCRConfirmed":1.3571651437465332e6,
		"totalProjectedInfected":5.229019259066044e6,
		"totalInfectedFraction":0.8720731096214783,
		"fatalityRate":1.0466194283572752e-2,
		"fatalityRateSymptomatic":1.4951706119389648e-2,
		"fatalityRatePCR":4.03251820385316e-2,
		"fractionOfSymptomaticHospitalized":7.379251635353283e-2,
		"fractionOfPCRHospitalized":0.24429481042943407,
		"fractionHospitalizedInICU":0.2747722959832418,
		"fractionDeathOfHospitalized":0.11971166776917537,
		"fractionOfInfectionsPCRConfirmed":0.25954487381041635,
		"dateContained":"Sat 8 Aug 2020 00:00:00",
		"dateICUOverCapacity":"Tue 28 Apr 2020 10:20:42",
		"dateHospitalsOverCapacity":"Wed 29 Apr 2020 00:12:32"
	}
}