{
	"distancingLevel":1,
	"id":"scenario4",
	"distancingDays":90,
	"maintain":false,
	"name":"Normal",
	"gradual":false,
	"events":{
		"herd":{
			"eventName":"herd",
			"day":1.758095000422374e2,
			"thresholdCrossed":0.6999999999999995
		},
		"icu":{
			"eventName":"icu",
			"day":1.0566122251748622e2,
			"thresholdCrossed":1.0775375040922579e-4
		},
		"hospital":{
			"eventName":"hospital",
			"day":1.4895732882559247e2,
			"thresholdCrossed":5.889434527283123e-4
		}
	},
	"summary":{
		"totalProjectedDeaths":4.0904665777203794e4,
		"totalProjectedPCRConfirmed":6.956443814660757e5,
		"totalProjectedInfected":4.330756217652303e6,
		"totalInfectedFraction":0.7222647029254122,
		"fatalityRate":9.445155469724905e-3,
		"fatalityRateSymptomatic":1.3493079242464151e-2,
		"fatalityRatePCR":5.8801115723808355e-2,
		"fractionOfSymptomaticHospitalized":5.994326130218605e-2,
		"fractionOfSymptomaticHospitalizedOrICU":8.256400818180264e-2,
		"fractionOfPCRHospitalized":0.20894128542397283,
		"fractionOfPCRHospitalizedOrICU":0.2877893131689204,
		"fractionHospitalizedInICU":0.2739783033523106,
		"fractionOfDeathInICU":0.694237378019175,
		"fractionDeathOfHospitalizedOrICU":0.16849457583807764,
		"fractionOfInfectionsPCRConfirmed":0.16062884782814754,
		"fractionOfDeathsReported":0.8003220863056709,
		"fractionOfHospitalizationsReported":0.7998515646843362,
		"dateContained":"",
		"dateICUOverCapacity":"Tue 14 Apr 2020 15:52:09",
		"dateHospitalsOverCapacity":"Wed 27 May 2020 22:58:33"
	},
	"summaryAug1":{
		"totalProjectedDeaths":3.614854592963652e4,
		"totalProjectedPCRConfirmed":6.760901812443045e5,
		"totalProjectedInfected":4.280019885757205e6,
		"totalInfectedFraction":0.7138031179637903,
		"fatalityRate":8.44588270487469e-3,
		"fatalityRateSymptomatic":1.2065546721249557e-2,
		"fatalityRatePCR":5.346704764016427e-2,
		"fractionOfSymptomaticHospitalized":5.761709961715342e-2,
		"fractionOfSymptomaticHospitalizedOrICU":7.936002447749546e-2,
		"fractionOfPCRHospitalized":0.2042114392226926,
		"fractionOfPCRHospitalizedOrICU":0.2812745681921247,
		"fractionHospitalizedInICU":0.2739783033523105,
		"fractionOfDeathInICU":0.6881825370916572,
		"fractionDeathOfHospitalizedOrICU":0.16849457583807761,
		"fractionOfInfectionsPCRConfirmed":0.15796426168349287,
		"fractionOfDeathsReported":0.80029239675992,
		"fractionOfHospitalizationsReported":0.7998148723823952,
		"dateContained":"",
		"dateICUOverCapacity":"Tue 14 Apr 2020 15:52:09",
		"dateHospitalsOverCapacity":"Wed 27 May 2020 22:58:33"
	}
}