{
	"scenario1":{
		"Deaths":[
			7.591847669023574e4
		],
		"PCR Confirmed":[
			3.8309823963715485e6
		],
		"Population Infected":[
			0.18891892443102515
		],
		"Fatality Rate":[
			1.9816973516281533e-2
		],
		"Date Contained":"Not Contained",
		"Date ICU Over Capacity":"Sat 23 May 2020 18:32:08"
	},
	"scenario2":{
		"Deaths":[
			1.1420441567334777e5
		],
		"PCR Confirmed":[
			4.587070231780284e6
		],
		"Population Infected":[
			0.22620421730422868
		],
		"Fatality Rate":[
			2.4897027929093637e-2
		],
		"Date Contained":"Not Contained",
		"Date ICU Over Capacity":"Tue 7 Jul 2020 08:33:56"
	},
	"scenario3":{
		"Deaths":[
			2.5097605746188927e2
		],
		"PCR Confirmed":[
			1.6667701045199123e4
		],
		"Population Infected":[
			8.219416923396118e-4
		],
		"Fatality Rate":[
			1.5057628930426434e-2
		],
		"Date Contained":"Mon 11 May 2020 05:19:11",
		"Date ICU Over Capacity":"ICU Under capacity"
	}
}