{
	"scenario1":{
		"Deaths":[
			1.0871014591641702e5
		],
		"PCR Confirmed":[
			3.503402805701763e6
		],
		"Population Infected":[
			0.17276484760897928
		],
		"Fatality Rate":[
			3.1029873510260375e-2
		],
		"Date Contained":"Not Contained",
		"Date ICU Over Capacity":"Fri 22 May 2020 18:23:38"
	},
	"scenario2":{
		"Deaths":[
			1.2949701909643026e5
		],
		"PCR Confirmed":[
			4.0480205088557284e6
		],
		"Population Infected":[
			0.1996218205889104
		],
		"Fatality Rate":[
			3.1990208254413156e-2
		],
		"Date Contained":"Not Contained",
		"Date ICU Over Capacity":"Sat 4 Jul 2020 21:10:25"
	},
	"scenario3":{
		"Deaths":[
			1.0403888991773464e2
		],
		"PCR Confirmed":[
			6.054715800436103e3
		],
		"Population Infected":[
			2.985788704843178e-4
		],
		"Fatality Rate":[
			1.7183116986306944e-2
		],
		"Date Contained":"Tue 5 May 2020 19:41:40",
		"Date ICU Over Capacity":"ICU Under capacity"
	},
	"scenario4":{
		"Deaths":[
			1.3836250333961667e5
		],
		"PCR Confirmed":[
			4.133453930970155e6
		],
		"Population Infected":[
			0.20383483661101637
		],
		"Fatality Rate":[
			3.347382253444926e-2
		],
		"Date Contained":"Not Contained",
		"Date ICU Over Capacity":"Sat 18 Apr 2020 20:17:03"
	}
}