{
	"distancingLevel":0.58,
	"id":"scenario6",
	"distancingDays":14,
	"maintain":true,
	"name":"Open May 10",
	"gradual":false,
	"events":{},
	"summary":{
		"totalProjectedDeaths":8.431724729690199e4,
		"totalProjectedPCRConfirmed":1.2671803668555699e6,
		"totalProjectedInfected":7.735242448195381e6,
		"totalInfectedFraction":0.7793249160345666,
		"fatalityRate":1.0900401359310084e-2,
		"fatalityRateSymptomatic":1.5572001941871551e-2,
		"fatalityRatePCR":6.653926268296757e-2,
		"fractionOfSymptomaticHospitalized":6.269374693481707e-2,
		"fractionOfSymptomaticHospitalizedOrICU":8.779455656334509e-2,
		"fractionOfPCRHospitalized":0.21701202021046465,
		"fractionOfPCRHospitalizedOrICU":0.3038975179311322,
		"fractionHospitalizedInICU":0.28590393996030294,
		"fractionOfDeathInICU":0.7363953511879658,
		"fractionDeathOfHospitalizedOrICU":0.1714759849900757,
		"fractionOfInfectionsPCRConfirmed":0.16381908845678148,
		"fractionOfDeathsReported":0.8108949508565889,
		"fractionOfHospitalizationsReported":0.81007649026682,
		"dateContained":"",
		"dateICUOverCapacity":"",
		"dateHospitalsOverCapacity":""
	},
	"summaryAug1":{
		"totalProjectedDeaths":7.480092302550167e4,
		"totalProjectedPCRConfirmed":1.2384821935045607e6,
		"totalProjectedInfected":7.675931032633449e6,
		"totalInfectedFraction":0.7733492967489064,
		"fatalityRate":9.744866480364801e-3,
		"fatalityRateSymptomatic":1.3921237829092574e-2,
		"fatalityRatePCR":6.0397253523553567e-2,
		"fractionOfSymptomaticHospitalized":6.0444193252621736e-2,
		"fractionOfSymptomaticHospitalizedOrICU":8.464434497686713e-2,
		"fractionOfPCRHospitalized":0.21241759814733308,
		"fractionOfPCRHospitalizedOrICU":0.2974636187399279,
		"fractionHospitalizedInICU":0.28590393996030294,
		"fractionOfDeathInICU":0.7302677900447511,
		"fractionDeathOfHospitalizedOrICU":0.1714759849900757,
		"fractionOfInfectionsPCRConfirmed":0.1613461856599907,
		"fractionOfDeathsReported":0.8108445377242042,
		"fractionOfHospitalizationsReported":0.8100215465313261,
		"dateContained":"",
		"dateICUOverCapacity":"",
		"dateHospitalsOverCapacity":""
	}
}