{
	"distancingLevel":0.5299999999999999,
	"id":"scenario6",
	"distancingDays":4,
	"maintain":true,
	"name":"Open May 1",
	"gradual":false,
	"events":{
		"herd":{
			"eventName":"herd",
			"day":1.780351727408713e2,
			"thresholdCrossed":0.7000000000000002
		},
		"icu":{
			"eventName":"icu",
			"day":9.047720485408531e1,
			"thresholdCrossed":1.3625416701593175e-4
		},
		"hospital":{
			"eventName":"hospital",
			"day":1.6340217759805208e2,
			"thresholdCrossed":1.3192451148901728e-3
		}
	},
	"summary":{
		"totalProjectedDeaths":7.714638434465403e4,
		"totalProjectedPCRConfirmed":1.1623680347119912e6,
		"totalProjectedInfected":7.077389336549541e6,
		"totalInfectedFraction":0.7130462797241972,
		"fatalityRate":1.0900401359333074e-2,
		"fatalityRateSymptomatic":1.5572001941904397e-2,
		"fatalityRatePCR":6.63700153830961e-2,
		"fractionOfSymptomaticHospitalized":6.26937469348528e-2,
		"fractionOfSymptomaticHospitalizedOrICU":8.779455656339515e-2,
		"fractionOfPCRHospitalized":0.21648696054136357,
		"fractionOfPCRHospitalizedOrICU":0.30316223916615487,
		"fractionHospitalizedInICU":0.2859039399603029,
		"fractionOfDeathInICU":0.7363917476415525,
		"fractionDeathOfHospitalizedOrICU":0.1714759849900757,
		"fractionOfInfectionsPCRConfirmed":0.16423683641497722,
		"fractionOfDeathsReported":0.8109477258391169,
		"fractionOfHospitalizationsReported":0.8101772565099925,
		"dateContained":"",
		"dateICUOverCapacity":"Mon 30 Mar 2020 11:27:10",
		"dateHospitalsOverCapacity":"Thu 11 Jun 2020 09:39:08"
	},
	"summaryAug1":{
		"totalProjectedDeaths":6.770056710082605e4,
		"totalProjectedPCRConfirmed":1.1301693182676577e6,
		"totalProjectedInfected":7.002970468026309e6,
		"totalInfectedFraction":0.7055485860382307,
		"fatalityRate":9.667407196692996e-3,
		"fatalityRateSymptomatic":1.3810581709561424e-2,
		"fatalityRatePCR":5.9903030463257144e-2,
		"fractionOfSymptomaticHospitalized":6.01795687002232e-2,
		"fractionOfSymptomaticHospitalizedOrICU":8.427377221053116e-2,
		"fractionOfPCRHospitalized":0.21146299618577913,
		"fractionOfPCRHospitalizedOrICU":0.29612682105265187,
		"fractionHospitalizedInICU":0.28590393996030294,
		"fractionOfDeathInICU":0.7300398691137063,
		"fractionDeathOfHospitalizedOrICU":0.1714759849900757,
		"fractionOfInfectionsPCRConfirmed":0.16138427591944143,
		"fractionOfDeathsReported":0.8108998014723964,
		"fractionOfHospitalizationsReported":0.8101183854605886,
		"dateContained":"",
		"dateICUOverCapacity":"Mon 30 Mar 2020 11:27:10",
		"dateHospitalsOverCapacity":"Thu 11 Jun 2020 09:39:08"
	}
}