{
	"distancingLevel":0.5652557247285714,
	"id":"scenario6",
	"distancingDays":3,
	"maintain":true,
	"postDistancingLevel":1,
	"name":"Open May 1",
	"gradual":false,
	"events":{
		"herd":{
			"eventName":"herd",
			"day":1.6739333867963254e2,
			"thresholdCrossed":0.7000000000000001
		},
		"icu":{
			"eventName":"icu",
			"day":9.690501359191666e1,
			"thresholdCrossed":1.654514885194864e-4
		},
		"hospital":{
			"eventName":"hospital",
			"day":1.492680563381656e2,
			"thresholdCrossed":1.3192451148901737e-3
		}
	},
	"summary":{
		"totalProjectedDeaths":7.017930448674479e4,
		"totalProjectedPCRConfirmed":1.6917798285592336e6,
		"totalProjectedInfected":6.438231233192657e6,
		"totalInfectedFraction":0.6486511636606245,
		"fatalityRate":1.0900401359449705e-2,
		"fatalityRateSymptomatic":1.557200194207101e-2,
		"fatalityRatePCR":4.14825282238478e-2,
		"fractionOfSymptomaticHospitalized":6.269374693505202e-2,
		"fractionOfSymptomaticHospitalizedOrICU":8.77945565636741e-2,
		"fractionOfPCRHospitalized":0.13524293201691875,
		"fractionOfPCRHospitalizedOrICU":0.18939039099221555,
		"fractionHospitalizedInICU":0.2859039399603027,
		"fractionOfDeathInICU":0.7364052365418058,
		"fractionDeathOfHospitalizedOrICU":0.17147598499007566,
		"fractionOfInfectionsPCRConfirmed":0.26277090201997855,
		"fractionOfDeathsReported":0.8107557520232557,
		"fractionOfHospitalizationsReported":0.8097847296301701,
		"dateContained":"",
		"dateICUOverCapacity":"Sun 5 Apr 2020 21:43:13",
		"dateHospitalsOverCapacity":"Thu 28 May 2020 06:26:00"
	},
	"summaryAug1":{
		"totalProjectedDeaths":6.583391288596016e4,
		"totalProjectedPCRConfirmed":1.6680771103047603e6,
		"totalProjectedInfected":6.396017633337246e6,
		"totalInfectedFraction":0.6443981476261355,
		"fatalityRate":1.0292953625209137e-2,
		"fatalityRateSymptomatic":1.470421946458448e-2,
		"fatalityRatePCR":3.9466948187984074e-2,
		"fractionOfSymptomaticHospitalized":6.14835611488765e-2,
		"fractionOfSymptomaticHospitalizedOrICU":8.609984649048281e-2,
		"fractionOfPCRHospitalized":0.1336284176583412,
		"fractionOfPCRHospitalizedOrICU":0.1871294705797883,
		"fractionHospitalizedInICU":0.285903939960303,
		"fractionOfDeathInICU":0.7333052721048432,
		"fractionDeathOfHospitalizedOrICU":0.17147598499007577,
		"fractionOfInfectionsPCRConfirmed":0.26079932950941676,
		"fractionOfDeathsReported":0.8107204087956845,
		"fractionOfHospitalizationsReported":0.8097449389604968,
		"dateContained":"",
		"dateICUOverCapacity":"Sun 5 Apr 2020 21:43:13",
		"dateHospitalsOverCapacity":"Thu 28 May 2020 06:26:00"
	}
}