{
	"distancingLevel":0.4509523809523809,
	"id":"scenario6",
	"distancingDays":5,
	"maintain":true,
	"postDistancingLevel":1,
	"name":"Open May 1",
	"gradual":false,
	"events":{
		"herd":{
			"eventName":"herd",
			"day":1.6898672124889927e2,
			"thresholdCrossed":0.7000000000000064
		},
		"icu":{
			"eventName":"icu",
			"day":9.80400658285147e1,
			"thresholdCrossed":1.9464881002276141e-4
		},
		"hospital":{
			"eventName":"hospital",
			"day":1.488831034752926e2,
			"thresholdCrossed":1.3192451148891973e-3
		}
	},
	"summary":{
		"totalProjectedDeaths":8.467069535754371e4,
		"totalProjectedPCRConfirmed":1.7570694072609132e6,
		"totalProjectedInfected":6.521618920369161e6,
		"totalInfectedFraction":0.6570524649439872,
		"fatalityRate":1.2983079261667573e-2,
		"fatalityRateSymptomatic":1.8547256088096528e-2,
		"fatalityRatePCR":4.8188588912680706e-2,
		"fractionOfSymptomaticHospitalized":7.719752421081133e-2,
		"fractionOfSymptomaticHospitalizedOrICU":0.10822874490543186,
		"fractionOfPCRHospitalized":0.162462695048063,
		"fractionOfPCRHospitalizedOrICU":0.22776810213485188,
		"fractionHospitalizedInICU":0.2867188446261203,
		"fractionOfDeathInICU":0.8735191677040189,
		"fractionDeathOfHospitalizedOrICU":0.1646172187266197,
		"fractionOfInfectionsPCRConfirmed":0.26942227516131123,
		"fractionOfDeathsReported":0.8108623260479528,
		"fractionOfHospitalizationsReported":0.8100013453643407,
		"dateContained":"",
		"dateICUOverCapacity":"Tue 7 Apr 2020 00:57:41",
		"dateHospitalsOverCapacity":"Wed 27 May 2020 21:11:40"
	},
	"summaryAug1":{
		"totalProjectedDeaths":8.013323484981172e4,
		"totalProjectedPCRConfirmed":1.7361454349706331e6,
		"totalProjectedInfected":6.484552329798425e6,
		"totalInfectedFraction":0.6533180095888139,
		"fatalityRate":1.235755851357324e-2,
		"fatalityRateSymptomatic":1.7653655019390344e-2,
		"fatalityRatePCR":4.6155830747651144e-2,
		"fractionOfSymptomaticHospitalized":7.613028247908288e-2,
		"fractionOfSymptomaticHospitalizedOrICU":0.10673250219147845,
		"fractionOfPCRHospitalized":0.16122092709887995,
		"fractionOfPCRHospitalizedOrICU":0.22602717860164556,
		"fractionHospitalizedInICU":0.28671884462612046,
		"fractionOfDeathInICU":0.8710289116509718,
		"fractionDeathOfHospitalizedOrICU":0.16461721872661977,
		"fractionOfInfectionsPCRConfirmed":0.2677355886222915,
		"fractionOfDeathsReported":0.8108380408342198,
		"fractionOfHospitalizationsReported":0.8099757867969825,
		"dateContained":"",
		"dateICUOverCapacity":"Tue 7 Apr 2020 00:57:41",
		"dateHospitalsOverCapacity":"Wed 27 May 2020 21:11:40"
	}
}