{
	"distancingLevel":0.5004761904761904,
	"id":"scenario6",
	"distancingDays":4,
	"maintain":true,
	"postDistancingLevel":1,
	"name":"Open May 1",
	"gradual":false,
	"events":{
		"herd":{
			"eventName":"herd",
			"day":1.5247422392196782e2,
			"thresholdCrossed":0.7000000000000548
		},
		"icu":{
			"eventName":"icu",
			"day":1.1500204588595822e2,
			"thresholdCrossed":1.3084383978263122e-4
		},
		"hospital":{
			"eventName":"hospital",
			"day":1.306545965634299e2,
			"thresholdCrossed":5.889434527206426e-4
		}
	},
	"summary":{
		"totalProjectedDeaths":4.283218490388917e4,
		"totalProjectedPCRConfirmed":1.1427454539652092e6,
		"totalProjectedInfected":4.534831114337566e6,
		"totalInfectedFraction":0.7562994273987328,
		"fatalityRate":9.445155469730421e-3,
		"fatalityRateSymptomatic":1.3493079242472032e-2,
		"fatalityRatePCR":3.7481824806448266e-2,
		"fractionOfSymptomaticHospitalized":5.994326130219354e-2,
		"fractionOfSymptomaticHospitalizedOrICU":8.256400818181292e-2,
		"fractionOfPCRHospitalized":0.13327346402759382,
		"fractionOfPCRHospitalizedOrICU":0.18356677857282597,
		"fractionHospitalizedInICU":0.27397830335231044,
		"fractionOfDeathInICU":0.6942166443033114,
		"fractionDeathOfHospitalizedOrICU":0.16849457583807761,
		"fractionOfInfectionsPCRConfirmed":0.2519929464081349,
		"fractionOfDeathsReported":0.8004990028261505,
		"fractionOfHospitalizationsReported":0.800375272710548,
		"dateContained":"",
		"dateICUOverCapacity":"Fri 24 Apr 2020 00:02:56",
		"dateHospitalsOverCapacity":"Sat 9 May 2020 15:42:37"
	},
	"summaryAug1":{
		"totalProjectedDeaths":4.216647242168553e4,
		"totalProjectedPCRConfirmed":1.140761920490296e6,
		"totalProjectedInfected":4.53219901698964e6,
		"totalInfectedFraction":0.7558604576406749,
		"fatalityRate":9.303755696433028e-3,
		"fatalityRateSymptomatic":1.3291079566332898e-2,
		"fatalityRatePCR":3.696342914704106e-2,
		"fractionOfSymptomaticHospitalized":5.9716902240470236e-2,
		"fractionOfSymptomaticHospitalizedOrICU":8.225222815820142e-2,
		"fractionOfPCRHospitalized":0.13292373047073708,
		"fractionOfPCRHospitalizedOrICU":0.18308506630655128,
		"fractionHospitalizedInICU":0.2739783033523107,
		"fractionOfDeathInICU":0.6931117901641322,
		"fractionDeathOfHospitalizedOrICU":0.16849457583807767,
		"fractionOfInfectionsPCRConfirmed":0.2517016389205275,
		"fractionOfDeathsReported":0.8004982333842549,
		"fractionOfHospitalizationsReported":0.8003745184281233,
		"dateContained":"",
		"dateICUOverCapacity":"Fri 24 Apr 2020 00:02:56",
		"dateHospitalsOverCapacity":"Sat 9 May 2020 15:42:37"
	}
}