{
	"distancingLevel":0.5647619047619047,
	"id":"scenario6",
	"distancingDays":14,
	"maintain":true,
	"name":"Open June 02",
	"gradual":false,
	"events":{
		"herd":{
			"eventName":"herd",
			"day":1.9598568328482972e2,
			"thresholdCrossed":0.7
		},
		"icu":{
			"eventName":"icu",
			"day":1.0722510867039115e2,
			"thresholdCrossed":1.0775375040925349e-4
		},
		"hospital":{
			"eventName":"hospital",
			"day":1.667917217626971e2,
			"thresholdCrossed":5.889434527283126e-4
		}
	},
	"summary":{
		"totalProjectedDeaths":3.982701688333166e4,
		"totalProjectedPCRConfirmed":6.855212886767414e5,
		"totalProjectedInfected":4.21666080680652e6,
		"totalInfectedFraction":0.7032363660996661,
		"fatalityRate":9.445155469712673e-3,
		"fatalityRateSymptomatic":1.3493079242446675e-2,
		"fatalityRatePCR":5.8097418039649164e-2,
		"fractionOfSymptomaticHospitalized":5.994326130216493e-2,
		"fractionOfSymptomaticHospitalizedOrICU":8.256400818177351e-2,
		"fractionOfPCRHospitalized":0.20645182407884613,
		"fractionOfPCRHospitalizedOrICU":0.28436040552522124,
		"fractionHospitalizedInICU":0.2739783033523103,
		"fractionOfDeathInICU":0.6942356716996626,
		"fractionDeathOfHospitalizedOrICU":0.16849457583807756,
		"fractionOfInfectionsPCRConfirmed":0.1625744445866206,
		"fractionOfDeathsReported":0.8003359178974649,
		"fractionOfHospitalizationsReported":0.7998942882318356,
		"dateContained":"",
		"dateICUOverCapacity":"Thu 16 Apr 2020 05:24:09",
		"dateHospitalsOverCapacity":"Sun 14 Jun 2020 19:00:04"
	},
	"summaryAug1":{
		"totalProjectedDeaths":2.527192207702381e4,
		"totalProjectedPCRConfirmed":5.870731459927316e5,
		"totalProjectedInfected":3.903081098202579e6,
		"totalInfectedFraction":0.6509389049414758,
		"fatalityRate":6.474864713587905e-3,
		"fatalityRateSymptomatic":9.249806733697009e-3,
		"fatalityRatePCR":4.304731403493066e-2,
		"fractionOfSymptomaticHospitalized":5.064202456711344e-2,
		"fractionOfSymptomaticHospitalizedOrICU":6.975277020087194e-2,
		"fractionOfPCRHospitalized":0.18847690547345436,
		"fractionOfPCRHospitalizedOrICU":0.25960230437151105,
		"fractionHospitalizedInICU":0.2739783033523105,
		"fractionOfDeathInICU":0.6781451703893988,
		"fractionDeathOfHospitalizedOrICU":0.16849457583807761,
		"fractionOfInfectionsPCRConfirmed":0.15041274603878627,
		"fractionOfDeathsReported":0.8002139214648136,
		"fractionOfHospitalizationsReported":0.7997121295289058,
		"dateContained":"",
		"dateICUOverCapacity":"Thu 16 Apr 2020 05:24:09",
		"dateHospitalsOverCapacity":"Sun 14 Jun 2020 19:00:04"
	}
}