{
	"distancingLevel":0.5036325129714286,
	"id":"scenario6",
	"distancingDays":3,
	"maintain":true,
	"postDistancingLevel":1,
	"name":"Open May 1",
	"gradual":false,
	"events":{
		"herd":{
			"eventName":"herd",
			"day":1.5678594986309596e2,
			"thresholdCrossed":0.6999999999999996
		},
		"icu":{
			"eventName":"icu",
			"day":1.13605373271097e2,
			"thresholdCrossed":1.308438397826313e-4
		},
		"hospital":{
			"eventName":"hospital",
			"day":1.332725748325397e2,
			"thresholdCrossed":5.889434527283128e-4
		}
	},
	"summary":{
		"totalProjectedDeaths":4.2538841678141354e4,
		"totalProjectedPCRConfirmed":1.1688181681646255e6,
		"totalProjectedInfected":4.503773581544646e6,
		"totalInfectedFraction":0.7511197870382705,
		"fatalityRate":9.445155469727661e-3,
		"fatalityRateSymptomatic":1.3493079242468089e-2,
		"fatalityRatePCR":3.639474713585206e-2,
		"fractionOfSymptomaticHospitalized":5.9943261302190444e-2,
		"fractionOfSymptomaticHospitalizedOrICU":8.256400818180866e-2,
		"fractionOfPCRHospitalized":0.1294085779067267,
		"fractionOfPCRHospitalizedOrICU":0.17824340306116745,
		"fractionHospitalizedInICU":0.2739783033523104,
		"fractionOfDeathInICU":0.6942165339671122,
		"fractionDeathOfHospitalizedOrICU":0.1684945758380776,
		"fractionOfInfectionsPCRConfirmed":0.25951974427714447,
		"fractionOfDeathsReported":0.8004984852086585,
		"fractionOfHospitalizationsReported":0.8003778505600025,
		"dateContained":"",
		"dateICUOverCapacity":"Wed 22 Apr 2020 14:31:44",
		"dateHospitalsOverCapacity":"Tue 12 May 2020 06:32:30"
	},
	"summaryAug1":{
		"totalProjectedDeaths":4.1528042945768386e4,
		"totalProjectedPCRConfirmed":1.1653751284527483e6,
		"totalProjectedInfected":4.498936210459348e6,
		"totalInfectedFraction":0.7503130313091851,
		"fatalityRate":9.230636088865174e-3,
		"fatalityRateSymptomatic":1.3186622984093108e-2,
		"fatalityRatePCR":3.563491439954152e-2,
		"fractionOfSymptomaticHospitalized":5.957443139068368e-2,
		"fractionOfSymptomaticHospitalizedOrICU":8.205599318279447e-2,
		"fractionOfPCRHospitalized":0.12885356164144582,
		"fractionOfPCRHospitalizedOrICU":0.1774789406933847,
		"fractionHospitalizedInICU":0.2739783033523106,
		"fractionOfDeathInICU":0.692626359721891,
		"fractionDeathOfHospitalizedOrICU":0.16849457583807764,
		"fractionOfInfectionsPCRConfirmed":0.25903348568122103,
		"fractionOfDeathsReported":0.8004972863505003,
		"fractionOfHospitalizationsReported":0.8003766149641789,
		"dateContained":"",
		"dateICUOverCapacity":"Wed 22 Apr 2020 14:31:44",
		"dateHospitalsOverCapacity":"Tue 12 May 2020 06:32:30"
	}
}