{
	"distancingLevel":0.5647619047619047,
	"id":"scenario6",
	"distancingDays":14,
	"maintain":true,
	"name":"Open May 30",
	"gradual":false,
	"events":{
		"herd":{
			"eventName":"herd",
			"day":1.9386414280585635e2,
			"thresholdCrossed":0.6999999999999986
		},
		"icu":{
			"eventName":"icu",
			"day":1.0675321443683103e2,
			"thresholdCrossed":1.0775375040922563e-4
		},
		"hospital":{
			"eventName":"hospital",
			"day":1.5755922845102396e2,
			"thresholdCrossed":5.958710864823128e-4
		}
	},
	"summary":{
		"totalProjectedDeaths":3.856359711330124e4,
		"totalProjectedPCRConfirmed":6.593345580052497e5,
		"totalProjectedInfected":4.0828970191537305e6,
		"totalInfectedFraction":0.6809278228578594,
		"fatalityRate":9.445155469851746e-3,
		"fatalityRateSymptomatic":1.3493079242645352e-2,
		"fatalityRatePCR":5.8488663524586856e-2,
		"fractionOfSymptomaticHospitalized":5.9943261302415014e-2,
		"fractionOfSymptomaticHospitalizedOrICU":8.2564008182118e-2,
		"fractionOfPCRHospitalized":0.20766479173884345,
		"fractionOfPCRHospitalizedOrICU":0.28603110994851594,
		"fractionHospitalizedInICU":0.2739783033523106,
		"fractionOfDeathInICU":0.6942619624238625,
		"fractionDeathOfHospitalizedOrICU":0.16849457583807764,
		"fractionOfInfectionsPCRConfirmed":0.16148694295059912,
		"fractionOfDeathsReported":0.8000688331968964,
		"fractionOfHospitalizationsReported":0.7992117795525032,
		"dateContained":"",
		"dateICUOverCapacity":"Wed 15 Apr 2020 18:04:37",
		"dateHospitalsOverCapacity":"Fri 5 Jun 2020 13:25:17"
	},
	"summaryAug1":{
		"totalProjectedDeaths":2.60546565850103e4,
		"totalProjectedPCRConfirmed":5.750277103842354e5,
		"totalProjectedInfected":3.807709374308563e6,
		"totalInfectedFraction":0.6350332232628294,
		"fatalityRate":6.842606413400847e-3,
		"fatalityRateSymptomatic":9.775152019144069e-3,
		"fatalityRatePCR":4.531026264386545e-2,
		"fractionOfSymptomaticHospitalized":5.19789563495736e-2,
		"fractionOfSymptomaticHospitalizedOrICU":7.159421900141505e-2,
		"fractionOfPCRHospitalized":0.19248226397422283,
		"fractionOfPCRHospitalizedOrICU":0.26511916222749893,
		"fractionHospitalizedInICU":0.27397830335231066,
		"fractionOfDeathInICU":0.6803859320249461,
		"fractionDeathOfHospitalizedOrICU":0.16849457583807764,
		"fractionOfInfectionsPCRConfirmed":0.15101670160650163,
		"fractionOfDeathsReported":0.799838908417042,
		"fractionOfHospitalizationsReported":0.7988957362901165,
		"dateContained":"",
		"dateICUOverCapacity":"Wed 15 Apr 2020 18:04:37",
		"dateHospitalsOverCapacity":"Fri 5 Jun 2020 13:25:17"
	}
}