{
	"distancingLevel":0.5004761904761904,
	"id":"scenario6",
	"distancingDays":10,
	"maintain":true,
	"postDistancingLevel":1,
	"name":"Open May 1",
	"gradual":false,
	"events":{
		"herd":{
			"eventName":"herd",
			"day":1.490908849414064e2,
			"thresholdCrossed":0.7000000000000007
		},
		"icu":{
			"eventName":"icu",
			"day":1.160613862638951e2,
			"thresholdCrossed":1.539339291560368e-4
		},
		"hospital":{
			"eventName":"hospital",
			"day":1.1936539464272182e2,
			"thresholdCrossed":5.889434527282515e-4
		}
	},
	"summary":{
		"totalProjectedDeaths":6.606383812895321e4,
		"totalProjectedPCRConfirmed":1.479237136941631e6,
		"totalProjectedInfected":5.043190214171055e6,
		"totalInfectedFraction":0.8410813490234292,
		"fatalityRate":1.3099612610945723e-2,
		"fatalityRateSymptomatic":1.8713732301351035e-2,
		"fatalityRatePCR":4.4660748759689915e-2,
		"fractionOfSymptomaticHospitalized":7.381073220045703e-2,
		"fractionOfSymptomaticHospitalizedOrICU":0.1017759412549295,
		"fractionOfPCRHospitalized":0.2004890828734728,
		"fractionOfPCRHospitalizedOrICU":0.27644984018542135,
		"fractionHospitalizedInICU":0.2747722959832414,
		"fractionOfDeathInICU":0.5661378280244171,
		"fractionDeathOfHospitalizedOrICU":0.1615510022712797,
		"fractionOfInfectionsPCRConfirmed":0.2933137704750984,
		"dateContained":"Tue 1 Sep 2020 00:00:00",
		"dateICUOverCapacity":"Sat 25 Apr 2020 01:28:23",
		"dateHospitalsOverCapacity":"Tue 28 Apr 2020 08:46:10"
	},
	"summaryAug1":{
		"totalProjectedDeaths":6.462336265856885e4,
		"totalProjectedPCRConfirmed":1.4771462803062263e6,
		"totalProjectedInfected":5.041961854360552e6,
		"totalInfectedFraction":0.8408764885120013,
		"fatalityRate":1.2817106619455914e-2,
		"fatalityRateSymptomatic":1.8310152313508448e-2,
		"fatalityRatePCR":4.374879016394491e-2,
		"fractionOfSymptomaticHospitalized":7.357251374040075e-2,
		"fractionOfSymptomaticHospitalizedOrICU":0.10144746723396086,
		"fractionOfPCRHospitalized":0.20000110489155842,
		"fractionOfPCRHospitalizedOrICU":0.2757769784356404,
		"fractionHospitalizedInICU":0.2747722959832418,
		"fractionOfDeathInICU":0.5676383686945355,
		"fractionDeathOfHospitalizedOrICU":0.15863829682996836,
		"fractionOfInfectionsPCRConfirmed":0.2929705386463234,
		"dateContained":"Tue 1 Sep 2020 00:00:00",
		"dateICUOverCapacity":"Sat 25 Apr 2020 01:28:23",
		"dateHospitalsOverCapacity":"Tue 28 Apr 2020 08:46:10"
	}
}