{
	"distancingLevel":0.5166666666666666,
	"id":"scenario6",
	"distancingDays":4,
	"maintain":true,
	"name":"Open May 1",
	"gradual":false,
	"events":{
		"herd":{
			"eventName":"herd",
			"day":1.6513816539201989e2,
			"thresholdCrossed":0.7
		},
		"icu":{
			"eventName":"icu",
			"day":1.0879329478600549e2,
			"thresholdCrossed":1.0775375040922576e-4
		},
		"hospital":{
			"eventName":"hospital",
			"day":1.394864919518324e2,
			"thresholdCrossed":7.394740903192886e-4
		}
	},
	"summary":{
		"totalProjectedDeaths":4.1843024851845454e4,
		"totalProjectedPCRConfirmed":6.955870257857324e5,
		"totalProjectedInfected":4.430104404932098e6,
		"totalInfectedFraction":0.7388335618880436,
		"fatalityRate":9.445155469758458e-3,
		"fatalityRateSymptomatic":1.3493079242512083e-2,
		"fatalityRatePCR":6.015498176461778e-2,
		"fractionOfSymptomaticHospitalized":5.994326130222995e-2,
		"fractionOfSymptomaticHospitalizedOrICU":8.256400818186306e-2,
		"fractionOfPCRHospitalized":0.21389181618505582,
		"fractionOfPCRHospitalizedOrICU":0.29460802228455896,
		"fractionHospitalizedInICU":0.27397830335231027,
		"fractionOfDeathInICU":0.6942166741271361,
		"fractionDeathOfHospitalizedOrICU":0.1684945758380776,
		"fractionOfInfectionsPCRConfirmed":0.1570136868583335,
		"fractionOfDeathsReported":0.8004984449542953,
		"fractionOfHospitalizationsReported":0.8003745522599296,
		"dateContained":"",
		"dateICUOverCapacity":"Fri 17 Apr 2020 19:02:20",
		"dateHospitalsOverCapacity":"Mon 18 May 2020 11:40:32"
	},
	"summaryAug1":{
		"totalProjectedDeaths":3.9757293648059305e4,
		"totalProjectedPCRConfirmed":6.892989819928585e5,
		"totalProjectedInfected":4.416309286095356e6,
		"totalInfectedFraction":0.7365328719143553,
		"fatalityRate":9.00237983178266e-3,
		"fatalityRateSymptomatic":1.2860542616832369e-2,
		"fatalityRatePCR":5.7677865029069804e-2,
		"fractionOfSymptomaticHospitalized":5.907827615964598e-2,
		"fractionOfSymptomaticHospitalizedOrICU":8.137260419686108e-2,
		"fractionOfPCRHospitalized":0.2120651461912698,
		"fractionOfPCRHospitalizedOrICU":0.29209202310406557,
		"fractionHospitalizedInICU":0.2739783033523105,
		"fractionOfDeathInICU":0.6912223287926728,
		"fractionDeathOfHospitalizedOrICU":0.16849457583807761,
		"fractionOfInfectionsPCRConfirmed":0.15608032348710266,
		"fractionOfDeathsReported":0.8004958588805965,
		"fractionOfHospitalizationsReported":0.8003714676641119,
		"dateContained":"",
		"dateICUOverCapacity":"Fri 17 Apr 2020 19:02:20",
		"dateHospitalsOverCapacity":"Mon 18 May 2020 11:40:32"
	}
}