{
	"distancingLevel":0.7,
	"id":"scenario8",
	"distancingDays":597,
	"maintain":false,
	"name":"relaxed restrictions",
	"gradual":false,
	"events":{},
	"summary":{
		"totalProjectedDeaths":3.670941187593018e3,
		"totalProjectedPCRConfirmed":5.593226107632175e4,
		"totalProjectedInfected":3.8369087629850884e5,
		"totalInfectedFraction":9.84769400889493e-2,
		"fatalityRate":9.567444561118653e-3,
		"fatalityRateSymptomatic":1.3667777944455218e-2,
		"fatalityRatePCR":6.563191111805539e-2,
		"fractionOfSymptomaticHospitalized":5.866573143733226e-2,
		"fractionOfSymptomaticHospitalizedOrICU":8.174248194555907e-2,
		"fractionOfPCRHospitalized":0.21615008476372471,
		"fractionOfPCRHospitalizedOrICU":0.30117487617458194,
		"fractionHospitalizedInICU":0.28231037226880445,
		"fractionOfDeathInICU":0.7416431395971953,
		"fractionDeathOfHospitalizedOrICU":0.1705775930672011,
		"fractionOfInfectionsPCRConfirmed":0.1457742795864837,
		"fractionOfDeathsReported":0.7688818583527317,
		"fractionOfHospitalizationsReported":0.7672798343380397,
		"dateContained":"Thu 27 May 2021 10:18:15",
		"dateICUOverCapacity":"",
		"dateHospitalsOverCapacity":""
	},
	"summaryAug1":{
		"totalProjectedDeaths":2.4046421140875445e3,
		"totalProjectedPCRConfirmed":3.901171033584384e4,
		"totalProjectedInfected":2.907969755088421e5,
		"totalInfectedFraction":7.46350724090522e-2,
		"fatalityRate":8.269144167953798e-3,
		"fatalityRateSymptomatic":1.1813063097076854e-2,
		"fatalityRatePCR":6.163898207452256e-2,
		"fractionOfSymptomaticHospitalized":5.4337955580885694e-2,
		"fractionOfSymptomaticHospitalizedOrICU":7.571233229698772e-2,
		"fractionOfPCRHospitalized":0.21723517597724062,
		"fractionOfPCRHospitalizedOrICU":0.3026867988380684,
		"fractionHospitalizedInICU":0.28231037226880434,
		"fractionOfDeathInICU":0.7365180851997106,
		"fractionDeathOfHospitalizedOrICU":0.1705775930672011,
		"fractionOfInfectionsPCRConfirmed":0.13415445696290482,
		"fractionOfDeathsReported":0.7683680286214716,
		"fractionOfHospitalizationsReported":0.7661854868669725,
		"dateContained":"Thu 27 May 2021 10:18:15",
		"dateICUOverCapacity":"",
		"dateHospitalsOverCapacity":""
	}
}