{
	"distancingLevel":0.7,
	"id":"scenario8",
	"distancingDays":606,
	"maintain":false,
	"name":"relaxed restrictions",
	"gradual":false,
	"events":{},
	"summary":{
		"totalProjectedDeaths":2.236033375409771e3,
		"totalProjectedPCRConfirmed":5.254926037635683e4,
		"totalProjectedInfected":2.3377329846761728e5,
		"totalInfectedFraction":5.9999547890425255e-2,
		"fatalityRate":9.564964818766548e-3,
		"fatalityRateSymptomatic":1.3664235455380782e-2,
		"fatalityRatePCR":4.255118643717041e-2,
		"fractionOfSymptomaticHospitalized":5.865730025028713e-2,
		"fractionOfSymptomaticHospitalizedOrICU":8.173073426700922e-2,
		"fractionOfPCRHospitalized":0.14015574389720425,
		"fractionOfPCRHospitalizedOrICU":0.1952874034703178,
		"fractionHospitalizedInICU":0.28231037226880423,
		"fractionOfDeathInICU":0.7416350840188283,
		"fractionDeathOfHospitalizedOrICU":0.17057759306720102,
		"fractionOfInfectionsPCRConfirmed":0.22478726493066978,
		"fractionOfDeathsReported":0.7689389100013434,
		"fractionOfHospitalizationsReported":0.7672952215799002,
		"dateContained":"Fri 18 Jun 2021 10:22:33",
		"dateICUOverCapacity":"",
		"dateHospitalsOverCapacity":""
	},
	"summaryAug1":{
		"totalProjectedDeaths":1.477452925812153e3,
		"totalProjectedPCRConfirmed":3.458183290187522e4,
		"totalProjectedInfected":1.7498486198795313e5,
		"totalInfectedFraction":4.491108555068786e-2,
		"fatalityRate":8.443318519254932e-3,
		"fatalityRateSymptomatic":1.2061883598935615e-2,
		"fatalityRatePCR":4.2723383980379975e-2,
		"fractionOfSymptomaticHospitalized":5.489042060963453e-2,
		"fractionOfSymptomaticHospitalizedOrICU":7.64821149542839e-2,
		"fractionOfPCRHospitalized":0.14896659761412456,
		"fractionOfPCRHospitalizedOrICU":0.20756409436352993,
		"fractionHospitalizedInICU":0.28231037226880423,
		"fractionOfDeathInICU":0.737359064681067,
		"fractionDeathOfHospitalizedOrICU":0.17057759306720102,
		"fractionOfInfectionsPCRConfirmed":0.1976275690879821,
		"fractionOfDeathsReported":0.7684672213374512,
		"fractionOfHospitalizationsReported":0.7661994371127026,
		"dateContained":"Fri 18 Jun 2021 10:22:33",
		"dateICUOverCapacity":"",
		"dateHospitalsOverCapacity":""
	}
}