{
	"distancingLevel":0.6042857142857143,
	"id":"scenario5",
	"distancingDays":593,
	"maintain":true,
	"name":"Current Indefinite",
	"gradual":false,
	"events":{},
	"summary":{
		"totalProjectedDeaths":1.633431412029243e3,
		"totalProjectedPCRConfirmed":2.0304924822454745e4,
		"totalProjectedInfected":1.7360825086960345e5,
		"totalInfectedFraction":2.4213256611864943e-2,
		"fatalityRate":9.408719941865594e-3,
		"fatalityRateSymptomatic":1.3441028488379423e-2,
		"fatalityRatePCR":8.044508543182928e-2,
		"fractionOfSymptomaticHospitalized":5.9429401432369855e-2,
		"fractionOfSymptomaticHospitalizedOrICU":8.22554356879929e-2,
		"fractionOfPCRHospitalized":0.26033095583534166,
		"fractionOfPCRHospitalizedOrICU":0.36032057667072764,
		"fractionHospitalizedInICU":0.27750183394816097,
		"fractionOfDeathInICU":0.7061645732450337,
		"fractionDeathOfHospitalizedOrICU":0.16937545848704025,
		"fractionOfInfectionsPCRConfirmed":0.11695829386418795,
		"fractionOfDeathsReported":0.7634782225796591,
		"fractionOfHospitalizationsReported":0.7319095959883051,
		"dateContained":"Sat 5 Sep 2020 16:05:01",
		"dateICUOverCapacity":"",
		"dateHospitalsOverCapacity":""
	},
	"summaryAug1":{
		"totalProjectedDeaths":1.6127469684422485e3,
		"totalProjectedPCRConfirmed":2.0097340938756315e4,
		"totalProjectedInfected":1.7264580165782434e5,
		"totalInfectedFraction":2.40790231890641e-2,
		"fatalityRate":9.341362216491284e-3,
		"fatalityRateSymptomatic":1.3344803166416121e-2,
		"fatalityRatePCR":8.024678355991756e-2,
		"fractionOfSymptomaticHospitalized":5.9227994998625765e-2,
		"fractionOfSymptomaticHospitalizedOrICU":8.197667175030059e-2,
		"fractionOfPCRHospitalized":0.2604784332238724,
		"fractionOfPCRHospitalizedOrICU":0.3605246981418403,
		"fractionHospitalizedInICU":0.2775018339481611,
		"fractionOfDeathInICU":0.7058894887141912,
		"fractionDeathOfHospitalizedOrICU":0.16937545848704028,
		"fractionOfInfectionsPCRConfirmed":0.11640793315431022,
		"fractionOfDeathsReported":0.7630947677845487,
		"fractionOfHospitalizationsReported":0.7313567570192715,
		"dateContained":"Sat 5 Sep 2020 16:05:01",
		"dateICUOverCapacity":"",
		"dateHospitalsOverCapacity":""
	}
}