{
	"distancingLevel":0.5519047619047618,
	"id":"scenario5",
	"distancingDays":602,
	"maintain":true,
	"name":"Current Indefinite",
	"gradual":false,
	"events":{},
	"summary":{
		"totalProjectedDeaths":1.8328228416020543e3,
		"totalProjectedPCRConfirmed":2.363597377336699e4,
		"totalProjectedInfected":1.946003855900357e5,
		"totalInfectedFraction":2.7141043409270323e-2,
		"fatalityRate":9.418392651406452e-3,
		"fatalityRateSymptomatic":1.345484664486636e-2,
		"fatalityRatePCR":7.754378385997698e-2,
		"fractionOfSymptomaticHospitalized":5.945300655832468e-2,
		"fractionOfSymptomaticHospitalizedOrICU":8.228810722553306e-2,
		"fractionOfPCRHospitalized":0.25737503151793667,
		"fractionOfPCRHospitalizedOrICU":0.3562293215557729,
		"fractionHospitalizedInICU":0.2775018339481616,
		"fractionOfDeathInICU":0.705501667386707,
		"fractionDeathOfHospitalizedOrICU":0.1693754584870404,
		"fractionOfInfectionsPCRConfirmed":0.12145902846852963,
		"fractionOfDeathsReported":0.7730610633140474,
		"fractionOfHospitalizationsReported":0.7511459912354362,
		"dateContained":"Tue 24 Nov 2020 23:18:37",
		"dateICUOverCapacity":"",
		"dateHospitalsOverCapacity":""
	},
	"summaryAug1":{
		"totalProjectedDeaths":1.729271516865096e3,
		"totalProjectedPCRConfirmed":2.2325065719172035e4,
		"totalProjectedInfected":1.878917645447487e5,
		"totalInfectedFraction":2.6205387632153496e-2,
		"fatalityRate":9.203551422570459e-3,
		"fatalityRateSymptomatic":1.3147930603672085e-2,
		"fatalityRatePCR":7.745874250126189e-2,
		"fractionOfSymptomaticHospitalized":5.875370557575952e-2,
		"fractionOfSymptomaticHospitalizedOrICU":8.132021413538644e-2,
		"fractionOfPCRHospitalized":0.2592974873428301,
		"fractionOfPCRHospitalizedOrICU":0.3588901668218568,
		"fractionHospitalizedInICU":0.27750183394816125,
		"fractionOfDeathInICU":0.7047399671814881,
		"fractionDeathOfHospitalizedOrICU":0.1693754584870403,
		"fractionOfInfectionsPCRConfirmed":0.11881875596444808,
		"fractionOfDeathsReported":0.771844584638452,
		"fractionOfHospitalizationsReported":0.7491176105128586,
		"dateContained":"Tue 24 Nov 2020 23:18:37",
		"dateICUOverCapacity":"",
		"dateHospitalsOverCapacity":""
	}
}