{
	"distancingLevel":0.5476829100714286,
	"id":"scenario5",
	"distancingDays":624,
	"maintain":true,
	"name":"Current Indefinite",
	"events":{},
	"summary":{
		"totalProjectedDeaths":3.080950498516969e3,
		"totalProjectedPCRConfirmed":5.721453552513443e4,
		"totalProjectedInfected":2.926786598152901e5,
		"totalInfectedFraction":4.082008464129474e-2,
		"fatalityRate":1.052673433881842e-2,
		"fatalityRateSymptomatic":1.5038191912597743e-2,
		"fatalityRatePCR":5.384908695384765e-2,
		"fractionOfSymptomaticHospitalized":7.328656236534854e-2,
		"fractionOfPCRHospitalized":0.24176235814880676,
		"fractionHospitalizedInICU":0.27830212359554896,
		"fractionDeathOfHospitalized":0.16074781863680418,
		"fractionOfInfectionsPCRConfirmed":0.19548584635874236,
		"dateContained":"Wed 9 Dec 2020 00:00:00",
		"dateICUOverCapacity":"",
		"dateHospitalsOverCapacity":""
	},
	"summaryAug1":{
		"totalProjectedDeaths":2.6959569652456285e3,
		"totalProjectedPCRConfirmed":4.882921337113415e4,
		"totalProjectedInfected":2.692673959145375e5,
		"totalInfectedFraction":3.75549003104948e-2,
		"fatalityRate":1.001219236398489e-2,
		"fatalityRateSymptomatic":1.4303131948549843e-2,
		"fatalityRatePCR":5.521196798225237e-2,
		"fractionOfSymptomaticHospitalized":7.177547979385003e-2,
		"fractionOfPCRHospitalized":0.23982561035563355,
		"fractionHospitalizedInICU":0.2783021235955489,
		"fractionDeathOfHospitalized":0.1661472266694727,
		"fractionOfInfectionsPCRConfirmed":0.18134097968040666,
		"dateContained":"Wed 9 Dec 2020 00:00:00",
		"dateICUOverCapacity":"",
		"dateHospitalsOverCapacity":""
	}
}