{
	"distancingLevel":0.4572194920857143,
	"id":"scenario5",
	"distancingDays":621,
	"maintain":true,
	"name":"Current Indefinite",
	"events":{},
	"summary":{
		"totalProjectedDeaths":1.2603385829331814e3,
		"totalProjectedPCRConfirmed":1.9686890703338475e4,
		"totalProjectedInfected":1.2204282588339214e5,
		"totalInfectedFraction":1.7021392969227354e-2,
		"fatalityRate":1.0327019010010412e-2,
		"fatalityRateSymptomatic":1.4752884300014875e-2,
		"fatalityRatePCR":6.401917915455561e-2,
		"fractionOfSymptomaticHospitalized":7.328665883101096e-2,
		"fractionOfPCRHospitalized":0.2461432223150799,
		"fractionHospitalizedInICU":0.27830212359554857,
		"fractionDeathOfHospitalized":0.1877057804413423,
		"fractionOfInfectionsPCRConfirmed":0.16131133117278557,
		"dateContained":"Tue 14 Jul 2020 00:00:00",
		"dateICUOverCapacity":"",
		"dateHospitalsOverCapacity":""
	},
	"summaryAug1":{
		"totalProjectedDeaths":1.2479582043736398e3,
		"totalProjectedPCRConfirmed":1.9519196611431424e4,
		"totalProjectedInfected":1.2164668675669654e5,
		"totalInfectedFraction":1.6966143185414458e-2,
		"fatalityRate":1.0258875417377045e-2,
		"fatalityRateSymptomatic":1.4655536310538633e-2,
		"fatalityRatePCR":6.393491644234849e-2,
		"fractionOfSymptomaticHospitalized":7.313248714673921e-2,
		"fractionOfPCRHospitalized":0.24581067747899046,
		"fractionHospitalizedInICU":0.2783021235955487,
		"fractionDeathOfHospitalized":0.18771232355633813,
		"fractionOfInfectionsPCRConfirmed":0.16045810314975067,
		"dateContained":"Tue 14 Jul 2020 00:00:00",
		"dateICUOverCapacity":"",
		"dateHospitalsOverCapacity":""
	}
}