{
	"distancingLevel":0.499047619047619,
	"id":"scenario5",
	"distancingDays":612,
	"maintain":true,
	"name":"Current Indefinite",
	"gradual":false,
	"events":{},
	"summary":{
		"totalProjectedDeaths":1.548690317717976e3,
		"totalProjectedPCRConfirmed":2.2458861893866564e4,
		"totalProjectedInfected":1.334100058528641e5,
		"totalInfectedFraction":1.8606781014872745e-2,
		"fatalityRate":1.1608501984671251e-2,
		"fatalityRateSymptomatic":1.6583574263816073e-2,
		"fatalityRatePCR":6.89567585853902e-2,
		"fractionOfSymptomaticHospitalized":7.317265231885259e-2,
		"fractionOfSymptomaticHospitalizedOrICU":0.10138959072930048,
		"fractionOfPCRHospitalized":0.2265292295281505,
		"fractionOfPCRHospitalizedOrICU":0.3138837412917645,
		"fractionHospitalizedInICU":0.27830212359554884,
		"fractionOfDeathInICU":0.7075904064935923,
		"fractionDeathOfHospitalizedOrICU":0.16957553089888722,
		"fractionOfInfectionsPCRConfirmed":0.16834465863554574,
		"fractionOfDeathsReported":0.7702174040559334,
		"fractionOfHospitalizationsReported":0.7445206568181286,
		"dateContained":"Thu 10 Sep 2020 02:23:44",
		"dateICUOverCapacity":"",
		"dateHospitalsOverCapacity":""
	},
	"summaryAug1":{
		"totalProjectedDeaths":1.5244688239290435e3,
		"totalProjectedPCRConfirmed":2.2115538145840394e4,
		"totalProjectedInfected":1.324734390283523e5,
		"totalInfectedFraction":1.847615742559935e-2,
		"fatalityRate":1.1507731928079355e-2,
		"fatalityRateSymptomatic":1.6439617040113368e-2,
		"fatalityRatePCR":6.893202479975707e-2,
		"fractionOfSymptomaticHospitalized":7.287937896155836e-2,
		"fractionOfSymptomaticHospitalizedOrICU":0.10098322489827527,
		"fractionOfPCRHospitalized":0.22734932533846866,
		"fractionOfPCRHospitalizedOrICU":0.31502008357172784,
		"fractionHospitalizedInICU":0.27830212359554896,
		"fractionOfDeathInICU":0.7071054413988727,
		"fractionDeathOfHospitalizedOrICU":0.16957553089888722,
		"fractionOfInfectionsPCRConfirmed":0.16694318731400312,
		"fractionOfDeathsReported":0.7698494517061388,
		"fractionOfHospitalizationsReported":0.7439772705157501,
		"dateContained":"Thu 10 Sep 2020 02:23:44",
		"dateICUOverCapacity":"",
		"dateHospitalsOverCapacity":""
	}
}