{
	"distancingLevel":0.5333333333333333,
	"id":"scenario5",
	"distancingDays":605,
	"maintain":true,
	"name":"Current Indefinite",
	"gradual":false,
	"events":{},
	"summary":{
		"totalProjectedDeaths":1.7808208980374795e3,
		"totalProjectedPCRConfirmed":2.393229761626471e4,
		"totalProjectedInfected":1.8911090580365967e5,
		"totalInfectedFraction":2.637542206312242e-2,
		"fatalityRate":9.416806981435424e-3,
		"fatalityRateSymptomatic":1.345258140205061e-2,
		"fatalityRatePCR":7.441077854669538e-2,
		"fractionOfSymptomaticHospitalized":5.945030342846327e-2,
		"fractionOfSymptomaticHospitalizedOrICU":8.228436585982664e-2,
		"fractionOfPCRHospitalized":0.2466024205494548,
		"fractionOfPCRHospitalizedOrICU":0.34131909551693057,
		"fractionHospitalizedInICU":0.2775018339481614,
		"fractionOfDeathInICU":0.7055366704556029,
		"fractionDeathOfHospitalizedOrICU":0.16937545848704036,
		"fractionOfInfectionsPCRConfirmed":0.12655165239973998,
		"fractionOfDeathsReported":0.7724673882689186,
		"fractionOfHospitalizationsReported":0.749916725316675,
		"dateContained":"Sun 18 Oct 2020 19:55:16",
		"dateICUOverCapacity":"",
		"dateHospitalsOverCapacity":""
	},
	"summaryAug1":{
		"totalProjectedDeaths":1.7199154164998956e3,
		"totalProjectedPCRConfirmed":2.3236009429829002e4,
		"totalProjectedInfected":1.8569767080615973e5,
		"totalInfectedFraction":2.5899375939409445e-2,
		"fatalityRate":9.261911627826648e-3,
		"fatalityRateSymptomatic":1.3231302325466638e-2,
		"fatalityRatePCR":7.40193974225183e-2,
		"fractionOfSymptomaticHospitalized":5.896428913934692e-2,
		"fractionOfSymptomaticHospitalizedOrICU":8.161168001513833e-2,
		"fractionOfPCRHospitalized":0.24698505038198504,
		"fractionOfPCRHospitalizedOrICU":0.34184868832492504,
		"fractionHospitalizedInICU":0.27750183394816147,
		"fractionOfDeathInICU":0.7049427944933653,
		"fractionDeathOfHospitalizedOrICU":0.16937545848704036,
		"fractionOfInfectionsPCRConfirmed":0.1251281684307386,
		"fractionOfDeathsReported":0.7717269801987208,
		"fractionOfHospitalizationsReported":0.7487531238983353,
		"dateContained":"Sun 18 Oct 2020 19:55:16",
		"dateICUOverCapacity":"",
		"dateHospitalsOverCapacity":""
	}
}