{
	"distancingLevel":0.499047619047619,
	"id":"scenario5",
	"distancingDays":615,
	"maintain":true,
	"name":"Current Indefinite",
	"gradual":false,
	"events":{},
	"summary":{
		"totalProjectedDeaths":1.3083738773731664e3,
		"totalProjectedPCRConfirmed":2.2420065845022385e4,
		"totalProjectedInfected":1.1851455292236262e5,
		"totalInfectedFraction":1.6529302425291863e-2,
		"fatalityRate":1.1039773978055382e-2,
		"fatalityRateSymptomatic":1.577110568293626e-2,
		"fatalityRatePCR":5.8357271848229045e-2,
		"fractionOfSymptomaticHospitalized":7.328665867099796e-2,
		"fractionOfSymptomaticHospitalizedOrICU":0.10154756036711254,
		"fractionOfPCRHospitalized":0.2213427779573429,
		"fractionOfPCRHospitalizedOrICU":0.30669728316243355,
		"fractionHospitalizedInICU":0.2783021235955486,
		"fractionOfDeathInICU":0.676008186166853,
		"fractionDeathOfHospitalizedOrICU":0.16183970078653104,
		"fractionOfInfectionsPCRConfirmed":0.18917563533070478,
		"dateContained":"Thu 13 Aug 2020 00:00:00",
		"dateICUOverCapacity":"",
		"dateHospitalsOverCapacity":""
	},
	"summaryAug1":{
		"totalProjectedDeaths":1.272397709724259e3,
		"totalProjectedPCRConfirmed":2.1740026496574344e4,
		"totalProjectedInfected":1.1682059895845897e5,
		"totalInfectedFraction":1.6293045554945925e-2,
		"fatalityRate":1.0891895102992233e-2,
		"fatalityRateSymptomatic":1.5559850147131763e-2,
		"fatalityRatePCR":5.852788219576251e-2,
		"fractionOfSymptomaticHospitalized":7.284339964842935e-2,
		"fractionOfSymptomaticHospitalizedOrICU":0.10093337119313728,
		"fractionOfPCRHospitalized":0.22062667219731488,
		"fractionOfPCRHospitalizedOrICU":0.30570503171838637,
		"fractionHospitalizedInICU":0.27830212359554896,
		"fractionOfDeathInICU":0.6756448456924166,
		"fractionDeathOfHospitalizedOrICU":0.16183970078653115,
		"fractionOfInfectionsPCRConfirmed":0.18609754350176744,
		"dateContained":"Thu 13 Aug 2020 00:00:00",
		"dateICUOverCapacity":"",
		"dateHospitalsOverCapacity":""
	}
}