{
	"distancingLevel":0.7,
	"id":"scenario8",
	"distancingDays":597,
	"maintain":false,
	"name":"relaxed restrictions",
	"gradual":false,
	"events":{
		"herd":{
			"eventName":"herd",
			"day":1.712325316727765e2,
			"thresholdCrossed":0.6999999999999998
		},
		"icu":{
			"eventName":"icu",
			"day":8.714859163101532e1,
			"thresholdCrossed":1.2609512088031214e-4
		},
		"hospital":{
			"eventName":"hospital",
			"day":1.4468634735703378e2,
			"thresholdCrossed":9.144354072183093e-4
		}
	},
	"summary":{
		"totalProjectedDeaths":4.443868031094943e4,
		"totalProjectedPCRConfirmed":6.568149434978052e5,
		"totalProjectedInfected":4.155539483147333e6,
		"totalInfectedFraction":0.6120701477051429,
		"fatalityRate":1.069384143531043e-2,
		"fatalityRateSymptomatic":1.5276916336157756e-2,
		"fatalityRatePCR":6.765783993021762e-2,
		"fractionOfSymptomaticHospitalized":6.234025744824757e-2,
		"fractionOfSymptomaticHospitalizedOrICU":8.672216779580338e-2,
		"fractionOfPCRHospitalized":0.22498621358745344,
		"fractionOfPCRHospitalizedOrICU":0.3129806158190975,
		"fractionHospitalizedInICU":0.28114968718223965,
		"fractionOfDeathInICU":0.7245244333573116,
		"fractionDeathOfHospitalizedOrICU":0.17028742179555992,
		"fractionOfInfectionsPCRConfirmed":0.15805768328312095,
		"fractionOfDeathsReported":0.81638873405336,
		"fractionOfHospitalizationsReported":0.81490106865296,
		"dateContained":"",
		"dateICUOverCapacity":"Fri 27 Mar 2020 03:33:58",
		"dateHospitalsOverCapacity":"Sat 23 May 2020 16:28:20"
	},
	"summaryAug1":{
		"totalProjectedDeaths":4.0305778055245275e4,
		"totalProjectedPCRConfirmed":6.354873668991785e5,
		"totalProjectedInfected":4.087793551673108e6,
		"totalInfectedFraction":0.6020918374395293,
		"fatalityRate":9.860032691413287e-3,
		"fatalityRateSymptomatic":1.4085760987733268e-2,
		"fatalityRatePCR":6.34249871117263e-2,
		"fractionOfSymptomaticHospitalized":6.039887799504772e-2,
		"fractionOfSymptomaticHospitalizedOrICU":8.402149504296005e-2,
		"fractionOfPCRHospitalized":0.2215932359025285,
		"fractionOfPCRHospitalizedOrICU":0.3082606099647143,
		"fractionHospitalizedInICU":0.28114968718223965,
		"fractionOfDeathInICU":0.720677915241244,
		"fractionDeathOfHospitalizedOrICU":0.17028742179555992,
		"fractionOfInfectionsPCRConfirmed":0.15545975080837376,
		"fractionOfDeathsReported":0.8163173099766118,
		"fractionOfHospitalizationsReported":0.8147934999022621,
		"dateContained":"",
		"dateICUOverCapacity":"Fri 27 Mar 2020 03:33:58",
		"dateHospitalsOverCapacity":"Sat 23 May 2020 16:28:20"
	}
}