{
	"distancingLevel":0.7,
	"id":"scenario8",
	"distancingDays":604,
	"maintain":false,
	"name":"relaxed restrictions",
	"gradual":false,
	"events":{
		"herd":{
			"eventName":"herd",
			"day":1.8251945793569595e2,
			"thresholdCrossed":0.7
		},
		"icu":{
			"eventName":"icu",
			"day":8.83003166447944e1,
			"thresholdCrossed":1.2609512088030932e-4
		},
		"hospital":{
			"eventName":"hospital",
			"day":1.673988722208687e2,
			"thresholdCrossed":1.809341532228786e-3
		}
	},
	"summary":{
		"totalProjectedDeaths":4.2288300977151695e4,
		"totalProjectedPCRConfirmed":6.326779217455582e5,
		"totalProjectedInfected":3.9544537137463787e6,
		"totalInfectedFraction":0.5824521890555413,
		"fatalityRate":1.0693841435076129e-2,
		"fatalityRateSymptomatic":1.5276916335823041e-2,
		"fatalityRatePCR":6.684017178990265e-2,
		"fractionOfSymptomaticHospitalized":6.234025744786719e-2,
		"fractionOfSymptomaticHospitalizedOrICU":8.672216779527422e-2,
		"fractionOfPCRHospitalized":0.22245604036625788,
		"fractionOfPCRHospitalizedOrICU":0.3094608660518924,
		"fractionHospitalizedInICU":0.2811496871822396,
		"fractionOfDeathInICU":0.7244984473077482,
		"fractionDeathOfHospitalizedOrICU":0.17028742179555992,
		"fractionOfInfectionsPCRConfirmed":0.15999123204964016,
		"fractionOfDeathsReported":0.8166456012719971,
		"fractionOfHospitalizationsReported":0.815593496359086,
		"dateContained":"",
		"dateICUOverCapacity":"Sat 28 Mar 2020 07:12:27",
		"dateHospitalsOverCapacity":"Mon 15 Jun 2020 09:34:22"
	},
	"summaryAug1":{
		"totalProjectedDeaths":3.5240873833783364e4,
		"totalProjectedPCRConfirmed":5.87638782696782e5,
		"totalProjectedInfected":3.7970691553486646e6,
		"totalInfectedFraction":0.559270989527619,
		"fatalityRate":9.281072425068166e-3,
		"fatalityRateSymptomatic":1.3258674892954523e-2,
		"fatalityRatePCR":5.997029956405623e-2,
		"fractionOfSymptomaticHospitalized":5.865842003462571e-2,
		"fractionOfSymptomaticHospitalizedOrICU":8.16003262274388e-2,
		"fractionOfPCRHospitalized":0.21634922853193259,
		"fractionOfPCRHospitalizedOrICU":0.3009656178403589,
		"fractionHospitalizedInICU":0.28114968718223937,
		"fractionOfDeathInICU":0.7184881181041882,
		"fractionDeathOfHospitalizedOrICU":0.17028742179555983,
		"fractionOfInfectionsPCRConfirmed":0.1547611483106692,
		"fractionOfDeathsReported":0.8165576725957565,
		"fractionOfHospitalizationsReported":0.8154341457827194,
		"dateContained":"",
		"dateICUOverCapacity":"Sat 28 Mar 2020 07:12:27",
		"dateHospitalsOverCapacity":"Mon 15 Jun 2020 09:34:22"
	}
}