{
	"scenario1":{
		"Deaths":[
			2.9470143234327366e4
		],
		"PCR Confirmed":[
			1.3988470244728527e6
		],
		"Population Infected":[
			0.16720715400624492
		],
		"Fatality Rate":[
			2.1067452493908703e-2
		],
		"Date Contained":"Not Contained",
		"Date ICU Over Capacity":"Fri 8 May 2020 04:43:52"
	},
	"scenario2":{
		"Deaths":[
			3.850321942459733e4
		],
		"PCR Confirmed":[
			1.7493955203570952e6
		],
		"Population Infected":[
			0.2091089597880905
		],
		"Fatality Rate":[
			2.200944210531525e-2
		],
		"Date Contained":"Not Contained",
		"Date ICU Over Capacity":"Sun 5 Jul 2020 19:29:00"
	},
	"scenario3":{
		"Deaths":[
			5.136456668581617e1
		],
		"PCR Confirmed":[
			4.036192422645577e3
		],
		"Population Infected":[
			4.8245464743828045e-4
		],
		"Fatality Rate":[
			1.2725995519348547e-2
		],
		"Date Contained":"Sat 9 May 2020 01:55:47",
		"Date ICU Over Capacity":"ICU Under capacity"
	}
}