{
	"distancingLevel":1,
	"id":"scenario4",
	"distancingDays":90,
	"maintain":false,
	"name":"Normal",
	"gradual":false,
	"events":{
		"herd":{
			"eventName":"herd",
			"day":1.6169436428478213e2,
			"thresholdCrossed":0.6999999999999985
		},
		"icu":{
			"eventName":"icu",
			"day":1.3473895457087707e2,
			"thresholdCrossed":1.5306976713035203e-4
		},
		"hospital":{
			"eventName":"hospital",
			"day":1.4952935569788374e2,
			"thresholdCrossed":1.9975879834024123e-3
		}
	},
	"summary":{
		"totalProjectedDeaths":2.0198599074019487e4,
		"totalProjectedPCRConfirmed":3.331581327287763e5,
		"totalProjectedInfected":2.128063278862222e6,
		"totalInfectedFraction":0.7126277631461252,
		"fatalityRate":9.491540629759258e-3,
		"fatalityRateSymptomatic":1.3559343756798944e-2,
		"fatalityRatePCR":6.062766323181175e-2,
		"fractionOfSymptomaticHospitalized":5.89392473515201e-2,
		"fractionOfSymptomaticHospitalizedOrICU":8.199453154258918e-2,
		"fractionOfPCRHospitalized":0.20426403119616507,
		"fractionOfPCRHospitalizedOrICU":0.2841660574496361,
		"fractionHospitalizedInICU":0.2811807538542228,
		"fractionOfDeathInICU":0.7292767656008549,
		"fractionDeathOfHospitalizedOrICU":0.1702951884635557,
		"fractionOfInfectionsPCRConfirmed":0.1565546175426234,
		"fractionOfDeathsReported":0.775161594547608,
		"fractionOfHospitalizationsReported":0.7750953910438609,
		"dateContained":"",
		"dateICUOverCapacity":"Wed 13 May 2020 17:44:05",
		"dateHospitalsOverCapacity":"Thu 28 May 2020 12:42:16"
	},
	"summaryAug1":{
		"totalProjectedDeaths":1.9472150216840037e4,
		"totalProjectedPCRConfirmed":3.3115393307634065e5,
		"totalProjectedInfected":2.1235132598503507e6,
		"totalInfectedFraction":0.7111040914099935,
		"fatalityRate":9.169780375288207e-3,
		"fatalityRateSymptomatic":1.3099686250411725e-2,
		"fatalityRatePCR":5.880090275826843e-2,
		"fractionOfSymptomaticHospitalized":5.835063700688266e-2,
		"fractionOfSymptomaticHospitalizedOrICU":8.117567430164369e-2,
		"fractionOfPCRHospitalized":0.2030127052484895,
		"fractionOfPCRHospitalizedOrICU":0.28242524993177254,
		"fractionHospitalizedInICU":0.2811807538542227,
		"fractionOfDeathInICU":0.7269813411468065,
		"fractionDeathOfHospitalizedOrICU":0.17029518846355568,
		"fractionOfInfectionsPCRConfirmed":0.1559462515904788,
		"fractionOfDeathsReported":0.7751606010130454,
		"fractionOfHospitalizationsReported":0.7750942536536334,
		"dateContained":"",
		"dateICUOverCapacity":"Wed 13 May 2020 17:44:05",
		"dateHospitalsOverCapacity":"Thu 28 May 2020 12:42:16"
	}
}