{
	"distancingLevel":1,
	"id":"scenario4",
	"distancingDays":90,
	"maintain":false,
	"name":"Normal",
	"gradual":false,
	"events":{},
	"summary":{
		"totalProjectedDeaths":2.135804725988677e4,
		"totalProjectedPCRConfirmed":3.552822633796444e5,
		"totalProjectedInfected":2.2502192313700216e6,
		"totalInfectedFraction":0.7535343113936755,
		"fatalityRate":9.491540629524864e-3,
		"fatalityRateSymptomatic":1.3559343756464092e-2,
		"fatalityRatePCR":6.011571491556328e-2,
		"fractionOfSymptomaticHospitalized":5.893924735123607e-2,
		"fractionOfSymptomaticHospitalizedOrICU":8.199453154219404e-2,
		"fractionOfPCRHospitalized":0.20250192524497476,
		"fractionOfPCRHospitalizedOrICU":0.28171466795131833,
		"fractionHospitalizedInICU":0.28118075385422286,
		"fractionOfDeathInICU":0.7292826212081983,
		"fractionDeathOfHospitalizedOrICU":0.1702951884635557,
		"fractionOfInfectionsPCRConfirmed":0.15788784418277976,
		"fractionOfDeathsReported":0.7751090436537319,
		"fractionOfHospitalizationsReported":0.7749527535715243,
		"dateContained":"",
		"dateICUOverCapacity":"",
		"dateHospitalsOverCapacity":""
	},
	"summaryAug1":{
		"totalProjectedDeaths":2.0467258726644293e4,
		"totalProjectedPCRConfirmed":3.529167179784105e5,
		"totalProjectedInfected":2.2451020879711453e6,
		"totalInfectedFraction":0.751820725857822,
		"fatalityRate":9.116404477241458e-3,
		"fatalityRateSymptomatic":1.3023434967487799e-2,
		"fatalityRatePCR":5.799458536247741e-2,
		"fractionOfSymptomaticHospitalized":5.825728202527078e-2,
		"fractionOfSymptomaticHospitalizedOrICU":8.104580162208977e-2,
		"fractionOfPCRHospitalized":0.20104139893517392,
		"fractionOfPCRHospitalizedOrICU":0.2796828270989318,
		"fractionHospitalizedInICU":0.28118075385422275,
		"fractionOfDeathInICU":0.7265982106537434,
		"fractionDeathOfHospitalizedOrICU":0.17029518846355568,
		"fractionOfInfectionsPCRConfirmed":0.15719406251915005,
		"fractionOfDeathsReported":0.7751055974393428,
		"fractionOfHospitalizationsReported":0.7749494541286851,
		"dateContained":"",
		"dateICUOverCapacity":"",
		"dateHospitalsOverCapacity":""
	}
}