{
	"distancingLevel":1,
	"id":"scenario4",
	"distancingDays":90,
	"maintain":false,
	"name":"Normal",
	"gradual":false,
	"events":{
		"herd":{
			"eventName":"herd",
			"day":1.5441896350097142e2,
			"thresholdCrossed":0.6999999999999995
		},
		"icu":{
			"eventName":"icu",
			"day":1.279248934562258e2,
			"thresholdCrossed":2.1867109590050423e-4
		},
		"hospital":{
			"eventName":"hospital",
			"day":1.368222102507705e2,
			"thresholdCrossed":1.9975879834024106e-3
		}
	},
	"summary":{
		"totalProjectedDeaths":2.3438655138523296e4,
		"totalProjectedPCRConfirmed":6.07698087201291e5,
		"totalProjectedInfected":2.205205654108432e6,
		"totalInfectedFraction":0.738460546814512,
		"fatalityRate":1.0628784256405137e-2,
		"fatalityRateSymptomatic":1.5183977509150199e-2,
		"fatalityRatePCR":3.856957201637462e-2,
		"fractionOfSymptomaticHospitalized":7.257444636563495e-2,
		"fractionOfPCRHospitalized":0.23555199212232278,
		"fractionHospitalizedInICU":0.2819875122661219,
		"fractionDeathOfHospitalized":0.11756824514533008,
		"fractionOfInfectionsPCRConfirmed":0.2755743375086639,
		"dateContained":"Thu 10 Sep 2020 00:00:00",
		"dateICUOverCapacity":"Wed 6 May 2020 22:11:50",
		"dateHospitalsOverCapacity":"Fri 15 May 2020 19:43:58"
	},
	"summaryAug1":{
		"totalProjectedDeaths":2.28094144529148e4,
		"totalProjectedPCRConfirmed":6.056212320117215e5,
		"totalProjectedInfected":2.2023549573716503e6,
		"totalInfectedFraction":0.7375059296942791,
		"fatalityRate":1.0356829346045187e-2,
		"fatalityRateSymptomatic":1.4795470494350267e-2,
		"fatalityRatePCR":3.7662838168912374e-2,
		"fractionOfSymptomaticHospitalized":7.228723548107112e-2,
		"fractionOfPCRHospitalized":0.23500605678341666,
		"fractionHospitalizedInICU":0.28198751226612195,
		"fractionDeathOfHospitalized":0.11507102624891792,
		"fractionOfInfectionsPCRConfirmed":0.2749880213380709,
		"dateContained":"Thu 10 Sep 2020 00:00:00",
		"dateICUOverCapacity":"Wed 6 May 2020 22:11:50",
		"dateHospitalsOverCapacity":"Fri 15 May 2020 19:43:58"
	}
}