{
	"distancingLevel":1,
	"id":"scenario4",
	"distancingDays":90,
	"maintain":false,
	"name":"Normal",
	"events":{
		"herd":{
			"eventName":"herd",
			"day":1.4724299057653124e2,
			"thresholdCrossed":0.7000000000000172
		},
		"icu":{
			"eventName":"icu",
			"day":1.225656512798628e2,
			"thresholdCrossed":2.186710959005e-4
		},
		"hospital":{
			"eventName":"hospital",
			"day":1.3118237433603076e2,
			"thresholdCrossed":1.997587983402412e-3
		}
	},
	"summary":{
		"totalProjectedDeaths":2.449385858283422e4,
		"totalProjectedPCRConfirmed":5.876060109655829e5,
		"totalProjectedInfected":2.3044685264985478e6,
		"totalInfectedFraction":0.7717008547590425,
		"fatalityRate":1.0628853595171742e-2,
		"fatalityRateSymptomatic":1.5184076564531064e-2,
		"fatalityRatePCR":4.168415252012946e-2,
		"fractionOfSymptomaticHospitalized":7.257444636563054e-2,
		"fractionOfPCRHospitalized":0.23984917824664845,
		"fractionHospitalizedInICU":0.2819875122661219,
		"fractionDeathOfHospitalized":0.12478567685263603,
		"fractionOfInfectionsPCRConfirmed":0.25498547895483836,
		"dateContained":"Sat 29 Aug 2020 00:00:00",
		"dateICUOverCapacity":"Fri 1 May 2020 13:34:32",
		"dateHospitalsOverCapacity":"Sun 10 May 2020 04:22:37"
	},
	"summaryAug1":{
		"totalProjectedDeaths":2.4143347523554214e4,
		"totalProjectedPCRConfirmed":5.867647899306407e5,
		"totalProjectedInfected":2.3034231488928944e6,
		"totalInfectedFraction":0.7713507875819244,
		"fatalityRate":1.0481507722607697e-2,
		"fatalityRateSymptomatic":1.497358246086814e-2,
		"fatalityRatePCR":4.1146551289159845e-2,
		"fractionOfSymptomaticHospitalized":7.245230952340553e-2,
		"fractionOfPCRHospitalized":0.23959849349969206,
		"fractionHospitalizedInICU":0.2819875122661216,
		"fractionDeathOfHospitalized":0.12330518953299363,
		"fractionOfInfectionsPCRConfirmed":0.25473599595135626,
		"dateContained":"Sat 29 Aug 2020 00:00:00",
		"dateICUOverCapacity":"Fri 1 May 2020 13:34:32",
		"dateHospitalsOverCapacity":"Sun 10 May 2020 04:22:37"
	}
}