{
	"distancingLevel":1,
	"id":"scenario4",
	"distancingDays":90,
	"maintain":false,
	"name":"Normal",
	"gradual":false,
	"events":{
		"herd":{
			"eventName":"herd",
			"day":1.6024280790848346e2,
			"thresholdCrossed":0.6999999999999988
		},
		"icu":{
			"eventName":"icu",
			"day":1.3494157713197947e2,
			"thresholdCrossed":1.530697671303273e-4
		},
		"hospital":{
			"eventName":"hospital",
			"day":1.4952724638712763e2,
			"thresholdCrossed":1.997587983402411e-3
		}
	},
	"summary":{
		"totalProjectedDeaths":2.2487297532215653e4,
		"totalProjectedPCRConfirmed":3.721002852606209e5,
		"totalProjectedInfected":2.36919362298587e6,
		"totalInfectedFraction":0.7933754455418122,
		"fatalityRate":9.49154062970807e-3,
		"fatalityRateSymptomatic":1.3559343756725815e-2,
		"fatalityRatePCR":6.043343266040615e-2,
		"fractionOfSymptomaticHospitalized":5.893924735146392e-2,
		"fractionOfSymptomaticHospitalizedOrICU":8.199453154251096e-2,
		"fractionOfPCRHospitalized":0.2036119941148945,
		"fractionOfPCRHospitalizedOrICU":0.28325896281525237,
		"fractionHospitalizedInICU":0.2811807538542223,
		"fractionOfDeathInICU":0.7292763895074937,
		"fractionDeathOfHospitalizedOrICU":0.17029518846355557,
		"fractionOfInfectionsPCRConfirmed":0.15705777765502624,
		"fractionOfDeathsReported":0.7751640667940506,
		"fractionOfHospitalizationsReported":0.7751043595522489,
		"dateContained":"",
		"dateICUOverCapacity":"Wed 13 May 2020 22:35:52",
		"dateHospitalsOverCapacity":"Thu 28 May 2020 12:39:14"
	},
	"summaryAug1":{
		"totalProjectedDeaths":2.1794183031447814e4,
		"totalProjectedPCRConfirmed":3.7056618304204533e5,
		"totalProjectedInfected":2.366328678731546e6,
		"totalInfectedFraction":0.7924160573338688,
		"fatalityRate":9.210125046166638e-3,
		"fatalityRateSymptomatic":1.315732149452377e-2,
		"fatalityRatePCR":5.8813199986397564e-2,
		"fractionOfSymptomaticHospitalized":5.847158661929607e-2,
		"fractionOfSymptomaticHospitalizedOrICU":8.134393581253382e-2,
		"fractionOfPCRHospitalized":0.20258717479575908,
		"fractionOfPCRHospitalizedOrICU":0.28183326459608204,
		"fractionHospitalizedInICU":0.28118075385422253,
		"fractionOfDeathInICU":0.7271420850688952,
		"fractionDeathOfHospitalizedOrICU":0.1702951884635556,
		"fractionOfInfectionsPCRConfirmed":0.15659962471514516,
		"fractionOfDeathsReported":0.77516329847124,
		"fractionOfHospitalizationsReported":0.7751035864326689,
		"dateContained":"",
		"dateICUOverCapacity":"Wed 13 May 2020 22:35:52",
		"dateHospitalsOverCapacity":"Thu 28 May 2020 12:39:14"
	}
}