{
	"distancingLevel":0.2,
	"id":"scenario2",
	"distancingDays":90,
	"maintain":false,
	"name":"Italy",
	"gradual":false,
	"events":{
		"herd":{
			"eventName":"herd",
			"day":2.914948786652927e2,
			"thresholdCrossed":0.7000000000000004
		},
		"icu":{
			"eventName":"icu",
			"day":1.2410301396812727e2,
			"thresholdCrossed":2.3751144847513413e-4
		},
		"hospital":{
			"eventName":"hospital",
			"day":2.7793094146896766e2,
			"thresholdCrossed":1.4080908434146637e-3
		}
	},
	"summary":{
		"totalProjectedDeaths":6.067243617341099e4,
		"totalProjectedPCRConfirmed":1.6610782511784378e6,
		"totalProjectedInfected":5.299846045579077e6,
		"totalInfectedFraction":0.8012565951500308,
		"fatalityRate":1.1447962007126897e-2,
		"fatalityRateSymptomatic":1.635423143875271e-2,
		"fatalityRatePCR":3.652593496445302e-2,
		"fractionOfSymptomaticHospitalized":7.339390647297196e-2,
		"fractionOfSymptomaticHospitalizedOrICU":0.10204521252431498,
		"fractionOfPCRHospitalized":0.2102331526738045,
		"fractionOfPCRHospitalizedOrICU":0.29230337742215046,
		"fractionHospitalizedInICU":0.2807707029324486,
		"fractionOfDeathInICU":0.6858593926890666,
		"fractionDeathOfHospitalizedOrICU":0.16265433196770804,
		"fractionOfInfectionsPCRConfirmed":0.3134200950165419,
		"dateContained":"Sat 20 Jun 2020 00:00:00",
		"dateICUOverCapacity":"Sun 3 May 2020 02:28:20",
		"dateHospitalsOverCapacity":"Sat 3 Oct 2020 22:20:33"
	},
	"summaryAug1":{
		"totalProjectedDeaths":4.598278709569843e3,
		"totalProjectedPCRConfirmed":5.911294631042623e4,
		"totalProjectedInfected":4.017327760237478e5,
		"totalInfectedFraction":6.0735922045408654e-2,
		"fatalityRate":1.1446112898933651e-2,
		"fatalityRateSymptomatic":1.6351589855619502e-2,
		"fatalityRatePCR":7.778801424348573e-2,
		"fractionOfSymptomaticHospitalized":7.339301655702635e-2,
		"fractionOfSymptomaticHospitalizedOrICU":0.10204397520549435,
		"fractionOfPCRHospitalized":0.23721938294386039,
		"fractionOfPCRHospitalizedOrICU":0.3298244160951918,
		"fractionHospitalizedInICU":0.28077070293244855,
		"fractionOfDeathInICU":0.6858782624576487,
		"fractionDeathOfHospitalizedOrICU":0.16265433196770804,
		"fractionOfInfectionsPCRConfirmed":0.14714494270423148,
		"dateContained":"Sat 20 Jun 2020 00:00:00",
		"dateICUOverCapacity":"Sun 3 May 2020 02:28:20",
		"dateHospitalsOverCapacity":"Sat 3 Oct 2020 22:20:33"
	}
}