{
	"distancingLevel":0.2,
	"id":"scenario2",
	"distancingDays":90,
	"maintain":false,
	"name":"Italy",
	"gradual":false,
	"events":{
		"herd":{
			"eventName":"herd",
			"day":3.1488907416417925e2,
			"thresholdCrossed":0.6999999999999831
		},
		"icu":{
			"eventName":"icu",
			"day":1.2436500147047373e2,
			"thresholdCrossed":1.662580139324303e-4
		},
		"hospital":{
			"eventName":"hospital",
			"day":3.0466083512700885e2,
			"thresholdCrossed":1.4080908434146618e-3
		}
	},
	"summary":{
		"totalProjectedDeaths":6.538414851745974e3,
		"totalProjectedPCRConfirmed":7.47469174288904e4,
		"totalProjectedInfected":7.071235148484684e5,
		"totalInfectedFraction":0.10690638463557464,
		"fatalityRate":9.246496141691896e-3,
		"fatalityRateSymptomatic":1.3209280202416997e-2,
		"fatalityRatePCR":8.747404008956246e-2,
		"fractionOfSymptomaticHospitalized":5.896942898214469e-2,
		"fractionOfSymptomaticHospitalizedOrICU":8.18981250631869e-2,
		"fractionOfPCRHospitalized":0.30549147879813227,
		"fractionOfPCRHospitalizedOrICU":0.42427372569476435,
		"fractionHospitalizedInICU":0.2799660683727744,
		"fractionOfDeathInICU":0.7251972465968437,
		"fractionDeathOfHospitalizedOrICU":0.16999151709319357,
		"fractionOfInfectionsPCRConfirmed":0.10570560285342534,
		"fractionOfDeathsReported":0.7831637303850352,
		"fractionOfHospitalizationsReported":0.7822978664012186,
		"dateContained":"Fri 19 Jun 2020 13:17:49",
		"dateICUOverCapacity":"Sun 3 May 2020 08:45:36",
		"dateHospitalsOverCapacity":"Fri 30 Oct 2020 15:51:36"
	},
	"summaryAug1":{
		"totalProjectedDeaths":6.538414851745974e3,
		"totalProjectedPCRConfirmed":7.47469174288904e4,
		"totalProjectedInfected":7.071235148484684e5,
		"totalInfectedFraction":0.10690638463557464,
		"fatalityRate":9.246496141691896e-3,
		"fatalityRateSymptomatic":1.3209280202416997e-2,
		"fatalityRatePCR":8.747404008956246e-2,
		"fractionOfSymptomaticHospitalized":5.896942898214469e-2,
		"fractionOfSymptomaticHospitalizedOrICU":8.18981250631869e-2,
		"fractionOfPCRHospitalized":0.30549147879813227,
		"fractionOfPCRHospitalizedOrICU":0.42427372569476435,
		"fractionHospitalizedInICU":0.2799660683727744,
		"fractionOfDeathInICU":0.7251972465968437,
		"fractionDeathOfHospitalizedOrICU":0.16999151709319357,
		"fractionOfInfectionsPCRConfirmed":0.10570560285342534,
		"fractionOfDeathsReported":0.7831637303850352,
		"fractionOfHospitalizationsReported":0.7822978664012186,
		"dateContained":"Fri 19 Jun 2020 13:17:49",
		"dateICUOverCapacity":"Sun 3 May 2020 08:45:36",
		"dateHospitalsOverCapacity":"Fri 30 Oct 2020 15:51:36"
	}
}