{
	"distancingLevel":0.4,
	"id":"scenario2",
	"distancingDays":90,
	"maintain":false,
	"name":"Italy",
	"events":{
		"herd":{
			"eventName":"herd",
			"day":2.5264816428555514e2,
			"thresholdCrossed":0.7000000000000195
		},
		"icu":{
			"eventName":"icu",
			"day":1.1113271735743085e2,
			"thresholdCrossed":2.3751144847513405e-4
		},
		"hospital":{
			"eventName":"hospital",
			"day":1.2276099831878551e2,
			"thresholdCrossed":1.4080908434146652e-3
		}
	},
	"summary":{
		"totalProjectedDeaths":5.928168891094258e4,
		"totalProjectedPCRConfirmed":1.566609773813291e6,
		"totalProjectedInfected":5.421857432226093e6,
		"totalInfectedFraction":0.8197028721538452,
		"fatalityRate":1.0933833958559633e-2,
		"fatalityRateSymptomatic":1.5619762797942334e-2,
		"fatalityRatePCR":3.784075007182215e-2,
		"fractionOfSymptomaticHospitalized":7.339390647235294e-2,
		"fractionOfPCRHospitalized":0.23317290067851656,
		"fractionHospitalizedInICU":0.28077070293244866,
		"fractionDeathOfHospitalized":0.116721008296712,
		"fractionOfInfectionsPCRConfirmed":0.2889433728931667,
		"dateContained":"Sat 12 Dec 2020 00:00:00",
		"dateICUOverCapacity":"Mon 20 Apr 2020 03:11:06",
		"dateHospitalsOverCapacity":"Fri 1 May 2020 18:15:50"
	},
	"summaryAug1":{
		"totalProjectedDeaths":8.642304667080916e3,
		"totalProjectedPCRConfirmed":1.1707878517325353e5,
		"totalProjectedInfected":8.055899381455851e5,
		"totalInfectedFraction":0.12179301915082856,
		"fatalityRate":1.0727920320076155e-2,
		"fatalityRateSymptomatic":1.532560045725165e-2,
		"fatalityRatePCR":7.381614572009786e-2,
		"fractionOfSymptomaticHospitalized":7.252068135121392e-2,
		"fractionOfPCRHospitalized":0.2571987870726666,
		"fractionHospitalizedInICU":0.2807707029324488,
		"fractionDeathOfHospitalized":0.20641907064477008,
		"fractionOfInfectionsPCRConfirmed":0.145332978516044,
		"dateContained":"Sat 12 Dec 2020 00:00:00",
		"dateICUOverCapacity":"Mon 20 Apr 2020 03:11:06",
		"dateHospitalsOverCapacity":"Fri 1 May 2020 18:15:50"
	}
}