{
	"distancingLevel":0.2,
	"id":"scenario2",
	"distancingDays":90,
	"maintain":false,
	"name":"Italy",
	"gradual":false,
	"events":{
		"herd":{
			"eventName":"herd",
			"day":2.900691923630794e2,
			"thresholdCrossed":0.7000000000000005
		},
		"icu":{
			"eventName":"icu",
			"day":1.2432132207748141e2,
			"thresholdCrossed":2.3751144847513448e-4
		},
		"hospital":{
			"eventName":"hospital",
			"day":2.764734204965767e2,
			"thresholdCrossed":1.408090843414666e-3
		}
	},
	"summary":{
		"totalProjectedDeaths":6.074047300872342e4,
		"totalProjectedPCRConfirmed":1.665598044654475e6,
		"totalProjectedInfected":5.305789185458357e6,
		"totalInfectedFraction":0.8021551080470508,
		"fatalityRate":1.1447962006329913e-2,
		"fatalityRateSymptomatic":1.6354231437614164e-2,
		"fatalityRatePCR":3.646766589553958e-2,
		"fractionOfSymptomaticHospitalized":7.339390647225164e-2,
		"fractionOfSymptomaticHospitalizedOrICU":0.10204521252331347,
		"fractionOfPCRHospitalized":0.2101641280177363,
		"fractionOfPCRHospitalizedOrICU":0.29220740711567184,
		"fractionHospitalizedInICU":0.28077070293244866,
		"fractionOfDeathInICU":0.6858593881894777,
		"fractionDeathOfHospitalizedOrICU":0.16265433196770807,
		"fractionOfInfectionsPCRConfirmed":0.31392088649496297,
		"dateContained":"Fri 19 Jun 2020 00:00:00",
		"dateICUOverCapacity":"Sun 3 May 2020 07:42:42",
		"dateHospitalsOverCapacity":"Fri 2 Oct 2020 11:21:43"
	},
	"summaryAug1":{
		"totalProjectedDeaths":4.3599240593897475e3,
		"totalProjectedPCRConfirmed":5.4876766025350815e4,
		"totalProjectedInfected":3.809041417184221e5,
		"totalInfectedFraction":5.758694744094221e-2,
		"fatalityRate":1.144625007152786e-2,
		"fatalityRateSymptomatic":1.6351785816468373e-2,
		"fatalityRatePCR":7.944936218318042e-2,
		"fractionOfSymptomaticHospitalized":7.339293973288866e-2,
		"fractionOfSymptomaticHospitalizedOrICU":0.10204386839096664,
		"fractionOfPCRHospitalized":0.23736664456672085,
		"fractionOfPCRHospitalizedOrICU":0.330029165294732,
		"fractionHospitalizedInICU":0.28077070293244877,
		"fractionOfDeathInICU":0.6858814993478087,
		"fractionDeathOfHospitalizedOrICU":0.1626543319677081,
		"fractionOfInfectionsPCRConfirmed":0.14406975407980122,
		"dateContained":"Fri 19 Jun 2020 00:00:00",
		"dateICUOverCapacity":"Sun 3 May 2020 07:42:42",
		"dateHospitalsOverCapacity":"Fri 2 Oct 2020 11:21:43"
	}
}