{
	"distancingLevel":0.5076190476190475,
	"id":"scenario7",
	"distancingDays":60,
	"maintain":true,
	"postDistancingLevel":1,
	"name":"Open Gradual May 1",
	"gradual":true,
	"events":{
		"herd":{
			"eventName":"herd",
			"day":2.1130779767445955e2,
			"thresholdCrossed":0.6999999999999996
		},
		"icu":{
			"eventName":"icu",
			"day":1.8388120298693838e2,
			"thresholdCrossed":7.732503409985964e-5
		},
		"hospital":{
			"eventName":"hospital",
			"day":1.9100299961957117e2,
			"thresholdCrossed":7.005190593611267e-4
		}
	},
	"summary":{
		"totalProjectedDeaths":5.485481690059973e3,
		"totalProjectedPCRConfirmed":8.199494515990182e4,
		"totalProjectedInfected":4.3909610366410686e5,
		"totalInfectedFraction":0.7029631716137188,
		"fatalityRate":1.2492667651308001e-2,
		"fatalityRateSymptomatic":1.7846668073297146e-2,
		"fatalityRatePCR":6.690024219618054e-2,
		"fractionOfSymptomaticHospitalized":6.693379552989599e-2,
		"fractionOfSymptomaticHospitalizedOrICU":9.473300743872898e-2,
		"fractionOfPCRHospitalized":0.21366128351309724,
		"fractionOfPCRHospitalizedOrICU":0.3023999431105629,
		"fractionHospitalizedInICU":0.29344800360964846,
		"fractionOfDeathInICU":0.7336859651094826,
		"fractionDeathOfHospitalizedOrICU":0.1733620009024121,
		"fractionOfInfectionsPCRConfirmed":0.18673576120508023,
		"fractionOfDeathsReported":0.8517288415069835,
		"fractionOfHospitalizationsReported":0.851549379097229,
		"dateContained":"",
		"dateICUOverCapacity":"Wed 1 Jul 2020 21:08:55",
		"dateHospitalsOverCapacity":"Thu 9 Jul 2020 00:04:19"
	},
	"summaryAug1":{
		"totalProjectedDeaths":1.6813585870792836e3,
		"totalProjectedPCRConfirmed":5.4912556940980336e4,
		"totalProjectedInfected":3.6144886885303404e5,
		"totalInfectedFraction":0.5786551989527245,
		"fatalityRate":4.651719045115972e-3,
		"fatalityRateSymptomatic":6.645312921594246e-3,
		"fatalityRatePCR":3.0618836214208658e-2,
		"fractionOfSymptomaticHospitalized":4.205811177710185e-2,
		"fractionOfSymptomaticHospitalizedOrICU":5.952585512739222e-2,
		"fractionOfPCRHospitalized":0.1649721857457046,
		"fractionOfPCRHospitalizedOrICU":0.2334890943462307,
		"fractionHospitalizedInICU":0.29344800360964785,
		"fractionOfDeathInICU":0.6967765621511602,
		"fractionDeathOfHospitalizedOrICU":0.17336200090241194,
		"fractionOfInfectionsPCRConfirmed":0.15192344387528825,
		"fractionOfDeathsReported":0.8515544986632081,
		"fractionOfHospitalizationsReported":0.8513099594522241,
		"dateContained":"",
		"dateICUOverCapacity":"Wed 1 Jul 2020 21:08:55",
		"dateHospitalsOverCapacity":"Thu 9 Jul 2020 00:04:19"
	}
}