{
	"distancingLevel":0.5738095238095237,
	"id":"scenario7",
	"distancingDays":60,
	"maintain":true,
	"name":"Open Gradual May 10",
	"gradual":true,
	"events":{},
	"summary":{
		"totalProjectedDeaths":4.663317345447905e3,
		"totalProjectedPCRConfirmed":6.97575852093196e4,
		"totalProjectedInfected":3.7328435173145606e5,
		"totalInfectedFraction":0.5976030067614676,
		"fatalityRate":1.2492667650860259e-2,
		"fatalityRateSymptomatic":1.784666807265752e-2,
		"fatalityRatePCR":6.685032647639423e-2,
		"fractionOfSymptomaticHospitalized":6.693379552915805e-2,
		"fractionOfSymptomaticHospitalizedOrICU":9.473300743768451e-2,
		"fractionOfPCRHospitalized":0.2134643559032171,
		"fractionOfPCRHospitalizedOrICU":0.30212122673740693,
		"fractionHospitalizedInICU":0.2934480036096479,
		"fractionOfDeathInICU":0.7336908106451452,
		"fractionDeathOfHospitalizedOrICU":0.17336200090241197,
		"fractionOfInfectionsPCRConfirmed":0.18687519282754128,
		"fractionOfDeathsReported":0.8516701131284782,
		"fractionOfHospitalizationsReported":0.851399769745891,
		"dateContained":"",
		"dateICUOverCapacity":"",
		"dateHospitalsOverCapacity":""
	},
	"summaryAug1":{
		"totalProjectedDeaths":1.385808950042999e2,
		"totalProjectedPCRConfirmed":3.2991728275662526e3,
		"totalProjectedInfected":2.702416898733435e4,
		"totalInfectedFraction":4.3263867256024865e-2,
		"fatalityRate":5.128035391920832e-3,
		"fatalityRateSymptomatic":7.325764845601188e-3,
		"fatalityRatePCR":4.200473944450155e-2,
		"fractionOfSymptomaticHospitalized":3.646057096806511e-2,
		"fractionOfSymptomaticHospitalizedOrICU":5.160352126147212e-2,
		"fractionOfPCRHospitalized":0.17592466794582262,
		"fractionOfPCRHospitalizedOrICU":0.24899040529867628,
		"fractionHospitalizedInICU":0.29344800360964773,
		"fractionOfDeathInICU":0.7188187082040685,
		"fractionDeathOfHospitalizedOrICU":0.17336200090241194,
		"fractionOfInfectionsPCRConfirmed":0.12208230451461818,
		"fractionOfDeathsReported":0.8472366643809778,
		"fractionOfHospitalizationsReported":0.8415074270075951,
		"dateContained":"",
		"dateICUOverCapacity":"",
		"dateHospitalsOverCapacity":""
	}
}