{
	"distancingLevel":0.5738095238095237,
	"id":"scenario7",
	"distancingDays":60,
	"maintain":true,
	"name":"Open Gradual May 10",
	"gradual":true,
	"events":{
		"herd":{
			"eventName":"herd",
			"day":2.277079437429014e2,
			"thresholdCrossed":0.700000000000141
		},
		"icu":{
			"eventName":"icu",
			"day":1.947870531608634e2,
			"thresholdCrossed":7.732503409983203e-5
		},
		"hospital":{
			"eventName":"hospital",
			"day":2.041160596592643e2,
			"thresholdCrossed":7.005190594202063e-4
		}
	},
	"summary":{
		"totalProjectedDeaths":5.438085479759605e3,
		"totalProjectedPCRConfirmed":8.1331488684959e4,
		"totalProjectedInfected":4.3530218136885134e5,
		"totalInfectedFraction":0.6968893585525832,
		"fatalityRate":1.249266765137496e-2,
		"fatalityRateSymptomatic":1.78466680733928e-2,
		"fatalityRatePCR":6.686322318314203e-2,
		"fractionOfSymptomaticHospitalized":6.69337955299827e-2,
		"fractionOfSymptomaticHospitalizedOrICU":9.473300743885166e-2,
		"fractionOfPCRHospitalized":0.21342052428161312,
		"fractionOfPCRHospitalizedOrICU":0.3020591907912517,
		"fractionHospitalizedInICU":0.29344800360964807,
		"fractionOfDeathInICU":0.7337012443229519,
		"fractionDeathOfHospitalizedOrICU":0.173362000902412,
		"fractionOfInfectionsPCRConfirmed":0.18683914798957357,
		"fractionOfDeathsReported":0.8515169654164609,
		"fractionOfHospitalizationsReported":0.8510607620246555,
		"dateContained":"",
		"dateICUOverCapacity":"Sun 12 Jul 2020 18:53:21",
		"dateHospitalsOverCapacity":"Wed 22 Jul 2020 02:47:07"
	},
	"summaryAug1":{
		"totalProjectedDeaths":4.599346747857905e2,
		"totalProjectedPCRConfirmed":2.0442062569727976e4,
		"totalProjectedInfected":1.729301466519991e5,
		"totalInfectedFraction":0.27684947177556063,
		"fatalityRate":2.659655841912591e-3,
		"fatalityRateSymptomatic":3.7995083455894165e-3,
		"fatalityRatePCR":2.249942603477272e-2,
		"fractionOfSymptomaticHospitalized":2.73442773474413e-2,
		"fractionOfSymptomaticHospitalizedOrICU":3.870101207998609e-2,
		"fractionOfPCRHospitalized":0.13718414546053495,
		"fractionOfPCRHospitalizedOrICU":0.19416001392874724,
		"fractionHospitalizedInICU":0.2934480036096479,
		"fractionOfDeathInICU":0.691062814719595,
		"fractionDeathOfHospitalizedOrICU":0.17336200090241197,
		"fractionOfInfectionsPCRConfirmed":0.11820994179149773,
		"fractionOfDeathsReported":0.8483896722510179,
		"fractionOfHospitalizationsReported":0.8472146079914926,
		"dateContained":"",
		"dateICUOverCapacity":"Sun 12 Jul 2020 18:53:21",
		"dateHospitalsOverCapacity":"Wed 22 Jul 2020 02:47:07"
	}
}