{
	"distancingLevel":0.5738095238095237,
	"id":"scenario7",
	"distancingDays":60,
	"maintain":true,
	"name":"Open Gradual May 28",
	"gradual":true,
	"events":{
		"herd":{
			"eventName":"herd",
			"day":2.5830257154909407e2,
			"thresholdCrossed":0.6999999999999994
		},
		"icu":{
			"eventName":"icu",
			"day":2.152404934534058e2,
			"thresholdCrossed":7.732503409985987e-5
		},
		"hospital":{
			"eventName":"hospital",
			"day":2.2653870165888986e2,
			"thresholdCrossed":7.005190594202057e-4
		}
	},
	"summary":{
		"totalProjectedDeaths":4.663717671148601e3,
		"totalProjectedPCRConfirmed":6.976387305314414e4,
		"totalProjectedInfected":3.73316396541607e5,
		"totalInfectedFraction":0.597654308335746,
		"fatalityRate":1.2492667652300182e-2,
		"fatalityRateSymptomatic":1.7846668074714547e-2,
		"fatalityRatePCR":6.685003952684669e-2,
		"fractionOfSymptomaticHospitalized":6.693379553154982e-2,
		"fractionOfSymptomaticHospitalizedOrICU":9.473300744106966e-2,
		"fractionOfPCRHospitalized":0.2134634483484452,
		"fractionOfPCRHospitalizedOrICU":0.3021199422533539,
		"fractionHospitalizedInICU":0.29344800360964823,
		"fractionOfDeathInICU":0.733690809501471,
		"fractionDeathOfHospitalizedOrICU":0.17336200090241202,
		"fractionOfInfectionsPCRConfirmed":0.18687599499897345,
		"fractionOfDeathsReported":0.8516701247840336,
		"fractionOfHospitalizationsReported":0.8513998046072389,
		"dateContained":"",
		"dateICUOverCapacity":"Sun 2 Aug 2020 05:46:18",
		"dateHospitalsOverCapacity":"Thu 13 Aug 2020 12:55:43"
	},
	"summaryAug1":{
		"totalProjectedDeaths":1.2777001421725417e2,
		"totalProjectedPCRConfirmed":2.7624589975945446e3,
		"totalProjectedInfected":2.23115184010268e4,
		"totalInfectedFraction":3.571923232254753e-2,
		"fatalityRate":5.72663912516927e-3,
		"fatalityRateSymptomatic":8.180913035956102e-3,
		"fatalityRatePCR":4.6252275356308256e-2,
		"fractionOfSymptomaticHospitalized":3.887687928963534e-2,
		"fractionOfSymptomaticHospitalizedOrICU":5.502338042812188e-2,
		"fractionOfPCRHospitalized":0.18465350747294665,
		"fractionOfPCRHospitalizedOrICU":0.261344541401494,
		"fractionHospitalizedInICU":0.293448003609648,
		"fractionOfDeathInICU":0.7216707244026382,
		"fractionDeathOfHospitalizedOrICU":0.173362000902412,
		"fractionOfInfectionsPCRConfirmed":0.12381313310650403,
		"fractionOfDeathsReported":0.8468500522205978,
		"fractionOfHospitalizationsReported":0.8401074556055877,
		"dateContained":"",
		"dateICUOverCapacity":"Sun 2 Aug 2020 05:46:18",
		"dateHospitalsOverCapacity":"Thu 13 Aug 2020 12:55:43"
	}
}