{
	"distancingLevel":0.5790476190476191,
	"id":"scenario6",
	"distancingDays":3,
	"maintain":true,
	"name":"Open May 10",
	"gradual":false,
	"events":{
		"herd":{
			"eventName":"herd",
			"day":1.6531265488890918e2,
			"thresholdCrossed":0.7000000000000005
		},
		"icu":{
			"eventName":"icu",
			"day":1.3591044969234213e2,
			"thresholdCrossed":1.2386602530038067e-4
		},
		"hospital":{
			"eventName":"hospital",
			"day":1.5104028626575982e2,
			"thresholdCrossed":1.047220776962347e-3
		}
	},
	"summary":{
		"totalProjectedDeaths":3.721503969367647e4,
		"totalProjectedPCRConfirmed":6.938718991672486e5,
		"totalProjectedInfected":4.450157646148737e6,
		"totalInfectedFraction":0.8185674778564623,
		"fatalityRate":8.362634012726083e-3,
		"fatalityRateSymptomatic":1.194662001818012e-2,
		"fatalityRatePCR":5.363387642350144e-2,
		"fractionOfSymptomaticHospitalized":5.7122341024308285e-2,
		"fractionOfSymptomaticHospitalizedOrICU":7.812808209282791e-2,
		"fractionOfPCRHospitalized":0.19937119468186515,
		"fractionOfPCRHospitalizedOrICU":0.2726864618244794,
		"fractionHospitalizedInICU":0.2688628788245648,
		"fractionOfDeathInICU":0.6710476742494497,
		"fractionDeathOfHospitalizedOrICU":0.16721571970614119,
		"fractionOfInfectionsPCRConfirmed":0.1559207458117221,
		"fractionOfDeathsReported":0.7776067558114795,
		"fractionOfHospitalizationsReported":0.7774317571408916,
		"dateContained":"",
		"dateICUOverCapacity":"Thu 14 May 2020 21:51:02",
		"dateHospitalsOverCapacity":"Sat 30 May 2020 00:58:00"
	},
	"summaryAug1":{
		"totalProjectedDeaths":3.555905642240105e4,
		"totalProjectedPCRConfirmed":6.898807821371637e5,
		"totalProjectedInfected":4.443096876600059e6,
		"totalInfectedFraction":0.8172687112102539,
		"fatalityRate":8.003214291742274e-3,
		"fatalityRateSymptomatic":1.1433163273917536e-2,
		"fatalityRatePCR":5.154377008770063e-2,
		"fractionOfSymptomaticHospitalized":5.6448290460500615e-2,
		"fractionOfSymptomaticHospitalizedOrICU":7.720616123245094e-2,
		"fractionOfPCRHospitalized":0.1978431195498764,
		"fractionOfPCRHospitalizedOrICU":0.270596463809426,
		"fractionHospitalizedInICU":0.2688628788245655,
		"fractionOfDeathInICU":0.6679349073378836,
		"fractionDeathOfHospitalizedOrICU":0.16721571970614138,
		"fractionOfInfectionsPCRConfirmed":0.15527025435130135,
		"fractionOfDeathsReported":0.7776032447927957,
		"fractionOfHospitalizationsReported":0.7774283645530111,
		"dateContained":"",
		"dateICUOverCapacity":"Thu 14 May 2020 21:51:02",
		"dateHospitalsOverCapacity":"Sat 30 May 2020 00:58:00"
	}
}