{
	"distancingLevel":0.608095238095238,
	"id":"scenario6",
	"distancingDays":14,
	"maintain":true,
	"name":"Open May 28",
	"gradual":false,
	"events":{
		"herd":{
			"eventName":"herd",
			"day":1.9342192027034628e2,
			"thresholdCrossed":0.6999999999999995
		},
		"icu":{
			"eventName":"icu",
			"day":1.653785381612608e2,
			"thresholdCrossed":1.2386602530038064e-4
		},
		"hospital":{
			"eventName":"hospital",
			"day":1.7638437233837402e2,
			"thresholdCrossed":1.0472207769623488e-3
		}
	},
	"summary":{
		"totalProjectedDeaths":3.321998620990346e4,
		"totalProjectedPCRConfirmed":6.345491625275022e5,
		"totalProjectedInfected":3.972430954100259e6,
		"totalInfectedFraction":0.7306938417947696,
		"fatalityRate":8.362634012710653e-3,
		"fatalityRateSymptomatic":1.1946620018158077e-2,
		"fatalityRatePCR":5.235210787700576e-2,
		"fractionOfSymptomaticHospitalized":5.7122341024283735e-2,
		"fractionOfSymptomaticHospitalizedOrICU":7.812808209279437e-2,
		"fractionOfPCRHospitalized":0.1945912590810201,
		"fractionOfPCRHospitalizedOrICU":0.26614878857221697,
		"fractionHospitalizedInICU":0.268862878824565,
		"fractionOfDeathInICU":0.6710503009707273,
		"fractionDeathOfHospitalizedOrICU":0.1672157197061412,
		"fractionOfInfectionsPCRConfirmed":0.15973824840744782,
		"fractionOfDeathsReported":0.7775900472991214,
		"fractionOfHospitalizationsReported":0.7773707730667763,
		"dateContained":"",
		"dateICUOverCapacity":"Sat 13 Jun 2020 09:05:05",
		"dateHospitalsOverCapacity":"Wed 24 Jun 2020 09:13:29"
	},
	"summaryAug1":{
		"totalProjectedDeaths":2.2424481034800036e4,
		"totalProjectedPCRConfirmed":5.710500654647109e5,
		"totalProjectedInfected":3.7871387465489157e6,
		"totalInfectedFraction":0.6966109649481435,
		"fatalityRate":5.921219827299611e-3,
		"fatalityRateSymptomatic":8.458885467570874e-3,
		"fatalityRatePCR":3.926885292719715e-2,
		"fractionOfSymptomaticHospitalized":4.953856042214573e-2,
		"fractionOfSymptomaticHospitalizedOrICU":6.775549891722578e-2,
		"fractionOfPCRHospitalized":0.17875994597072065,
		"fractionOfPCRHospitalizedOrICU":0.24449578716962406,
		"fractionHospitalizedInICU":0.2688628788245655,
		"fractionOfDeathInICU":0.654161404284687,
		"fractionDeathOfHospitalizedOrICU":0.16721571970614138,
		"fractionOfInfectionsPCRConfirmed":0.15078667661307324,
		"fractionOfDeathsReported":0.7775457084535454,
		"fractionOfHospitalizationsReported":0.7773055383454871,
		"dateContained":"",
		"dateICUOverCapacity":"Sat 13 Jun 2020 09:05:05",
		"dateHospitalsOverCapacity":"Wed 24 Jun 2020 09:13:29"
	}
}