{
	"distancingLevel":0.5857142857142856,
	"id":"scenario6",
	"distancingDays":10,
	"maintain":true,
	"name":"Open May 10",
	"gradual":false,
	"events":{},
	"summary":{
		"totalProjectedDeaths":2.6502371585707748e4,
		"totalProjectedPCRConfirmed":4.6677124991017353e5,
		"totalProjectedInfected":2.807966390721947e6,
		"totalInfectedFraction":0.39162891415287504,
		"fatalityRate":9.438279486989803e-3,
		"fatalityRateSymptomatic":1.3483256409985434e-2,
		"fatalityRatePCR":5.677807189454775e-2,
		"fractionOfSymptomaticHospitalized":5.951765020063315e-2,
		"fractionOfSymptomaticHospitalizedOrICU":8.237757962192917e-2,
		"fractionOfPCRHospitalized":0.19816489531160447,
		"fractionOfPCRHospitalizedOrICU":0.27427736791983254,
		"fractionHospitalizedInICU":0.2775018339481612,
		"fractionOfDeathInICU":0.704151469097707,
		"fractionDeathOfHospitalizedOrICU":0.1693754584870403,
		"fractionOfInfectionsPCRConfirmed":0.166231067242284,
		"fractionOfDeathsReported":0.7920839687453153,
		"fractionOfHospitalizationsReported":0.7906697047384698,
		"dateContained":"",
		"dateICUOverCapacity":"",
		"dateHospitalsOverCapacity":""
	},
	"summaryAug1":{
		"totalProjectedDeaths":2.407490743485317e3,
		"totalProjectedPCRConfirmed":5.178716687934007e4,
		"totalProjectedInfected":4.1696731371674815e5,
		"totalInfectedFraction":5.8154704717155344e-2,
		"fatalityRate":5.773811673690951e-3,
		"fatalityRateSymptomatic":8.248302390987073e-3,
		"fatalityRatePCR":4.648817242879065e-2,
		"fractionOfSymptomaticHospitalized":4.354915501208342e-2,
		"fractionOfSymptomaticHospitalizedOrICU":6.027580007581473e-2,
		"fractionOfPCRHospitalized":0.1886185566593237,
		"fractionOfPCRHospitalizedOrICU":0.2610644089106109,
		"fractionHospitalizedInICU":0.2775018339481614,
		"fractionOfDeathInICU":0.6932666276016088,
		"fractionDeathOfHospitalizedOrICU":0.16937545848704036,
		"fractionOfInfectionsPCRConfirmed":0.12419958393793869,
		"fractionOfDeathsReported":0.7791545492905866,
		"fractionOfHospitalizationsReported":0.7684697655708983,
		"dateContained":"",
		"dateICUOverCapacity":"",
		"dateHospitalsOverCapacity":""
	}
}