{
	"distancingLevel":0.5333333333333333,
	"id":"scenario6",
	"distancingDays":6,
	"maintain":true,
	"postDistancingLevel":1,
	"name":"Open May 1",
	"gradual":false,
	"events":{
		"herd":{
			"eventName":"herd",
			"day":2.1109424707319866e2,
			"thresholdCrossed":0.7000000000000096
		},
		"icu":{
			"eventName":"icu",
			"day":1.7343336969931025e2,
			"thresholdCrossed":1.3121399303511085e-4
		},
		"hospital":{
			"eventName":"hospital",
			"day":1.8171699081104939e2,
			"thresholdCrossed":8.298988186727963e-4
		}
	},
	"summary":{
		"totalProjectedDeaths":3.96929683055523e4,
		"totalProjectedPCRConfirmed":7.024803980127121e5,
		"totalProjectedInfected":4.205530082679717e6,
		"totalInfectedFraction":0.5865480388793585,
		"fatalityRate":9.438279485629164e-3,
		"fatalityRateSymptomatic":1.3483256408041664e-2,
		"fatalityRatePCR":5.650402262873392e-2,
		"fractionOfSymptomaticHospitalized":5.951765019669951e-2,
		"fractionOfSymptomaticHospitalizedOrICU":8.237757961648468e-2,
		"fractionOfPCRHospitalized":0.1973965078373651,
		"fractionOfPCRHospitalizedOrICU":0.27321385314520247,
		"fractionHospitalizedInICU":0.27750183394816125,
		"fractionOfDeathInICU":0.7041246092066811,
		"fractionDeathOfHospitalizedOrICU":0.1693754584870403,
		"fractionOfInfectionsPCRConfirmed":0.16703730188635327,
		"fractionOfDeathsReported":0.7924377834438222,
		"fractionOfHospitalizationsReported":0.7914238156237443,
		"dateContained":"",
		"dateICUOverCapacity":"Sun 21 Jun 2020 10:24:03",
		"dateHospitalsOverCapacity":"Mon 29 Jun 2020 17:12:28"
	},
	"summaryAug1":{
		"totalProjectedDeaths":1.8124536135131413e4,
		"totalProjectedPCRConfirmed":5.0679130710191187e5,
		"totalProjectedInfected":3.4478665954165626e6,
		"totalInfectedFraction":0.4808762153879596,
		"fatalityRate":5.256739387546301e-3,
		"fatalityRateSymptomatic":7.5096276964947166e-3,
		"fatalityRatePCR":3.576331298730565e-2,
		"fractionOfSymptomaticHospitalized":4.484830855755753e-2,
		"fractionOfSymptomaticHospitalizedOrICU":6.207394103522152e-2,
		"fractionOfPCRHospitalized":0.16877622309691684,
		"fractionOfPCRHospitalizedOrICU":0.23360090174236822,
		"fractionHospitalizedInICU":0.27750183394816125,
		"fractionOfDeathInICU":0.6808390152315217,
		"fractionDeathOfHospitalizedOrICU":0.1693754584870403,
		"fractionOfInfectionsPCRConfirmed":0.14698692454505555,
		"fractionOfDeathsReported":0.7913214853206337,
		"fractionOfHospitalizationsReported":0.7902160723952373,
		"dateContained":"",
		"dateICUOverCapacity":"Sun 21 Jun 2020 10:24:03",
		"dateHospitalsOverCapacity":"Mon 29 Jun 2020 17:12:28"
	}
}