{
	"distancingLevel":0.5857142857142856,
	"id":"scenario6",
	"distancingDays":10,
	"maintain":true,
	"name":"Open May 10",
	"gradual":false,
	"events":{
		"herd":{
			"eventName":"herd",
			"day":2.299621915999922e2,
			"thresholdCrossed":0.7000000000006834
		},
		"icu":{
			"eventName":"icu",
			"day":1.907826008271101e2,
			"thresholdCrossed":1.312139930350211e-4
		},
		"hospital":{
			"eventName":"hospital",
			"day":1.9932726738712395e2,
			"thresholdCrossed":8.298988186727951e-4
		}
	},
	"summary":{
		"totalProjectedDeaths":3.8838939937909134e4,
		"totalProjectedPCRConfirmed":6.889384290360346e5,
		"totalProjectedInfected":4.115044484230956e6,
		"totalInfectedFraction":0.5739279531176302,
		"fatalityRate":9.438279485614742e-3,
		"fatalityRateSymptomatic":1.3483256408021064e-2,
		"fatalityRatePCR":5.637505225576214e-2,
		"fractionOfSymptomaticHospitalized":5.951765019666122e-2,
		"fractionOfSymptomaticHospitalizedOrICU":8.237757961643168e-2,
		"fractionOfPCRHospitalized":0.19690335647813964,
		"fractionOfPCRHospitalizedOrICU":0.27253128897771073,
		"fractionHospitalizedInICU":0.2775018339481611,
		"fractionOfDeathInICU":0.7041296341826332,
		"fractionDeathOfHospitalizedOrICU":0.16937545848704028,
		"fractionOfInfectionsPCRConfirmed":0.1674194365762215,
		"fractionOfDeathsReported":0.7923313114791142,
		"fractionOfHospitalizationsReported":0.791252652247117,
		"dateContained":"",
		"dateICUOverCapacity":"Wed 8 Jul 2020 18:46:56",
		"dateHospitalsOverCapacity":"Fri 17 Jul 2020 07:51:15"
	},
	"summaryAug1":{
		"totalProjectedDeaths":7.133638790600734e3,
		"totalProjectedPCRConfirmed":2.663057560709717e5,
		"totalProjectedInfected":2.1140998525214954e6,
		"totalInfectedFraction":0.2948548929892558,
		"fatalityRate":3.374314974807086e-3,
		"fatalityRateSymptomatic":4.820449964010123e-3,
		"fatalityRatePCR":2.6787399926494967e-2,
		"fractionOfSymptomaticHospitalized":3.362264287363747e-2,
		"fractionOfSymptomaticHospitalizedOrICU":4.653664805458491e-2,
		"fractionOfPCRHospitalized":0.1468691725057256,
		"fractionOfPCRHospitalizedOrICU":0.2032796474879741,
		"fractionHospitalizedInICU":0.2775018339481612,
		"fractionOfDeathInICU":0.6701989372254042,
		"fractionDeathOfHospitalizedOrICU":0.1693754584870403,
		"fractionOfInfectionsPCRConfirmed":0.12596649858016298,
		"fractionOfDeathsReported":0.787688932226252,
		"fractionOfHospitalizationsReported":0.7860602188081656,
		"dateContained":"",
		"dateICUOverCapacity":"Wed 8 Jul 2020 18:46:56",
		"dateHospitalsOverCapacity":"Fri 17 Jul 2020 07:51:15"
	}
}