{
	"distancingLevel":0.6438095238095238,
	"id":"scenario6",
	"distancingDays":10,
	"maintain":true,
	"name":"Open May 10",
	"gradual":false,
	"events":{
		"herd":{
			"eventName":"herd",
			"day":2.213630470602944e2,
			"thresholdCrossed":0.7000000000000002
		},
		"icu":{
			"eventName":"icu",
			"day":1.8175153644942097e2,
			"thresholdCrossed":1.1338772664799495e-4
		},
		"hospital":{
			"eventName":"hospital",
			"day":1.9304953860158503e2,
			"thresholdCrossed":9.54856362166315e-4
		}
	},
	"summary":{
		"totalProjectedDeaths":2.6272727111993478e4,
		"totalProjectedPCRConfirmed":4.2107253130720253e5,
		"totalProjectedInfected":2.3863800988677684e6,
		"totalInfectedFraction":0.5928707588276764,
		"fatalityRate":1.1009447792687645e-2,
		"fatalityRateSymptomatic":1.572778256098235e-2,
		"fatalityRatePCR":6.239477799805859e-2,
		"fractionOfSymptomaticHospitalized":6.276599005154915e-2,
		"fractionOfSymptomaticHospitalizedOrICU":8.835002234320338e-2,
		"fractionOfPCRHospitalized":0.20316406305309995,
		"fractionOfPCRHospitalizedOrICU":0.2859757249959022,
		"fractionHospitalizedInICU":0.2895758440475638,
		"fractionOfDeathInICU":0.7363599715638619,
		"fractionDeathOfHospitalizedOrICU":0.17239396101189094,
		"fractionOfInfectionsPCRConfirmed":0.1764482244496519,
		"fractionOfDeathsReported":0.8160165890052717,
		"fractionOfHospitalizationsReported":0.8159090654088994,
		"dateContained":"",
		"dateICUOverCapacity":"Mon 29 Jun 2020 18:02:12",
		"dateHospitalsOverCapacity":"Sat 11 Jul 2020 01:11:20"
	},
	"summaryAug1":{
		"totalProjectedDeaths":6.843790696369933e3,
		"totalProjectedPCRConfirmed":2.2472955326483582e5,
		"totalProjectedInfected":1.5932378364538786e6,
		"totalInfectedFraction":0.39582299799580944,
		"fatalityRate":4.295523580837362e-3,
		"fatalityRateSymptomatic":6.136462258339087e-3,
		"fatalityRatePCR":3.0453452147011433e-2,
		"fractionOfSymptomaticHospitalized":3.870819203289345e-2,
		"fractionOfSymptomaticHospitalizedOrICU":5.44860302237316e-2,
		"fractionOfPCRHospitalized":0.15668734856747096,
		"fractionOfPCRHospitalizedOrICU":0.2205546464807446,
		"fractionHospitalizedInICU":0.28957584404756376,
		"fractionOfDeathInICU":0.7030801087243066,
		"fractionDeathOfHospitalizedOrICU":0.17239396101189094,
		"fractionOfInfectionsPCRConfirmed":0.14105210667418228,
		"fractionOfDeathsReported":0.8158396939522229,
		"fractionOfHospitalizationsReported":0.815666416698144,
		"dateContained":"",
		"dateICUOverCapacity":"Mon 29 Jun 2020 18:02:12",
		"dateHospitalsOverCapacity":"Sat 11 Jul 2020 01:11:20"
	}
}