{
	"distancingLevel":0.6233333333333334,
	"id":"scenario6",
	"distancingDays":14,
	"maintain":true,
	"name":"Open May 10",
	"gradual":false,
	"events":{
		"herd":{
			"eventName":"herd",
			"day":1.9469722215873438e2,
			"thresholdCrossed":0.700000000000118
		},
		"icu":{
			"eventName":"icu",
			"day":1.691630392475658e2,
			"thresholdCrossed":1.133877266481279e-4
		},
		"hospital":{
			"eventName":"hospital",
			"day":1.758718484529936e2,
			"thresholdCrossed":9.548563621663124e-4
		}
	},
	"summary":{
		"totalProjectedDeaths":3.233699229637659e4,
		"totalProjectedPCRConfirmed":5.18148593790439e5,
		"totalProjectedInfected":2.9372038357926356e6,
		"totalInfectedFraction":0.7297170588139543,
		"fatalityRate":1.100944779600225e-2,
		"fatalityRateSymptomatic":1.5727782565717503e-2,
		"fatalityRatePCR":6.240872345097017e-2,
		"fractionOfSymptomaticHospitalized":6.276599005745172e-2,
		"fractionOfSymptomaticHospitalizedOrICU":8.835002235151188e-2,
		"fractionOfPCRHospitalized":0.2032183366963135,
		"fractionOfPCRHospitalizedOrICU":0.28605212110766015,
		"fractionHospitalizedInICU":0.28957584404756365,
		"fractionOfDeathInICU":0.7363586826609744,
		"fractionDeathOfHospitalizedOrICU":0.17239396101189092,
		"fractionOfInfectionsPCRConfirmed":0.17640879651466584,
		"fractionOfDeathsReported":0.8160300432156872,
		"fractionOfHospitalizationsReported":0.8159446626041229,
		"dateContained":"",
		"dateICUOverCapacity":"Wed 17 Jun 2020 03:54:46",
		"dateHospitalsOverCapacity":"Tue 23 Jun 2020 20:55:27"
	},
	"summaryAug1":{
		"totalProjectedDeaths":2.1222823874883725e4,
		"totalProjectedPCRConfirmed":4.6680301760129665e5,
		"totalProjectedInfected":2.808710523683069e6,
		"totalInfectedFraction":0.6977942618166008,
		"fatalityRate":7.556073755530415e-3,
		"fatalityRateSymptomatic":1.0794391079329165e-2,
		"fatalityRatePCR":4.5464195977007266e-2,
		"fractionOfSymptomaticHospitalized":5.408934253355777e-2,
		"fractionOfSymptomaticHospitalizedOrICU":7.613668831550699e-2,
		"fractionOfPCRHospitalized":0.1858782266285212,
		"fractionOfPCRHospitalizedOrICU":0.26164401234262924,
		"fractionHospitalizedInICU":0.2895758440475637,
		"fractionOfDeathInICU":0.7189926771645222,
		"fractionDeathOfHospitalizedOrICU":0.17239396101189092,
		"fractionOfInfectionsPCRConfirmed":0.16619833680445528,
		"fractionOfDeathsReported":0.8160044575324521,
		"fractionOfHospitalizationsReported":0.8159160029579265,
		"dateContained":"",
		"dateICUOverCapacity":"Wed 17 Jun 2020 03:54:46",
		"dateHospitalsOverCapacity":"Tue 23 Jun 2020 20:55:27"
	}
}