{
	"distancingLevel":0.7264400585714286,
	"id":"scenario5",
	"distancingDays":622,
	"maintain":true,
	"name":"Current Indefinite",
	"events":{
		"icu":{
			"eventName":"icu",
			"day":1.3485086606880262e2,
			"thresholdCrossed":2.0140765983903253e-4
		}
	},
	"summary":{
		"totalProjectedDeaths":3.84760490083839e4,
		"totalProjectedPCRConfirmed":1.0189637525775898e6,
		"totalProjectedInfected":3.5646772133368114e6,
		"totalInfectedFraction":0.2773091137967134,
		"fatalityRate":1.0793697915881527e-2,
		"fatalityRateSymptomatic":1.5419568451259323e-2,
		"fatalityRatePCR":3.775997812586971e-2,
		"fractionOfSymptomaticHospitalized":7.334721521674575e-2,
		"fractionOfPCRHospitalized":0.2344797465490515,
		"fractionHospitalizedInICU":0.27767689581005306,
		"fractionDeathOfHospitalized":0.11632094036026686,
		"fractionOfInfectionsPCRConfirmed":0.28585021632961866,
		"dateContained":"Wed 3 Mar 2021 00:00:00",
		"dateICUOverCapacity":"Wed 13 May 2020 20:25:14",
		"dateHospitalsOverCapacity":""
	},
	"summaryAug1":{
		"totalProjectedDeaths":2.3303441491962047e4,
		"totalProjectedPCRConfirmed":7.024848577183108e5,
		"totalProjectedInfected":2.697958913071303e6,
		"totalInfectedFraction":0.20988396717788763,
		"fatalityRate":8.637433794510187e-3,
		"fatalityRateSymptomatic":1.2339191135014553e-2,
		"fatalityRatePCR":3.317287374371632e-2,
		"fractionOfSymptomaticHospitalized":6.667716908893348e-2,
		"fractionOfPCRHospitalized":0.2245455114114159,
		"fractionHospitalizedInICU":0.2776768958100532,
		"fractionDeathOfHospitalized":0.10671125415444017,
		"fractionOfInfectionsPCRConfirmed":0.2603764105950064,
		"dateContained":"Wed 3 Mar 2021 00:00:00",
		"dateICUOverCapacity":"Wed 13 May 2020 20:25:14",
		"dateHospitalsOverCapacity":""
	}
}