{
	"distancingLevel":0.6136310207714286,
	"id":"scenario5",
	"distancingDays":610,
	"maintain":true,
	"name":"Current Indefinite",
	"gradual":false,
	"events":{
		"icu":{
			"eventName":"icu",
			"day":1.2034999647572825e2,
			"thresholdCrossed":1.711965108631777e-4
		}
	},
	"summary":{
		"totalProjectedDeaths":3.502301023549419e4,
		"totalProjectedPCRConfirmed":8.433187034301069e5,
		"totalProjectedInfected":3.6380165502724703e6,
		"totalInfectedFraction":0.28301444567247913,
		"fatalityRate":9.626951871032893e-3,
		"fatalityRateSymptomatic":1.3752788387189846e-2,
		"fatalityRatePCR":4.152998159893989e-2,
		"fractionOfSymptomaticHospitalized":5.955988284374153e-2,
		"fractionOfSymptomaticHospitalizedOrICU":8.236488353696704e-2,
		"fractionOfPCRHospitalized":0.1419683199722661,
		"fractionOfPCRHospitalizedOrICU":0.19632684925073313,
		"fractionHospitalizedInICU":0.2768777143112229,
		"fractionOfDeathInICU":0.7177445121808155,
		"fractionDeathOfHospitalizedOrICU":0.16921942857780573,
		"fractionOfInfectionsPCRConfirmed":0.23180727513923657,
		"fractionOfDeathsReported":0.7897852414113377,
		"fractionOfHospitalizationsReported":0.789344577917261,
		"dateContained":"Tue 22 Dec 2020 17:03:33",
		"dateICUOverCapacity":"Wed 29 Apr 2020 08:23:59",
		"dateHospitalsOverCapacity":""
	},
	"summaryAug1":{
		"totalProjectedDeaths":3.0764423156696077e4,
		"totalProjectedPCRConfirmed":7.794666547997352e5,
		"totalProjectedInfected":3.465812695051356e6,
		"totalInfectedFraction":0.2696180858828522,
		"fatalityRate":8.8765394623382e-3,
		"fatalityRateSymptomatic":1.2680770660483145e-2,
		"fatalityRatePCR":3.94685557967842e-2,
		"fractionOfSymptomaticHospitalized":5.734961321423988e-2,
		"fractionOfSymptomaticHospitalizedOrICU":7.930831942154035e-2,
		"fractionOfPCRHospitalized":0.14088719775451897,
		"fractionOfPCRHospitalizedOrICU":0.19483177402052168,
		"fractionHospitalizedInICU":0.27687771431122293,
		"fractionOfDeathInICU":0.7144019809163641,
		"fractionDeathOfHospitalizedOrICU":0.16921942857780575,
		"fractionOfInfectionsPCRConfirmed":0.224901552213913,
		"fractionOfDeathsReported":0.7897592192256861,
		"fractionOfHospitalizationsReported":0.7892879103695827,
		"dateContained":"Tue 22 Dec 2020 17:03:33",
		"dateICUOverCapacity":"Wed 29 Apr 2020 08:23:59",
		"dateHospitalsOverCapacity":""
	}
}