{
	"distancingLevel":0.5519047619047618,
	"id":"scenario5",
	"distancingDays":602,
	"maintain":true,
	"name":"Current Indefinite",
	"gradual":false,
	"events":{},
	"summary":{
		"totalProjectedDeaths":4.507309955284335e4,
		"totalProjectedPCRConfirmed":7.105432584869262e5,
		"totalProjectedInfected":4.68074147260166e6,
		"totalInfectedFraction":0.3641317830468163,
		"fatalityRate":9.62947853810664e-3,
		"fatalityRateSymptomatic":1.3756397911580917e-2,
		"fatalityRatePCR":6.343470156739608e-2,
		"fractionOfSymptomaticHospitalized":5.956683176200089e-2,
		"fractionOfSymptomaticHospitalizedOrICU":8.23744931402069e-2,
		"fractionOfPCRHospitalized":0.2168661250823437,
		"fractionOfPCRHospitalizedOrICU":0.2999024222794875,
		"fractionHospitalizedInICU":0.276877714311223,
		"fractionOfDeathInICU":0.7177489870307536,
		"fractionDeathOfHospitalizedOrICU":0.16921942857780573,
		"fractionOfInfectionsPCRConfirmed":0.15180143202653545,
		"fractionOfDeathsReported":0.7898422527332212,
		"fractionOfHospitalizationsReported":0.7895234735685422,
		"dateContained":"",
		"dateICUOverCapacity":"",
		"dateHospitalsOverCapacity":""
	},
	"summaryAug1":{
		"totalProjectedDeaths":3.796200885760459e4,
		"totalProjectedPCRConfirmed":6.460266095749139e5,
		"totalProjectedInfected":4.396658449043246e6,
		"totalInfectedFraction":0.3420319387150678,
		"fatalityRate":8.63428653773765e-3,
		"fatalityRateSymptomatic":1.2334695053910927e-2,
		"fatalityRatePCR":5.876229909876875e-2,
		"fractionOfSymptomaticHospitalized":5.6602042064776675e-2,
		"fractionOfSymptomaticHospitalizedOrICU":7.827450928422566e-2,
		"fractionOfPCRHospitalized":0.2128814044517423,
		"fractionOfPCRHospitalizedOrICU":0.29439198412889706,
		"fractionHospitalizedInICU":0.27687771431122293,
		"fractionOfDeathInICU":0.7132893844733443,
		"fractionDeathOfHospitalizedOrICU":0.16921942857780575,
		"fractionOfInfectionsPCRConfirmed":0.1469358188866127,
		"fractionOfDeathsReported":0.7898177182713843,
		"fractionOfHospitalizationsReported":0.7894693333060699,
		"dateContained":"",
		"dateICUOverCapacity":"",
		"dateHospitalsOverCapacity":""
	}
}