{
	"distancingLevel":0.5790476190476189,
	"id":"scenario5",
	"distancingDays":601,
	"maintain":true,
	"name":"Current Indefinite",
	"gradual":false,
	"events":{
		"herd":{
			"eventName":"herd",
			"day":1.9531440850556982e2,
			"thresholdCrossed":0.7000000000000001
		},
		"icu":{
			"eventName":"icu",
			"day":1.17765236147119e2,
			"thresholdCrossed":1.4098536188731947e-4
		},
		"hospital":{
			"eventName":"hospital",
			"day":1.617901434932218e2,
			"thresholdCrossed":1.8631352962091086e-3
		}
	},
	"summary":{
		"totalProjectedDeaths":5.2255974560926574e4,
		"totalProjectedPCRConfirmed":8.264023590072953e5,
		"totalProjectedInfected":5.428118442209733e6,
		"totalInfectedFraction":0.422272936568002,
		"fatalityRate":9.626903892622817e-3,
		"fatalityRateSymptomatic":1.3752719846604025e-2,
		"fatalityRatePCR":6.323308977929148e-2,
		"fractionOfSymptomaticHospitalized":5.9560362993576685e-2,
		"fractionOfSymptomaticHospitalizedOrICU":8.236554753231701e-2,
		"fractionOfPCRHospitalized":0.21622846467281928,
		"fractionOfPCRHospitalizedOrICU":0.2990206068215152,
		"fractionHospitalizedInICU":0.27687771431122293,
		"fractionOfDeathInICU":0.7177330666803178,
		"fractionDeathOfHospitalizedOrICU":0.16921942857780575,
		"fractionOfInfectionsPCRConfirmed":0.15224471753989127,
		"fractionOfDeathsReported":0.7898603432402017,
		"fractionOfHospitalizationsReported":0.7895865129476883,
		"dateContained":"Wed 25 Nov 2020 14:59:56",
		"dateICUOverCapacity":"Sun 26 Apr 2020 18:21:56",
		"dateHospitalsOverCapacity":"Tue 9 Jun 2020 18:57:48"
	},
	"summaryAug1":{
		"totalProjectedDeaths":4.667568311146129e4,
		"totalProjectedPCRConfirmed":7.843034348918175e5,
		"totalProjectedInfected":5.257795777160409e6,
		"totalInfectedFraction":0.40902292135551394,
		"fatalityRate":8.877424131651903e-3,
		"fatalityRateSymptomatic":1.2682034473788432e-2,
		"fatalityRatePCR":5.951227679871054e-2,
		"fractionOfSymptomaticHospitalized":5.7490082240211536e-2,
		"fractionOfSymptomaticHospitalizedOrICU":7.950257290916153e-2,
		"fractionOfPCRHospitalized":0.21300779129997022,
		"fractionOfPCRHospitalizedOrICU":0.2945667634860394,
		"fractionHospitalizedInICU":0.2768777143112228,
		"fractionOfDeathInICU":0.7141089001352038,
		"fractionDeathOfHospitalizedOrICU":0.16921942857780567,
		"fractionOfInfectionsPCRConfirmed":0.14916962699441288,
		"fractionOfDeathsReported":0.7898468473430629,
		"fractionOfHospitalizationsReported":0.7895596084197463,
		"dateContained":"Wed 25 Nov 2020 14:59:56",
		"dateICUOverCapacity":"Sun 26 Apr 2020 18:21:56",
		"dateHospitalsOverCapacity":"Tue 9 Jun 2020 18:57:48"
	}
}