{
	"distancingLevel":0.5133333333333333,
	"id":"scenario5",
	"distancingDays":612,
	"maintain":true,
	"name":"Current Indefinite",
	"gradual":false,
	"events":{
		"icu":{
			"eventName":"icu",
			"day":1.2358135781666215e2,
			"thresholdCrossed":1.7119651086317767e-4
		}
	},
	"summary":{
		"totalProjectedDeaths":2.490529733946376e4,
		"totalProjectedPCRConfirmed":5.768211668757286e5,
		"totalProjectedInfected":2.587239427639717e6,
		"totalInfectedFraction":0.2012706985570465,
		"fatalityRate":9.626205086934814e-3,
		"fatalityRateSymptomatic":1.3751721552764024e-2,
		"fatalityRatePCR":4.317680898286002e-2,
		"fractionOfSymptomaticHospitalized":5.955709340450669e-2,
		"fractionOfSymptomaticHospitalizedOrICU":8.236102604385682e-2,
		"fractionOfPCRHospitalized":0.14751449579821926,
		"fractionOfPCRHospitalizedOrICU":0.20399661124772406,
		"fractionHospitalizedInICU":0.2768777143112225,
		"fractionOfDeathInICU":0.7177617168515974,
		"fractionDeathOfHospitalizedOrICU":0.16921942857780564,
		"fractionOfInfectionsPCRConfirmed":0.2229485067031273,
		"fractionOfDeathsReported":0.7896553320469806,
		"fractionOfHospitalizationsReported":0.7888741631953136,
		"dateContained":"Tue 2 Feb 2021 03:41:14",
		"dateICUOverCapacity":"Sat 2 May 2020 13:57:09",
		"dateHospitalsOverCapacity":""
	},
	"summaryAug1":{
		"totalProjectedDeaths":2.0724298536258935e4,
		"totalProjectedPCRConfirmed":4.996484089753495e5,
		"totalProjectedInfected":2.363523965537886e6,
		"totalInfectedFraction":0.18386706484065504,
		"fatalityRate":8.76838942123548e-3,
		"fatalityRateSymptomatic":1.2526270601764972e-2,
		"fatalityRatePCR":4.147776349125007e-2,
		"fractionOfSymptomaticHospitalized":5.685483873846401e-2,
		"fractionOfSymptomaticHospitalizedOrICU":7.8624099773539e-2,
		"fractionOfPCRHospitalized":0.14848409822953962,
		"fractionOfPCRHospitalizedOrICU":0.2053374666611302,
		"fractionHospitalizedInICU":0.2768777143112227,
		"fractionOfDeathInICU":0.7142609847353084,
		"fractionDeathOfHospitalizedOrICU":0.16921942857780567,
		"fractionOfInfectionsPCRConfirmed":0.2113997641913652,
		"fractionOfDeathsReported":0.789591198495478,
		"fractionOfHospitalizationsReported":0.7887129510970399,
		"dateContained":"Tue 2 Feb 2021 03:41:14",
		"dateICUOverCapacity":"Sat 2 May 2020 13:57:09",
		"dateHospitalsOverCapacity":""
	}
}