{
	"distancingLevel":0.6122222222222221,
	"id":"scenario5",
	"distancingDays":597,
	"maintain":true,
	"name":"Current Indefinite",
	"gradual":false,
	"events":{},
	"summary":{
		"totalProjectedDeaths":4.5645074666011795e4,
		"totalProjectedPCRConfirmed":7.305154185520838e5,
		"totalProjectedInfected":4.740139817622644e6,
		"totalInfectedFraction":0.3687525948154482,
		"fatalityRate":9.629478543294214e-3,
		"fatalityRateSymptomatic":1.3756397918991733e-2,
		"fatalityRatePCR":6.2483382974287516e-2,
		"fractionOfSymptomaticHospitalized":5.956683177563565e-2,
		"fractionOfSymptomaticHospitalizedOrICU":8.237449315906227e-2,
		"fractionOfPCRHospitalized":0.21343200423364794,
		"fractionOfPCRHospitalizedOrICU":0.29515340414429764,
		"fractionHospitalizedInICU":0.2768777143112228,
		"fractionOfDeathInICU":0.7177763864779659,
		"fractionDeathOfHospitalizedOrICU":0.16921942857780567,
		"fractionOfInfectionsPCRConfirmed":0.15411263098953576,
		"fractionOfDeathsReported":0.7896344281905513,
		"fractionOfHospitalizationsReported":0.7888514638412562,
		"dateContained":"",
		"dateICUOverCapacity":"",
		"dateHospitalsOverCapacity":""
	},
	"summaryAug1":{
		"totalProjectedDeaths":3.4336904665368704e4,
		"totalProjectedPCRConfirmed":6.186934298249967e5,
		"totalProjectedInfected":4.232975347435201e6,
		"totalInfectedFraction":0.3292984391206024,
		"fatalityRate":8.111765802315327e-3,
		"fatalityRateSymptomatic":1.158823686045047e-2,
		"fatalityRatePCR":5.549906142543201e-2,
		"fractionOfSymptomaticHospitalized":5.479987910857744e-2,
		"fractionOfSymptomaticHospitalizedOrICU":7.57823126089667e-2,
		"fractionOfPCRHospitalized":0.20697073335590677,
		"fractionOfPCRHospitalizedOrICU":0.2862181645511952,
		"fractionHospitalizedInICU":0.27687771431122277,
		"fractionOfDeathInICU":0.7111405603990261,
		"fractionDeathOfHospitalizedOrICU":0.1692194285778057,
		"fractionOfInfectionsPCRConfirmed":0.14616041413987182,
		"fractionOfDeathsReported":0.7895228512559122,
		"fractionOfHospitalizationsReported":0.7886077903356269,
		"dateContained":"",
		"dateICUOverCapacity":"",
		"dateHospitalsOverCapacity":""
	}
}