{
	"distancingLevel":0.5133333333333333,
	"id":"scenario5",
	"distancingDays":617,
	"maintain":true,
	"name":"Current Indefinite",
	"gradual":false,
	"events":{
		"icu":{
			"eventName":"icu",
			"day":1.213924099737024e2,
			"thresholdCrossed":2.014076598389553e-4
		},
		"hospital":{
			"eventName":"hospital",
			"day":1.4388842550885195e2,
			"thresholdCrossed":1.306655897951848e-3
		}
	},
	"summary":{
		"totalProjectedDeaths":5.650164290989578e4,
		"totalProjectedPCRConfirmed":1.233321778752762e6,
		"totalProjectedInfected":4.2288498763045985e6,
		"totalInfectedFraction":0.3289775038227468,
		"fatalityRate":1.3360995202617602e-2,
		"fatalityRateSymptomatic":1.9087136003739433e-2,
		"fatalityRatePCR":4.5812572098609144e-2,
		"fractionOfSymptomaticHospitalized":7.334721822406735e-2,
		"fractionOfSymptomaticHospitalizedOrICU":0.10154350289864121,
		"fractionOfPCRHospitalized":0.19607254765239415,
		"fractionOfPCRHospitalizedOrICU":0.27144714950282656,
		"fractionHospitalizedInICU":0.2776768958100534,
		"fractionOfDeathInICU":0.5772967720967023,
		"fractionDeathOfHospitalizedOrICU":0.16877160869995467,
		"fractionOfInfectionsPCRConfirmed":0.2916447296139314,
		"dateContained":"Tue 29 Dec 2020 00:00:00",
		"dateICUOverCapacity":"Thu 30 Apr 2020 09:25:04",
		"dateHospitalsOverCapacity":"Fri 22 May 2020 21:19:19"
	},
	"summaryAug1":{
		"totalProjectedDeaths":4.350510264312385e4,
		"totalProjectedPCRConfirmed":1.0639487018351953e6,
		"totalProjectedInfected":3.83991465121775e6,
		"totalInfectedFraction":0.2987208280739212,
		"fatalityRate":1.1329705630130896e-2,
		"fatalityRateSymptomatic":1.6185293757329848e-2,
		"fatalityRatePCR":4.089022578633941e-2,
		"fractionOfSymptomaticHospitalized":6.833673098391639e-2,
		"fractionOfSymptomaticHospitalizedOrICU":9.46068741087176e-2,
		"fractionOfPCRHospitalized":0.18818551940050476,
		"fractionOfPCRHospitalizedOrICU":0.2605281740386063,
		"fractionHospitalizedInICU":0.2776768958100532,
		"fractionOfDeathInICU":0.5790877906898113,
		"fractionDeathOfHospitalizedOrICU":0.15695126232405138,
		"fractionOfInfectionsPCRConfirmed":0.2770761327983647,
		"dateContained":"Tue 29 Dec 2020 00:00:00",
		"dateICUOverCapacity":"Thu 30 Apr 2020 09:25:04",
		"dateHospitalsOverCapacity":"Fri 22 May 2020 21:19:19"
	}
}