{
	"distancingLevel":0.49248382190285717,
	"id":"scenario5",
	"distancingDays":621,
	"maintain":true,
	"name":"Current Indefinite",
	"events":{
		"icu":{
			"eventName":"icu",
			"day":1.209993870920696e2,
			"thresholdCrossed":2.0140765983902963e-4
		},
		"hospital":{
			"eventName":"hospital",
			"day":1.525717813718646e2,
			"thresholdCrossed":1.3066558979518482e-3
		}
	},
	"summary":{
		"totalProjectedDeaths":4.22164985014882e4,
		"totalProjectedPCRConfirmed":1.068492961221831e6,
		"totalProjectedInfected":3.911264925801352e6,
		"totalInfectedFraction":0.3042714236060787,
		"fatalityRate":1.0793566608848094e-2,
		"fatalityRateSymptomatic":1.5419380869782994e-2,
		"fatalityRatePCR":3.95103197060028e-2,
		"fractionOfSymptomaticHospitalized":7.334721803742453e-2,
		"fractionOfPCRHospitalized":0.2362588797188226,
		"fractionHospitalizedInICU":0.277676895810053,
		"fractionDeathOfHospitalized":0.12079637731094965,
		"fractionOfInfectionsPCRConfirmed":0.273183479383697,
		"dateContained":"Thu 28 Jan 2021 00:00:00",
		"dateICUOverCapacity":"Wed 29 Apr 2020 23:59:07",
		"dateHospitalsOverCapacity":"Sun 31 May 2020 13:43:21"
	},
	"summaryAug1":{
		"totalProjectedDeaths":3.0361759039173707e4,
		"totalProjectedPCRConfirmed":8.476749248955608e5,
		"totalProjectedInfected":3.3319780532268793e6,
		"totalInfectedFraction":0.259206605768807,
		"fatalityRate":9.11223260002257e-3,
		"fatalityRateSymptomatic":1.3017475142889385e-2,
		"fatalityRatePCR":3.581769160260872e-2,
		"fractionOfSymptomaticHospitalized":6.847901446169434e-2,
		"fractionOfPCRHospitalized":0.228867795654194,
		"fractionHospitalizedInICU":0.2776768958100532,
		"fractionDeathOfHospitalized":0.1130431920723592,
		"fractionOfInfectionsPCRConfirmed":0.2544059148512769,
		"dateContained":"Thu 28 Jan 2021 00:00:00",
		"dateICUOverCapacity":"Wed 29 Apr 2020 23:59:07",
		"dateHospitalsOverCapacity":"Sun 31 May 2020 13:43:21"
	}
}