{
	"distancingLevel":0.6136310207714286,
	"id":"scenario5",
	"distancingDays":611,
	"maintain":true,
	"name":"Current Indefinite",
	"gradual":false,
	"events":{
		"icu":{
			"eventName":"icu",
			"day":1.2035058052149616e2,
			"thresholdCrossed":1.711965108631777e-4
		}
	},
	"summary":{
		"totalProjectedDeaths":3.5005465259227174e4,
		"totalProjectedPCRConfirmed":8.461404566605323e5,
		"totalProjectedInfected":3.636374434844615e6,
		"totalInfectedFraction":0.2828866995830585,
		"fatalityRate":9.626474359679902e-3,
		"fatalityRateSymptomatic":1.3752106228114146e-2,
		"fatalityRatePCR":4.137074995489929e-2,
		"fractionOfSymptomaticHospitalized":5.955857033313917e-2,
		"fractionOfSymptomaticHospitalizedOrICU":8.236306847659847e-2,
		"fractionOfPCRHospitalized":0.14142783774459586,
		"fractionOfPCRHospitalizedOrICU":0.19557942071980983,
		"fractionHospitalizedInICU":0.27687771431122277,
		"fractionOfDeathInICU":0.717742253017924,
		"fractionDeathOfHospitalizedOrICU":0.1692194285778057,
		"fractionOfInfectionsPCRConfirmed":0.23268793459568157,
		"fractionOfDeathsReported":0.7897851470129107,
		"fractionOfHospitalizationsReported":0.7893442724903317,
		"dateContained":"Fri 18 Dec 2020 15:33:18",
		"dateICUOverCapacity":"Wed 29 Apr 2020 08:24:50",
		"dateHospitalsOverCapacity":""
	},
	"summaryAug1":{
		"totalProjectedDeaths":3.073948759544087e4,
		"totalProjectedPCRConfirmed":7.82111534076273e5,
		"totalProjectedInfected":3.463638720364936e6,
		"totalInfectedFraction":0.26944896454096684,
		"fatalityRate":8.8749116398035e-3,
		"fatalityRateSymptomatic":1.2678445199719286e-2,
		"fatalityRatePCR":3.930320198096337e-2,
		"fractionOfSymptomaticHospitalized":5.734393262345358e-2,
		"fractionOfSymptomaticHospitalizedOrICU":7.930046377817444e-2,
		"fractionOfPCRHospitalized":0.1403086935483537,
		"fractionOfPCRHospitalizedOrICU":0.19403176520097024,
		"fractionHospitalizedInICU":0.2768777143112229,
		"fractionOfDeathInICU":0.7143960777679564,
		"fractionDeathOfHospitalizedOrICU":0.16921942857780573,
		"fractionOfInfectionsPCRConfirmed":0.22580632601135378,
		"fractionOfDeathsReported":0.7897590454209013,
		"fractionOfHospitalizationsReported":0.7892874039189124,
		"dateContained":"Fri 18 Dec 2020 15:33:18",
		"dateICUOverCapacity":"Wed 29 Apr 2020 08:24:50",
		"dateHospitalsOverCapacity":""
	}
}