{
	"distancingLevel":0.2,
	"id":"scenario2",
	"distancingDays":90,
	"maintain":false,
	"name":"Italy",
	"gradual":false,
	"events":{
		"herd":{
			"eventName":"herd",
			"day":3.2196081688353854e2,
			"thresholdCrossed":0.7000000000000001
		},
		"icu":{
			"eventName":"icu",
			"day":9.03047630834458e1,
			"thresholdCrossed":1.113930868404258e-4
		},
		"hospital":{
			"eventName":"hospital",
			"day":3.120937044036062e2,
			"thresholdCrossed":8.771942643427256e-4
		}
	},
	"summary":{
		"totalProjectedDeaths":9.144106801829863e3,
		"totalProjectedPCRConfirmed":8.581576960478177e4,
		"totalProjectedInfected":8.144972994065145e5,
		"totalInfectedFraction":0.22659682418601937,
		"fatalityRate":1.1226687686371386e-2,
		"fatalityRateSymptomatic":1.6038125266244836e-2,
		"fatalityRatePCR":0.10655508706549362,
		"fractionOfSymptomaticHospitalized":6.370936517631313e-2,
		"fractionOfSymptomaticHospitalizedOrICU":8.892056814742431e-2,
		"fractionOfPCRHospitalized":0.34912197411333956,
		"fractionOfPCRHospitalizedOrICU":0.48727725044811143,
		"fractionHospitalizedInICU":0.28352498748447824,
		"fractionOfDeathInICU":0.7318837427878224,
		"fractionDeathOfHospitalizedOrICU":0.17088124687111958,
		"fractionOfInfectionsPCRConfirmed":0.10536041023992548,
		"fractionOfDeathsReported":0.8264372609214269,
		"fractionOfHospitalizationsReported":0.8248088647688687,
		"dateContained":"Thu 9 Jul 2020 08:40:09",
		"dateICUOverCapacity":"Mon 30 Mar 2020 07:18:51",
		"dateHospitalsOverCapacity":"Sat 7 Nov 2020 02:14:56"
	},
	"summaryAug1":{
		"totalProjectedDeaths":9.144106801829863e3,
		"totalProjectedPCRConfirmed":8.581576960478177e4,
		"totalProjectedInfected":8.144972994065145e5,
		"totalInfectedFraction":0.22659682418601937,
		"fatalityRate":1.1226687686371386e-2,
		"fatalityRateSymptomatic":1.6038125266244836e-2,
		"fatalityRatePCR":0.10655508706549362,
		"fractionOfSymptomaticHospitalized":6.370936517631313e-2,
		"fractionOfSymptomaticHospitalizedOrICU":8.892056814742431e-2,
		"fractionOfPCRHospitalized":0.34912197411333956,
		"fractionOfPCRHospitalizedOrICU":0.48727725044811143,
		"fractionHospitalizedInICU":0.28352498748447824,
		"fractionOfDeathInICU":0.7318837427878224,
		"fractionDeathOfHospitalizedOrICU":0.17088124687111958,
		"fractionOfInfectionsPCRConfirmed":0.10536041023992548,
		"fractionOfDeathsReported":0.8264372609214269,
		"fractionOfHospitalizationsReported":0.8248088647688687,
		"dateContained":"Thu 9 Jul 2020 08:40:09",
		"dateICUOverCapacity":"Mon 30 Mar 2020 07:18:51",
		"dateHospitalsOverCapacity":"Sat 7 Nov 2020 02:14:56"
	}
}