{
	"distancingLevel":0.2,
	"id":"scenario2",
	"distancingDays":90,
	"maintain":false,
	"name":"Italy",
	"gradual":false,
	"events":{
		"herd":{
			"eventName":"herd",
			"day":3.086451829003702e2,
			"thresholdCrossed":0.7000000000000001
		},
		"icu":{
			"eventName":"icu",
			"day":8.878592233562156e1,
			"thresholdCrossed":1.1139308684040608e-4
		},
		"hospital":{
			"eventName":"hospital",
			"day":2.967290292156448e2,
			"thresholdCrossed":8.771942643502743e-4
		}
	},
	"summary":{
		"totalProjectedDeaths":6.783171065637986e3,
		"totalProjectedPCRConfirmed":5.577570328192926e4,
		"totalProjectedInfected":6.061594873810017e5,
		"totalInfectedFraction":0.16863630473771204,
		"fatalityRate":1.1190406496721915e-2,
		"fatalityRateSymptomatic":1.598629499531702e-2,
		"fatalityRatePCR":0.1216151597650166,
		"fractionOfSymptomaticHospitalized":6.366169901321095e-2,
		"fractionOfSymptomaticHospitalizedOrICU":8.885403943076356e-2,
		"fractionOfPCRHospitalized":0.39872851511538987,
		"fractionOfPCRHospitalizedOrICU":0.5565141954015486,
		"fractionHospitalizedInICU":0.2835249874844786,
		"fractionOfDeathInICU":0.7317278385315067,
		"fractionDeathOfHospitalizedOrICU":0.17088124687111964,
		"fractionOfInfectionsPCRConfirmed":9.201489780010888e-2,
		"fractionOfDeathsReported":0.8259979748000176,
		"fractionOfHospitalizationsReported":0.823302015341127,
		"dateContained":"Fri 26 Jun 2020 14:13:51",
		"dateICUOverCapacity":"Sat 28 Mar 2020 18:51:43",
		"dateHospitalsOverCapacity":"Thu 22 Oct 2020 17:29:48"
	},
	"summaryAug1":{
		"totalProjectedDeaths":6.783171065637986e3,
		"totalProjectedPCRConfirmed":5.577570328192926e4,
		"totalProjectedInfected":6.061594873810017e5,
		"totalInfectedFraction":0.16863630473771204,
		"fatalityRate":1.1190406496721915e-2,
		"fatalityRateSymptomatic":1.598629499531702e-2,
		"fatalityRatePCR":0.1216151597650166,
		"fractionOfSymptomaticHospitalized":6.366169901321095e-2,
		"fractionOfSymptomaticHospitalizedOrICU":8.885403943076356e-2,
		"fractionOfPCRHospitalized":0.39872851511538987,
		"fractionOfPCRHospitalizedOrICU":0.5565141954015486,
		"fractionHospitalizedInICU":0.2835249874844786,
		"fractionOfDeathInICU":0.7317278385315067,
		"fractionDeathOfHospitalizedOrICU":0.17088124687111964,
		"fractionOfInfectionsPCRConfirmed":9.201489780010888e-2,
		"fractionOfDeathsReported":0.8259979748000176,
		"fractionOfHospitalizationsReported":0.823302015341127,
		"dateContained":"Fri 26 Jun 2020 14:13:51",
		"dateICUOverCapacity":"Sat 28 Mar 2020 18:51:43",
		"dateHospitalsOverCapacity":"Thu 22 Oct 2020 17:29:48"
	}
}