{
	"distancingLevel":0.2,
	"id":"scenario2",
	"distancingDays":90,
	"maintain":false,
	"name":"Italy",
	"gradual":false,
	"events":{
		"herd":{
			"eventName":"herd",
			"day":3.7346738955325964e2,
			"thresholdCrossed":0.699999999999998
		},
		"icu":{
			"eventName":"icu",
			"day":8.637163026415485e1,
			"thresholdCrossed":1.1139308684042323e-4
		},
		"hospital":{
			"eventName":"hospital",
			"day":3.56116407592498e2,
			"thresholdCrossed":8.771942643502743e-4
		}
	},
	"summary":{
		"totalProjectedDeaths":6.014437227056582e3,
		"totalProjectedPCRConfirmed":4.748839934026193e4,
		"totalProjectedInfected":5.401609821782081e5,
		"totalInfectedFraction":0.15027522276620084,
		"fatalityRate":1.1134527345539222e-2,
		"fatalityRateSymptomatic":1.5906467636484605e-2,
		"fatalityRatePCR":0.12665066227990088,
		"fractionOfSymptomaticHospitalized":6.356951482333639e-2,
		"fractionOfSymptomaticHospitalizedOrICU":8.872537592085139e-2,
		"fractionOfPCRHospitalized":0.4064977512960676,
		"fractionOfPCRHospitalizedOrICU":0.5673578899407343,
		"fractionHospitalizedInICU":0.2835249874844782,
		"fractionOfDeathInICU":0.7322174692920588,
		"fractionDeathOfHospitalizedOrICU":0.17088124687111952,
		"fractionOfInfectionsPCRConfirmed":8.791527138588237e-2,
		"fractionOfDeathsReported":0.8186968052969705,
		"fractionOfHospitalizationsReported":0.803110921108761,
		"dateContained":"Sat 27 Jun 2020 01:59:20",
		"dateICUOverCapacity":"Thu 26 Mar 2020 08:55:08",
		"dateHospitalsOverCapacity":"Mon 21 Dec 2020 02:47:37"
	},
	"summaryAug1":{
		"totalProjectedDeaths":6.014437227056582e3,
		"totalProjectedPCRConfirmed":4.748839934026193e4,
		"totalProjectedInfected":5.401609821782081e5,
		"totalInfectedFraction":0.15027522276620084,
		"fatalityRate":1.1134527345539222e-2,
		"fatalityRateSymptomatic":1.5906467636484605e-2,
		"fatalityRatePCR":0.12665066227990088,
		"fractionOfSymptomaticHospitalized":6.356951482333639e-2,
		"fractionOfSymptomaticHospitalizedOrICU":8.872537592085139e-2,
		"fractionOfPCRHospitalized":0.4064977512960676,
		"fractionOfPCRHospitalizedOrICU":0.5673578899407343,
		"fractionHospitalizedInICU":0.2835249874844782,
		"fractionOfDeathInICU":0.7322174692920588,
		"fractionDeathOfHospitalizedOrICU":0.17088124687111952,
		"fractionOfInfectionsPCRConfirmed":8.791527138588237e-2,
		"fractionOfDeathsReported":0.8186968052969705,
		"fractionOfHospitalizationsReported":0.803110921108761,
		"dateContained":"Sat 27 Jun 2020 01:59:20",
		"dateICUOverCapacity":"Thu 26 Mar 2020 08:55:08",
		"dateHospitalsOverCapacity":"Mon 21 Dec 2020 02:47:37"
	}
}