{
	"distancingLevel":0.2,
	"id":"scenario2",
	"distancingDays":90,
	"maintain":false,
	"name":"Italy",
	"gradual":false,
	"events":{},
	"summary":{
		"totalProjectedDeaths":3.1976289643904212e4,
		"totalProjectedPCRConfirmed":4.4609702806841675e5,
		"totalProjectedInfected":2.820820772952061e6,
		"totalInfectedFraction":0.7847650682385763,
		"fatalityRate":1.1335810467121668e-2,
		"fatalityRateSymptomatic":1.6194014953030956e-2,
		"fatalityRatePCR":7.168012255620786e-2,
		"fractionOfSymptomaticHospitalized":6.382195588558712e-2,
		"fractionOfSymptomaticHospitalizedOrICU":8.907771348718806e-2,
		"fractionOfPCRHospitalized":0.23346475361233082,
		"fractionOfPCRHospitalizedOrICU":0.3258519132337123,
		"fractionHospitalizedInICU":0.28352498748447824,
		"fractionOfDeathInICU":0.7325828355037017,
		"fractionDeathOfHospitalizedOrICU":0.17088124687111958,
		"fractionOfInfectionsPCRConfirmed":0.15814440688536363,
		"fractionOfDeathsReported":0.8269026246731349,
		"fractionOfHospitalizationsReported":0.8264317836873686,
		"dateContained":"",
		"dateICUOverCapacity":"",
		"dateHospitalsOverCapacity":""
	},
	"summaryAug1":{
		"totalProjectedDeaths":9.223833639191973e3,
		"totalProjectedPCRConfirmed":8.589748608184834e4,
		"totalProjectedInfected":8.145405388643306e5,
		"totalInfectedFraction":0.22660885359830568,
		"fatalityRate":1.1323971244024587e-2,
		"fatalityRateSymptomatic":1.6177101777177984e-2,
		"fatalityRatePCR":0.10738188112284153,
		"fractionOfSymptomaticHospitalized":6.381281846847595e-2,
		"fractionOfSymptomaticHospitalizedOrICU":8.906496019230468e-2,
		"fractionOfPCRHospitalized":0.3493763848400678,
		"fractionOfPCRHospitalizedOrICU":0.487632337118664,
		"fractionHospitalizedInICU":0.28352498748447824,
		"fractionOfDeathInICU":0.7325403995591139,
		"fractionDeathOfHospitalizedOrICU":0.17088124687111958,
		"fractionOfInfectionsPCRConfirmed":0.10545513941099913,
		"fractionOfDeathsReported":0.8264428942653043,
		"fractionOfHospitalizationsReported":0.8248126821644607,
		"dateContained":"",
		"dateICUOverCapacity":"",
		"dateHospitalsOverCapacity":""
	}
}