{
	"distancingLevel":0.2,
	"id":"scenario2",
	"distancingDays":90,
	"maintain":false,
	"name":"Italy",
	"gradual":false,
	"events":{
		"herd":{
			"eventName":"herd",
			"day":3.134890089531466e2,
			"thresholdCrossed":0.6999999999994141
		},
		"icu":{
			"eventName":"icu",
			"day":8.978200838799337e1,
			"thresholdCrossed":1.1139308684042573e-4
		},
		"hospital":{
			"eventName":"hospital",
			"day":3.0237253134041447e2,
			"thresholdCrossed":8.771942643502458e-4
		}
	},
	"summary":{
		"totalProjectedDeaths":7.902581045203767e3,
		"totalProjectedPCRConfirmed":6.78765327811809e4,
		"totalProjectedInfected":7.036767034045357e5,
		"totalInfectedFraction":0.19576603429052442,
		"fatalityRate":1.1230414488598843e-2,
		"fatalityRateSymptomatic":1.604344926942692e-2,
		"fatalityRatePCR":0.11642582084562215,
		"fractionOfSymptomaticHospitalized":6.371059740364703e-2,
		"fractionOfSymptomaticHospitalizedOrICU":8.892228799433088e-2,
		"fractionOfPCRHospitalized":0.3811031935019597,
		"fractionOfPCRHospitalizedOrICU":0.5319141447290928,
		"fractionHospitalizedInICU":0.28352498748447846,
		"fractionOfDeathInICU":0.7319353508009243,
		"fractionDeathOfHospitalizedOrICU":0.1708812468711196,
		"fractionOfInfectionsPCRConfirmed":9.645982658340115e-2,
		"fractionOfDeathsReported":0.8262895384469788,
		"fractionOfHospitalizationsReported":0.8242887022092423,
		"dateContained":"Sat 4 Jul 2020 06:27:30",
		"dateICUOverCapacity":"Sun 29 Mar 2020 18:46:05",
		"dateHospitalsOverCapacity":"Wed 28 Oct 2020 08:56:26"
	},
	"summaryAug1":{
		"totalProjectedDeaths":7.902581045203767e3,
		"totalProjectedPCRConfirmed":6.78765327811809e4,
		"totalProjectedInfected":7.036767034045357e5,
		"totalInfectedFraction":0.19576603429052442,
		"fatalityRate":1.1230414488598843e-2,
		"fatalityRateSymptomatic":1.604344926942692e-2,
		"fatalityRatePCR":0.11642582084562215,
		"fractionOfSymptomaticHospitalized":6.371059740364703e-2,
		"fractionOfSymptomaticHospitalizedOrICU":8.892228799433088e-2,
		"fractionOfPCRHospitalized":0.3811031935019597,
		"fractionOfPCRHospitalizedOrICU":0.5319141447290928,
		"fractionHospitalizedInICU":0.28352498748447846,
		"fractionOfDeathInICU":0.7319353508009243,
		"fractionDeathOfHospitalizedOrICU":0.1708812468711196,
		"fractionOfInfectionsPCRConfirmed":9.645982658340115e-2,
		"fractionOfDeathsReported":0.8262895384469788,
		"fractionOfHospitalizationsReported":0.8242887022092423,
		"dateContained":"Sat 4 Jul 2020 06:27:30",
		"dateICUOverCapacity":"Sun 29 Mar 2020 18:46:05",
		"dateHospitalsOverCapacity":"Wed 28 Oct 2020 08:56:26"
	}
}