{
	"distancingLevel":0.2,
	"id":"scenario2",
	"distancingDays":90,
	"maintain":false,
	"name":"Italy",
	"gradual":false,
	"events":{
		"herd":{
			"eventName":"herd",
			"day":2.836142717859388e2,
			"thresholdCrossed":0.700000000000001
		},
		"icu":{
			"eventName":"icu",
			"day":9.517890593878222e1,
			"thresholdCrossed":1.5913298120060818e-4
		},
		"hospital":{
			"eventName":"hospital",
			"day":1.1224036145381335e2,
			"thresholdCrossed":8.771942643502753e-4
		}
	},
	"summary":{
		"totalProjectedDeaths":3.971627814745407e4,
		"totalProjectedPCRConfirmed":9.373354182340829e5,
		"totalProjectedInfected":2.9300640839758487e6,
		"totalInfectedFraction":0.8151570503355003,
		"fatalityRate":1.3554747271453e-2,
		"fatalityRateSymptomatic":1.9363924673504288e-2,
		"fatalityRatePCR":4.237146849980188e-2,
		"fractionOfSymptomaticHospitalized":7.858673672326418e-2,
		"fractionOfSymptomaticHospitalizedOrICU":0.1098095139773844,
		"fractionOfPCRHospitalized":0.22187218055048677,
		"fractionOfPCRHospitalizedOrICU":0.31002275100371995,
		"fractionHospitalizedInICU":0.28433581138106695,
		"fractionOfDeathInICU":0.7159235513326538,
		"fractionDeathOfHospitalizedOrICU":0.1638308177557521,
		"fractionOfInfectionsPCRConfirmed":0.31990270225154877,
		"dateContained":"Sat 27 Jun 2020 00:00:00",
		"dateICUOverCapacity":"Sat 4 Apr 2020 04:17:37",
		"dateHospitalsOverCapacity":"Tue 21 Apr 2020 05:46:07"
	},
	"summaryAug1":{
		"totalProjectedDeaths":5.596551715314261e3,
		"totalProjectedPCRConfirmed":5.26998943827352e4,
		"totalProjectedInfected":4.1295355426528124e5,
		"totalInfectedFraction":0.11488554228605134,
		"fatalityRate":1.355249678204498e-2,
		"fatalityRateSymptomatic":1.9360709688635687e-2,
		"fatalityRatePCR":0.10619664006665874,
		"fractionOfSymptomaticHospitalized":7.858516646514672e-2,
		"fractionOfSymptomaticHospitalizedOrICU":0.10980731985038678,
		"fractionOfPCRHospitalized":0.2518957673748629,
		"fractionOfPCRHospitalizedOrICU":0.35197481078515835,
		"fractionHospitalizedInICU":0.28433581138106684,
		"fractionOfDeathInICU":0.7159855246568493,
		"fractionDeathOfHospitalizedOrICU":0.16383081775575206,
		"fractionOfInfectionsPCRConfirmed":0.1276170015693358,
		"dateContained":"Sat 27 Jun 2020 00:00:00",
		"dateICUOverCapacity":"Sat 4 Apr 2020 04:17:37",
		"dateHospitalsOverCapacity":"Tue 21 Apr 2020 05:46:07"
	}
}