{
	"distancingLevel":0.2,
	"id":"scenario2",
	"distancingDays":90,
	"maintain":false,
	"name":"Italy",
	"gradual":false,
	"events":{
		"herd":{
			"eventName":"herd",
			"day":3.173200982143931e2,
			"thresholdCrossed":0.6999999999999915
		},
		"icu":{
			"eventName":"icu",
			"day":9.021401093474341e1,
			"thresholdCrossed":1.3526303402051402e-4
		},
		"hospital":{
			"eventName":"hospital",
			"day":3.031364128717014e2,
			"thresholdCrossed":8.771942643502736e-4
		}
	},
	"summary":{
		"totalProjectedDeaths":6.582666232316174e3,
		"totalProjectedPCRConfirmed":5.251733648675103e4,
		"totalProjectedInfected":5.872879914627458e5,
		"totalInfectedFraction":0.16338616941395825,
		"fatalityRate":1.1208583059770839e-2,
		"fatalityRateSymptomatic":1.601226151395834e-2,
		"fatalityRatePCR":0.12534272818608833,
		"fractionOfSymptomaticHospitalized":6.368468626126601e-2,
		"fractionOfSymptomaticHospitalizedOrICU":8.888612324060133e-2,
		"fractionOfPCRHospitalized":0.41033027688514595,
		"fractionOfPCRHospitalizedOrICU":0.5727070305557331,
		"fractionHospitalizedInICU":0.2835249874844788,
		"fractionOfDeathInICU":0.7318440853496799,
		"fractionDeathOfHospitalizedOrICU":0.17088124687111972,
		"fractionOfInfectionsPCRConfirmed":8.942348089894911e-2,
		"fractionOfDeathsReported":0.8259408839492897,
		"fractionOfHospitalizationsReported":0.823099012863063,
		"dateContained":"Fri 26 Jun 2020 11:07:06",
		"dateICUOverCapacity":"Mon 30 Mar 2020 05:08:10",
		"dateHospitalsOverCapacity":"Thu 29 Oct 2020 03:16:26"
	},
	"summaryAug1":{
		"totalProjectedDeaths":6.582666232316174e3,
		"totalProjectedPCRConfirmed":5.251733648675103e4,
		"totalProjectedInfected":5.872879914627458e5,
		"totalInfectedFraction":0.16338616941395825,
		"fatalityRate":1.1208583059770839e-2,
		"fatalityRateSymptomatic":1.601226151395834e-2,
		"fatalityRatePCR":0.12534272818608833,
		"fractionOfSymptomaticHospitalized":6.368468626126601e-2,
		"fractionOfSymptomaticHospitalizedOrICU":8.888612324060133e-2,
		"fractionOfPCRHospitalized":0.41033027688514595,
		"fractionOfPCRHospitalizedOrICU":0.5727070305557331,
		"fractionHospitalizedInICU":0.2835249874844788,
		"fractionOfDeathInICU":0.7318440853496799,
		"fractionDeathOfHospitalizedOrICU":0.17088124687111972,
		"fractionOfInfectionsPCRConfirmed":8.942348089894911e-2,
		"fractionOfDeathsReported":0.8259408839492897,
		"fractionOfHospitalizationsReported":0.823099012863063,
		"dateContained":"Fri 26 Jun 2020 11:07:06",
		"dateICUOverCapacity":"Mon 30 Mar 2020 05:08:10",
		"dateHospitalsOverCapacity":"Thu 29 Oct 2020 03:16:26"
	}
}