{
	"distancingLevel":0.2,
	"id":"scenario2",
	"distancingDays":90,
	"maintain":false,
	"name":"Italy",
	"gradual":false,
	"events":{},
	"summary":{
		"totalProjectedDeaths":3.2440504270299447e4,
		"totalProjectedPCRConfirmed":4.5539475764801033e5,
		"totalProjectedInfected":2.861771936121001e6,
		"totalInfectedFraction":0.7961578666279223,
		"fatalityRate":1.1335810467926751e-2,
		"fatalityRateSymptomatic":1.619401495418107e-2,
		"fatalityRatePCR":7.123600727826952e-2,
		"fractionOfSymptomaticHospitalized":6.382195588643752e-2,
		"fractionOfSymptomaticHospitalizedOrICU":8.907771348837495e-2,
		"fractionOfPCRHospitalized":0.2320097912720142,
		"fractionOfPCRHospitalizedOrICU":0.3238211901590749,
		"fractionHospitalizedInICU":0.283524987484478,
		"fractionOfDeathInICU":0.7325839164753046,
		"fractionDeathOfHospitalizedOrICU":0.1708812468711195,
		"fractionOfInfectionsPCRConfirmed":0.15913034574840257,
		"fractionOfDeathsReported":0.8268942486845916,
		"fractionOfHospitalizationsReported":0.8264016398508932,
		"dateContained":"",
		"dateICUOverCapacity":"",
		"dateHospitalsOverCapacity":""
	},
	"summaryAug1":{
		"totalProjectedDeaths":7.97235698635242e3,
		"totalProjectedPCRConfirmed":6.795058668643278e4,
		"totalProjectedInfected":7.037210169788948e5,
		"totalInfectedFraction":0.19577836252688008,
		"fatalityRate":1.1328860150543888e-2,
		"fatalityRateSymptomatic":1.618408592934841e-2,
		"fatalityRatePCR":0.11732580063130205,
		"fractionOfSymptomaticHospitalized":6.381670723989007e-2,
		"fractionOfSymptomaticHospitalizedOrICU":8.907038783646007e-2,
		"fractionOfPCRHospitalized":0.38134814332260286,
		"fractionOfPCRHospitalizedOrICU":0.5322560266040561,
		"fractionHospitalizedInICU":0.2835249874844785,
		"fractionOfDeathInICU":0.7325990219325825,
		"fractionDeathOfHospitalizedOrICU":0.1708812468711196,
		"fractionOfInfectionsPCRConfirmed":9.655898438012785e-2,
		"fractionOfDeathsReported":0.8262965355147451,
		"fractionOfHospitalizationsReported":0.8242935343843442,
		"dateContained":"",
		"dateICUOverCapacity":"",
		"dateHospitalsOverCapacity":""
	}
}