{
	"distancingLevel":0.5766666666666668,
	"id":"scenario5",
	"distancingDays":619,
	"maintain":true,
	"name":"Current Indefinite",
	"gradual":false,
	"events":{
		"icu":{
			"eventName":"icu",
			"day":1.637884922986119e2,
			"thresholdCrossed":1.8546402570593072e-4
		},
		"hospital":{
			"eventName":"hospital",
			"day":2.0483563730379743e2,
			"thresholdCrossed":1.0967057000423458e-3
		}
	},
	"summary":{
		"totalProjectedDeaths":2.2651776900459376e4,
		"totalProjectedPCRConfirmed":5.695588567572369e5,
		"totalProjectedInfected":1.874494137132671e6,
		"totalInfectedFraction":0.2752582967813065,
		"fatalityRate":1.2084207921348197e-2,
		"fatalityRateSymptomatic":1.7263154173354566e-2,
		"fatalityRatePCR":3.977073946216281e-2,
		"fractionOfSymptomaticHospitalized":7.457382651031012e-2,
		"fractionOfPCRHospitalized":0.23413626379116978,
		"fractionHospitalizedInICU":0.29192725429170463,
		"fractionDeathOfHospitalized":0.1202743062259667,
		"fractionOfInfectionsPCRConfirmed":0.30384669947726023,
		"dateContained":"Mon 12 Apr 2021 00:00:00",
		"dateICUOverCapacity":"Thu 11 Jun 2020 18:55:25",
		"dateHospitalsOverCapacity":"Wed 22 Jul 2020 20:03:19"
	},
	"summaryAug1":{
		"totalProjectedDeaths":8.08521277808835e3,
		"totalProjectedPCRConfirmed":2.5761839386802752e5,
		"totalProjectedInfected":9.756471963929585e5,
		"totalInfectedFraction":0.14326797839409572,
		"fatalityRate":8.287025072157223e-3,
		"fatalityRateSymptomatic":1.1838607245938892e-2,
		"fatalityRatePCR":3.138445456744146e-2,
		"fractionOfSymptomaticHospitalized":6.276307468800389e-2,
		"fractionOfPCRHospitalized":0.21704202705916956,
		"fractionHospitalizedInICU":0.29192725429170463,
		"fractionDeathOfHospitalized":0.10238789795336405,
		"fractionOfInfectionsPCRConfirmed":0.2640487205010809,
		"dateContained":"Mon 12 Apr 2021 00:00:00",
		"dateICUOverCapacity":"Thu 11 Jun 2020 18:55:25",
		"dateHospitalsOverCapacity":"Wed 22 Jul 2020 20:03:19"
	}
}