{
	"distancingLevel":0.6123809523809525,
	"id":"scenario5",
	"distancingDays":605,
	"maintain":true,
	"name":"Current Indefinite",
	"gradual":false,
	"events":{
		"icu":{
			"eventName":"icu",
			"day":1.4929738810743268e2,
			"thresholdCrossed":1.2982481799415148e-4
		}
	},
	"summary":{
		"totalProjectedDeaths":2.0950734573014604e4,
		"totalProjectedPCRConfirmed":3.2202970333077176e5,
		"totalProjectedInfected":1.9814516220793845e6,
		"totalInfectedFraction":0.29096436624892247,
		"fatalityRate":1.0573427248770466e-2,
		"fatalityRateSymptomatic":1.5104896069672096e-2,
		"fatalityRatePCR":6.505839168349986e-2,
		"fractionOfSymptomaticHospitalized":6.055623005386405e-2,
		"fractionOfSymptomaticHospitalizedOrICU":8.542324240816909e-2,
		"fractionOfPCRHospitalized":0.2040396636283381,
		"fractionOfPCRHospitalizedOrICU":0.2878271918760672,
		"fractionHospitalizedInICU":0.29110358789105134,
		"fractionOfDeathInICU":0.7657556413975518,
		"fractionDeathOfHospitalizedOrICU":0.17277589697276283,
		"fractionOfInfectionsPCRConfirmed":0.16252211244644255,
		"fractionOfDeathsReported":0.7823847738178662,
		"fractionOfHospitalizationsReported":0.7822943385780882,
		"dateContained":"Sat 13 Mar 2021 14:26:42",
		"dateICUOverCapacity":"Thu 28 May 2020 07:08:14",
		"dateHospitalsOverCapacity":""
	},
	"summaryAug1":{
		"totalProjectedDeaths":1.0847700086808038e4,
		"totalProjectedPCRConfirmed":2.0687501768865282e5,
		"totalProjectedInfected":1.4014125160676944e6,
		"totalInfectedFraction":0.20578907910102287,
		"fatalityRate":7.740547456537805e-3,
		"fatalityRateSymptomatic":1.1057924937911152e-2,
		"fatalityRatePCR":5.243600802071636e-2,
		"fractionOfSymptomaticHospitalized":5.144190784563849e-2,
		"fractionOfSymptomaticHospitalizedOrICU":7.256618451855343e-2,
		"fractionOfPCRHospitalized":0.1908080726816323,
		"fractionOfPCRHospitalizedOrICU":0.2691621362759942,
		"fractionHospitalizedInICU":0.29110358789105095,
		"fractionOfDeathInICU":0.7550498652988773,
		"fractionDeathOfHospitalizedOrICU":0.17277589697276272,
		"fractionOfInfectionsPCRConfirmed":0.14761893112610097,
		"fractionOfDeathsReported":0.7823516105753464,
		"fractionOfHospitalizationsReported":0.7822105949662174,
		"dateContained":"Sat 13 Mar 2021 14:26:42",
		"dateICUOverCapacity":"Thu 28 May 2020 07:08:14",
		"dateHospitalsOverCapacity":""
	}
}