{
	"distancingLevel":0.6650359351999999,
	"id":"scenario5",
	"distancingDays":611,
	"maintain":true,
	"name":"Current Indefinite",
	"gradual":false,
	"events":{
		"icu":{
			"eventName":"icu",
			"day":1.5965410864972085e2,
			"thresholdCrossed":1.576444218500411e-4
		}
	},
	"summary":{
		"totalProjectedDeaths":1.6784770856262054e4,
		"totalProjectedPCRConfirmed":4.325627854890386e5,
		"totalProjectedInfected":1.587591993177533e6,
		"totalInfectedFraction":0.23312842615455878,
		"fatalityRate":1.0572471345529827e-2,
		"fatalityRateSymptomatic":1.5103530493614039e-2,
		"fatalityRatePCR":3.880308574693e-2,
		"fractionOfSymptomaticHospitalized":6.055359777388e-2,
		"fractionOfSymptomaticHospitalizedOrICU":8.541952919994979e-2,
		"fractionOfPCRHospitalized":0.12169463060536967,
		"fractionOfPCRHospitalizedOrICU":0.17166771974953474,
		"fractionHospitalizedInICU":0.29110358789105106,
		"fractionOfDeathInICU":0.7657540916745219,
		"fractionDeathOfHospitalizedOrICU":0.17277589697276274,
		"fractionOfInfectionsPCRConfirmed":0.2724647058866006,
		"fractionOfDeathsReported":0.7823715309712601,
		"fractionOfHospitalizationsReported":0.7822465894403092,
		"dateContained":"Sat 6 Mar 2021 15:49:50",
		"dateICUOverCapacity":"Sun 7 Jun 2020 15:41:54",
		"dateHospitalsOverCapacity":""
	},
	"summaryAug1":{
		"totalProjectedDeaths":9.096123439890735e3,
		"totalProjectedPCRConfirmed":2.8625365058063646e5,
		"totalProjectedInfected":1.148625291205686e6,
		"totalInfectedFraction":0.16866878110423872,
		"fatalityRate":7.919139086988708e-3,
		"fatalityRateSymptomatic":1.1313055838555299e-2,
		"fatalityRatePCR":3.1776445196210326e-2,
		"fractionOfSymptomaticHospitalized":5.208378516600126e-2,
		"fractionOfSymptomaticHospitalizedOrICU":7.347164448336439e-2,
		"fractionOfPCRHospitalized":0.11442292159647965,
		"fractionOfPCRHospitalizedOrICU":0.16140993189128205,
		"fractionHospitalizedInICU":0.29110358789105106,
		"fractionOfDeathInICU":0.7557999632516379,
		"fractionDeathOfHospitalizedOrICU":0.17277589697276274,
		"fractionOfInfectionsPCRConfirmed":0.2492141282037787,
		"fractionOfDeathsReported":0.7823302393224474,
		"fractionOfHospitalizationsReported":0.7821411092396747,
		"dateContained":"Sat 6 Mar 2021 15:49:50",
		"dateICUOverCapacity":"Sun 7 Jun 2020 15:41:54",
		"dateHospitalsOverCapacity":""
	}
}