{
	"distancingLevel":0.5766666666666668,
	"id":"scenario5",
	"distancingDays":612,
	"maintain":true,
	"name":"Current Indefinite",
	"gradual":false,
	"events":{},
	"summary":{
		"totalProjectedDeaths":5.363963536990926e3,
		"totalProjectedPCRConfirmed":1.2856321827539959e5,
		"totalProjectedInfected":5.0753673002752423e5,
		"totalInfectedFraction":7.452874516589768e-2,
		"fatalityRate":1.0568621381747155e-2,
		"fatalityRateSymptomatic":1.5098030545353079e-2,
		"fatalityRatePCR":4.172238070068065e-2,
		"fractionOfSymptomaticHospitalized":6.054034919361065e-2,
		"fractionOfSymptomaticHospitalizedOrICU":8.540084017847488e-2,
		"fractionOfPCRHospitalized":0.13066326250944346,
		"fractionOfPCRHospitalizedOrICU":0.18431926058240813,
		"fractionHospitalizedInICU":0.2911035878910507,
		"fractionOfDeathInICU":0.7657933019474692,
		"fractionDeathOfHospitalizedOrICU":0.1727758969727627,
		"fractionOfInfectionsPCRConfirmed":0.2533082054345653,
		"fractionOfDeathsReported":0.7819161751099798,
		"fractionOfHospitalizationsReported":0.7810157542709611,
		"dateContained":"Sun 17 Oct 2021 12:41:18",
		"dateICUOverCapacity":"",
		"dateHospitalsOverCapacity":""
	},
	"summaryAug1":{
		"totalProjectedDeaths":2.5350956027145367e3,
		"totalProjectedPCRConfirmed":6.090339862800922e4,
		"totalProjectedInfected":2.846228973975325e5,
		"totalInfectedFraction":4.179517684832339e-2,
		"fatalityRate":8.906857550444269e-3,
		"fatalityRateSymptomatic":1.2724082214920386e-2,
		"fatalityRatePCR":4.1624862648447614e-2,
		"fractionOfSymptomaticHospitalized":5.513092370202959e-2,
		"fractionOfSymptomaticHospitalizedOrICU":7.777007015456106e-2,
		"fractionOfPCRHospitalized":0.14061523768771414,
		"fractionOfPCRHospitalizedOrICU":0.19835794805250512,
		"fractionHospitalizedInICU":0.291103587891051,
		"fractionOfDeathInICU":0.7604342687229687,
		"fractionDeathOfHospitalizedOrICU":0.17277589697276274,
		"fractionOfInfectionsPCRConfirmed":0.21397926584573246,
		"fractionOfDeathsReported":0.7813535402797452,
		"fractionOfHospitalizationsReported":0.7796699022899232,
		"dateContained":"Sun 17 Oct 2021 12:41:18",
		"dateICUOverCapacity":"",
		"dateHospitalsOverCapacity":""
	}
}