{
	"distancingLevel":0.6650359351999999,
	"id":"scenario5",
	"distancingDays":610,
	"maintain":true,
	"name":"Current Indefinite",
	"gradual":false,
	"events":{
		"icu":{
			"eventName":"icu",
			"day":1.6089785553297057e2,
			"thresholdCrossed":1.576444218498152e-4
		}
	},
	"summary":{
		"totalProjectedDeaths":1.6761758541517695e4,
		"totalProjectedPCRConfirmed":4.325244559085868e5,
		"totalProjectedInfected":1.5853631696854257e6,
		"totalInfectedFraction":0.2328011367029086,
		"fatalityRate":1.057281944101403e-2,
		"fatalityRateSymptomatic":1.5104027772877185e-2,
		"fatalityRatePCR":3.8753319754618126e-2,
		"fractionOfSymptomaticHospitalized":6.055453504861803e-2,
		"fractionOfSymptomaticHospitalizedOrICU":8.542085136031345e-2,
		"fractionOfPCRHospitalized":0.12153768430398178,
		"fractionOfPCRHospitalizedOrICU":0.17144632449529576,
		"fractionHospitalizedInICU":0.2911035878910511,
		"fractionOfDeathInICU":0.7657550674488462,
		"fractionDeathOfHospitalizedOrICU":0.1727758969727628,
		"fractionOfInfectionsPCRConfirmed":0.27282358022383607,
		"fractionOfDeathsReported":0.7823738489048987,
		"fractionOfHospitalizationsReported":0.7822546389041701,
		"dateContained":"Thu 11 Mar 2021 08:14:46",
		"dateICUOverCapacity":"Mon 8 Jun 2020 21:32:54",
		"dateHospitalsOverCapacity":""
	},
	"summaryAug1":{
		"totalProjectedDeaths":8.90373636861803e3,
		"totalProjectedPCRConfirmed":2.8197038187483535e5,
		"totalProjectedInfected":1.1326930780275138e6,
		"totalInfectedFraction":0.1663292305148255,
		"fatalityRate":7.860678714593287e-3,
		"fatalityRateSymptomatic":1.1229541020847552e-2,
		"fatalityRatePCR":3.1576849701080795e-2,
		"fractionOfSymptomaticHospitalized":5.18656661812296e-2,
		"fractionOfSymptomaticHospitalizedOrICU":7.316395639093524e-2,
		"fractionOfPCRHospitalized":0.11407134125762569,
		"fractionOfPCRHospitalizedOrICU":0.1609139774290384,
		"fractionHospitalizedInICU":0.29110358789105106,
		"fractionOfDeathInICU":0.7555743920443553,
		"fractionDeathOfHospitalizedOrICU":0.17277589697276274,
		"fractionOfInfectionsPCRConfirmed":0.24893802861924622,
		"fractionOfDeathsReported":0.7823327814721148,
		"fractionOfHospitalizationsReported":0.7821495387004073,
		"dateContained":"Thu 11 Mar 2021 08:14:46",
		"dateICUOverCapacity":"Mon 8 Jun 2020 21:32:54",
		"dateHospitalsOverCapacity":""
	}
}