{
	"distancingLevel":0.6228571428571429,
	"id":"scenario5",
	"distancingDays":602,
	"maintain":true,
	"name":"Current Indefinite",
	"gradual":false,
	"events":{
		"icu":{
			"eventName":"icu",
			"day":1.4782408878352885e2,
			"thresholdCrossed":1.2982481799415156e-4
		}
	},
	"summary":{
		"totalProjectedDeaths":2.2897662506658024e4,
		"totalProjectedPCRConfirmed":3.5257947555736004e5,
		"totalProjectedInfected":2.1656243233167836e6,
		"totalInfectedFraction":0.3180090302209127,
		"fatalityRate":1.0573238516082457e-2,
		"fatalityRateSymptomatic":1.5104626451546367e-2,
		"fatalityRatePCR":6.494326554448822e-2,
		"fractionOfSymptomaticHospitalized":6.055590300705693e-2,
		"fractionOfSymptomaticHospitalizedOrICU":8.54227810617699e-2,
		"fractionOfPCRHospitalized":0.203683925132229,
		"fractionOfPCRHospitalizedOrICU":0.2873253717369996,
		"fractionHospitalizedInICU":0.29110358789105134,
		"fractionOfDeathInICU":0.7657541093547049,
		"fractionDeathOfHospitalizedOrICU":0.17277589697276283,
		"fractionOfInfectionsPCRConfirmed":0.16280731231230514,
		"fractionOfDeathsReported":0.782387801439132,
		"fractionOfHospitalizationsReported":0.7823050571052977,
		"dateContained":"Sat 20 Feb 2021 13:48:53",
		"dateICUOverCapacity":"Tue 26 May 2020 19:46:41",
		"dateHospitalsOverCapacity":""
	},
	"summaryAug1":{
		"totalProjectedDeaths":1.244336740683819e4,
		"totalProjectedPCRConfirmed":2.39193429448712e5,
		"totalProjectedInfected":1.609423692264806e6,
		"totalInfectedFraction":0.23633428110366897,
		"fatalityRate":7.7315671855977776e-3,
		"fatalityRateSymptomatic":1.1045095979425398e-2,
		"fatalityRatePCR":5.202219574140227e-2,
		"fractionOfSymptomaticHospitalized":5.152870549698119e-2,
		"fractionOfSymptomaticHospitalizedOrICU":7.268862504704261e-2,
		"fractionOfPCRHospitalized":0.18984857241120545,
		"fractionOfPCRHospitalizedOrICU":0.26780862361316055,
		"fractionHospitalizedInICU":0.29110358789105095,
		"fractionOfDeathInICU":0.7547728881351535,
		"fractionDeathOfHospitalizedOrICU":0.17277589697276272,
		"fractionOfInfectionsPCRConfirmed":0.14862054696865762,
		"fractionOfDeathsReported":0.7823604293619224,
		"fractionOfHospitalizationsReported":0.7822380166783282,
		"dateContained":"Sat 20 Feb 2021 13:48:53",
		"dateICUOverCapacity":"Tue 26 May 2020 19:46:41",
		"dateHospitalsOverCapacity":""
	}
}