{
	"distancingLevel":0.6123809523809525,
	"id":"scenario5",
	"distancingDays":604,
	"maintain":true,
	"name":"Current Indefinite",
	"gradual":false,
	"events":{
		"icu":{
			"eventName":"icu",
			"day":1.4927235231699757e2,
			"thresholdCrossed":1.2982481799415148e-4
		}
	},
	"summary":{
		"totalProjectedDeaths":2.0951870495572475e4,
		"totalProjectedPCRConfirmed":3.2204746316783753e5,
		"totalProjectedInfected":1.9815896775644606e6,
		"totalInfectedFraction":0.2909846388744434,
		"fatalityRate":1.057326384608749e-2,
		"fatalityRateSymptomatic":1.510466263726784e-2,
		"fatalityRatePCR":6.50583311213765e-2,
		"fractionOfSymptomaticHospitalized":6.0555792817272275e-2,
		"fractionOfSymptomaticHospitalizedOrICU":8.542262562328441e-2,
		"fractionOfPCRHospitalized":0.2040411557787816,
		"fractionOfPCRHospitalizedOrICU":0.2878292967681474,
		"fractionHospitalizedInICU":0.29110358789105123,
		"fractionOfDeathInICU":0.7657550182142838,
		"fractionDeathOfHospitalizedOrICU":0.1727758969727628,
		"fractionOfInfectionsPCRConfirmed":0.16251975210309977,
		"fractionOfDeathsReported":0.7823847757483613,
		"fractionOfHospitalizationsReported":0.7822943464493586,
		"dateContained":"Thu 11 Mar 2021 16:44:29",
		"dateICUOverCapacity":"Thu 28 May 2020 06:32:11",
		"dateHospitalsOverCapacity":""
	},
	"summaryAug1":{
		"totalProjectedDeaths":1.0855497784353582e4,
		"totalProjectedPCRConfirmed":2.0699966813279944e5,
		"totalProjectedInfected":1.4021597388653513e6,
		"totalInfectedFraction":0.20589880431729582,
		"fatalityRate":7.741983658108749e-3,
		"fatalityRateSymptomatic":1.1059976654441072e-2,
		"fatalityRatePCR":5.244210235829605e-2,
		"fractionOfSymptomaticHospitalized":5.144777460022198e-2,
		"fractionOfSymptomaticHospitalizedOrICU":7.257446041681341e-2,
		"fractionOfPCRHospitalized":0.19081664116891836,
		"fractionOfPCRHospitalizedOrICU":0.2691742233554881,
		"fractionHospitalizedInICU":0.2911035878910508,
		"fractionOfDeathInICU":0.7550546320950217,
		"fractionDeathOfHospitalizedOrICU":0.1727758969727627,
		"fractionOfInfectionsPCRConfirmed":0.1476291626375656,
		"fractionOfDeathsReported":0.7823516599746753,
		"fractionOfHospitalizationsReported":0.7822107306730731,
		"dateContained":"Thu 11 Mar 2021 16:44:29",
		"dateICUOverCapacity":"Thu 28 May 2020 06:32:11",
		"dateHospitalsOverCapacity":""
	}
}