{
	"distancingLevel":0.6411111111111111,
	"id":"scenario5",
	"distancingDays":597,
	"maintain":true,
	"name":"Current Indefinite",
	"gradual":false,
	"events":{
		"icu":{
			"eventName":"icu",
			"day":1.5410950390747522e2,
			"thresholdCrossed":1.2982481799415148e-4
		}
	},
	"summary":{
		"totalProjectedDeaths":2.202770938969084e4,
		"totalProjectedPCRConfirmed":3.4053792437429674e5,
		"totalProjectedInfected":2.0833017459327185e6,
		"totalInfectedFraction":0.3059204501669644,
		"fatalityRate":1.057346082136017e-2,
		"fatalityRateSymptomatic":1.510494403051453e-2,
		"fatalityRatePCR":6.468504038181498e-2,
		"fractionOfSymptomaticHospitalized":6.055640584062374e-2,
		"fractionOfSymptomaticHospitalizedOrICU":8.542349038059027e-2,
		"fractionOfPCRHospitalized":0.20284006267138413,
		"fractionOfPCRHospitalizedOrICU":0.2861349827796984,
		"fractionHospitalizedInICU":0.2911035878910512,
		"fractionOfDeathInICU":0.7657599000964423,
		"fractionDeathOfHospitalizedOrICU":0.1727758969727628,
		"fractionOfInfectionsPCRConfirmed":0.1634606820827263,
		"fractionOfDeathsReported":0.7823500144838251,
		"fractionOfHospitalizationsReported":0.782183971118726,
		"dateContained":"Wed 10 Mar 2021 03:31:31",
		"dateICUOverCapacity":"Tue 2 Jun 2020 02:37:41",
		"dateHospitalsOverCapacity":""
	},
	"summaryAug1":{
		"totalProjectedDeaths":1.0601869884330203e4,
		"totalProjectedPCRConfirmed":2.0911569940656354e5,
		"totalProjectedInfected":1.4207314678526006e6,
		"totalInfectedFraction":0.20862595207841597,
		"fatalityRate":7.462261605533845e-3,
		"fatalityRateSymptomatic":1.0660373722191207e-2,
		"fatalityRatePCR":5.069858415421028e-2,
		"fractionOfSymptomaticHospitalized":5.041194431259503e-2,
		"fractionOfSymptomaticHospitalizedOrICU":7.111327332384257e-2,
		"fractionOfPCRHospitalized":0.18748468655769676,
		"fractionOfPCRHospitalizedOrICU":0.264474023785696,
		"fractionHospitalizedInICU":0.29110358789105106,
		"fractionOfDeathInICU":0.7538932551786339,
		"fractionDeathOfHospitalizedOrICU":0.17277589697276274,
		"fractionOfInfectionsPCRConfirmed":0.14718875743819246,
		"fractionOfDeathsReported":0.7822741786723691,
		"fractionOfHospitalizationsReported":0.7820039598439206,
		"dateContained":"Wed 10 Mar 2021 03:31:31",
		"dateICUOverCapacity":"Tue 2 Jun 2020 02:37:41",
		"dateHospitalsOverCapacity":""
	}
}