{
	"distancingLevel":0.7254273871428571,
	"id":"scenario5",
	"distancingDays":622,
	"maintain":true,
	"name":"Current Indefinite",
	"events":{},
	"summary":{
		"totalProjectedDeaths":1.974551779911503e3,
		"totalProjectedPCRConfirmed":5.038261452347739e4,
		"totalProjectedInfected":1.9382877785648804e5,
		"totalInfectedFraction":6.712161921806545e-2,
		"fatalityRate":1.018709296807037e-2,
		"fatalityRateSymptomatic":1.4552989954386242e-2,
		"fatalityRatePCR":3.919113365963566e-2,
		"fractionOfSymptomaticHospitalized":7.271900082535514e-2,
		"fractionOfPCRHospitalized":0.23436917714531505,
		"fractionHospitalizedInICU":0.27919722140504283,
		"fractionDeathOfHospitalized":0.1205323941579424,
		"fractionOfInfectionsPCRConfirmed":0.2599336129580354,
		"dateContained":"Sat 10 Jul 2021 00:00:00",
		"dateICUOverCapacity":"",
		"dateHospitalsOverCapacity":""
	},
	"summaryAug1":{
		"totalProjectedDeaths":1.1547741238047406e3,
		"totalProjectedPCRConfirmed":2.8719933401956332e4,
		"totalProjectedInfected":1.29242523197898e5,
		"totalInfectedFraction":4.4755827926100306e-2,
		"fatalityRate":8.934939486105001e-3,
		"fatalityRateSymptomatic":1.2764199265864291e-2,
		"fatalityRatePCR":4.020810590480269e-2,
		"fractionOfSymptomaticHospitalized":6.859870745058955e-2,
		"fractionOfPCRHospitalized":0.22975134328568336,
		"fractionHospitalizedInICU":0.27919722140504255,
		"fractionDeathOfHospitalized":0.12614557131091247,
		"fractionOfInfectionsPCRConfirmed":0.22221736848931645,
		"dateContained":"Sat 10 Jul 2021 00:00:00",
		"dateICUOverCapacity":"",
		"dateHospitalsOverCapacity":""
	}
}