{
	"distancingLevel":0.44510176627142856,
	"id":"scenario5",
	"distancingDays":624,
	"maintain":true,
	"name":"Current Indefinite",
	"events":{},
	"summary":{
		"totalProjectedDeaths":6.311403687440651e3,
		"totalProjectedPCRConfirmed":1.775441903106764e5,
		"totalProjectedInfected":6.190497595989105e5,
		"totalInfectedFraction":0.21437282275802247,
		"fatalityRate":1.0195309164694423e-2,
		"fatalityRateSymptomatic":1.4564727378134891e-2,
		"fatalityRatePCR":3.5548353772638895e-2,
		"fractionOfSymptomaticHospitalized":7.272940260032344e-2,
		"fractionOfPCRHospitalized":0.23255910122505632,
		"fractionHospitalizedInICU":0.2791972214050426,
		"fractionDeathOfHospitalized":0.11017995872368787,
		"fractionOfInfectionsPCRConfirmed":0.28680116187381993,
		"dateContained":"Sun 2 May 2021 00:00:00",
		"dateICUOverCapacity":"",
		"dateHospitalsOverCapacity":""
	},
	"summaryAug1":{
		"totalProjectedDeaths":3.2301212271610907e3,
		"totalProjectedPCRConfirmed":1.0145682908509586e5,
		"totalProjectedInfected":3.9995342745491996e5,
		"totalInfectedFraction":0.138501217205558,
		"fatalityRate":8.076243395926812e-3,
		"fatalityRateSymptomatic":1.1537490565609732e-2,
		"fatalityRatePCR":3.183739582923354e-2,
		"fractionOfSymptomaticHospitalized":6.55571754712047e-2,
		"fractionOfPCRHospitalized":0.22232482377115317,
		"fractionHospitalizedInICU":0.27919722140504244,
		"fractionDeathOfHospitalized":0.10322051756379994,
		"fractionOfInfectionsPCRConfirmed":0.2536716080437425,
		"dateContained":"Sun 2 May 2021 00:00:00",
		"dateICUOverCapacity":"",
		"dateHospitalsOverCapacity":""
	}
}