{
	"distancingLevel":0.4780952380952381,
	"id":"scenario5",
	"distancingDays":619,
	"maintain":true,
	"name":"Current Indefinite",
	"gradual":false,
	"events":{},
	"summary":{
		"totalProjectedDeaths":1.0244759743419781e4,
		"totalProjectedPCRConfirmed":2.8687165305049234e5,
		"totalProjectedInfected":1.0049267963565687e6,
		"totalInfectedFraction":0.3479994792982603,
		"fatalityRate":1.019453335363617e-2,
		"fatalityRateSymptomatic":1.4563619076623098e-2,
		"fatalityRatePCR":3.571199745419461e-2,
		"fractionOfSymptomaticHospitalized":7.272951010681884e-2,
		"fractionOfPCRHospitalized":0.23346011114986415,
		"fractionHospitalizedInICU":0.27919722140504205,
		"fractionDeathOfHospitalized":0.11025997917749425,
		"fractionOfInfectionsPCRConfirmed":0.2854652240248397,
		"dateContained":"Sun 17 Jan 2021 00:00:00",
		"dateICUOverCapacity":"",
		"dateHospitalsOverCapacity":""
	},
	"summaryAug1":{
		"totalProjectedDeaths":6.976299596426363e3,
		"totalProjectedPCRConfirmed":2.2505501045421846e5,
		"totalProjectedInfected":8.464760368646199e5,
		"totalInfectedFraction":0.29312903301547755,
		"fatalityRate":8.241579551698647e-3,
		"fatalityRateSymptomatic":1.1773685073855211e-2,
		"fatalityRatePCR":3.099819720674696e-2,
		"fractionOfSymptomaticHospitalized":6.677278049783308e-2,
		"fractionOfPCRHospitalized":0.22425177958125014,
		"fractionHospitalizedInICU":0.2791972214050425,
		"fractionDeathOfHospitalized":9.96361621735189e-2,
		"fractionOfInfectionsPCRConfirmed":0.26587286662931525,
		"dateContained":"Sun 17 Jan 2021 00:00:00",
		"dateICUOverCapacity":"",
		"dateHospitalsOverCapacity":""
	}
}