{
	"distancingLevel":0.4780952380952381,
	"id":"scenario5",
	"distancingDays":619,
	"maintain":true,
	"name":"Current Indefinite",
	"gradual":false,
	"events":{},
	"summary":{
		"totalProjectedDeaths":2.504684818941158e3,
		"totalProjectedPCRConfirmed":6.481701569955651e4,
		"totalProjectedInfected":2.4583040794844492e5,
		"totalInfectedFraction":8.512943855403299e-2,
		"fatalityRate":1.0188669659883718e-2,
		"fatalityRateSymptomatic":1.4555242371262456e-2,
		"fatalityRatePCR":3.864239647426864e-2,
		"fractionOfSymptomaticHospitalized":7.271931786660422e-2,
		"fractionOfPCRHospitalized":0.23405574978507343,
		"fractionHospitalizedInICU":0.2791972214050428,
		"fractionDeathOfHospitalized":0.11900389875402731,
		"fractionOfInfectionsPCRConfirmed":0.2636655743302099,
		"dateContained":"Wed 4 Aug 2021 00:00:00",
		"dateICUOverCapacity":"",
		"dateHospitalsOverCapacity":""
	},
	"summaryAug1":{
		"totalProjectedDeaths":1.3589328502594526e3,
		"totalProjectedPCRConfirmed":3.428163835570522e4,
		"totalProjectedInfected":1.5456011867877253e5,
		"totalInfectedFraction":5.352314319361177e-2,
		"fatalityRate":8.792260654792638e-3,
		"fatalityRateSymptomatic":1.2560372363989485e-2,
		"fatalityRatePCR":3.9640253950502816e-2,
		"fractionOfSymptomaticHospitalized":6.807009854243423e-2,
		"fractionOfPCRHospitalized":0.22876671047983319,
		"fractionHospitalizedInICU":0.2791972214050426,
		"fractionDeathOfHospitalized":0.12489931394214371,
		"fractionOfInfectionsPCRConfirmed":0.221801320086677,
		"dateContained":"Wed 4 Aug 2021 00:00:00",
		"dateICUOverCapacity":"",
		"dateHospitalsOverCapacity":""
	}
}