{
	"distancingLevel":0.5538095238095238,
	"id":"scenario5",
	"distancingDays":595,
	"maintain":true,
	"name":"Current Indefinite",
	"gradual":false,
	"events":{},
	"summary":{
		"totalProjectedDeaths":8.01711680994029e2,
		"totalProjectedPCRConfirmed":1.0671088304217801e4,
		"totalProjectedInfected":8.725076008241513e4,
		"totalInfectedFraction":3.0214359082812642e-2,
		"fatalityRate":9.188592514686978e-3,
		"fatalityRateSymptomatic":1.3126560735267112e-2,
		"fatalityRatePCR":7.512932684449332e-2,
		"fractionOfSymptomaticHospitalized":5.906516402029742e-2,
		"fractionOfSymptomaticHospitalizedOrICU":8.185252697320752e-2,
		"fractionOfPCRHospitalized":0.24873095641975299,
		"fractionOfPCRHospitalizedOrICU":0.34469145488910263,
		"fractionHospitalizedInICU":0.278395350706387,
		"fractionOfDeathInICU":0.6977861063604588,
		"fractionDeathOfHospitalizedOrICU":0.16959883767659675,
		"fractionOfInfectionsPCRConfirmed":0.1223036715569942,
		"fractionOfDeathsReported":0.7668409928988033,
		"fractionOfHospitalizationsReported":0.7357662798513906,
		"dateContained":"",
		"dateICUOverCapacity":"",
		"dateHospitalsOverCapacity":""
	},
	"summaryAug1":{
		"totalProjectedDeaths":7.342844740483761e2,
		"totalProjectedPCRConfirmed":9.815423671797922e3,
		"totalProjectedInfected":8.288671625455013e4,
		"totalInfectedFraction":2.87031196719044e-2,
		"fatalityRate":8.858892078597299e-3,
		"fatalityRateSymptomatic":1.2655560112281855e-2,
		"fatalityRatePCR":7.480924905545873e-2,
		"fractionOfSymptomaticHospitalized":5.797683967587025e-2,
		"fractionOfSymptomaticHospitalizedOrICU":8.034432667891608e-2,
		"fractionOfPCRHospitalized":0.2507920398128328,
		"fractionOfPCRHospitalizedOrICU":0.34754770504643784,
		"fractionHospitalizedInICU":0.2783953507063929,
		"fractionOfDeathInICU":0.6966013750473661,
		"fractionDeathOfHospitalizedOrICU":0.16959883767659822,
		"fractionOfInfectionsPCRConfirmed":0.11841974342009354,
		"fractionOfDeathsReported":0.7646494749316274,
		"fractionOfHospitalizationsReported":0.7317880029452533,
		"dateContained":"",
		"dateICUOverCapacity":"",
		"dateHospitalsOverCapacity":""
	}
}