{
	"distancingLevel":0.4780952380952381,
	"id":"scenario5",
	"distancingDays":613,
	"maintain":true,
	"name":"Current Indefinite",
	"gradual":false,
	"events":{},
	"summary":{
		"totalProjectedDeaths":1.0131831664545681e3,
		"totalProjectedPCRConfirmed":1.9572072628069312e4,
		"totalProjectedInfected":9.479918916255093e4,
		"totalInfectedFraction":3.2828329969976686e-2,
		"fatalityRate":1.0687677557212817e-2,
		"fatalityRateSymptomatic":1.5268110796018313e-2,
		"fatalityRatePCR":5.1766779416172325e-2,
		"fractionOfSymptomaticHospitalized":7.267324844059851e-2,
		"fractionOfSymptomaticHospitalizedOrICU":0.10082265301787352,
		"fractionOfPCRHospitalized":0.1936070713571285,
		"fractionOfPCRHospitalizedOrICU":0.2685992300619621,
		"fractionHospitalizedInICU":0.2791972214050425,
		"fractionOfDeathInICU":0.8437788962836458,
		"fractionDeathOfHospitalizedOrICU":0.16213508306366403,
		"fractionOfInfectionsPCRConfirmed":0.20645822818705056,
		"fractionOfDeathsReported":0.7891927341776305,
		"fractionOfHospitalizationsReported":0.7857435020958161,
		"dateContained":"Sun 7 Mar 2021 07:43:58",
		"dateICUOverCapacity":"",
		"dateHospitalsOverCapacity":""
	},
	"summaryAug1":{
		"totalProjectedDeaths":8.358254046051367e2,
		"totalProjectedPCRConfirmed":1.5847517700658933e4,
		"totalProjectedInfected":8.29789418721606e4,
		"totalInfectedFraction":2.8735056791128172e-2,
		"fatalityRate":1.007274117682568e-2,
		"fatalityRateSymptomatic":1.4389630252608115e-2,
		"fatalityRatePCR":5.274172399696284e-2,
		"fractionOfSymptomaticHospitalized":7.059535305420762e-2,
		"fractionOfSymptomaticHospitalizedOrICU":9.793990138580948e-2,
		"fractionOfPCRHospitalized":0.20308521764267126,
		"fractionOfPCRHospitalizedOrICU":0.28174866090075307,
		"fractionHospitalizedInICU":0.27919722140504233,
		"fractionOfDeathInICU":0.841869400636425,
		"fractionDeathOfHospitalizedOrICU":0.16213508306366398,
		"fractionOfInfectionsPCRConfirmed":0.1909824028013518,
		"fractionOfDeathsReported":0.7888714796935221,
		"fractionOfHospitalizationsReported":0.7848696056533981,
		"dateContained":"Sun 7 Mar 2021 07:43:58",
		"dateICUOverCapacity":"",
		"dateHospitalsOverCapacity":""
	}
}