{
	"distancingLevel":0.6799999999999999,
	"id":"scenario6",
	"distancingDays":6,
	"maintain":true,
	"postDistancingLevel":1,
	"name":"Open May 1",
	"gradual":false,
	"events":{
		"herd":{
			"eventName":"herd",
			"day":1.6189117551480552e2,
			"thresholdCrossed":0.6999999999999991
		},
		"icu":{
			"eventName":"icu",
			"day":1.2443346331324642e2,
			"thresholdCrossed":1.662580139320721e-4
		},
		"hospital":{
			"eventName":"hospital",
			"day":1.478488346675161e2,
			"thresholdCrossed":1.4080908434146644e-3
		}
	},
	"summary":{
		"totalProjectedDeaths":5.179913862142459e4,
		"totalProjectedPCRConfirmed":8.181055966066546e5,
		"totalProjectedInfected":5.323891444769964e6,
		"totalInfectedFraction":0.8048918959717943,
		"fatalityRate":9.72956326378716e-3,
		"fatalityRateSymptomatic":1.3899376091124514e-2,
		"fatalityRatePCR":6.331595681080474e-2,
		"fractionOfSymptomaticHospitalized":5.960474828659974e-2,
		"fractionOfSymptomaticHospitalizedOrICU":8.278047140347572e-2,
		"fractionOfPCRHospitalized":0.21269881096160362,
		"fractionOfPCRHospitalizedOrICU":0.29540109378028806,
		"fractionHospitalizedInICU":0.2799660683727743,
		"fractionOfDeathInICU":0.7289754154631487,
		"fractionDeathOfHospitalizedOrICU":0.16999151709319357,
		"fractionOfInfectionsPCRConfirmed":0.15366684409208564,
		"fractionOfDeathsReported":0.783484599024973,
		"fractionOfHospitalizationsReported":0.7833689180372345,
		"dateContained":"",
		"dateICUOverCapacity":"Sun 3 May 2020 10:24:11",
		"dateHospitalsOverCapacity":"Tue 26 May 2020 20:22:19"
	},
	"summaryAug1":{
		"totalProjectedDeaths":4.9845894534757266e4,
		"totalProjectedPCRConfirmed":8.135645427129283e5,
		"totalProjectedInfected":5.315305482677814e6,
		"totalInfectedFraction":0.8035938283123041,
		"fatalityRate":9.377804285605284e-3,
		"fatalityRateSymptomatic":1.3396863265150407e-2,
		"fatalityRatePCR":6.126851886703441e-2,
		"fractionOfSymptomaticHospitalized":5.900525842735682e-2,
		"fractionOfSymptomaticHospitalizedOrICU":8.194788583644816e-2,
		"fractionOfPCRHospitalized":0.21139282875902304,
		"fractionOfPCRHospitalizedOrICU":0.2935873150884574,
		"fractionHospitalizedInICU":0.27996606837277416,
		"fractionOfDeathInICU":0.7264864828995343,
		"fractionDeathOfHospitalizedOrICU":0.16999151709319354,
		"fractionOfInfectionsPCRConfirmed":0.15306073100864565,
		"fractionOfDeathsReported":0.7834827826452881,
		"fractionOfHospitalizationsReported":0.7833670073823265,
		"dateContained":"",
		"dateICUOverCapacity":"Sun 3 May 2020 10:24:11",
		"dateHospitalsOverCapacity":"Tue 26 May 2020 20:22:19"
	}
}