{
	"distancingLevel":0.6799999999999999,
	"id":"scenario6",
	"distancingDays":8,
	"maintain":true,
	"postDistancingLevel":1,
	"name":"Open May 1",
	"gradual":false,
	"events":{
		"herd":{
			"eventName":"herd",
			"day":1.6698720010435835e2,
			"thresholdCrossed":0.7000000000000055
		},
		"icu":{
			"eventName":"icu",
			"day":1.3652043336556756e2,
			"thresholdCrossed":1.9895398887503473e-4
		},
		"hospital":{
			"eventName":"hospital",
			"day":1.522487699946939e2,
			"thresholdCrossed":1.4080908434146648e-3
		}
	},
	"summary":{
		"totalProjectedDeaths":4.680588122220486e4,
		"totalProjectedPCRConfirmed":1.2626689197096317e6,
		"totalProjectedInfected":4.81068676500464e6,
		"totalInfectedFraction":0.7273031073942772,
		"fatalityRate":9.729563263751536e-3,
		"fatalityRateSymptomatic":1.3899376091073624e-2,
		"fatalityRatePCR":3.706900557350261e-2,
		"fractionOfSymptomaticHospitalized":5.960474828656971e-2,
		"fractionOfSymptomaticHospitalizedOrICU":8.278047140343399e-2,
		"fractionOfPCRHospitalized":0.12451833465957185,
		"fractionOfPCRHospitalizedOrICU":0.1729339815669093,
		"fractionHospitalizedInICU":0.27996606837277416,
		"fractionOfDeathInICU":0.7289775926883265,
		"fractionDeathOfHospitalizedOrICU":0.16999151709319354,
		"fractionOfInfectionsPCRConfirmed":0.2624716555845876,
		"fractionOfDeathsReported":0.7834688572835536,
		"fractionOfHospitalizationsReported":0.7833156726661485,
		"dateContained":"",
		"dateICUOverCapacity":"Fri 15 May 2020 12:29:25",
		"dateHospitalsOverCapacity":"Sun 31 May 2020 05:58:13"
	},
	"summaryAug1":{
		"totalProjectedDeaths":4.417587698841285e4,
		"totalProjectedPCRConfirmed":1.2515454353606375e6,
		"totalProjectedInfected":4.79302371172617e6,
		"totalInfectedFraction":0.7246327207815064,
		"fatalityRate":9.216703201433413e-3,
		"fatalityRateSymptomatic":1.316671885919059e-2,
		"fatalityRatePCR":3.529706212837843e-2,
		"fractionOfSymptomaticHospitalized":5.8623847614337456e-2,
		"fractionOfSymptomaticHospitalizedOrICU":8.14181735600317e-2,
		"fractionOfPCRHospitalized":0.12310329781353456,
		"fractionOfPCRHospitalizedOrICU":0.1709687452302835,
		"fractionHospitalizedInICU":0.2799660683727743,
		"fractionOfDeathInICU":0.7256085115290214,
		"fractionDeathOfHospitalizedOrICU":0.16999151709319357,
		"fractionOfInfectionsPCRConfirmed":0.2611181397452138,
		"fractionOfDeathsReported":0.7834651604718467,
		"fractionOfHospitalizationsReported":0.7833112639717362,
		"dateContained":"",
		"dateICUOverCapacity":"Fri 15 May 2020 12:29:25",
		"dateHospitalsOverCapacity":"Sun 31 May 2020 05:58:13"
	}
}