{
	"distancingLevel":0.5924834170285714,
	"id":"scenario6",
	"distancingDays":2,
	"maintain":true,
	"postDistancingLevel":1,
	"name":"Open May 1",
	"gradual":false,
	"events":{
		"herd":{
			"eventName":"herd",
			"day":1.6224123333333378e2,
			"thresholdCrossed":0.700000000000006
		},
		"icu":{
			"eventName":"icu",
			"day":1.407968981832681e2,
			"thresholdCrossed":1.6625801393259392e-4
		},
		"hospital":{
			"eventName":"hospital",
			"day":1.4882322686550495e2,
			"thresholdCrossed":1.4080908434146674e-3
		}
	},
	"summary":{
		"totalProjectedDeaths":4.822547927442573e4,
		"totalProjectedPCRConfirmed":1.2967033977997957e6,
		"totalProjectedInfected":4.956592394452193e6,
		"totalInfectedFraction":0.7493618326589268,
		"fatalityRate":9.72956326374617e-3,
		"fatalityRateSymptomatic":1.3899376091065958e-2,
		"fatalityRatePCR":3.719083281207804e-2,
		"fractionOfSymptomaticHospitalized":5.960474828656132e-2,
		"fractionOfSymptomaticHospitalizedOrICU":8.278047140342237e-2,
		"fractionOfPCRHospitalized":0.12493710534200095,
		"fractionOfPCRHospitalizedOrICU":0.1735155801055819,
		"fractionHospitalizedInICU":0.2799660683727745,
		"fractionOfDeathInICU":0.728975156468063,
		"fractionDeathOfHospitalizedOrICU":0.16999151709319363,
		"fractionOfInfectionsPCRConfirmed":0.2616118685190188,
		"fractionOfDeathsReported":0.7834849662753527,
		"fractionOfHospitalizationsReported":0.783375498368466,
		"dateContained":"",
		"dateICUOverCapacity":"Tue 19 May 2020 19:07:32",
		"dateHospitalsOverCapacity":"Wed 27 May 2020 19:45:26"
	},
	"summaryAug1":{
		"totalProjectedDeaths":4.652406055552066e4,
		"totalProjectedPCRConfirmed":1.2910757287861411e6,
		"totalProjectedInfected":4.948606537989266e6,
		"totalInfectedFraction":0.7481544918977401,
		"fatalityRate":9.401446689763391e-3,
		"fatalityRateSymptomatic":1.3430638128233415e-2,
		"fatalityRatePCR":3.603511360194355e-2,
		"fractionOfSymptomaticHospitalized":5.904577459785114e-2,
		"fractionOfSymptomaticHospitalizedOrICU":8.200415564362622e-2,
		"fractionOfPCRHospitalized":0.12410437730509268,
		"fractionOfPCRHospitalizedOrICU":0.17235906789090566,
		"fractionHospitalizedInICU":0.2799660683727742,
		"fractionOfDeathInICU":0.7266431600034362,
		"fractionDeathOfHospitalizedOrICU":0.16999151709319354,
		"fractionOfInfectionsPCRConfirmed":0.260896823959404,
		"fractionOfDeathsReported":0.7834832845365549,
		"fractionOfHospitalizationsReported":0.783373773480496,
		"dateContained":"",
		"dateICUOverCapacity":"Tue 19 May 2020 19:07:32",
		"dateHospitalsOverCapacity":"Wed 27 May 2020 19:45:26"
	}
}