{
	"distancingLevel":0.7444444444444445,
	"id":"scenario6",
	"distancingDays":14,
	"maintain":true,
	"name":"Open May 10",
	"gradual":false,
	"events":{
		"herd":{
			"eventName":"herd",
			"day":1.6545150816950954e2,
			"thresholdCrossed":0.7000000000000004
		},
		"icu":{
			"eventName":"icu",
			"day":1.3473141716377475e2,
			"thresholdCrossed":1.6625801393259398e-4
		},
		"hospital":{
			"eventName":"hospital",
			"day":1.5323757483883128e2,
			"thresholdCrossed":1.4080908434146635e-3
		}
	},
	"summary":{
		"totalProjectedDeaths":5.328000889184099e4,
		"totalProjectedPCRConfirmed":8.654586371118994e5,
		"totalProjectedInfected":5.476094604409152e6,
		"totalInfectedFraction":0.8279027125907603,
		"fatalityRate":9.729563263743083e-3,
		"fatalityRateSymptomatic":1.3899376091061549e-2,
		"fatalityRatePCR":6.156274443067596e-2,
		"fractionOfSymptomaticHospitalized":5.960474828655719e-2,
		"fractionOfSymptomaticHospitalizedOrICU":8.278047140341661e-2,
		"fractionOfPCRHospitalized":0.20674208615388331,
		"fractionOfPCRHospitalizedOrICU":0.2871282547569122,
		"fractionHospitalizedInICU":0.27996606837277427,
		"fractionOfDeathInICU":0.7289859551617116,
		"fractionDeathOfHospitalizedOrICU":0.16999151709319357,
		"fractionOfInfectionsPCRConfirmed":0.15804303972671757,
		"fractionOfDeathsReported":0.7834032180078482,
		"fractionOfHospitalizationsReported":0.7831146888336014,
		"dateContained":"",
		"dateICUOverCapacity":"Wed 13 May 2020 17:33:14",
		"dateHospitalsOverCapacity":"Mon 1 Jun 2020 05:42:06"
	},
	"summaryAug1":{
		"totalProjectedDeaths":5.09001990312972e4,
		"totalProjectedPCRConfirmed":8.605281446893532e5,
		"totalProjectedInfected":5.468068880504945e6,
		"totalInfectedFraction":0.8266893444751973,
		"fatalityRate":9.308624332215226e-3,
		"fatalityRateSymptomatic":1.3298034760307465e-2,
		"fatalityRatePCR":5.9149952671997665e-2,
		"fractionOfSymptomaticHospitalized":5.891310762183629e-2,
		"fractionOfSymptomaticHospitalizedOrICU":8.181990463796177e-2,
		"fractionOfPCRHospitalized":0.20521125991519915,
		"fractionOfPCRHospitalizedOrICU":0.28500220739797105,
		"fractionHospitalizedInICU":0.2799660683727743,
		"fractionOfDeathInICU":0.7259440261662539,
		"fractionDeathOfHospitalizedOrICU":0.16999151709319357,
		"fractionOfInfectionsPCRConfirmed":0.15737331834961965,
		"fractionOfDeathsReported":0.7833972458682067,
		"fractionOfHospitalizationsReported":0.7831091837554002,
		"dateContained":"",
		"dateICUOverCapacity":"Wed 13 May 2020 17:33:14",
		"dateHospitalsOverCapacity":"Mon 1 Jun 2020 05:42:06"
	}
}