{
	"distancingLevel":0.11,
	"id":"scenario3",
	"distancingDays":60,
	"maintain":false,
	"name":"Wuhan",
	"gradual":false,
	"events":{
		"herd":{
			"eventName":"herd",
			"day":2.713803281361723e2,
			"thresholdCrossed":0.7000000000000007
		},
		"icu":{
			"eventName":"icu",
			"day":8.623951653511e1,
			"thresholdCrossed":1.3632009514098956e-4
		},
		"hospital":{
			"eventName":"hospital",
			"day":2.5690063729886896e2,
			"thresholdCrossed":8.138149729558132e-4
		}
	},
	"summary":{
		"totalProjectedDeaths":1.4823060296227448e4,
		"totalProjectedPCRConfirmed":1.7347419950645103e5,
		"totalProjectedInfected":1.4767374035611083e6,
		"totalInfectedFraction":0.16481148090543332,
		"fatalityRate":1.0037708979593853e-2,
		"fatalityRateSymptomatic":1.4339584256562647e-2,
		"fatalityRatePCR":8.544821269330152e-2,
		"fractionOfSymptomaticHospitalized":6.132460161415893e-2,
		"fractionOfSymptomaticHospitalizedOrICU":8.498309258364377e-2,
		"fractionOfPCRHospitalized":0.2943837822649367,
		"fractionOfPCRHospitalizedOrICU":0.40795445163671723,
		"fractionHospitalizedInICU":0.2783905627604597,
		"fractionOfDeathInICU":0.7152079185082707,
		"fractionDeathOfHospitalizedOrICU":0.16959764069011493,
		"fractionOfInfectionsPCRConfirmed":0.11747125730554608,
		"fractionOfDeathsReported":0.8112004818438165,
		"fractionOfHospitalizationsReported":0.8055875065467052,
		"dateContained":"Sat 6 Jun 2020 13:40:32",
		"dateICUOverCapacity":"Thu 26 Mar 2020 05:44:54",
		"dateHospitalsOverCapacity":"Sat 12 Sep 2020 21:36:55"
	},
	"summaryAug1":{
		"totalProjectedDeaths":1.4823060296227448e4,
		"totalProjectedPCRConfirmed":1.7347419950645103e5,
		"totalProjectedInfected":1.4767374035611083e6,
		"totalInfectedFraction":0.16481148090543332,
		"fatalityRate":1.0037708979593853e-2,
		"fatalityRateSymptomatic":1.4339584256562647e-2,
		"fatalityRatePCR":8.544821269330152e-2,
		"fractionOfSymptomaticHospitalized":6.132460161415893e-2,
		"fractionOfSymptomaticHospitalizedOrICU":8.498309258364377e-2,
		"fractionOfPCRHospitalized":0.2943837822649367,
		"fractionOfPCRHospitalizedOrICU":0.40795445163671723,
		"fractionHospitalizedInICU":0.2783905627604597,
		"fractionOfDeathInICU":0.7152079185082707,
		"fractionDeathOfHospitalizedOrICU":0.16959764069011493,
		"fractionOfInfectionsPCRConfirmed":0.11747125730554608,
		"fractionOfDeathsReported":0.8112004818438165,
		"fractionOfHospitalizationsReported":0.8055875065467052,
		"dateContained":"Sat 6 Jun 2020 13:40:32",
		"dateICUOverCapacity":"Thu 26 Mar 2020 05:44:54",
		"dateHospitalsOverCapacity":"Sat 12 Sep 2020 21:36:55"
	}
}