{
	"distancingLevel":0.11,
	"id":"scenario3",
	"distancingDays":60,
	"maintain":false,
	"name":"Wuhan",
	"gradual":false,
	"events":{
		"herd":{
			"eventName":"herd",
			"day":2.528832280565723e2,
			"thresholdCrossed":0.7000000000000004
		},
		"icu":{
			"eventName":"icu",
			"day":8.780764038389174e1,
			"thresholdCrossed":1.6037658251899726e-4
		},
		"hospital":{
			"eventName":"hospital",
			"day":9.401697339363086e1,
			"thresholdCrossed":8.138149729558131e-4
		}
	},
	"summary":{
		"totalProjectedDeaths":1.479241849549139e4,
		"totalProjectedPCRConfirmed":1.595597109812839e5,
		"totalProjectedInfected":1.221165136540117e6,
		"totalInfectedFraction":0.1362883029155522,
		"fatalityRate":1.211336456705783e-2,
		"fatalityRateSymptomatic":1.7304806524368326e-2,
		"fatalityRatePCR":9.270772931662252e-2,
		"fractionOfSymptomaticHospitalized":7.592643984793943e-2,
		"fractionOfSymptomaticHospitalizedOrICU":0.10533524130675297,
		"fractionOfPCRHospitalized":0.32841048404358814,
		"fractionOfPCRHospitalizedOrICU":0.4556146403503172,
		"fractionHospitalizedInICU":0.2791924250039969,
		"fractionOfDeathInICU":0.8554375349082725,
		"fractionDeathOfHospitalizedOrICU":0.162133500251319,
		"fractionOfInfectionsPCRConfirmed":0.13066186235332483,
		"fractionOfDeathsReported":0.8119832571553117,
		"fractionOfHospitalizationsReported":0.8073740385606106,
		"dateContained":"Tue 9 Jun 2020 11:28:07",
		"dateICUOverCapacity":"Fri 27 Mar 2020 19:23:00",
		"dateHospitalsOverCapacity":"Fri 3 Apr 2020 00:24:26"
	},
	"summaryAug1":{
		"totalProjectedDeaths":1.479241849549139e4,
		"totalProjectedPCRConfirmed":1.595597109812839e5,
		"totalProjectedInfected":1.221165136540117e6,
		"totalInfectedFraction":0.1362883029155522,
		"fatalityRate":1.211336456705783e-2,
		"fatalityRateSymptomatic":1.7304806524368326e-2,
		"fatalityRatePCR":9.270772931662252e-2,
		"fractionOfSymptomaticHospitalized":7.592643984793943e-2,
		"fractionOfSymptomaticHospitalizedOrICU":0.10533524130675297,
		"fractionOfPCRHospitalized":0.32841048404358814,
		"fractionOfPCRHospitalizedOrICU":0.4556146403503172,
		"fractionHospitalizedInICU":0.2791924250039969,
		"fractionOfDeathInICU":0.8554375349082725,
		"fractionDeathOfHospitalizedOrICU":0.162133500251319,
		"fractionOfInfectionsPCRConfirmed":0.13066186235332483,
		"fractionOfDeathsReported":0.8119832571553117,
		"fractionOfHospitalizationsReported":0.8073740385606106,
		"dateContained":"Tue 9 Jun 2020 11:28:07",
		"dateICUOverCapacity":"Fri 27 Mar 2020 19:23:00",
		"dateHospitalsOverCapacity":"Fri 3 Apr 2020 00:24:26"
	}
}