{
	"distancingLevel":0.11,
	"id":"scenario3",
	"distancingDays":60,
	"maintain":false,
	"name":"Wuhan",
	"events":{
		"herd":{
			"eventName":"herd",
			"day":2.2689523322365798e2,
			"thresholdCrossed":0.6999999999999993
		},
		"icu":{
			"eventName":"icu",
			"day":9.142599145479079e1,
			"thresholdCrossed":1.6037658251899726e-4
		},
		"hospital":{
			"eventName":"hospital",
			"day":9.701640354520582e1,
			"thresholdCrossed":8.138149729558135e-4
		}
	},
	"summary":{
		"totalProjectedDeaths":9.176283727701359e4,
		"totalProjectedPCRConfirmed":2.3429509654257162e6,
		"totalProjectedInfected":7.800859693870323e6,
		"totalInfectedFraction":0.8706160183807325,
		"fatalityRate":1.1763169814362644e-2,
		"fatalityRateSymptomatic":1.6804528306232348e-2,
		"fatalityRatePCR":3.916549626139538e-2,
		"fractionOfSymptomaticHospitalized":7.607323419342617e-2,
		"fractionOfPCRHospitalized":0.23868052456255537,
		"fractionHospitalizedInICU":0.27919242500399666,
		"fractionDeathOfHospitalized":0.11827855010555112,
		"fractionOfInfectionsPCRConfirmed":0.3003452257020769,
		"dateContained":"Fri 12 Jun 2020 00:00:00",
		"dateICUOverCapacity":"Tue 31 Mar 2020 10:13:25",
		"dateHospitalsOverCapacity":"Mon 6 Apr 2020 00:23:37"
	},
	"summaryAug1":{
		"totalProjectedDeaths":1.35820529712318e4,
		"totalProjectedPCRConfirmed":2.9631891018887935e5,
		"totalProjectedInfected":2.143705507522732e6,
		"totalInfectedFraction":0.23924854782438978,
		"fatalityRate":6.3357830278316695e-3,
		"fatalityRateSymptomatic":9.051118611188097e-3,
		"fatalityRatePCR":4.5835930493178245e-2,
		"fractionOfSymptomaticHospitalized":4.751040249568634e-2,
		"fractionOfPCRHospitalized":0.18627192284497432,
		"fractionHospitalizedInICU":0.2791924250039969,
		"fractionDeathOfHospitalized":0.17736911393763796,
		"fractionOfInfectionsPCRConfirmed":0.13822743336201332,
		"dateContained":"Fri 12 Jun 2020 00:00:00",
		"dateICUOverCapacity":"Tue 31 Mar 2020 10:13:25",
		"dateHospitalsOverCapacity":"Mon 6 Apr 2020 00:23:37"
	}
}