{
	"distancingLevel":0.11,
	"id":"scenario3",
	"distancingDays":60,
	"maintain":false,
	"name":"Wuhan",
	"gradual":false,
	"events":{
		"herd":{
			"eventName":"herd",
			"day":2.4080095061417987e2,
			"thresholdCrossed":0.6999999999999487
		},
		"icu":{
			"eventName":"icu",
			"day":8.964722793341816e1,
			"thresholdCrossed":1.6037658251899717e-4
		},
		"hospital":{
			"eventName":"hospital",
			"day":9.797043960254436e1,
			"thresholdCrossed":8.13814972955819e-4
		}
	},
	"summary":{
		"totalProjectedDeaths":9.052241367324964e4,
		"totalProjectedPCRConfirmed":2.291043054659346e6,
		"totalProjectedInfected":7.362130081154683e6,
		"totalInfectedFraction":0.8216515396491963,
		"fatalityRate":1.2295682455403183e-2,
		"fatalityRateSymptomatic":1.7565260650575974e-2,
		"fatalityRatePCR":3.951144151968343e-2,
		"fractionOfSymptomaticHospitalized":7.607323419358374e-2,
		"fractionOfSymptomaticHospitalizedOrICU":0.10553889391909557,
		"fractionOfPCRHospitalized":0.2165490965358235,
		"fractionOfPCRHospitalizedOrICU":0.30042566705410134,
		"fractionHospitalizedInICU":0.27919242500399655,
		"fractionOfDeathInICU":0.696860077999456,
		"fractionDeathOfHospitalizedOrICU":0.16213350025131887,
		"fractionOfInfectionsPCRConfirmed":0.31119296038029487,
		"dateContained":"Wed 17 Jun 2020 00:00:00",
		"dateICUOverCapacity":"Sun 29 Mar 2020 15:32:00",
		"dateHospitalsOverCapacity":"Mon 6 Apr 2020 23:17:25"
	},
	"summaryAug1":{
		"totalProjectedDeaths":1.3890649185841388e4,
		"totalProjectedPCRConfirmed":1.679982646598537e5,
		"totalProjectedInfected":1.208175168736219e6,
		"totalInfectedFraction":0.13483855577329681,
		"fatalityRate":1.1497214597094683e-2,
		"fatalityRateSymptomatic":1.6424592281563833e-2,
		"fatalityRatePCR":8.26832896992466e-2,
		"fractionOfSymptomaticHospitalized":7.195645282116074e-2,
		"fractionOfSymptomaticHospitalizedOrICU":9.982754804090366e-2,
		"fractionOfPCRHospitalized":0.22601690601104163,
		"fractionOfPCRHospitalizedOrICU":0.31356066979775415,
		"fractionHospitalizedInICU":0.27919242500399716,
		"fractionOfDeathInICU":0.6966276221071862,
		"fractionDeathOfHospitalizedOrICU":0.16213350025131906,
		"fractionOfInfectionsPCRConfirmed":0.13905124770573132,
		"dateContained":"Wed 17 Jun 2020 00:00:00",
		"dateICUOverCapacity":"Sun 29 Mar 2020 15:32:00",
		"dateHospitalsOverCapacity":"Mon 6 Apr 2020 23:17:25"
	}
}