{
	"distancingLevel":0.11,
	"id":"scenario3",
	"distancingDays":60,
	"maintain":false,
	"name":"Wuhan",
	"gradual":false,
	"events":{
		"herd":{
			"eventName":"herd",
			"day":2.684279330447378e2,
			"thresholdCrossed":0.6999999999999161
		},
		"icu":{
			"eventName":"icu",
			"day":8.551841441512087e1,
			"thresholdCrossed":1.1226360776329792e-4
		},
		"hospital":{
			"eventName":"hospital",
			"day":2.5664634186853567e2,
			"thresholdCrossed":8.138149729558094e-4
		}
	},
	"summary":{
		"totalProjectedDeaths":1.6390747929272216e4,
		"totalProjectedPCRConfirmed":1.7269356108706453e5,
		"totalProjectedInfected":1.6006703059401063e6,
		"totalInfectedFraction":0.1786430295103075,
		"fatalityRate":1.0239927528139904e-2,
		"fatalityRateSymptomatic":1.4628467897342722e-2,
		"fatalityRatePCR":9.491232809200524e-2,
		"fractionOfSymptomaticHospitalized":6.1599140819332425e-2,
		"fractionOfSymptomaticHospitalizedOrICU":8.536354659519849e-2,
		"fractionOfPCRHospitalized":0.32274808455403453,
		"fractionOfPCRHospitalizedOrICU":0.447261451830067,
		"fractionHospitalizedInICU":0.27839056276046,
		"fractionOfDeathInICU":0.716477863562982,
		"fractionDeathOfHospitalizedOrICU":0.169597640690115,
		"fractionOfInfectionsPCRConfirmed":0.10788827683389683,
		"fractionOfDeathsReported":0.8119205824231309,
		"fractionOfHospitalizationsReported":0.8075422164016242,
		"dateContained":"Sat 20 Jun 2020 07:37:40",
		"dateICUOverCapacity":"Wed 25 Mar 2020 12:26:31",
		"dateHospitalsOverCapacity":"Sat 12 Sep 2020 15:30:43"
	},
	"summaryAug1":{
		"totalProjectedDeaths":1.6390747929272216e4,
		"totalProjectedPCRConfirmed":1.7269356108706453e5,
		"totalProjectedInfected":1.6006703059401063e6,
		"totalInfectedFraction":0.1786430295103075,
		"fatalityRate":1.0239927528139904e-2,
		"fatalityRateSymptomatic":1.4628467897342722e-2,
		"fatalityRatePCR":9.491232809200524e-2,
		"fractionOfSymptomaticHospitalized":6.1599140819332425e-2,
		"fractionOfSymptomaticHospitalizedOrICU":8.536354659519849e-2,
		"fractionOfPCRHospitalized":0.32274808455403453,
		"fractionOfPCRHospitalizedOrICU":0.447261451830067,
		"fractionHospitalizedInICU":0.27839056276046,
		"fractionOfDeathInICU":0.716477863562982,
		"fractionDeathOfHospitalizedOrICU":0.169597640690115,
		"fractionOfInfectionsPCRConfirmed":0.10788827683389683,
		"fractionOfDeathsReported":0.8119205824231309,
		"fractionOfHospitalizationsReported":0.8075422164016242,
		"dateContained":"Sat 20 Jun 2020 07:37:40",
		"dateICUOverCapacity":"Wed 25 Mar 2020 12:26:31",
		"dateHospitalsOverCapacity":"Sat 12 Sep 2020 15:30:43"
	}
}