{
	"distancingLevel":0.6312787986,
	"id":"scenario1",
	"distancingDays":90,
	"maintain":true,
	"name":"Current",
	"gradual":false,
	"events":{
		"herd":{
			"eventName":"herd",
			"day":2.489899498080068e2,
			"thresholdCrossed":0.6999999999999997
		},
		"icu":{
			"eventName":"icu",
			"day":2.3010010219994524e2,
			"thresholdCrossed":1.4355053601779657e-4
		},
		"hospital":{
			"eventName":"hospital",
			"day":2.3689561776393708e2,
			"thresholdCrossed":1.356773366493515e-3
		}
	},
	"summary":{
		"totalProjectedDeaths":1.516151555211021e5,
		"totalProjectedPCRConfirmed":5.506343682509562e6,
		"totalProjectedInfected":2.0776317617022514e7,
		"totalInfectedFraction":0.7577174183581633,
		"fatalityRate":7.297498927186227e-3,
		"fatalityRateSymptomatic":1.0424998467408894e-2,
		"fatalityRatePCR":2.7534633554148626e-2,
		"fractionOfSymptomaticHospitalized":5.3233797359484775e-2,
		"fractionOfSymptomaticHospitalizedOrICU":7.205436926800608e-2,
		"fractionOfPCRHospitalized":0.10318832999496513,
		"fractionOfPCRHospitalizedOrICU":0.13967010437742788,
		"fractionHospitalizedInICU":0.26119959274805704,
		"fractionOfDeathInICU":0.6667595792119991,
		"fractionDeathOfHospitalizedOrICU":0.16529989818701427,
		"fractionOfInfectionsPCRConfirmed":0.26502981827723354,
		"fractionOfDeathsReported":0.7339340591956494,
		"fractionOfHospitalizationsReported":0.7339049815133002,
		"dateContained":"",
		"dateICUOverCapacity":"Mon 17 Aug 2020 02:24:08",
		"dateHospitalsOverCapacity":"Sun 23 Aug 2020 21:29:41"
	},
	"summaryAug1":{
		"totalProjectedDeaths":7.420179444812917e3,
		"totalProjectedPCRConfirmed":2.9769119267727545e5,
		"totalProjectedInfected":1.3557530690753432e6,
		"totalInfectedFraction":4.944464819835318e-2,
		"fatalityRate":5.473105401025321e-3,
		"fatalityRateSymptomatic":7.818722001464743e-3,
		"fatalityRatePCR":2.4925760745824525e-2,
		"fractionOfSymptomaticHospitalized":4.5223068678445916e-2,
		"fractionOfSymptomaticHospitalizedOrICU":6.121148314828161e-2,
		"fractionOfPCRHospitalized":0.10570621649934357,
		"fractionOfPCRHospitalizedOrICU":0.14307817843865375,
		"fractionHospitalizedInICU":0.2611995927480569,
		"fractionOfDeathInICU":0.6569790752902467,
		"fractionDeathOfHospitalizedOrICU":0.1652998981870142,
		"fractionOfInfectionsPCRConfirmed":0.2195762631614827,
		"fractionOfDeathsReported":0.7337054861648273,
		"fractionOfHospitalizationsReported":0.7332091054457498,
		"dateContained":"",
		"dateICUOverCapacity":"Mon 17 Aug 2020 02:24:08",
		"dateHospitalsOverCapacity":"Sun 23 Aug 2020 21:29:41"
	}
}