{
	"distancingLevel":0.5528571428571428,
	"id":"scenario1",
	"distancingDays":90,
	"maintain":true,
	"name":"Current",
	"gradual":false,
	"events":{
		"herd":{
			"eventName":"herd",
			"day":2.4735464527972783e2,
			"thresholdCrossed":0.7000000000001735
		},
		"icu":{
			"eventName":"icu",
			"day":2.3157958562897e2,
			"thresholdCrossed":2.050721943111379e-4
		},
		"hospital":{
			"eventName":"hospital",
			"day":2.3410000757579056e2,
			"thresholdCrossed":1.356773366493523e-3
		}
	},
	"summary":{
		"totalProjectedDeaths":1.8837417320093582e5,
		"totalProjectedPCRConfirmed":5.669165938450884e6,
		"totalProjectedInfected":2.0922796919589046e7,
		"totalInfectedFraction":0.7630595545841075,
		"fatalityRate":9.003297882443709e-3,
		"fatalityRateSymptomatic":1.2861854117776727e-2,
		"fatalityRatePCR":3.3227846079314026e-2,
		"fractionOfSymptomaticHospitalized":6.554907883817923e-2,
		"fractionOfSymptomaticHospitalizedOrICU":8.881626938443081e-2,
		"fractionOfPCRHospitalized":0.12428158003423014,
		"fractionOfPCRHospitalizedOrICU":0.16839636021572343,
		"fractionHospitalizedInICU":0.2619699150562412,
		"fractionOfDeathInICU":0.6681179593270529,
		"fractionDeathOfHospitalizedOrICU":0.1654924787640603,
		"fractionOfInfectionsPCRConfirmed":0.2709564099024976,
		"fractionOfDeathsReported":0.7339355910641019,
		"fractionOfHospitalizationsReported":0.733907899676167,
		"dateContained":"",
		"dateICUOverCapacity":"Tue 18 Aug 2020 13:54:36",
		"dateHospitalsOverCapacity":"Fri 21 Aug 2020 02:24:00"
	},
	"summaryAug1":{
		"totalProjectedDeaths":6.3417034009243025e3,
		"totalProjectedPCRConfirmed":1.8691132019581937e5,
		"totalProjectedInfected":8.719365818733971e5,
		"totalInfectedFraction":3.1799741800627855e-2,
		"fatalityRate":7.273124597317447e-3,
		"fatalityRateSymptomatic":1.0390177996167782e-2,
		"fatalityRatePCR":3.392894231489221e-2,
		"fractionOfSymptomaticHospitalized":5.806679872715619e-2,
		"fractionOfSymptomaticHospitalizedOrICU":7.867809173603153e-2,
		"fractionOfPCRHospitalized":0.13897317000195974,
		"fractionOfPCRHospitalizedOrICU":0.1883028521968046,
		"fractionHospitalizedInICU":0.26196991505624123,
		"fractionOfDeathInICU":0.6578056250901217,
		"fractionDeathOfHospitalizedOrICU":0.1654924787640603,
		"fractionOfInfectionsPCRConfirmed":0.2143634343156374,
		"fractionOfDeathsReported":0.7336419387311174,
		"fractionOfHospitalizationsReported":0.7329186053789932,
		"dateContained":"",
		"dateICUOverCapacity":"Tue 18 Aug 2020 13:54:36",
		"dateHospitalsOverCapacity":"Fri 21 Aug 2020 02:24:00"
	}
}