{
	"distancingLevel":0.5528571428571428,
	"id":"scenario1",
	"distancingDays":90,
	"maintain":true,
	"name":"Current",
	"gradual":false,
	"events":{
		"herd":{
			"eventName":"herd",
			"day":2.2949190699483904e2,
			"thresholdCrossed":0.6999999999983133
		},
		"icu":{
			"eventName":"icu",
			"day":1.5638271945501972e2,
			"thresholdCrossed":2.0507219431113748e-4
		},
		"hospital":{
			"eventName":"hospital",
			"day":1.8940221184173214e2,
			"thresholdCrossed":1.356773366493549e-3
		}
	},
	"summary":{
		"totalProjectedDeaths":1.7574748663805035e5,
		"totalProjectedPCRConfirmed":6.198888840992233e6,
		"totalProjectedInfected":2.128347545972763e7,
		"totalInfectedFraction":0.7762135897374343,
		"fatalityRate":8.25746184971519e-3,
		"fatalityRateSymptomatic":1.17963740710217e-2,
		"fatalityRatePCR":2.8351449936617854e-2,
		"fractionOfSymptomaticHospitalized":6.55490788373134e-2,
		"fractionOfSymptomaticHospitalizedOrICU":8.881626938325769e-2,
		"fractionOfPCRHospitalized":0.19352344930858414,
		"fractionOfPCRHospitalizedOrICU":0.2622162067056271,
		"fractionHospitalizedInICU":0.2619699150562418,
		"fractionOfDeathInICU":0.6110307903873149,
		"fractionDeathOfHospitalizedOrICU":0.15645007196855978,
		"fractionOfInfectionsPCRConfirmed":0.2912535996633494,
		"dateContained":"Thu 3 Dec 2020 00:00:00",
		"dateICUOverCapacity":"Thu 4 Jun 2020 09:11:06",
		"dateHospitalsOverCapacity":"Tue 7 Jul 2020 09:39:11"
	},
	"summaryAug1":{
		"totalProjectedDeaths":4.8361288979831035e4,
		"totalProjectedPCRConfirmed":2.0484693397718251e6,
		"totalProjectedInfected":7.9986302920422545e6,
		"totalInfectedFraction":0.29171201591190477,
		"fatalityRate":6.046196312879359e-3,
		"fatalityRateSymptomatic":8.637423304113372e-3,
		"fatalityRatePCR":2.360850027914887e-2,
		"fractionOfSymptomaticHospitalized":5.565569902006754e-2,
		"fractionOfSymptomaticHospitalizedOrICU":7.541115214064582e-2,
		"fractionOfPCRHospitalized":0.18060983853534293,
		"fractionOfPCRHospitalizedOrICU":0.2447188024172568,
		"fractionHospitalizedInICU":0.26196991505624145,
		"fractionOfDeathInICU":0.6027055530545036,
		"fractionDeathOfHospitalizedOrICU":0.1564500719685597,
		"fractionOfInfectionsPCRConfirmed":0.2561025156781935,
		"dateContained":"Thu 3 Dec 2020 00:00:00",
		"dateICUOverCapacity":"Thu 4 Jun 2020 09:11:06",
		"dateHospitalsOverCapacity":"Tue 7 Jul 2020 09:39:11"
	}
}