{
	"distancingLevel":1,
	"id":"scenario4",
	"distancingDays":90,
	"maintain":false,
	"name":"Normal",
	"gradual":false,
	"events":{
		"herd":{
			"eventName":"herd",
			"day":1.8723242498238955e2,
			"thresholdCrossed":0.6999999999999998
		},
		"icu":{
			"eventName":"icu",
			"day":1.5425600184416936e2,
			"thresholdCrossed":1.1338772664812803e-4
		},
		"hospital":{
			"eventName":"hospital",
			"day":1.6262576767537536e2,
			"thresholdCrossed":9.548563621663156e-4
		}
	},
	"summary":{
		"totalProjectedDeaths":2.6464091538315195e4,
		"totalProjectedPCRConfirmed":7.173169513311503e5,
		"totalProjectedInfected":2.4037619349868037e6,
		"totalInfectedFraction":0.5971890911732235,
		"fatalityRate":1.1009447796443484e-2,
		"fatalityRateSymptomatic":1.5727782566347836e-2,
		"fatalityRatePCR":3.689316346031535e-2,
		"fractionOfSymptomaticHospitalized":6.276599005815343e-2,
		"fractionOfSymptomaticHospitalizedOrICU":8.835002235249963e-2,
		"fractionOfPCRHospitalized":0.12012822529972796,
		"fractionOfPCRHospitalizedOrICU":0.16909366649938443,
		"fractionHospitalizedInICU":0.28957584404756365,
		"fractionOfDeathInICU":0.7363597822248252,
		"fractionDeathOfHospitalizedOrICU":0.17239396101189092,
		"fractionOfInfectionsPCRConfirmed":0.2984143067125689,
		"fractionOfDeathsReported":0.8160119019216234,
		"fractionOfHospitalizationsReported":0.8159100410956411,
		"dateContained":"",
		"dateICUOverCapacity":"Tue 2 Jun 2020 06:08:38",
		"dateHospitalsOverCapacity":"Wed 10 Jun 2020 15:01:06"
	},
	"summaryAug1":{
		"totalProjectedDeaths":2.152269461361871e4,
		"totalProjectedPCRConfirmed":6.829879146533619e5,
		"totalProjectedInfected":2.33954437006046e6,
		"totalInfectedFraction":0.5812349200560529,
		"fatalityRate":9.199524013755938e-3,
		"fatalityRateSymptomatic":1.3142177162508482e-2,
		"fatalityRatePCR":3.1512555569218476e-2,
		"fractionOfSymptomaticHospitalized":5.861418915581365e-2,
		"fractionOfSymptomaticHospitalizedOrICU":8.25059067385343e-2,
		"fractionOfPCRHospitalized":0.11467066684835461,
		"fractionOfPCRHospitalizedOrICU":0.16141155377046604,
		"fractionHospitalizedInICU":0.2895758440475636,
		"fractionOfDeathInICU":0.7277741326325495,
		"fractionDeathOfHospitalizedOrICU":0.1723939610118909,
		"fractionOfInfectionsPCRConfirmed":0.29193202035134375,
		"fractionOfDeathsReported":0.8159965198712097,
		"fractionOfHospitalizationsReported":0.8158931171106737,
		"dateContained":"",
		"dateICUOverCapacity":"Tue 2 Jun 2020 06:08:38",
		"dateHospitalsOverCapacity":"Wed 10 Jun 2020 15:01:06"
	}
}