{
	"distancingLevel":0.739047619047619,
	"id":"scenario7",
	"distancingDays":60,
	"maintain":true,
	"postDistancingLevel":1,
	"name":"Open Gradual May 1",
	"gradual":true,
	"events":{
		"herd":{
			"eventName":"herd",
			"day":1.8065057948050983e2,
			"thresholdCrossed":0.6999999999999998
		},
		"icu":{
			"eventName":"icu",
			"day":1.3637310243386187e2,
			"thresholdCrossed":1.530697671303348e-4
		},
		"hospital":{
			"eventName":"hospital",
			"day":1.6669164059942935e2,
			"thresholdCrossed":1.9975879834024115e-3
		}
	},
	"summary":{
		"totalProjectedDeaths":2.1155713381909074e4,
		"totalProjectedPCRConfirmed":3.573068306667145e5,
		"totalProjectedInfected":2.2289019461332276e6,
		"totalInfectedFraction":0.7463957599015569,
		"fatalityRate":9.491540629954899e-3,
		"fatalityRateSymptomatic":1.3559343757078427e-2,
		"fatalityRatePCR":5.920881317167571e-2,
		"fractionOfSymptomaticHospitalized":5.8939247351836505e-2,
		"fractionOfSymptomaticHospitalizedOrICU":8.199453154302934e-2,
		"fractionOfPCRHospitalized":0.19948660245848593,
		"fractionOfPCRHospitalizedOrICU":0.2775198403883996,
		"fractionHospitalizedInICU":0.2811807538542228,
		"fractionOfDeathInICU":0.7292762946789333,
		"fractionDeathOfHospitalizedOrICU":0.1702951884635557,
		"fractionOfInfectionsPCRConfirmed":0.16030621323947528,
		"fractionOfDeathsReported":0.7751648614677606,
		"fractionOfHospitalizationsReported":0.7751066508300587,
		"dateContained":"",
		"dateICUOverCapacity":"Fri 15 May 2020 08:57:16",
		"dateHospitalsOverCapacity":"Sun 14 Jun 2020 16:35:57"
	},
	"summaryAug1":{
		"totalProjectedDeaths":1.7231465235524607e4,
		"totalProjectedPCRConfirmed":3.3785289909211505e5,
		"totalProjectedInfected":2.1709899366341378e6,
		"totalInfectedFraction":0.7270026778449471,
		"fatalityRate":7.937146526915712e-3,
		"fatalityRateSymptomatic":1.133878075273673e-2,
		"fatalityRatePCR":5.100286332255647e-2,
		"fractionOfSymptomaticHospitalized":5.490681117443463e-2,
		"fractionOfSymptomaticHospitalizedOrICU":7.638472601956388e-2,
		"fractionOfPCRHospitalized":0.1914305381045965,
		"fractionOfPCRHospitalizedOrICU":0.26631248277091096,
		"fractionHospitalizedInICU":0.28118075385422286,
		"fractionOfDeathInICU":0.7203873098856769,
		"fractionDeathOfHospitalizedOrICU":0.1702951884635557,
		"fractionOfInfectionsPCRConfirmed":0.15562158690422853,
		"fractionOfDeathsReported":0.7751595405332719,
		"fractionOfHospitalizationsReported":0.7750983239876561,
		"dateContained":"",
		"dateICUOverCapacity":"Fri 15 May 2020 08:57:16",
		"dateHospitalsOverCapacity":"Sun 14 Jun 2020 16:35:57"
	}
}