{
	"distancingLevel":0.8055555555555555,
	"id":"scenario7",
	"distancingDays":60,
	"maintain":true,
	"name":"Open Gradual May 10",
	"gradual":true,
	"events":{
		"herd":{
			"eventName":"herd",
			"day":1.7660257775766257e2,
			"thresholdCrossed":0.6999999999999984
		},
		"icu":{
			"eventName":"icu",
			"day":1.3436269562851433e2,
			"thresholdCrossed":1.5306976712978988e-4
		},
		"hospital":{
			"eventName":"hospital",
			"day":1.5929615503618933e2,
			"thresholdCrossed":1.9975879834024154e-3
		}
	},
	"summary":{
		"totalProjectedDeaths":1.9625981107858814e4,
		"totalProjectedPCRConfirmed":3.288002746738122e5,
		"totalProjectedInfected":2.0677339826630694e6,
		"totalInfectedFraction":0.6924252006426417,
		"fatalityRate":9.491540629700432e-3,
		"fatalityRateSymptomatic":1.3559343756714904e-2,
		"fatalityRatePCR":5.968967370033026e-2,
		"fractionOfSymptomaticHospitalized":5.8939247351411886e-2,
		"fractionOfSymptomaticHospitalizedOrICU":8.199453154243863e-2,
		"fractionOfPCRHospitalized":0.20107264751685802,
		"fractionOfPCRHospitalizedOrICU":0.2797262991982831,
		"fractionHospitalizedInICU":0.2811807538542228,
		"fractionOfDeathInICU":0.7292817508529414,
		"fractionDeathOfHospitalizedOrICU":0.1702951884635557,
		"fractionOfInfectionsPCRConfirmed":0.1590147849919963,
		"fractionOfDeathsReported":0.7751177321111596,
		"fractionOfHospitalizationsReported":0.774975328700507,
		"dateContained":"",
		"dateICUOverCapacity":"Wed 13 May 2020 08:42:16",
		"dateHospitalsOverCapacity":"Sun 7 Jun 2020 07:06:27"
	},
	"summaryAug1":{
		"totalProjectedDeaths":1.645705787345456e4,
		"totalProjectedPCRConfirmed":3.097895073218311e5,
		"totalProjectedInfected":2.001611169982274e6,
		"totalInfectedFraction":0.6702825545278894,
		"fatalityRate":8.221905493063522e-3,
		"fatalityRateSymptomatic":1.1745579275805032e-2,
		"fatalityRatePCR":5.3123354679530235e-2,
		"fractionOfSymptomaticHospitalized":5.550203059928725e-2,
		"fractionOfSymptomaticHospitalizedOrICU":7.721277761674092e-2,
		"fractionOfPCRHospitalized":0.19453431825843603,
		"fractionOfPCRHospitalizedOrICU":0.2706303695977893,
		"fractionHospitalizedInICU":0.28118075385422253,
		"fractionOfDeathInICU":0.7224861215400967,
		"fractionDeathOfHospitalizedOrICU":0.1702951884635556,
		"fractionOfInfectionsPCRConfirmed":0.15477007321285807,
		"fractionOfDeathsReported":0.7751041580483584,
		"fractionOfHospitalizationsReported":0.7749546755105113,
		"dateContained":"",
		"dateICUOverCapacity":"Wed 13 May 2020 08:42:16",
		"dateHospitalsOverCapacity":"Sun 7 Jun 2020 07:06:27"
	}
}