{
	"distancingLevel":0.647142857142857,
	"id":"scenario7",
	"distancingDays":60,
	"maintain":true,
	"postDistancingLevel":1,
	"name":"Open Gradual May 1",
	"gradual":true,
	"events":{},
	"summary":{
		"totalProjectedDeaths":2.0473450625498408e4,
		"totalProjectedPCRConfirmed":4.947587320310678e5,
		"totalProjectedInfected":1.7478139777957527e6,
		"totalInfectedFraction":0.5852931055969596,
		"fatalityRate":1.1713746935081962e-2,
		"fatalityRateSymptomatic":1.673392419297423e-2,
		"fatalityRatePCR":4.138067567084961e-2,
		"fractionOfSymptomaticHospitalized":7.257444636156354e-2,
		"fractionOfSymptomaticHospitalizedOrICU":0.10107685813462106,
		"fractionOfPCRHospitalized":0.13906861857363984,
		"fractionOfPCRHospitalizedOrICU":0.1936855151538588,
		"fractionHospitalizedInICU":0.28198751226612173,
		"fractionOfDeathInICU":0.7305530468391318,
		"fractionDeathOfHospitalizedOrICU":0.17049687806653044,
		"fractionOfInfectionsPCRConfirmed":0.2830728775009744,
		"fractionOfDeathsReported":0.7750869331412457,
		"fractionOfHospitalizationsReported":0.7748999427154286,
		"dateContained":"",
		"dateICUOverCapacity":"",
		"dateHospitalsOverCapacity":""
	},
	"summaryAug1":{
		"totalProjectedDeaths":1.2581934844008823e4,
		"totalProjectedPCRConfirmed":4.213886958199636e5,
		"totalProjectedInfected":1.5898531430186208e6,
		"totalInfectedFraction":0.5323965223656063,
		"fatalityRate":7.913897518936728e-3,
		"fatalityRateSymptomatic":1.1305567884195327e-2,
		"fatalityRatePCR":2.985826380445763e-2,
		"fractionOfSymptomaticHospitalized":6.130735805459484e-2,
		"fractionOfSymptomaticHospitalizedOrICU":8.538480750952845e-2,
		"fractionOfPCRHospitalized":0.12545318739545103,
		"fractionOfPCRHospitalizedOrICU":0.17472284888998837,
		"fractionHospitalizedInICU":0.28198751226612195,
		"fractionOfDeathInICU":0.7050779306538877,
		"fractionDeathOfHospitalizedOrICU":0.1704968780665305,
		"fractionOfInfectionsPCRConfirmed":0.26504881766619126,
		"fractionOfDeathsReported":0.7750234013596855,
		"fractionOfHospitalizationsReported":0.7748130554622559,
		"dateContained":"",
		"dateICUOverCapacity":"",
		"dateHospitalsOverCapacity":""
	}
}