{
	"distancingLevel":0.647142857142857,
	"id":"scenario7",
	"distancingDays":60,
	"maintain":true,
	"postDistancingLevel":1,
	"name":"Open Gradual May 1",
	"gradual":true,
	"events":{
		"herd":{
			"eventName":"herd",
			"day":1.8012175040015038e2,
			"thresholdCrossed":0.7000000000000002
		},
		"icu":{
			"eventName":"icu",
			"day":1.3765297721040702e2,
			"thresholdCrossed":2.1867109590050296e-4
		},
		"hospital":{
			"eventName":"hospital",
			"day":1.5990650177683833e2,
			"thresholdCrossed":1.997587983402413e-3
		}
	},
	"summary":{
		"totalProjectedDeaths":2.2256251988332522e4,
		"totalProjectedPCRConfirmed":6.13571079560729e5,
		"totalProjectedInfected":1.9983469064378603e6,
		"totalInfectedFraction":0.669189445666381,
		"fatalityRate":1.1137331519683562e-2,
		"fatalityRateSymptomatic":1.591047359954795e-2,
		"fatalityRatePCR":3.627330676058972e-2,
		"fractionOfSymptomaticHospitalized":7.25744463656575e-2,
		"fractionOfSymptomaticHospitalizedOrICU":0.10107685814032277,
		"fractionOfPCRHospitalized":0.2095109965882415,
		"fractionOfPCRHospitalizedOrICU":0.29179297041125285,
		"fractionHospitalizedInICU":0.28198751226612123,
		"fractionOfDeathInICU":0.6807037073115245,
		"fractionDeathOfHospitalizedOrICU":0.16305587904782,
		"fractionOfInfectionsPCRConfirmed":0.30703932214374424,
		"dateContained":"Sun 18 Oct 2020 00:00:00",
		"dateICUOverCapacity":"Sat 16 May 2020 15:40:17",
		"dateHospitalsOverCapacity":"Sun 7 Jun 2020 21:45:21"
	},
	"summaryAug1":{
		"totalProjectedDeaths":1.9193487061392636e4,
		"totalProjectedPCRConfirmed":5.869283661133733e5,
		"totalProjectedInfected":1.9532696374738768e6,
		"totalInfectedFraction":0.654094352550675,
		"fatalityRate":9.826337692022477e-3,
		"fatalityRateSymptomatic":1.4037625274317827e-2,
		"fatalityRatePCR":3.27015836506446e-2,
		"fractionOfSymptomaticHospitalized":6.952491155834599e-2,
		"fractionOfSymptomaticHospitalizedOrICU":9.682966904624987e-2,
		"fractionOfPCRHospitalized":0.20451877033446256,
		"fractionOfPCRHospitalizedOrICU":0.28484012998150626,
		"fractionHospitalizedInICU":0.28198751226612173,
		"fractionOfDeathInICU":0.6760815962828808,
		"fractionDeathOfHospitalizedOrICU":0.16305587904782018,
		"fractionOfInfectionsPCRConfirmed":0.3004850712124085,
		"dateContained":"Sun 18 Oct 2020 00:00:00",
		"dateICUOverCapacity":"Sat 16 May 2020 15:40:17",
		"dateHospitalsOverCapacity":"Sun 7 Jun 2020 21:45:21"
	}
}