{
	"distancingLevel":0.647142857142857,
	"id":"scenario7",
	"distancingDays":60,
	"maintain":true,
	"postDistancingLevel":1,
	"name":"Open Gradual May 1",
	"gradual":true,
	"events":{},
	"summary":{
		"totalProjectedDeaths":1.6295032380022072e4,
		"totalProjectedPCRConfirmed":4.701032456912658e5,
		"totalProjectedInfected":1.7167953039245382e6,
		"totalInfectedFraction":0.5749058354456598,
		"fatalityRate":9.491540629667474e-3,
		"fatalityRateSymptomatic":1.3559343756667822e-2,
		"fatalityRatePCR":3.46626672531498e-2,
		"fractionOfSymptomaticHospitalized":5.8939247351345994e-2,
		"fractionOfSymptomaticHospitalizedOrICU":8.199453154234698e-2,
		"fractionOfPCRHospitalized":0.11675443062737938,
		"fractionOfPCRHospitalizedOrICU":0.1624252985064084,
		"fractionHospitalizedInICU":0.2811807538542229,
		"fractionOfDeathInICU":0.7292845016764928,
		"fractionDeathOfHospitalizedOrICU":0.1702951884635557,
		"fractionOfInfectionsPCRConfirmed":0.2738260319192539,
		"fractionOfDeathsReported":0.7750799844424039,
		"fractionOfHospitalizationsReported":0.7748996729537106,
		"dateContained":"",
		"dateICUOverCapacity":"",
		"dateHospitalsOverCapacity":""
	},
	"summaryAug1":{
		"totalProjectedDeaths":1.0928519858636513e4,
		"totalProjectedPCRConfirmed":4.106354100851014e5,
		"totalProjectedInfected":1.581188670887705e6,
		"totalInfectedFraction":0.5294950375014918,
		"fatalityRate":6.911584973917796e-3,
		"fatalityRateSymptomatic":9.873692819882568e-3,
		"fatalityRatePCR":2.6613681115254167e-2,
		"fractionOfSymptomaticHospitalized":5.1179964817259e-2,
		"fractionOfSymptomaticHospitalizedOrICU":7.1200047983801e-2,
		"fractionOfPCRHospitalized":0.10688833337519095,
		"fractionOfPCRHospitalizedOrICU":0.14869987684430183,
		"fractionHospitalizedInICU":0.28118075385422286,
		"fractionOfDeathInICU":0.7152838644489512,
		"fractionDeathOfHospitalizedOrICU":0.1702951884635557,
		"fractionOfInfectionsPCRConfirmed":0.2597004504557726,
		"fractionOfDeathsReported":0.7750268318937767,
		"fractionOfHospitalizationsReported":0.7748274272425271,
		"dateContained":"",
		"dateICUOverCapacity":"",
		"dateHospitalsOverCapacity":""
	}
}