{
	"distancingLevel":0.11,
	"id":"scenario3",
	"distancingDays":60,
	"maintain":false,
	"name":"Wuhan",
	"gradual":false,
	"events":{
		"herd":{
			"eventName":"herd",
			"day":2.7784482610579164e2,
			"thresholdCrossed":0.6999999999999994
		},
		"icu":{
			"eventName":"icu",
			"day":2.579815868405109e2,
			"thresholdCrossed":1.622779093743312e-4
		},
		"hospital":{
			"eventName":"hospital",
			"day":2.622080349500134e2,
			"thresholdCrossed":1.0340795313414587e-3
		}
	},
	"summary":{
		"totalProjectedDeaths":2.994858573738285e3,
		"totalProjectedPCRConfirmed":4.8147635829985134e4,
		"totalProjectedInfected":4.157787183476961e5,
		"totalInfectedFraction":4.075608648493071e-2,
		"fatalityRate":7.203010740039433e-3,
		"fatalityRateSymptomatic":1.0290015342913477e-2,
		"fatalityRatePCR":6.2201570692141085e-2,
		"fractionOfSymptomaticHospitalized":5.4523708750672265e-2,
		"fractionOfSymptomaticHospitalizedOrICU":7.433225529106545e-2,
		"fractionOfPCRHospitalized":0.24991119548512286,
		"fractionOfPCRHospitalizedOrICU":0.3407043139314413,
		"fractionHospitalizedInICU":0.2664865536882765,
		"fractionOfDeathInICU":0.6586082933338491,
		"fractionDeathOfHospitalizedOrICU":0.16662163842206915,
		"fractionOfInfectionsPCRConfirmed":0.11580110694776238,
		"fractionOfDeathsReported":0.762725410752387,
		"fractionOfHospitalizationsReported":0.7582544951265037,
		"dateContained":"Fri 5 Jun 2020 15:22:41",
		"dateICUOverCapacity":"Sun 13 Sep 2020 23:33:29",
		"dateHospitalsOverCapacity":"Fri 18 Sep 2020 04:59:34"
	},
	"summaryAug1":{
		"totalProjectedDeaths":2.994858573738285e3,
		"totalProjectedPCRConfirmed":4.8147635829985134e4,
		"totalProjectedInfected":4.157787183476961e5,
		"totalInfectedFraction":4.075608648493071e-2,
		"fatalityRate":7.203010740039433e-3,
		"fatalityRateSymptomatic":1.0290015342913477e-2,
		"fatalityRatePCR":6.2201570692141085e-2,
		"fractionOfSymptomaticHospitalized":5.4523708750672265e-2,
		"fractionOfSymptomaticHospitalizedOrICU":7.433225529106545e-2,
		"fractionOfPCRHospitalized":0.24991119548512286,
		"fractionOfPCRHospitalizedOrICU":0.3407043139314413,
		"fractionHospitalizedInICU":0.2664865536882765,
		"fractionOfDeathInICU":0.6586082933338491,
		"fractionDeathOfHospitalizedOrICU":0.16662163842206915,
		"fractionOfInfectionsPCRConfirmed":0.11580110694776238,
		"fractionOfDeathsReported":0.762725410752387,
		"fractionOfHospitalizationsReported":0.7582544951265037,
		"dateContained":"Fri 5 Jun 2020 15:22:41",
		"dateICUOverCapacity":"Sun 13 Sep 2020 23:33:29",
		"dateHospitalsOverCapacity":"Fri 18 Sep 2020 04:59:34"
	}
}