{
	"distancingLevel":0.11,
	"id":"scenario3",
	"distancingDays":60,
	"maintain":false,
	"name":"Wuhan",
	"gradual":false,
	"events":{},
	"summary":{
		"totalProjectedDeaths":6.115906341993477e4,
		"totalProjectedPCRConfirmed":1.2091892568301586e6,
		"totalProjectedInfected":7.645668780350455e6,
		"totalInfectedFraction":0.7494552373566056,
		"fatalityRate":7.99917772754098e-3,
		"fatalityRateSymptomatic":1.1427396753629974e-2,
		"fatalityRatePCR":5.057856995873484e-2,
		"fractionOfSymptomaticHospitalized":5.606869635812363e-2,
		"fractionOfSymptomaticHospitalizedOrICU":7.643853925248419e-2,
		"fractionOfPCRHospitalized":0.1898866208346544,
		"fractionOfPCRHospitalizedOrICU":0.25887271977009907,
		"fractionHospitalizedInICU":0.2664865536882765,
		"fractionOfDeathInICU":0.6653531231397847,
		"fractionDeathOfHospitalizedOrICU":0.16662163842206915,
		"fractionOfInfectionsPCRConfirmed":0.15815349730265624,
		"fractionOfDeathsReported":0.7654117333545445,
		"fractionOfHospitalizationsReported":0.7651642443397254,
		"dateContained":"",
		"dateICUOverCapacity":"",
		"dateHospitalsOverCapacity":""
	},
	"summaryAug1":{
		"totalProjectedDeaths":3.3256846323381965e3,
		"totalProjectedPCRConfirmed":4.870100411991999e4,
		"totalProjectedInfected":4.162962457409434e5,
		"totalInfectedFraction":4.080681633296461e-2,
		"fatalityRate":7.988745193747756e-3,
		"fatalityRateSymptomatic":1.1412493133925365e-2,
		"fatalityRatePCR":6.828780417235594e-2,
		"fractionOfSymptomaticHospitalized":5.602253378433369e-2,
		"fractionOfSymptomaticHospitalizedOrICU":7.637560574523619e-2,
		"fractionOfPCRHospitalized":0.25424779365422223,
		"fractionOfPCRHospitalizedOrICU":0.3466164048288949,
		"fractionHospitalizedInICU":0.2664865536882763,
		"fractionOfDeathInICU":0.6655843573567329,
		"fractionDeathOfHospitalizedOrICU":0.16662163842206906,
		"fractionOfInfectionsPCRConfirmed":0.11698641200388361,
		"fractionOfDeathsReported":0.7630063949163989,
		"fractionOfHospitalizationsReported":0.7584585071737893,
		"dateContained":"",
		"dateICUOverCapacity":"",
		"dateHospitalsOverCapacity":""
	}
}