{
	"distancingLevel":0.2,
	"id":"scenario2",
	"distancingDays":90,
	"maintain":false,
	"name":"Italy",
	"gradual":false,
	"events":{
		"herd":{
			"eventName":"herd",
			"day":2.9271606574767804e2,
			"thresholdCrossed":0.7000000000000264
		},
		"icu":{
			"eventName":"icu",
			"day":2.736487062569326e2,
			"thresholdCrossed":2.1255489772465698e-4
		},
		"hospital":{
			"eventName":"hospital",
			"day":2.770129409974905e2,
			"thresholdCrossed":1.3340159359733147e-3
		}
	},
	"summary":{
		"totalProjectedDeaths":6.755787042545824e4,
		"totalProjectedPCRConfirmed":1.5557155973077482e6,
		"totalProjectedInfected":4.521784255244725e6,
		"totalInfectedFraction":0.7845937876787782,
		"fatalityRate":1.4940533783118744e-2,
		"fatalityRateSymptomatic":2.1343619690169634e-2,
		"fatalityRatePCR":4.3425591761354625e-2,
		"fractionOfSymptomaticHospitalized":7.66735235407012e-2,
		"fractionOfSymptomaticHospitalizedOrICU":0.10715961676878065,
		"fractionOfPCRHospitalized":0.1967132976980686,
		"fractionOfPCRHospitalizedOrICU":0.27492830146847447,
		"fractionHospitalizedInICU":0.28449236892904906,
		"fractionOfDeathInICU":0.6048426784252683,
		"fractionDeathOfHospitalizedOrICU":0.1579524244299533,
		"fractionOfInfectionsPCRConfirmed":0.34404905441990197,
		"dateContained":"Thu 11 Jun 2020 00:00:00",
		"dateICUOverCapacity":"Tue 29 Sep 2020 15:34:08",
		"dateHospitalsOverCapacity":"Sat 3 Oct 2020 00:18:38"
	},
	"summaryAug1":{
		"totalProjectedDeaths":1.3648070203930306e3,
		"totalProjectedPCRConfirmed":1.397119419896381e4,
		"totalProjectedInfected":9.150015344387616e4,
		"totalInfectedFraction":1.5876576128206896e-2,
		"fatalityRate":1.491589870644499e-2,
		"fatalityRateSymptomatic":2.1308426723492844e-2,
		"fatalityRatePCR":9.768721277199433e-2,
		"fractionOfSymptomaticHospitalized":7.666709899191382e-2,
		"fractionOfSymptomaticHospitalizedOrICU":0.10715063776071916,
		"fractionOfPCRHospitalized":0.22707439713891098,
		"fractionOfPCRHospitalizedOrICU":0.3173612513384831,
		"fractionHospitalizedInICU":0.2844923689290485,
		"fractionOfDeathInICU":0.6047055219735822,
		"fractionDeathOfHospitalizedOrICU":0.3078107751339989,
		"fractionOfInfectionsPCRConfirmed":0.15269039092413522,
		"dateContained":"Thu 11 Jun 2020 00:00:00",
		"dateICUOverCapacity":"Tue 29 Sep 2020 15:34:08",
		"dateHospitalsOverCapacity":"Sat 3 Oct 2020 00:18:38"
	}
}