{
	"distancingLevel":0.2,
	"id":"scenario2",
	"distancingDays":90,
	"maintain":false,
	"name":"Italy",
	"gradual":false,
	"events":{
		"herd":{
			"eventName":"herd",
			"day":3.0971435949087356e2,
			"thresholdCrossed":0.7000000000000003
		},
		"icu":{
			"eventName":"icu",
			"day":2.8782004577257317e2,
			"thresholdCrossed":2.125548977246558e-4
		},
		"hospital":{
			"eventName":"hospital",
			"day":2.921328015792295e2,
			"thresholdCrossed":1.3340159357758485e-3
		}
	},
	"summary":{
		"totalProjectedDeaths":5.5375619430476785e4,
		"totalProjectedPCRConfirmed":1.4646687384110927e6,
		"totalProjectedInfected":4.328284705275835e6,
		"totalInfectedFraction":0.7510188676351827,
		"fatalityRate":1.2793894857003817e-2,
		"fatalityRateSymptomatic":1.82769926528626e-2,
		"fatalityRatePCR":3.780760657904775e-2,
		"fractionOfSymptomaticHospitalized":7.667352348667858e-2,
		"fractionOfSymptomaticHospitalizedOrICU":0.10715961669327809,
		"fractionOfPCRHospitalized":0.2161977689163177,
		"fractionOfPCRHospitalizedOrICU":0.30215997639706366,
		"fractionHospitalizedInICU":0.2844923689290485,
		"fractionOfDeathInICU":0.7063469872088739,
		"fractionDeathOfHospitalizedOrICU":0.163882481746586,
		"fractionOfInfectionsPCRConfirmed":0.33839473097178147,
		"dateContained":"Fri 5 Jun 2020 00:00:00",
		"dateICUOverCapacity":"Tue 13 Oct 2020 19:40:51",
		"dateHospitalsOverCapacity":"Sun 18 Oct 2020 03:11:14"
	},
	"summaryAug1":{
		"totalProjectedDeaths":9.681051735681268e2,
		"totalProjectedPCRConfirmed":1.2156119325102745e4,
		"totalProjectedInfected":7.567797910634549e4,
		"totalInfectedFraction":1.3131204170577906e-2,
		"fatalityRate":1.279242898661062e-2,
		"fatalityRateSymptomatic":1.8274898552300887e-2,
		"fatalityRatePCR":7.963932795303853e-2,
		"fractionOfSymptomaticHospitalized":7.66729095188993e-2,
		"fractionOfSymptomaticHospitalizedOrICU":0.10715875860630233,
		"fractionOfPCRHospitalized":0.23650409052172452,
		"fractionOfPCRHospitalizedOrICU":0.33054027693280086,
		"fractionHospitalizedInICU":0.2844923689290487,
		"fractionOfDeathInICU":0.7064984626342817,
		"fractionDeathOfHospitalizedOrICU":0.1638824817465861,
		"fractionOfInfectionsPCRConfirmed":0.16062954466609788,
		"dateContained":"Fri 5 Jun 2020 00:00:00",
		"dateICUOverCapacity":"Tue 13 Oct 2020 19:40:51",
		"dateHospitalsOverCapacity":"Sun 18 Oct 2020 03:11:14"
	}
}