{
	"distancingLevel":0.2,
	"id":"scenario2",
	"distancingDays":90,
	"maintain":false,
	"name":"Italy",
	"gradual":false,
	"events":{
		"herd":{
			"eventName":"herd",
			"day":3.2710831392115244e2,
			"thresholdCrossed":0.7000000000000025
		},
		"icu":{
			"eventName":"icu",
			"day":3.066422115800571e2,
			"thresholdCrossed":1.4878842840725912e-4
		},
		"hospital":{
			"eventName":"hospital",
			"day":3.1282827123460515e2,
			"thresholdCrossed":1.3340159359733054e-3
		}
	},
	"summary":{
		"totalProjectedDeaths":1.1927254662534508e3,
		"totalProjectedPCRConfirmed":1.5591592147469482e4,
		"totalProjectedInfected":1.2051762824986357e5,
		"totalInfectedFraction":2.091152011972889e-2,
		"fatalityRate":9.89668883775765e-3,
		"fatalityRateSymptomatic":1.413812691108236e-2,
		"fatalityRatePCR":7.649799038945682e-2,
		"fractionOfSymptomaticHospitalized":6.095414152422189e-2,
		"fractionOfSymptomaticHospitalizedOrICU":8.509360350903401e-2,
		"fractionOfPCRHospitalized":0.26498028856371236,
		"fractionOfPCRHospitalizedOrICU":0.369919533749644,
		"fractionHospitalizedInICU":0.2836812755526254,
		"fractionOfDeathInICU":0.7304292844451089,
		"fractionDeathOfHospitalizedOrICU":0.17092031888815634,
		"fractionOfInfectionsPCRConfirmed":0.12937188006342246,
		"fractionOfDeathsReported":0.806865490375862,
		"fractionOfHospitalizationsReported":0.8034376864312265,
		"dateContained":"Sat 13 Jun 2020 12:11:51",
		"dateICUOverCapacity":"Sun 1 Nov 2020 15:24:47",
		"dateHospitalsOverCapacity":"Sat 7 Nov 2020 19:52:42"
	},
	"summaryAug1":{
		"totalProjectedDeaths":1.1927254662534508e3,
		"totalProjectedPCRConfirmed":1.5591592147469482e4,
		"totalProjectedInfected":1.2051762824986357e5,
		"totalInfectedFraction":2.091152011972889e-2,
		"fatalityRate":9.89668883775765e-3,
		"fatalityRateSymptomatic":1.413812691108236e-2,
		"fatalityRatePCR":7.649799038945682e-2,
		"fractionOfSymptomaticHospitalized":6.095414152422189e-2,
		"fractionOfSymptomaticHospitalizedOrICU":8.509360350903401e-2,
		"fractionOfPCRHospitalized":0.26498028856371236,
		"fractionOfPCRHospitalizedOrICU":0.369919533749644,
		"fractionHospitalizedInICU":0.2836812755526254,
		"fractionOfDeathInICU":0.7304292844451089,
		"fractionDeathOfHospitalizedOrICU":0.17092031888815634,
		"fractionOfInfectionsPCRConfirmed":0.12937188006342246,
		"fractionOfDeathsReported":0.806865490375862,
		"fractionOfHospitalizationsReported":0.8034376864312265,
		"dateContained":"Sat 13 Jun 2020 12:11:51",
		"dateICUOverCapacity":"Sun 1 Nov 2020 15:24:47",
		"dateHospitalsOverCapacity":"Sat 7 Nov 2020 19:52:42"
	}
}