{
	"distancingLevel":0.2,
	"id":"scenario2",
	"distancingDays":90,
	"maintain":false,
	"name":"Italy",
	"gradual":false,
	"events":{
		"herd":{
			"eventName":"herd",
			"day":3.102348410735254e2,
			"thresholdCrossed":0.7000000000000756
		},
		"icu":{
			"eventName":"icu",
			"day":2.899692387312373e2,
			"thresholdCrossed":2.12554897724656e-4
		},
		"hospital":{
			"eventName":"hospital",
			"day":2.9312283875026577e2,
			"thresholdCrossed":1.334015935973308e-3
		}
	},
	"summary":{
		"totalProjectedDeaths":8.087186471705008e2,
		"totalProjectedPCRConfirmed":1.0123149219754554e4,
		"totalProjectedInfected":6.943610400985385e4,
		"totalInfectedFraction":1.2048150192827001e-2,
		"fatalityRate":1.1646947343931242e-2,
		"fatalityRateSymptomatic":1.663849620561606e-2,
		"fatalityRatePCR":7.988804961921811e-2,
		"fractionOfSymptomaticHospitalized":7.408091774663352e-2,
		"fractionOfSymptomaticHospitalizedOrICU":0.10353616723241833,
		"fractionOfPCRHospitalized":0.28497935544354197,
		"fractionOfPCRHospitalizedOrICU":0.3982897499178214,
		"fractionHospitalizedInICU":0.28449236892904844,
		"fractionOfDeathInICU":0.7258184612614772,
		"fractionDeathOfHospitalizedOrICU":0.1711230922322621,
		"fractionOfInfectionsPCRConfirmed":0.14579085857579152,
		"fractionOfDeathsReported":0.8063134843529305,
		"fractionOfHospitalizationsReported":0.8011969723737412,
		"dateContained":"Sat 23 May 2020 14:33:57",
		"dateICUOverCapacity":"Thu 15 Oct 2020 23:15:42",
		"dateHospitalsOverCapacity":"Mon 19 Oct 2020 02:56:53"
	},
	"summaryAug1":{
		"totalProjectedDeaths":8.087186471705008e2,
		"totalProjectedPCRConfirmed":1.0123149219754554e4,
		"totalProjectedInfected":6.943610400985385e4,
		"totalInfectedFraction":1.2048150192827001e-2,
		"fatalityRate":1.1646947343931242e-2,
		"fatalityRateSymptomatic":1.663849620561606e-2,
		"fatalityRatePCR":7.988804961921811e-2,
		"fractionOfSymptomaticHospitalized":7.408091774663352e-2,
		"fractionOfSymptomaticHospitalizedOrICU":0.10353616723241833,
		"fractionOfPCRHospitalized":0.28497935544354197,
		"fractionOfPCRHospitalizedOrICU":0.3982897499178214,
		"fractionHospitalizedInICU":0.28449236892904844,
		"fractionOfDeathInICU":0.7258184612614772,
		"fractionDeathOfHospitalizedOrICU":0.1711230922322621,
		"fractionOfInfectionsPCRConfirmed":0.14579085857579152,
		"fractionOfDeathsReported":0.8063134843529305,
		"fractionOfHospitalizationsReported":0.8011969723737412,
		"dateContained":"Sat 23 May 2020 14:33:57",
		"dateICUOverCapacity":"Thu 15 Oct 2020 23:15:42",
		"dateHospitalsOverCapacity":"Mon 19 Oct 2020 02:56:53"
	}
}