{
	"distancingLevel":0.2,
	"id":"scenario2",
	"distancingDays":90,
	"maintain":false,
	"name":"Italy",
	"gradual":false,
	"events":{},
	"summary":{
		"totalProjectedDeaths":4.2595092963125084e4,
		"totalProjectedPCRConfirmed":1.1731652685670494e6,
		"totalProjectedInfected":3.960534430424707e6,
		"totalInfectedFraction":0.6872089720766557,
		"fatalityRate":1.0754885157899614e-2,
		"fatalityRateSymptomatic":1.5364121654142306e-2,
		"fatalityRatePCR":3.6307836674326736e-2,
		"fractionOfSymptomaticHospitalized":6.22681948785903e-2,
		"fractionOfSymptomaticHospitalizedOrICU":8.692805695764685e-2,
		"fractionOfPCRHospitalized":0.11897574011060841,
		"fractionOfPCRHospitalizedOrICU":0.16609329904421496,
		"fractionHospitalizedInICU":0.2836812755526257,
		"fractionOfDeathInICU":0.7354136590795856,
		"fractionDeathOfHospitalizedOrICU":0.17092031888815643,
		"fractionOfInfectionsPCRConfirmed":0.29621387950949973,
		"fractionOfDeathsReported":0.8086402096129786,
		"fractionOfHospitalizationsReported":0.8085362637353791,
		"dateContained":"",
		"dateICUOverCapacity":"",
		"dateHospitalsOverCapacity":""
	},
	"summaryAug1":{
		"totalProjectedDeaths":9.297186465945013e2,
		"totalProjectedPCRConfirmed":1.1572928348201483e4,
		"totalProjectedInfected":8.645914443451428e4,
		"totalInfectedFraction":1.5001889471542419e-2,
		"fatalityRate":1.0753271417099053e-2,
		"fatalityRateSymptomatic":1.5361816310141508e-2,
		"fatalityRatePCR":8.033564354859125e-2,
		"fractionOfSymptomaticHospitalized":6.226721883126775e-2,
		"fractionOfSymptomaticHospitalizedOrICU":8.69266943696127e-2,
		"fractionOfPCRHospitalized":0.2610442382294325,
		"fractionOfPCRHospitalizedOrICU":0.3644247027478206,
		"fractionHospitalizedInICU":0.28368127555262534,
		"fractionOfDeathInICU":0.7356539911279457,
		"fractionDeathOfHospitalizedOrICU":0.17092031888815631,
		"fractionOfInfectionsPCRConfirmed":0.13385430105622925,
		"fractionOfDeathsReported":0.8064189759179508,
		"fractionOfHospitalizationsReported":0.8016576368938053,
		"dateContained":"",
		"dateICUOverCapacity":"",
		"dateHospitalsOverCapacity":""
	}
}