{
	"distancingLevel":0.4,
	"id":"scenario2",
	"distancingDays":90,
	"maintain":false,
	"name":"Italy",
	"events":{
		"herd":{
			"eventName":"herd",
			"day":2.4448313301869317e2,
			"thresholdCrossed":0.6999999999943681
		},
		"icu":{
			"eventName":"icu",
			"day":2.2625554583819516e2,
			"thresholdCrossed":2.1255489772465668e-4
		},
		"hospital":{
			"eventName":"hospital",
			"day":2.2948939744291903e2,
			"thresholdCrossed":1.33401593597331e-3
		}
	},
	"summary":{
		"totalProjectedDeaths":5.9255466882313194e4,
		"totalProjectedPCRConfirmed":1.5573581733333631e6,
		"totalProjectedInfected":4.834451881352827e6,
		"totalInfectedFraction":0.8388460613842628,
		"fatalityRate":1.2256915227736575e-2,
		"fatalityRateSymptomatic":1.750987889676654e-2,
		"fatalityRatePCR":3.804870831703604e-2,
		"fractionOfSymptomaticHospitalized":7.667352354055891e-2,
		"fractionOfPCRHospitalized":0.23866564374766389,
		"fractionHospitalizedInICU":0.2844923689290485,
		"fractionDeathOfHospitalized":0.1140681194232361,
		"fractionOfInfectionsPCRConfirmed":0.322137485604173,
		"dateContained":"Sat 28 Nov 2020 00:00:00",
		"dateICUOverCapacity":"Thu 13 Aug 2020 06:07:59",
		"dateHospitalsOverCapacity":"Sun 16 Aug 2020 11:44:43"
	},
	"summaryAug1":{
		"totalProjectedDeaths":2.7681495830089298e3,
		"totalProjectedPCRConfirmed":5.257391300094746e4,
		"totalProjectedInfected":2.6897230357523495e5,
		"totalInfectedFraction":4.667051467526469e-2,
		"fatalityRate":1.0291578523937665e-2,
		"fatalityRateSymptomatic":1.4702255034196664e-2,
		"fatalityRatePCR":5.2652530979747376e-2,
		"fractionOfSymptomaticHospitalized":6.767482279884617e-2,
		"fractionOfPCRHospitalized":0.23854405333762152,
		"fractionHospitalizedInICU":0.2844923689290487,
		"fractionDeathOfHospitalized":0.15793010634345314,
		"fractionOfInfectionsPCRConfirmed":0.19546218068598234,
		"dateContained":"Sat 28 Nov 2020 00:00:00",
		"dateICUOverCapacity":"Thu 13 Aug 2020 06:07:59",
		"dateHospitalsOverCapacity":"Sun 16 Aug 2020 11:44:43"
	}
}