{
	"distancingLevel":0.647142857142857,
	"id":"scenario6",
	"distancingDays":4,
	"maintain":true,
	"postDistancingLevel":1,
	"name":"Open May 1",
	"gradual":false,
	"events":{
		"herd":{
			"eventName":"herd",
			"day":1.7373976366116148e2,
			"thresholdCrossed":0.7000000000006597
		},
		"icu":{
			"eventName":"icu",
			"day":1.4528180665219165e2,
			"thresholdCrossed":2.1867109590050285e-4
		},
		"hospital":{
			"eventName":"hospital",
			"day":1.5496589121552165e2,
			"thresholdCrossed":1.9975879833860405e-3
		}
	},
	"summary":{
		"totalProjectedDeaths":2.1073756596223997e4,
		"totalProjectedPCRConfirmed":4.9484663232535764e5,
		"totalProjectedInfected":1.7990619661356586e6,
		"totalInfectedFraction":0.6024545968266433,
		"fatalityRate":1.1713746937516506e-2,
		"fatalityRateSymptomatic":1.673392419645215e-2,
		"fatalityRatePCR":4.25864403627348e-2,
		"fractionOfSymptomaticHospitalized":7.257444636586469e-2,
		"fractionOfSymptomaticHospitalizedOrICU":0.10107685814061139,
		"fractionOfPCRHospitalized":0.14312236563254302,
		"fractionOfPCRHospitalizedOrICU":0.19933130422877737,
		"fractionHospitalizedInICU":0.28198751226612173,
		"fractionOfDeathInICU":0.730552582426321,
		"fractionDeathOfHospitalizedOrICU":0.17049687806653044,
		"fractionOfInfectionsPCRConfirmed":0.27505813676239077,
		"fractionOfDeathsReported":0.7750898185592835,
		"fractionOfHospitalizationsReported":0.7749081547332759,
		"dateContained":"",
		"dateICUOverCapacity":"Sun 24 May 2020 06:45:48",
		"dateHospitalsOverCapacity":"Tue 2 Jun 2020 23:10:53"
	},
	"summaryAug1":{
		"totalProjectedDeaths":1.9262840595829595e4,
		"totalProjectedPCRConfirmed":4.8515877108887956e5,
		"totalProjectedInfected":1.7811103545998016e6,
		"totalInfectedFraction":0.5964431135682574,
		"fatalityRate":1.0815074173300042e-2,
		"fatalityRateSymptomatic":1.5450105961857204e-2,
		"fatalityRatePCR":3.970419941619628e-2,
		"fractionOfSymptomaticHospitalized":7.065063094215973e-2,
		"fractionOfSymptomaticHospitalizedOrICU":9.839749607300069e-2,
		"fractionOfPCRHospitalized":0.1406906893932006,
		"fractionOfPCRHospitalizedOrICU":0.1959446274217806,
		"fractionHospitalizedInICU":0.28198751226612184,
		"fractionOfDeathInICU":0.7240422734811931,
		"fractionDeathOfHospitalizedOrICU":0.17049687806653044,
		"fractionOfInfectionsPCRConfirmed":0.272391191166754,
		"fractionOfDeathsReported":0.7750805672095684,
		"fractionOfHospitalizationsReported":0.7748976287327327,
		"dateContained":"",
		"dateICUOverCapacity":"Sun 24 May 2020 06:45:48",
		"dateHospitalsOverCapacity":"Tue 2 Jun 2020 23:10:53"
	}
}