{
	"distancingLevel":0.739047619047619,
	"id":"scenario6",
	"distancingDays":6,
	"maintain":true,
	"postDistancingLevel":1,
	"name":"Open May 1",
	"gradual":false,
	"events":{
		"herd":{
			"eventName":"herd",
			"day":1.6581174310833717e2,
			"thresholdCrossed":0.7000000000000003
		},
		"icu":{
			"eventName":"icu",
			"day":1.3637262613041818e2,
			"thresholdCrossed":1.5306976713035198e-4
		},
		"hospital":{
			"eventName":"hospital",
			"day":1.5505760278420624e2,
			"thresholdCrossed":1.9975879834024496e-3
		}
	},
	"summary":{
		"totalProjectedDeaths":2.2412254931238895e4,
		"totalProjectedPCRConfirmed":3.743716600696069e5,
		"totalProjectedInfected":2.3612873616112308e6,
		"totalInfectedFraction":0.7907278638583998,
		"fatalityRate":9.49154062974607e-3,
		"fatalityRateSymptomatic":1.3559343756780102e-2,
		"fatalityRatePCR":5.986632355417016e-2,
		"fractionOfSymptomaticHospitalized":5.8939247351503105e-2,
		"fractionOfSymptomaticHospitalizedOrICU":8.199453154256554e-2,
		"fractionOfPCRHospitalized":0.20170307920563507,
		"fractionOfPCRHospitalizedOrICU":0.2806033370518985,
		"fractionHospitalizedInICU":0.28118075385422303,
		"fractionOfDeathInICU":0.7292761030823076,
		"fractionDeathOfHospitalizedOrICU":0.17029518846355576,
		"fractionOfInfectionsPCRConfirmed":0.15854557397628785,
		"fractionOfDeathsReported":0.7751661710029726,
		"fractionOfHospitalizationsReported":0.7751112229349431,
		"dateContained":"",
		"dateICUOverCapacity":"Fri 15 May 2020 08:56:34",
		"dateHospitalsOverCapacity":"Wed 3 Jun 2020 01:22:56"
	},
	"summaryAug1":{
		"totalProjectedDeaths":2.1303246900635822e4,
		"totalProjectedPCRConfirmed":3.716302384987692e5,
		"totalProjectedInfected":2.3558862126786467e6,
		"totalInfectedFraction":0.7889191729606816,
		"fatalityRate":9.042561897085001e-3,
		"fatalityRateSymptomatic":1.2917945567264291e-2,
		"fatalityRatePCR":5.732377157115104e-2,
		"fractionOfSymptomaticHospitalized":5.813493468045596e-2,
		"fractionOfSymptomaticHospitalizedOrICU":8.08755956273688e-2,
		"fractionOfPCRHospitalized":0.19995939923885914,
		"fractionOfPCRHospitalizedOrICU":0.27817758123619746,
		"fractionHospitalizedInICU":0.2811807538542227,
		"fractionOfDeathInICU":0.7260388852675363,
		"fractionDeathOfHospitalizedOrICU":0.17029518846355568,
		"fractionOfInfectionsPCRConfirmed":0.15774541083468752,
		"fractionOfDeathsReported":0.7751650228698188,
		"fractionOfHospitalizationsReported":0.7751099785983956,
		"dateContained":"",
		"dateICUOverCapacity":"Fri 15 May 2020 08:56:34",
		"dateHospitalsOverCapacity":"Wed 3 Jun 2020 01:22:56"
	}
}