{
	"distancingLevel":0.647142857142857,
	"id":"scenario6",
	"distancingDays":4,
	"maintain":true,
	"postDistancingLevel":1,
	"name":"Open May 1",
	"gradual":false,
	"events":{
		"herd":{
			"eventName":"herd",
			"day":1.7171855273447855e2,
			"thresholdCrossed":0.7
		}
	},
	"summary":{
		"totalProjectedDeaths":1.694251765150091e4,
		"totalProjectedPCRConfirmed":4.734850438853355e5,
		"totalProjectedInfected":1.7850123928262491e6,
		"totalInfectedFraction":0.5977497950004518,
		"fatalityRate":9.491540629964731e-3,
		"fatalityRateSymptomatic":1.3559343757092474e-2,
		"fatalityRatePCR":3.578258251300521e-2,
		"fractionOfSymptomaticHospitalized":5.893924735189211e-2,
		"fractionOfSymptomaticHospitalizedOrICU":8.19945315431067e-2,
		"fractionOfPCRHospitalized":0.12052836183978897,
		"fractionOfPCRHospitalizedOrICU":0.16767547959524953,
		"fractionHospitalizedInICU":0.2811807538542227,
		"fractionOfDeathInICU":0.7292840573391198,
		"fractionDeathOfHospitalizedOrICU":0.17029518846355568,
		"fractionOfInfectionsPCRConfirmed":0.2652558860589513,
		"fractionOfDeathsReported":0.7750841210587297,
		"fractionOfHospitalizationsReported":0.7749107004604646,
		"dateContained":"",
		"dateICUOverCapacity":"",
		"dateHospitalsOverCapacity":""
	},
	"summaryAug1":{
		"totalProjectedDeaths":1.5693847421281149e4,
		"totalProjectedPCRConfirmed":4.654596833186078e5,
		"totalProjectedInfected":1.7691654306875526e6,
		"totalInfectedFraction":0.5924430988632963,
		"fatalityRate":8.870763100532681e-3,
		"fatalityRateSymptomatic":1.2672518715046687e-2,
		"fatalityRatePCR":3.371687813945142e-2,
		"fractionOfSymptomaticHospitalized":5.755172061011997e-2,
		"fractionOfSymptomaticHospitalizedOrICU":8.006424552306493e-2,
		"fractionOfPCRHospitalized":0.11865586465873731,
		"fractionOfPCRHospitalizedOrICU":0.1650705170944655,
		"fractionHospitalizedInICU":0.2811807538542227,
		"fractionOfDeathInICU":0.7254478599597617,
		"fractionDeathOfHospitalizedOrICU":0.17029518846355568,
		"fractionOfInfectionsPCRConfirmed":0.26309562421062893,
		"fractionOfDeathsReported":0.7750758380349879,
		"fractionOfHospitalizationsReported":0.774901463729231,
		"dateContained":"",
		"dateICUOverCapacity":"",
		"dateHospitalsOverCapacity":""
	}
}