{
	"distancingLevel":0.647142857142857,
	"id":"scenario6",
	"distancingDays":11,
	"maintain":true,
	"postDistancingLevel":1,
	"name":"Open May 1",
	"gradual":false,
	"events":{
		"herd":{
			"eventName":"herd",
			"day":1.6309734598929663e2,
			"thresholdCrossed":0.7000000000000233
		},
		"icu":{
			"eventName":"icu",
			"day":1.3457447737343492e2,
			"thresholdCrossed":2.1867109590050288e-4
		},
		"hospital":{
			"eventName":"hospital",
			"day":1.4533692969961845e2,
			"thresholdCrossed":1.9975879834024106e-3
		}
	},
	"summary":{
		"totalProjectedDeaths":2.3335323548959102e4,
		"totalProjectedPCRConfirmed":6.320330620161186e5,
		"totalProjectedInfected":2.1954842718421714e6,
		"totalInfectedFraction":0.7352051328576499,
		"fatalityRate":1.0628781926722283e-2,
		"fatalityRateSymptomatic":1.5183974181031835e-2,
		"fatalityRatePCR":3.692104883646734e-2,
		"fractionOfSymptomaticHospitalized":7.25744463656581e-2,
		"fractionOfPCRHospitalized":0.23293668914211016,
		"fractionHospitalizedInICU":0.28198751226612156,
		"fractionDeathOfHospitalized":0.11380677823854027,
		"fractionOfInfectionsPCRConfirmed":0.2878786562591937,
		"dateContained":"Sat 19 Sep 2020 00:00:00",
		"dateICUOverCapacity":"Wed 13 May 2020 13:47:14",
		"dateHospitalsOverCapacity":"Sun 24 May 2020 08:05:10"
	},
	"summaryAug1":{
		"totalProjectedDeaths":2.2137849299269146e4,
		"totalProjectedPCRConfirmed":6.273117863834228e5,
		"totalProjectedInfected":2.1888367455226784e6,
		"totalInfectedFraction":0.7329790656825949,
		"fatalityRate":1.0113979192168025e-2,
		"fatalityRateSymptomatic":1.4448541703097176e-2,
		"fatalityRatePCR":3.529002607602552e-2,
		"fractionOfSymptomaticHospitalized":7.19365284015816e-2,
		"fractionOfPCRHospitalized":0.2317648063679865,
		"fractionHospitalizedInICU":0.28198751226612173,
		"fractionDeathOfHospitalized":0.10932928002368408,
		"fractionOfInfectionsPCRConfirmed":0.28659596823134714,
		"dateContained":"Sat 19 Sep 2020 00:00:00",
		"dateICUOverCapacity":"Wed 13 May 2020 13:47:14",
		"dateHospitalsOverCapacity":"Sun 24 May 2020 08:05:10"
	}
}