{
	"CA":{
		"Population":38982847,
		"importtime":56,
		"ventalators":6589,
		"icuBeds":6925,
		"staffedBeds":80802,
		"bedUtilization":0.540439790024938,
		"R0":2.7900000000000005,
		"pS":0.9679755492908334,
		"pH":2.2799928886664707e-2,
		"pC":9.224521822501901e-3
	},
	"CO":{
		"Population":5436519,
		"importtime":55,
		"ventalators":913,
		"icuBeds":962,
		"staffedBeds":10659,
		"bedUtilization":0.4658752555445545,
		"R0":2.7900000000000005,
		"pS":0.9684149923150032,
		"pH":2.2530449136499806e-2,
		"pC":9.054558548497203e-3
	},
	"CT":{
		"Population":3594478,
		"importtime":57,
		"ventalators":688,
		"icuBeds":572,
		"staffedBeds":8047,
		"bedUtilization":0.6081700652500002,
		"R0":3.41,
		"pS":0.9611938590192122,
		"pH":2.7584671904563044e-2,
		"pC":1.122146907622487e-2
	},
	"FL":{
		"Population":20278447,
		"importtime":56,
		"ventalators":4307,
		"icuBeds":4979,
		"staffedBeds":54821,
		"bedUtilization":0.5860085029200001,
		"R0":2.4800000000000004,
		"pS":0.9548466066569968,
		"pH":3.1842213423673625e-2,
		"pC":1.3311179919329503e-2
	},
	"GA":{
		"Population":10201635,
		"importtime":52,
		"ventalators":2093,
		"icuBeds":2365,
		"staffedBeds":23227,
		"bedUtilization":0.5458172842073171,
		"R0":2.7900000000000005,
		"pS":0.9692721680036777,
		"pH":2.190041650528205e-2,
		"pC":8.827415491040205e-3
	},
	"IL":{
		"Population":12854526,
		"importtime":58,
		"ventalators":2311,
		"icuBeds":2589,
		"staffedBeds":31103,
		"bedUtilization":0.45997356482412066,
		"R0":3.1000000000000005,
		"pS":0.9651384761697501,
		"pH":2.479582664793647e-2,
		"pC":1.0065697182313354e-2
	},
	"IN":{
		"Population":6614418,
		"importtime":58,
		"ventalators":1472,
		"icuBeds":1571,
		"staffedBeds":17559,
		"bedUtilization":0.46957677428571426,
		"R0":3.1000000000000005,
		"pS":0.9647138838325556,
		"pH":2.508730633300352e-2,
		"pC":1.0198809834440822e-2
	},
	"LA":{
		"Population":4663461,
		"importtime":51,
		"ventalators":1109,
		"icuBeds":1221,
		"staffedBeds":17280,
		"bedUtilization":0.4920274104851486,
		"R0":3.1000000000000005,
		"pS":0.9660884579346446,
		"pH":2.4121842338291833e-2,
		"pC":9.789699727063565e-3
	},
	"MI":{
		"Population":9925568,
		"importtime":59,
		"ventalators":1847,
		"icuBeds":1932,
		"staffedBeds":24236,
		"bedUtilization":0.45971872022981364,
		"R0":4.03,
		"pS":0.9618070717214751,
		"pH":2.713806971233339e-2,
		"pC":1.1054858566191653e-2
	},
	"NJ":{
		"Population":8960161,
		"importtime":56,
		"ventalators":1487,
		"icuBeds":1437,
		"staffedBeds":21365,
		"bedUtilization":0.6586981894736844,
		"R0":3.72,
		"pS":0.9633962772503433,
		"pH":2.6031297944497885e-2,
		"pC":1.0572424805158718e-2
	},
	"NY":{
		"Population":19798228,
		"importtime":56,
		"ventalators":4506,
		"icuBeds":3109,
		"staffedBeds":46491,
		"bedUtilization":0.634998149187817,
		"R0":3.8750000000000004,
		"pS":0.9633723678857247,
		"pH":2.602069755596864e-2,
		"pC":1.0606934558306743e-2
	},
	"OH":{
		"Population":11609756,
		"importtime":61,
		"ventalators":2729,
		"icuBeds":2423,
		"staffedBeds":32888,
		"bedUtilization":0.5038553320444445,
		"R0":3.41,
		"pS":0.9617681399511674,
		"pH":2.7155194666134645e-2,
		"pC":1.1076665382697871e-2
	},
	"OR":{
		"Population":4025127,
		"importtime":55,
		"ventalators":503,
		"icuBeds":652,
		"staffedBeds":7508,
		"bedUtilization":0.4880902870967743,
		"R0":2.7900000000000005,
		"pS":0.9613563589280075,
		"pH":2.740539076299169e-2,
		"pC":1.1238250309000802e-2
	},
	"PA":{
		"Population":12790505,
		"importtime":62,
		"ventalators":3013,
		"icuBeds":2441,
		"staffedBeds":37087,
		"bedUtilization":0.5453311995433788,
		"R0":3.41,
		"pS":0.9590667319832467,
		"pH":2.9030443568145825e-2,
		"pC":1.1902824448607373e-2
	},
	"SC":{
		"Population":4893444,
		"importtime":59,
		"ventalators":949,
		"icuBeds":975,
		"staffedBeds":12394,
		"bedUtilization":0.5386214088607594,
		"R0":3.1000000000000005,
		"pS":0.9618031035658695,
		"pH":2.7068641424306615e-2,
		"pC":1.112825500982408e-2
	},
	"TX":{
		"Population":27419612,
		"importtime":61,
		"ventalators":5419,
		"icuBeds":5623,
		"staffedBeds":71175,
		"bedUtilization":0.47731367360469307,
		"R0":2.7900000000000005,
		"pS":0.9714602341183703,
		"pH":2.035440603067536e-2,
		"pC":8.185359850954223e-3
	},
	"VT":{
		"Population":624636,
		"importtime":54,
		"ventalators":90,
		"icuBeds":69,
		"staffedBeds":1131,
		"bedUtilization":0.6131128,
		"R0":3.41,
		"pS":0.957971314494258,
		"pH":2.9845608680393522e-2,
		"pC":1.2183076825348426e-2
	},
	"WA":{
		"Population":7169967,
		"importtime":41,
		"ventalators":836,
		"icuBeds":1344,
		"staffedBeds":13468,
		"bedUtilization":0.5581862828019803,
		"R0":2.4800000000000004,
		"pS":0.9654551425102745,
		"pH":2.4578420541748847e-2,
		"pC":9.966436947976763e-3
	},
	"WI":{
		"Population":5763217,
		"importtime":60,
		"ventalators":864,
		"icuBeds":1225,
		"staffedBeds":13101,
		"bedUtilization":0.41315752076388884,
		"R0":3.41,
		"pS":0.9623421776213777,
		"pH":2.6776101956026394e-2,
		"pC":1.0881720422595952e-2
	},
	"VA":{
		"Population":8365952,
		"importtime":58,
		"ventalators":1334,
		"icuBeds":1306,
		"staffedBeds":18144,
		"bedUtilization":0.5492413426605505,
		"R0":2.7900000000000005,
		"pS":0.9658277928576722,
		"pH":2.4318572704179416e-2,
		"pC":9.8536344381483e-3
	},
	"MA":{
		"Population":6789319,
		"importtime":58,
		"ventalators":1408,
		"icuBeds":1223,
		"staffedBeds":18360,
		"bedUtilization":0.661852195833333,
		"R0":3.41,
		"pS":0.9626328531296412,
		"pH":2.655920001135522e-2,
		"pC":1.0807946859003645e-2
	}
}