{
	"distancingLevel":1,
	"id":"scenario4",
	"distancingDays":90,
	"maintain":false,
	"name":"Normal",
	"events":{
		"herd":{
			"eventName":"herd",
			"day":1.5467176186556023e2,
			"thresholdCrossed":0.7000000000000001
		},
		"icu":{
			"eventName":"icu",
			"day":1.2911891418343404e2,
			"thresholdCrossed":1.8546402570593097e-4
		},
		"hospital":{
			"eventName":"hospital",
			"day":1.3360266709480018e2,
			"thresholdCrossed":1.0967057000421528e-3
		}
	},
	"summary":{
		"totalProjectedDeaths":6.269395240648882e4,
		"totalProjectedPCRConfirmed":1.4833531806253828e6,
		"totalProjectedInfected":5.187987866742689e6,
		"totalInfectedFraction":0.7618251109102318,
		"fatalityRate":1.2084444685845346e-2,
		"fatalityRateSymptomatic":1.7263492408350494e-2,
		"fatalityRatePCR":4.2265020377720834e-2,
		"fractionOfSymptomaticHospitalized":7.457383846327863e-2,
		"fractionOfPCRHospitalized":0.23870763065284267,
		"fractionHospitalizedInICU":0.29192725429170474,
		"fractionDeathOfHospitalized":0.12536972087747317,
		"fractionOfInfectionsPCRConfirmed":0.28592071121336593,
		"dateContained":"Mon 7 Sep 2020 00:00:00",
		"dateICUOverCapacity":"Fri 8 May 2020 02:51:14",
		"dateHospitalsOverCapacity":"Tue 12 May 2020 14:27:50"
	},
	"summaryAug1":{
		"totalProjectedDeaths":6.1104348244306595e4,
		"totalProjectedPCRConfirmed":1.4792265713358356e6,
		"totalProjectedInfected":5.18287377397517e6,
		"totalInfectedFraction":0.7610741368544142,
		"fatalityRate":1.1789665523233584e-2,
		"fatalityRateSymptomatic":1.684237931890512e-2,
		"fatalityRatePCR":4.1308308969278104e-2,
		"fractionOfSymptomaticHospitalized":7.431585873287928e-2,
		"fractionOfPCRHospitalized":0.2382283570825742,
		"fractionHospitalizedInICU":0.2919272542917047,
		"fractionDeathOfHospitalized":0.12277836320847829,
		"fractionOfInfectionsPCRConfirmed":0.2854066365195878,
		"dateContained":"Mon 7 Sep 2020 00:00:00",
		"dateICUOverCapacity":"Fri 8 May 2020 02:51:14",
		"dateHospitalsOverCapacity":"Tue 12 May 2020 14:27:50"
	}
}