{
	"distancingLevel":1,
	"id":"scenario4",
	"distancingDays":90,
	"maintain":false,
	"name":"Normal",
	"gradual":false,
	"events":{
		"herd":{
			"eventName":"herd",
			"day":1.631547822360252e2,
			"thresholdCrossed":0.7000000000000001
		},
		"icu":{
			"eventName":"icu",
			"day":1.4180958108842762e2,
			"thresholdCrossed":1.2982481799413985e-4
		},
		"hospital":{
			"eventName":"hospital",
			"day":1.4919576404461753e2,
			"thresholdCrossed":1.0967057000421522e-3
		}
	},
	"summary":{
		"totalProjectedDeaths":5.927329147371267e4,
		"totalProjectedPCRConfirmed":9.095848725290376e5,
		"totalProjectedInfected":5.6045331091446085e6,
		"totalInfectedFraction":0.8229922981980486,
		"fatalityRate":1.0575955270386342e-2,
		"fatalityRateSymptomatic":1.5108507529123344e-2,
		"fatalityRatePCR":6.516521246544855e-2,
		"fractionOfSymptomaticHospitalized":6.05629960853269e-2,
		"fractionOfSymptomaticHospitalizedOrICU":8.543278686536657e-2,
		"fractionOfPCRHospitalized":0.20436994326830862,
		"fractionOfPCRHospitalizedOrICU":0.2882930986493684,
		"fractionHospitalizedInICU":0.29110358789105095,
		"fractionOfDeathInICU":0.7657620153988522,
		"fractionDeathOfHospitalizedOrICU":0.17277589697276272,
		"fractionOfInfectionsPCRConfirmed":0.16229449533359308,
		"fractionOfDeathsReported":0.7824077955636619,
		"fractionOfHospitalizationsReported":0.7823758246550137,
		"dateContained":"",
		"dateICUOverCapacity":"Wed 20 May 2020 19:25:47",
		"dateHospitalsOverCapacity":"Thu 28 May 2020 04:41:54"
	},
	"summaryAug1":{
		"totalProjectedDeaths":5.718323388178363e4,
		"totalProjectedPCRConfirmed":9.058505545299486e5,
		"totalProjectedInfected":5.598832341575852e6,
		"totalInfectedFraction":0.8221551744427712,
		"fatalityRate":1.0213421369515198e-2,
		"fatalityRateSymptomatic":1.4590601956450285e-2,
		"fatalityRatePCR":6.312656496794479e-2,
		"fractionOfSymptomaticHospitalized":6.0038234738201815e-2,
		"fractionOfSymptomaticHospitalizedOrICU":8.469253576779938e-2,
		"fractionOfPCRHospitalized":0.20322729814811882,
		"fractionOfPCRHospitalizedOrICU":0.286681233924605,
		"fractionHospitalizedInICU":0.29110358789105106,
		"fractionOfDeathInICU":0.7633235957668817,
		"fractionDeathOfHospitalizedOrICU":0.17277589697276274,
		"fractionOfInfectionsPCRConfirmed":0.1617927630736996,
		"fractionOfDeathsReported":0.7824073355480469,
		"fractionOfHospitalizationsReported":0.7823753894441201,
		"dateContained":"",
		"dateICUOverCapacity":"Wed 20 May 2020 19:25:47",
		"dateHospitalsOverCapacity":"Thu 28 May 2020 04:41:54"
	}
}