{
	"distancingLevel":1,
	"id":"scenario4",
	"distancingDays":90,
	"maintain":false,
	"name":"Normal",
	"gradual":false,
	"events":{
		"herd":{
			"eventName":"herd",
			"day":1.6040069875639225e2,
			"thresholdCrossed":0.7
		},
		"icu":{
			"eventName":"icu",
			"day":1.3865957322933073e2,
			"thresholdCrossed":1.298248179941496e-4
		},
		"hospital":{
			"eventName":"hospital",
			"day":1.4512858217211814e2,
			"thresholdCrossed":1.0967057000390683e-3
		}
	},
	"summary":{
		"totalProjectedDeaths":5.396106865596977e4,
		"totalProjectedPCRConfirmed":1.370899634514587e6,
		"totalProjectedInfected":5.102240627570114e6,
		"totalInfectedFraction":0.7492336396749862,
		"fatalityRate":1.0575955270394241e-2,
		"fatalityRateSymptomatic":1.510850752913463e-2,
		"fatalityRatePCR":3.936179374289241e-2,
		"fractionOfSymptomaticHospitalized":6.0562996085333914e-2,
		"fractionOfSymptomaticHospitalizedOrICU":8.543278686537645e-2,
		"fractionOfPCRHospitalized":0.12344464078866686,
		"fractionOfPCRHospitalizedOrICU":0.17413635995338467,
		"fractionHospitalizedInICU":0.291103587891051,
		"fractionOfDeathInICU":0.765762293647852,
		"fractionDeathOfHospitalizedOrICU":0.17277589697276274,
		"fractionOfInfectionsPCRConfirmed":0.26868580582164014,
		"fractionOfDeathsReported":0.7824059271751025,
		"fractionOfHospitalizationsReported":0.7823688892691419,
		"dateContained":"",
		"dateICUOverCapacity":"Sun 17 May 2020 15:49:47",
		"dateHospitalsOverCapacity":"Sun 24 May 2020 03:05:09"
	},
	"summaryAug1":{
		"totalProjectedDeaths":5.238955779682257e4,
		"totalProjectedPCRConfirmed":1.3664594188865067e6,
		"totalProjectedInfected":5.096223943096525e6,
		"totalInfectedFraction":0.748350125404302,
		"fatalityRate":1.0280073713752474e-2,
		"fatalityRateSymptomatic":1.4685819591074963e-2,
		"fatalityRatePCR":3.8339636781539774e-2,
		"fractionOfSymptomaticHospitalized":6.0114159437810885e-2,
		"fractionOfSymptomaticHospitalizedOrICU":8.479963843937759e-2,
		"fractionOfPCRHospitalized":0.1227829063881546,
		"fractionOfPCRHospitalizedOrICU":0.17320288873077874,
		"fractionHospitalizedInICU":0.29110358789105095,
		"fractionOfDeathInICU":0.7638164966533423,
		"fractionDeathOfHospitalizedOrICU":0.17277589697276272,
		"fractionOfInfectionsPCRConfirmed":0.26813174502222326,
		"fractionOfDeathsReported":0.7824054935960557,
		"fractionOfHospitalizationsReported":0.7823684435614668,
		"dateContained":"",
		"dateICUOverCapacity":"Sun 17 May 2020 15:49:47",
		"dateHospitalsOverCapacity":"Sun 24 May 2020 03:05:09"
	}
}