{
	"distancingLevel":1,
	"id":"scenario4",
	"distancingDays":90,
	"maintain":false,
	"name":"Normal",
	"gradual":false,
	"events":{
		"herd":{
			"eventName":"herd",
			"day":1.736869968771739e2,
			"thresholdCrossed":0.6999999999999986
		},
		"icu":{
			"eventName":"icu",
			"day":1.5451901622231472e2,
			"thresholdCrossed":1.298248179941512e-4
		},
		"hospital":{
			"eventName":"hospital",
			"day":1.604068960886294e2,
			"thresholdCrossed":1.0967057000421472e-3
		}
	},
	"summary":{
		"totalProjectedDeaths":5.999613808063784e4,
		"totalProjectedPCRConfirmed":9.381445595165585e5,
		"totalProjectedInfected":5.672881224191752e6,
		"totalInfectedFraction":0.8330288117103649,
		"fatalityRate":1.0575955270275524e-2,
		"fatalityRateSymptomatic":1.5108507528965037e-2,
		"fatalityRatePCR":6.395191175180384e-2,
		"fractionOfSymptomaticHospitalized":6.0562996085250585e-2,
		"fractionOfSymptomaticHospitalizedOrICU":8.543278686525892e-2,
		"fractionOfPCRHospitalized":0.20054802711448522,
		"fractionOfPCRHospitalizedOrICU":0.282901738094371,
		"fractionHospitalizedInICU":0.29110358789105106,
		"fractionOfDeathInICU":0.7657646661500166,
		"fractionDeathOfHospitalizedOrICU":0.17277589697276274,
		"fractionOfInfectionsPCRConfirmed":0.16537355929750164,
		"fractionOfDeathsReported":0.7823877764581804,
		"fractionOfHospitalizationsReported":0.7823103497373121,
		"dateContained":"",
		"dateICUOverCapacity":"Tue 2 Jun 2020 12:27:23",
		"dateHospitalsOverCapacity":"Mon 8 Jun 2020 09:45:55"
	},
	"summaryAug1":{
		"totalProjectedDeaths":5.5119715575568625e4,
		"totalProjectedPCRConfirmed":9.282012445286048e5,
		"totalProjectedInfected":5.657552698212715e6,
		"totalInfectedFraction":0.8307779089896916,
		"fatalityRate":9.742678241951078e-3,
		"fatalityRateSymptomatic":1.3918111774215826e-2,
		"fatalityRatePCR":5.9383367454502456e-2,
		"fractionOfSymptomaticHospitalized":5.920609452452839e-2,
		"fractionOfSymptomaticHospitalizedOrICU":8.351868272035932e-2,
		"fractionOfPCRHospitalized":0.19761887491088173,
		"fractionOfPCRHospitalizedOrICU":0.2787697490568059,
		"fractionHospitalizedInICU":0.2911035878910511,
		"fractionOfDeathInICU":0.7605163807769144,
		"fractionDeathOfHospitalizedOrICU":0.1727758969727628,
		"fractionOfInfectionsPCRConfirmed":0.16406409167374336,
		"fractionOfDeathsReported":0.7823848919076142,
		"fractionOfHospitalizationsReported":0.7823075230494533,
		"dateContained":"",
		"dateICUOverCapacity":"Tue 2 Jun 2020 12:27:23",
		"dateHospitalsOverCapacity":"Mon 8 Jun 2020 09:45:55"
	}
}