{
	"distancingLevel":1,
	"id":"scenario4",
	"distancingDays":90,
	"maintain":false,
	"name":"Normal",
	"gradual":false,
	"events":{
		"herd":{
			"eventName":"herd",
			"day":1.8570258338628105e2,
			"thresholdCrossed":0.7000000000001692
		},
		"icu":{
			"eventName":"icu",
			"day":1.5779481788526445e2,
			"thresholdCrossed":1.2982481799132207e-4
		},
		"hospital":{
			"eventName":"hospital",
			"day":1.6724073763486072e2,
			"thresholdCrossed":1.0967057000421535e-3
		}
	},
	"summary":{
		"totalProjectedDeaths":5.150341753676441e4,
		"totalProjectedPCRConfirmed":8.077347196055168e5,
		"totalProjectedInfected":4.869859622136703e6,
		"totalInfectedFraction":0.7151098734316987,
		"fatalityRate":1.057595527038349e-2,
		"fatalityRateSymptomatic":1.5108507529119273e-2,
		"fatalityRatePCR":6.376278781468966e-2,
		"fractionOfSymptomaticHospitalized":6.0562996085322805e-2,
		"fractionOfSymptomaticHospitalizedOrICU":8.543278686536078e-2,
		"fractionOfPCRHospitalized":0.19992343718037994,
		"fractionOfPCRHospitalizedOrICU":0.28202066446578955,
		"fractionHospitalizedInICU":0.29110358789105095,
		"fractionOfDeathInICU":0.7657695804374401,
		"fractionDeathOfHospitalizedOrICU":0.17277589697276272,
		"fractionOfInfectionsPCRConfirmed":0.1658640663755138,
		"fractionOfDeathsReported":0.7823425561471584,
		"fractionOfHospitalizationsReported":0.7821870589991131,
		"dateContained":"",
		"dateICUOverCapacity":"Fri 5 Jun 2020 19:04:32",
		"dateHospitalsOverCapacity":"Mon 15 Jun 2020 05:46:39"
	},
	"summaryAug1":{
		"totalProjectedDeaths":4.0956315282730386e4,
		"totalProjectedPCRConfirmed":7.659997401630844e5,
		"totalProjectedInfected":4.760581816882678e6,
		"totalInfectedFraction":0.6990630787502101,
		"fatalityRate":8.603216341642328e-3,
		"fatalityRateSymptomatic":1.2290309059489041e-2,
		"fatalityRatePCR":5.346779265748919e-2,
		"fractionOfSymptomaticHospitalized":5.611595487125542e-2,
		"fractionOfSymptomaticHospitalizedOrICU":7.915959780966005e-2,
		"fractionOfPCRHospitalized":0.19094705253309252,
		"fractionOfPCRHospitalizedOrICU":0.2693581872773623,
		"fractionHospitalizedInICU":0.29110358789105095,
		"fractionOfDeathInICU":0.7552285088168725,
		"fractionDeathOfHospitalizedOrICU":0.17277589697276272,
		"fractionOfInfectionsPCRConfirmed":0.16090464771481985,
		"fractionOfDeathsReported":0.7823225145202499,
		"fractionOfHospitalizationsReported":0.7821627885257513,
		"dateContained":"",
		"dateICUOverCapacity":"Fri 5 Jun 2020 19:04:32",
		"dateHospitalsOverCapacity":"Mon 15 Jun 2020 05:46:39"
	}
}