{
	"distancingLevel":1,
	"id":"scenario4",
	"distancingDays":90,
	"maintain":false,
	"name":"Normal",
	"gradual":false,
	"events":{
		"herd":{
			"eventName":"herd",
			"day":1.5771605240058432e2,
			"thresholdCrossed":0.7000000000002413
		},
		"icu":{
			"eventName":"icu",
			"day":1.3548842602306954e2,
			"thresholdCrossed":1.854640257059305e-4
		},
		"hospital":{
			"eventName":"hospital",
			"day":1.393581066300534e2,
			"thresholdCrossed":1.0967057000398708e-3
		}
	},
	"summary":{
		"totalProjectedDeaths":6.522063088488168e4,
		"totalProjectedPCRConfirmed":1.6048982816558175e6,
		"totalProjectedInfected":5.173500147096502e6,
		"totalInfectedFraction":0.7596976755904528,
		"fatalityRate":1.2606674210975935e-2,
		"fatalityRateSymptomatic":1.800953458710848e-2,
		"fatalityRatePCR":4.063848259441823e-2,
		"fractionOfSymptomaticHospitalized":7.457383846327574e-2,
		"fractionOfSymptomaticHospitalizedOrICU":0.10531945893310497,
		"fractionOfPCRHospitalized":0.19700093558079104,
		"fractionOfPCRHospitalizedOrICU":0.27822132227915114,
		"fractionHospitalizedInICU":0.2919272542917043,
		"fractionOfDeathInICU":0.710144164626775,
		"fractionDeathOfHospitalizedOrICU":0.16633599391626241,
		"fractionOfInfectionsPCRConfirmed":0.3102151804434618,
		"dateContained":"Tue 15 Sep 2020 00:00:00",
		"dateICUOverCapacity":"Thu 14 May 2020 11:43:20",
		"dateHospitalsOverCapacity":"Mon 18 May 2020 08:35:40"
	},
	"summaryAug1":{
		"totalProjectedDeaths":6.237966765077062e4,
		"totalProjectedPCRConfirmed":1.5976046369710916e6,
		"totalProjectedInfected":5.166889956324888e6,
		"totalInfectedFraction":0.7587270084557042,
		"fatalityRate":1.2072962299963534e-2,
		"fatalityRateSymptomatic":1.7247088999947913e-2,
		"fatalityRatePCR":3.904574774459633e-2,
		"fractionOfSymptomaticHospitalized":7.391486931392877e-2,
		"fractionOfSymptomaticHospitalizedOrICU":0.1043888071697925,
		"fractionOfPCRHospitalized":0.19579589390293295,
		"fractionOfPCRHospitalizedOrICU":0.2765194608741444,
		"fractionHospitalizedInICU":0.29192725429170463,
		"fractionOfDeathInICU":0.7119483182228561,
		"fractionDeathOfHospitalizedOrICU":0.16633599391626253,
		"fractionOfInfectionsPCRConfirmed":0.30920043787954743,
		"dateContained":"Tue 15 Sep 2020 00:00:00",
		"dateICUOverCapacity":"Thu 14 May 2020 11:43:20",
		"dateHospitalsOverCapacity":"Mon 18 May 2020 08:35:40"
	}
}