{
	"distancingLevel":0.7,
	"id":"scenario8",
	"distancingDays":597,
	"maintain":false,
	"name":"relaxed restrictions",
	"gradual":false,
	"events":{},
	"summary":{
		"totalProjectedDeaths":5.6105309639580555e4,
		"totalProjectedPCRConfirmed":8.071463326987508e5,
		"totalProjectedInfected":5.400476920244596e6,
		"totalInfectedFraction":0.60272096899203,
		"fatalityRate":1.0388954617926495e-2,
		"fatalityRateSymptomatic":1.4841363739894994e-2,
		"fatalityRatePCR":6.951070378030275e-2,
		"fractionOfSymptomaticHospitalized":6.1780687161970924e-2,
		"fractionOfSymptomaticHospitalizedOrICU":8.56151319172156e-2,
		"fractionOfPCRHospitalized":0.2347840767311703,
		"fractionOfPCRHospitalizedOrICU":0.32536170484316035,
		"fractionHospitalizedInICU":0.2783905627604601,
		"fractionOfDeathInICU":0.7174140507420752,
		"fractionDeathOfHospitalizedOrICU":0.169597640690115,
		"fractionOfInfectionsPCRConfirmed":0.14945834314614456,
		"fractionOfDeathsReported":0.8130451227170155,
		"fractionOfHospitalizationsReported":0.811405651583112,
		"dateContained":"",
		"dateICUOverCapacity":"",
		"dateHospitalsOverCapacity":""
	},
	"summaryAug1":{
		"totalProjectedDeaths":5.045570424085948e4,
		"totalProjectedPCRConfirmed":7.725696594835273e5,
		"totalProjectedInfected":5.280192526078608e6,
		"totalInfectedFraction":0.5892966126477647,
		"fatalityRate":9.555656160577719e-3,
		"fatalityRateSymptomatic":1.3650937372253886e-2,
		"fatalityRatePCR":6.53089383222605e-2,
		"fractionOfSymptomaticHospitalized":5.967141345765047e-2,
		"fractionOfSymptomaticHospitalizedOrICU":8.26921190026543e-2,
		"fractionOfPCRHospitalized":0.2316009966123834,
		"fractionOfPCRHospitalizedOrICU":0.32095062046077827,
		"fractionHospitalizedInICU":0.27839056276045976,
		"fractionOfDeathInICU":0.7136744028933298,
		"fractionDeathOfHospitalizedOrICU":0.1695976406901149,
		"fractionOfInfectionsPCRConfirmed":0.14631467615391755,
		"fractionOfDeathsReported":0.8129657562633812,
		"fractionOfHospitalizationsReported":0.8112672587786633,
		"dateContained":"",
		"dateICUOverCapacity":"",
		"dateHospitalsOverCapacity":""
	}
}