{
	"distancingLevel":0.7,
	"id":"scenario8",
	"distancingDays":593,
	"maintain":false,
	"name":"relaxed restrictions",
	"gradual":false,
	"events":{
		"herd":{
			"eventName":"herd",
			"day":2.606396451885009e2,
			"thresholdCrossed":0.7
		},
		"icu":{
			"eventName":"icu",
			"day":8.519237302754648e1,
			"thresholdCrossed":1.1226360776329807e-4
		}
	},
	"summary":{
		"totalProjectedDeaths":3.766790893148217e4,
		"totalProjectedPCRConfirmed":5.142675115416402e5,
		"totalProjectedInfected":3.6257651882528714e6,
		"totalInfectedFraction":0.4046540222048322,
		"fatalityRate":1.0388954324323744e-2,
		"fatalityRateSymptomatic":1.4841363320462495e-2,
		"fatalityRatePCR":7.324574873214054e-2,
		"fractionOfSymptomaticHospitalized":6.178068633862861e-2,
		"fractionOfSymptomaticHospitalizedOrICU":8.561513077623507e-2,
		"fractionOfPCRHospitalized":0.23906890169647715,
		"fractionOfPCRHospitalizedOrICU":0.33129957752633693,
		"fractionHospitalizedInICU":0.2783905627604599,
		"fractionOfDeathInICU":0.7184186439274909,
		"fractionDeathOfHospitalizedOrICU":0.169597640690115,
		"fractionOfInfectionsPCRConfirmed":0.1418369598803081,
		"fractionOfDeathsReported":0.8018428245316768,
		"fractionOfHospitalizationsReported":0.7840824473084778,
		"dateContained":"",
		"dateICUOverCapacity":"Wed 25 Mar 2020 04:37:01",
		"dateHospitalsOverCapacity":""
	},
	"summaryAug1":{
		"totalProjectedDeaths":2.4859363959517563e4,
		"totalProjectedPCRConfirmed":3.503374757368404e5,
		"totalProjectedInfected":2.810993178793962e6,
		"totalInfectedFraction":0.3137212800968601,
		"fatalityRate":8.843623010918619e-3,
		"fatalityRateSymptomatic":1.2633747158455172e-2,
		"fatalityRatePCR":7.095833498038596e-2,
		"fractionOfSymptomaticHospitalized":5.646975214016981e-2,
		"fractionOfSymptomaticHospitalizedOrICU":7.825528495884197e-2,
		"fractionOfPCRHospitalized":0.24481521748660867,
		"fractionOfPCRHospitalizedOrICU":0.339262771317307,
		"fractionHospitalizedInICU":0.27839056276045976,
		"fractionOfDeathInICU":0.7141533227345926,
		"fractionDeathOfHospitalizedOrICU":0.1695976406901149,
		"fractionOfInfectionsPCRConfirmed":0.12463120806545333,
		"fractionOfDeathsReported":0.7957057427306933,
		"fractionOfHospitalizationsReported":0.7718826742710095,
		"dateContained":"",
		"dateICUOverCapacity":"Wed 25 Mar 2020 04:37:01",
		"dateHospitalsOverCapacity":""
	}
}