{
	"distancingLevel":0.2,
	"id":"scenario2",
	"distancingDays":90,
	"maintain":false,
	"name":"Italy",
	"gradual":false,
	"events":{
		"herd":{
			"eventName":"herd",
			"day":3.100417087069863e2,
			"thresholdCrossed":0.6999999999999997
		},
		"icu":{
			"eventName":"icu",
			"day":9.260669927676307e1,
			"thresholdCrossed":1.5311550392609435e-4
		},
		"hospital":{
			"eventName":"hospital",
			"day":2.955250499834036e2,
			"thresholdCrossed":9.144354072183096e-4
		}
	},
	"summary":{
		"totalProjectedDeaths":1.1296255691538163e4,
		"totalProjectedPCRConfirmed":1.337702125259994e5,
		"totalProjectedInfected":1.0658594261548035e6,
		"totalInfectedFraction":0.15699062397197766,
		"fatalityRate":1.059826034685508e-2,
		"fatalityRateSymptomatic":1.5140371924078687e-2,
		"fatalityRatePCR":8.44452249737036e-2,
		"fractionOfSymptomaticHospitalized":6.223308616298046e-2,
		"fractionOfSymptomaticHospitalizedOrICU":8.657308072808409e-2,
		"fractionOfPCRHospitalized":0.2818799832842334,
		"fractionOfPCRHospitalizedOrICU":0.3921261189681005,
		"fractionHospitalizedInICU":0.2811496871822397,
		"fractionOfDeathInICU":0.7239144422689496,
		"fractionDeathOfHospitalizedOrICU":0.17028742179555992,
		"fractionOfInfectionsPCRConfirmed":0.12550455458145082,
		"fractionOfDeathsReported":0.8155189782616423,
		"fractionOfHospitalizationsReported":0.8120903417577617,
		"dateContained":"Tue 30 Jun 2020 13:37:31",
		"dateICUOverCapacity":"Wed 1 Apr 2020 14:33:38",
		"dateHospitalsOverCapacity":"Wed 21 Oct 2020 12:36:04"
	},
	"summaryAug1":{
		"totalProjectedDeaths":1.1296255691538163e4,
		"totalProjectedPCRConfirmed":1.337702125259994e5,
		"totalProjectedInfected":1.0658594261548035e6,
		"totalInfectedFraction":0.15699062397197766,
		"fatalityRate":1.059826034685508e-2,
		"fatalityRateSymptomatic":1.5140371924078687e-2,
		"fatalityRatePCR":8.44452249737036e-2,
		"fractionOfSymptomaticHospitalized":6.223308616298046e-2,
		"fractionOfSymptomaticHospitalizedOrICU":8.657308072808409e-2,
		"fractionOfPCRHospitalized":0.2818799832842334,
		"fractionOfPCRHospitalizedOrICU":0.3921261189681005,
		"fractionHospitalizedInICU":0.2811496871822397,
		"fractionOfDeathInICU":0.7239144422689496,
		"fractionDeathOfHospitalizedOrICU":0.17028742179555992,
		"fractionOfInfectionsPCRConfirmed":0.12550455458145082,
		"fractionOfDeathsReported":0.8155189782616423,
		"fractionOfHospitalizationsReported":0.8120903417577617,
		"dateContained":"Tue 30 Jun 2020 13:37:31",
		"dateICUOverCapacity":"Wed 1 Apr 2020 14:33:38",
		"dateHospitalsOverCapacity":"Wed 21 Oct 2020 12:36:04"
	}
}