{
	"distancingLevel":0.2,
	"id":"scenario2",
	"distancingDays":90,
	"maintain":false,
	"name":"Italy",
	"gradual":false,
	"events":{
		"herd":{
			"eventName":"herd",
			"day":2.638285531178841e2,
			"thresholdCrossed":0.7000000000000028
		},
		"icu":{
			"eventName":"icu",
			"day":1.0262264304812739e2,
			"thresholdCrossed":1.8013588697187493e-4
		},
		"hospital":{
			"eventName":"hospital",
			"day":1.164760086170483e2,
			"thresholdCrossed":9.144354072183095e-4
		}
	},
	"summary":{
		"totalProjectedDeaths":7.194615408529871e4,
		"totalProjectedPCRConfirmed":1.8765238458851206e6,
		"totalProjectedInfected":5.6632096002866775e6,
		"totalInfectedFraction":0.8341351467336676,
		"fatalityRate":1.270413054845378e-2,
		"fatalityRateSymptomatic":1.8148757926362544e-2,
		"fatalityRatePCR":3.834012247862647e-2,
		"fractionOfSymptomaticHospitalized":7.676225730565668e-2,
		"fractionOfSymptomaticHospitalizedOrICU":0.10690472888916513,
		"fractionOfPCRHospitalized":0.1982705934859841,
		"fractionOfPCRHospitalizedOrICU":0.27612611701754947,
		"fractionHospitalizedInICU":0.28195639142174017,
		"fractionOfDeathInICU":0.7039269555967426,
		"fractionDeathOfHospitalizedOrICU":0.16304560916917427,
		"fractionOfInfectionsPCRConfirmed":0.3313534158774786,
		"dateContained":"Fri 17 Jul 2020 00:00:00",
		"dateICUOverCapacity":"Sat 11 Apr 2020 14:56:36",
		"dateHospitalsOverCapacity":"Sat 25 Apr 2020 11:25:27"
	},
	"summaryAug1":{
		"totalProjectedDeaths":8.0491733078552015e3,
		"totalProjectedPCRConfirmed":1.0956979909182308e5,
		"totalProjectedInfected":6.355874431430234e5,
		"totalInfectedFraction":9.361578725981551e-2,
		"fatalityRate":1.2664147781226593e-2,
		"fatalityRateSymptomatic":1.809163968746656e-2,
		"fatalityRatePCR":7.34616050642726e-2,
		"fractionOfSymptomaticHospitalized":7.670825810721989e-2,
		"fractionOfSymptomaticHospitalizedOrICU":0.10682952565945637,
		"fractionOfPCRHospitalized":0.2223943269604477,
		"fractionOfPCRHospitalizedOrICU":0.30972259108439487,
		"fractionHospitalizedInICU":0.28195639142173984,
		"fractionOfDeathInICU":0.703984715004906,
		"fractionDeathOfHospitalizedOrICU":0.16304560916917415,
		"fractionOfInfectionsPCRConfirmed":0.17239138418152652,
		"dateContained":"Fri 17 Jul 2020 00:00:00",
		"dateICUOverCapacity":"Sat 11 Apr 2020 14:56:36",
		"dateHospitalsOverCapacity":"Sat 25 Apr 2020 11:25:27"
	}
}