{
	"distancingLevel":0.2,
	"id":"scenario2",
	"distancingDays":90,
	"maintain":false,
	"name":"Italy",
	"gradual":false,
	"events":{
		"herd":{
			"eventName":"herd",
			"day":2.6255496612121385e2,
			"thresholdCrossed":0.7000000000000006
		},
		"icu":{
			"eventName":"icu",
			"day":1.0347081995823312e2,
			"thresholdCrossed":1.801358869718745e-4
		},
		"hospital":{
			"eventName":"hospital",
			"day":1.1786701529489822e2,
			"thresholdCrossed":9.144354072183095e-4
		}
	},
	"summary":{
		"totalProjectedDeaths":8.423338699001576e4,
		"totalProjectedPCRConfirmed":1.8856325608498277e6,
		"totalProjectedInfected":5.670945055065043e6,
		"totalInfectedFraction":0.8352745032403166,
		"fatalityRate":1.4853500813728064e-2,
		"fatalityRateSymptomatic":2.1219286876754378e-2,
		"fatalityRatePCR":4.4671156374205254e-2,
		"fractionOfSymptomaticHospitalized":7.676225730565658e-2,
		"fractionOfSymptomaticHospitalizedOrICU":0.10690472888916501,
		"fractionOfPCRHospitalized":0.19815353626543614,
		"fractionOfPCRHospitalizedOrICU":0.27596309457831364,
		"fractionHospitalizedInICU":0.2819563914217401,
		"fractionOfDeathInICU":0.6020672912965602,
		"fractionDeathOfHospitalizedOrICU":0.16187366083303703,
		"fractionOfInfectionsPCRConfirmed":0.3325076407089612,
		"dateContained":"Thu 16 Jul 2020 00:00:00",
		"dateICUOverCapacity":"Sun 12 Apr 2020 11:17:58",
		"dateHospitalsOverCapacity":"Sun 26 Apr 2020 20:48:30"
	},
	"summaryAug1":{
		"totalProjectedDeaths":8.79633853738062e3,
		"totalProjectedPCRConfirmed":1.0138182406720558e5,
		"totalProjectedInfected":5.941488840014891e5,
		"totalInfectedFraction":8.751229453226297e-2,
		"fatalityRate":1.4804939930441026e-2,
		"fatalityRateSymptomatic":2.1149914186344324e-2,
		"fatalityRatePCR":8.676445327665011e-2,
		"fractionOfSymptomaticHospitalized":7.66977099739379e-2,
		"fractionOfSymptomaticHospitalizedOrICU":0.1068148355582481,
		"fractionOfPCRHospitalized":0.22241663639891715,
		"fractionOfPCRHospitalizedOrICU":0.309753660838659,
		"fractionHospitalizedInICU":0.28195639142173995,
		"fractionOfDeathInICU":0.6021192178018419,
		"fractionDeathOfHospitalizedOrICU":0.2801079187950034,
		"fractionOfInfectionsPCRConfirmed":0.17063370275883827,
		"dateContained":"Thu 16 Jul 2020 00:00:00",
		"dateICUOverCapacity":"Sun 12 Apr 2020 11:17:58",
		"dateHospitalsOverCapacity":"Sun 26 Apr 2020 20:48:30"
	}
}