{
	"distancingLevel":0.2,
	"id":"scenario2",
	"distancingDays":90,
	"maintain":false,
	"name":"Italy",
	"gradual":false,
	"events":{
		"herd":{
			"eventName":"herd",
			"day":3.5579301904547424e2,
			"thresholdCrossed":0.7000000000000015
		},
		"icu":{
			"eventName":"icu",
			"day":9.071437994868688e1,
			"thresholdCrossed":1.2609512088031024e-4
		},
		"hospital":{
			"eventName":"hospital",
			"day":3.3850738119487266e2,
			"thresholdCrossed":9.144354072183087e-4
		}
	},
	"summary":{
		"totalProjectedDeaths":1.2114772982023896e4,
		"totalProjectedPCRConfirmed":1.1885257009942083e5,
		"totalProjectedInfected":1.138938924440017e6,
		"totalInfectedFraction":0.16775451623940738,
		"fatalityRate":1.0636894325110871e-2,
		"fatalityRateSymptomatic":1.5195563321586959e-2,
		"fatalityRatePCR":0.10193109809817172,
		"fractionOfSymptomaticHospitalized":6.2269375022351726e-2,
		"fractionOfSymptomaticHospitalizedOrICU":8.662356253037895e-2,
		"fractionOfPCRHospitalized":0.33607604883948244,
		"fractionOfPCRHospitalizedOrICU":0.4675188183783721,
		"fractionHospitalizedInICU":0.2811496871822397,
		"fractionOfDeathInICU":0.7244986563196469,
		"fractionDeathOfHospitalizedOrICU":0.17028742179555992,
		"fractionOfInfectionsPCRConfirmed":0.10435376959116326,
		"fractionOfDeathsReported":0.8128011500384427,
		"fractionOfHospitalizationsReported":0.8045872711015679,
		"dateContained":"Wed 15 Jul 2020 09:51:24",
		"dateICUOverCapacity":"Mon 30 Mar 2020 17:08:42",
		"dateHospitalsOverCapacity":"Thu 3 Dec 2020 12:10:37"
	},
	"summaryAug1":{
		"totalProjectedDeaths":1.2114772982023896e4,
		"totalProjectedPCRConfirmed":1.1885257009942083e5,
		"totalProjectedInfected":1.138938924440017e6,
		"totalInfectedFraction":0.16775451623940738,
		"fatalityRate":1.0636894325110871e-2,
		"fatalityRateSymptomatic":1.5195563321586959e-2,
		"fatalityRatePCR":0.10193109809817172,
		"fractionOfSymptomaticHospitalized":6.2269375022351726e-2,
		"fractionOfSymptomaticHospitalizedOrICU":8.662356253037895e-2,
		"fractionOfPCRHospitalized":0.33607604883948244,
		"fractionOfPCRHospitalizedOrICU":0.4675188183783721,
		"fractionHospitalizedInICU":0.2811496871822397,
		"fractionOfDeathInICU":0.7244986563196469,
		"fractionDeathOfHospitalizedOrICU":0.17028742179555992,
		"fractionOfInfectionsPCRConfirmed":0.10435376959116326,
		"fractionOfDeathsReported":0.8128011500384427,
		"fractionOfHospitalizationsReported":0.8045872711015679,
		"dateContained":"Wed 15 Jul 2020 09:51:24",
		"dateICUOverCapacity":"Mon 30 Mar 2020 17:08:42",
		"dateHospitalsOverCapacity":"Thu 3 Dec 2020 12:10:37"
	}
}