{
	"distancingLevel":0.4,
	"id":"scenario2",
	"distancingDays":90,
	"maintain":false,
	"name":"Italy",
	"events":{
		"herd":{
			"eventName":"herd",
			"day":1.681929659814446e2,
			"thresholdCrossed":0.7000000000000599
		},
		"icu":{
			"eventName":"icu",
			"day":1.0025971496692927e2,
			"thresholdCrossed":1.8013588697187458e-4
		},
		"hospital":{
			"eventName":"hospital",
			"day":1.0875492747434913e2,
			"thresholdCrossed":9.144354072179329e-4
		}
	},
	"summary":{
		"totalProjectedDeaths":6.07561619872059e4,
		"totalProjectedPCRConfirmed":1.4158851655446698e6,
		"totalProjectedInfected":4.993679778500812e6,
		"totalInfectedFraction":0.735519980501846,
		"fatalityRate":1.2166611533398309e-2,
		"fatalityRateSymptomatic":1.7380873619140442e-2,
		"fatalityRatePCR":4.291037399479632e-2,
		"fractionOfSymptomaticHospitalized":7.676225731085214e-2,
		"fractionOfPCRHospitalized":0.24457927217717498,
		"fractionHospitalizedInICU":0.28195639142174006,
		"fractionDeathOfHospitalized":0.12597764117290447,
		"fractionOfInfectionsPCRConfirmed":0.2835354344586634,
		"dateContained":"Sat 6 Feb 2021 00:00:00",
		"dateICUOverCapacity":"Thu 9 Apr 2020 06:13:59",
		"dateHospitalsOverCapacity":"Fri 17 Apr 2020 18:07:05"
	},
	"summaryAug1":{
		"totalProjectedDeaths":3.8217395938635804e4,
		"totalProjectedPCRConfirmed":8.533652004704535e5,
		"totalProjectedInfected":3.3514777647874025e6,
		"totalInfectedFraction":0.49363975455968445,
		"fatalityRate":1.14031476920928e-2,
		"fatalityRateSymptomatic":1.6290210988704003e-2,
		"fatalityRatePCR":4.478433842576057e-2,
		"fractionOfSymptomaticHospitalized":7.464228063471329e-2,
		"fractionOfPCRHospitalized":0.2451491202694593,
		"fractionHospitalizedInICU":0.28195639142174017,
		"fractionDeathOfHospitalized":0.13117366252702514,
		"fractionOfInfectionsPCRConfirmed":0.25462356022063176,
		"dateContained":"Sat 6 Feb 2021 00:00:00",
		"dateICUOverCapacity":"Thu 9 Apr 2020 06:13:59",
		"dateHospitalsOverCapacity":"Fri 17 Apr 2020 18:07:05"
	}
}