{
	"distancingLevel":0.2,
	"id":"scenario2",
	"distancingDays":90,
	"maintain":false,
	"name":"Italy",
	"gradual":false,
	"events":{
		"herd":{
			"eventName":"herd",
			"day":3.093103624130618e2,
			"thresholdCrossed":0.6999999999999994
		},
		"icu":{
			"eventName":"icu",
			"day":8.913850042963583e1,
			"thresholdCrossed":1.2609512088031222e-4
		},
		"hospital":{
			"eventName":"hospital",
			"day":2.9750115506799256e2,
			"thresholdCrossed":9.144354072183075e-4
		}
	},
	"summary":{
		"totalProjectedDeaths":1.2286802169368619e4,
		"totalProjectedPCRConfirmed":1.291475771993966e5,
		"totalProjectedInfected":1.1550970237771512e6,
		"totalInfectedFraction":0.17013444555737495,
		"fatalityRate":1.0637030410822933e-2,
		"fatalityRateSymptomatic":1.5195757729747048e-2,
		"fatalityRatePCR":9.51376900427523e-2,
		"fractionOfSymptomaticHospitalized":6.2270223182712574e-2,
		"fractionOfSymptomaticHospitalizedOrICU":8.662474241490525e-2,
		"fractionOfPCRHospitalized":0.3167084149087104,
		"fractionOfPCRHospitalizedOrICU":0.4405763053329861,
		"fractionHospitalizedInICU":0.2811496871822395,
		"fractionOfDeathInICU":0.7242086774636384,
		"fractionDeathOfHospitalizedOrICU":0.1702874217955599,
		"fractionOfInfectionsPCRConfirmed":0.11180669202755437,
		"fractionOfDeathsReported":0.8156646480691515,
		"fractionOfHospitalizationsReported":0.8123607629176635,
		"dateContained":"Thu 16 Jul 2020 05:21:56",
		"dateICUOverCapacity":"Sun 29 Mar 2020 03:19:26",
		"dateHospitalsOverCapacity":"Fri 23 Oct 2020 12:01:39"
	},
	"summaryAug1":{
		"totalProjectedDeaths":1.2286802169368619e4,
		"totalProjectedPCRConfirmed":1.291475771993966e5,
		"totalProjectedInfected":1.1550970237771512e6,
		"totalInfectedFraction":0.17013444555737495,
		"fatalityRate":1.0637030410822933e-2,
		"fatalityRateSymptomatic":1.5195757729747048e-2,
		"fatalityRatePCR":9.51376900427523e-2,
		"fractionOfSymptomaticHospitalized":6.2270223182712574e-2,
		"fractionOfSymptomaticHospitalizedOrICU":8.662474241490525e-2,
		"fractionOfPCRHospitalized":0.3167084149087104,
		"fractionOfPCRHospitalizedOrICU":0.4405763053329861,
		"fractionHospitalizedInICU":0.2811496871822395,
		"fractionOfDeathInICU":0.7242086774636384,
		"fractionDeathOfHospitalizedOrICU":0.1702874217955599,
		"fractionOfInfectionsPCRConfirmed":0.11180669202755437,
		"fractionOfDeathsReported":0.8156646480691515,
		"fractionOfHospitalizationsReported":0.8123607629176635,
		"dateContained":"Thu 16 Jul 2020 05:21:56",
		"dateICUOverCapacity":"Sun 29 Mar 2020 03:19:26",
		"dateHospitalsOverCapacity":"Fri 23 Oct 2020 12:01:39"
	}
}