{
	"distancingLevel":0.2,
	"id":"scenario2",
	"distancingDays":90,
	"maintain":false,
	"name":"Italy",
	"gradual":false,
	"events":{
		"herd":{
			"eventName":"herd",
			"day":3.032451780014212e2,
			"thresholdCrossed":0.7000000000000617
		},
		"icu":{
			"eventName":"icu",
			"day":8.827425119445941e1,
			"thresholdCrossed":1.2609512088030656e-4
		},
		"hospital":{
			"eventName":"hospital",
			"day":2.909969026198294e2,
			"thresholdCrossed":9.14435407218308e-4
		}
	},
	"summary":{
		"totalProjectedDeaths":9.160081663207537e3,
		"totalProjectedPCRConfirmed":9.61839972163101e4,
		"totalProjectedInfected":8.629406496707486e5,
		"totalInfectedFraction":0.12710268138391326,
		"fatalityRate":1.0614961372723058e-2,
		"fatalityRateSymptomatic":1.516423053246151e-2,
		"fatalityRatePCR":9.52349863627236e-2,
		"fractionOfSymptomaticHospitalized":6.224201901526442e-2,
		"fractionOfSymptomaticHospitalizedOrICU":8.658550730998117e-2,
		"fractionOfPCRHospitalized":0.3167093672639719,
		"fractionOfPCRHospitalizedOrICU":0.4405776301641015,
		"fractionHospitalizedInICU":0.28114968718223987,
		"fractionOfDeathInICU":0.7241424342988717,
		"fractionDeathOfHospitalizedOrICU":0.17028742179555997,
		"fractionOfInfectionsPCRConfirmed":0.1114607328476283,
		"fractionOfDeathsReported":0.8150489052683039,
		"fractionOfHospitalizationsReported":0.8102165141226203,
		"dateContained":"Thu 2 Jul 2020 15:27:36",
		"dateICUOverCapacity":"Sat 28 Mar 2020 06:34:55",
		"dateHospitalsOverCapacity":"Fri 16 Oct 2020 23:55:32"
	},
	"summaryAug1":{
		"totalProjectedDeaths":9.160081663207537e3,
		"totalProjectedPCRConfirmed":9.61839972163101e4,
		"totalProjectedInfected":8.629406496707486e5,
		"totalInfectedFraction":0.12710268138391326,
		"fatalityRate":1.0614961372723058e-2,
		"fatalityRateSymptomatic":1.516423053246151e-2,
		"fatalityRatePCR":9.52349863627236e-2,
		"fractionOfSymptomaticHospitalized":6.224201901526442e-2,
		"fractionOfSymptomaticHospitalizedOrICU":8.658550730998117e-2,
		"fractionOfPCRHospitalized":0.3167093672639719,
		"fractionOfPCRHospitalizedOrICU":0.4405776301641015,
		"fractionHospitalizedInICU":0.28114968718223987,
		"fractionOfDeathInICU":0.7241424342988717,
		"fractionDeathOfHospitalizedOrICU":0.17028742179555997,
		"fractionOfInfectionsPCRConfirmed":0.1114607328476283,
		"fractionOfDeathsReported":0.8150489052683039,
		"fractionOfHospitalizationsReported":0.8102165141226203,
		"dateContained":"Thu 2 Jul 2020 15:27:36",
		"dateICUOverCapacity":"Sat 28 Mar 2020 06:34:55",
		"dateHospitalsOverCapacity":"Fri 16 Oct 2020 23:55:32"
	}
}