{
	"distancingLevel":1,
	"id":"scenario4",
	"distancingDays":90,
	"maintain":false,
	"name":"Normal",
	"gradual":false,
	"events":{
		"herd":{
			"eventName":"herd",
			"day":2.0398581170267843e2,
			"thresholdCrossed":0.6999999999999997
		},
		"icu":{
			"eventName":"icu",
			"day":1.6712110957196995e2,
			"thresholdCrossed":1.543278397618635e-4
		},
		"hospital":{
			"eventName":"hospital",
			"day":1.8449529356399145e2,
			"thresholdCrossed":1.8295628880125535e-3
		}
	},
	"summary":{
		"totalProjectedDeaths":2.1791469450698492e4,
		"totalProjectedPCRConfirmed":3.6773495775844157e5,
		"totalProjectedInfected":2.2763258473639586e6,
		"totalInfectedFraction":0.5842349087273788,
		"fatalityRate":9.573088789521742e-3,
		"fatalityRateSymptomatic":1.3675841127888203e-2,
		"fatalityRatePCR":5.9258629050472036e-2,
		"fractionOfSymptomaticHospitalized":5.868382871884005e-2,
		"fractionOfSymptomaticHospitalizedOrICU":8.176769797322411e-2,
		"fractionOfPCRHospitalized":0.19566987206561504,
		"fractionOfPCRHospitalizedOrICU":0.2726385675715818,
		"fractionHospitalizedInICU":0.2823103722688044,
		"fractionOfDeathInICU":0.7415730024235068,
		"fractionDeathOfHospitalizedOrICU":0.1705775930672011,
		"fractionOfInfectionsPCRConfirmed":0.161547591345188,
		"fractionOfDeathsReported":0.7697269785435851,
		"fractionOfHospitalizationsReported":0.7694988361753133,
		"dateContained":"",
		"dateICUOverCapacity":"Mon 15 Jun 2020 02:54:23",
		"dateHospitalsOverCapacity":"Thu 2 Jul 2020 11:53:13"
	},
	"summaryAug1":{
		"totalProjectedDeaths":1.2636486141400477e4,
		"totalProjectedPCRConfirmed":2.997303899861933e5,
		"totalProjectedInfected":2.0201554562310716e6,
		"totalInfectedFraction":0.5184869907588273,
		"fatalityRate":6.255204817245052e-3,
		"fatalityRateSymptomatic":8.936006881778648e-3,
		"fatalityRatePCR":4.215950922421501e-2,
		"fractionOfSymptomaticHospitalized":4.834649182262036e-2,
		"fractionOfSymptomaticHospitalizedOrICU":6.736406651919472e-2,
		"fractionOfPCRHospitalized":0.17548925053952272,
		"fractionOfPCRHospitalizedOrICU":0.24451969731580223,
		"fractionHospitalizedInICU":0.2823103722688044,
		"fractionOfDeathInICU":0.7230706207857237,
		"fractionDeathOfHospitalizedOrICU":0.1705775930672011,
		"fractionOfInfectionsPCRConfirmed":0.1483699628470123,
		"fractionOfDeathsReported":0.7696323472226637,
		"fractionOfHospitalizationsReported":0.7693669060571001,
		"dateContained":"",
		"dateICUOverCapacity":"Mon 15 Jun 2020 02:54:23",
		"dateHospitalsOverCapacity":"Thu 2 Jul 2020 11:53:13"
	}
}