{
	"distancingLevel":1,
	"id":"scenario4",
	"distancingDays":90,
	"maintain":false,
	"name":"Normal",
	"events":{
		"herd":{
			"eventName":"herd",
			"day":1.4780027025272838e2,
			"thresholdCrossed":0.7000000000000001
		},
		"icu":{
			"eventName":"icu",
			"day":1.244778425058029e2,
			"thresholdCrossed":2.2046834251694065e-4
		},
		"hospital":{
			"eventName":"hospital",
			"day":1.3162934267354163e2,
			"thresholdCrossed":1.8295628880128506e-3
		}
	},
	"summary":{
		"totalProjectedDeaths":3.2773803138329095e4,
		"totalProjectedPCRConfirmed":7.543127083196249e5,
		"totalProjectedInfected":3.046940367451534e6,
		"totalInfectedFraction":0.7820185012340155,
		"fatalityRate":1.075629949585825e-2,
		"fatalityRateSymptomatic":1.536614213694036e-2,
		"fatalityRatePCR":4.344856287962982e-2,
		"fractionOfSymptomaticHospitalized":7.225993834801132e-2,
		"fractionOfPCRHospitalized":0.24067876133440214,
		"fractionHospitalizedInICU":0.28311909520628603,
		"fractionDeathOfHospitalized":0.1294150131754208,
		"fractionOfInfectionsPCRConfirmed":0.24756398791963666,
		"dateContained":"Fri 28 Aug 2020 00:00:00",
		"dateICUOverCapacity":"Sun 3 May 2020 11:28:05",
		"dateHospitalsOverCapacity":"Sun 10 May 2020 15:06:15"
	},
	"summaryAug1":{
		"totalProjectedDeaths":3.230161890102149e4,
		"totalProjectedPCRConfirmed":7.53276272636559e5,
		"totalProjectedInfected":3.045687060975383e6,
		"totalInfectedFraction":0.7816968313836513,
		"fatalityRate":1.0605692001290797e-2,
		"fatalityRateSymptomatic":1.5150988573272569e-2,
		"fatalityRatePCR":4.288150320726536e-2,
		"fractionOfSymptomaticHospitalized":7.214219656619314e-2,
		"fractionOfPCRHospitalized":0.24043156426657233,
		"fractionHospitalizedInICU":0.2831190952062859,
		"fractionDeathOfHospitalized":0.1278573007330091,
		"fractionOfInfectionsPCRConfirmed":0.24732556482520626,
		"dateContained":"Fri 28 Aug 2020 00:00:00",
		"dateICUOverCapacity":"Sun 3 May 2020 11:28:05",
		"dateHospitalsOverCapacity":"Sun 10 May 2020 15:06:15"
	}
}