{
	"distancingLevel":1,
	"id":"scenario4",
	"distancingDays":90,
	"maintain":false,
	"name":"Normal",
	"gradual":false,
	"events":{
		"herd":{
			"eventName":"herd",
			"day":1.702129087486702e2,
			"thresholdCrossed":0.7000000000000004
		},
		"icu":{
			"eventName":"icu",
			"day":1.4429506019342622e2,
			"thresholdCrossed":1.5432783976185053e-4
		},
		"hospital":{
			"eventName":"hospital",
			"day":1.5659274951188166e2,
			"thresholdCrossed":1.8295628880128513e-3
		}
	},
	"summary":{
		"totalProjectedDeaths":2.6931006901705554e4,
		"totalProjectedPCRConfirmed":4.425064860952695e5,
		"totalProjectedInfected":2.8131993231941615e6,
		"totalInfectedFraction":0.7220272316116599,
		"fatalityRate":9.573088788862484e-3,
		"fatalityRateSymptomatic":1.3675841126946406e-2,
		"fatalityRatePCR":6.0860140467878784e-2,
		"fractionOfSymptomaticHospitalized":5.86838287179988e-2,
		"fractionOfSymptomaticHospitalizedOrICU":8.176769797205197e-2,
		"fractionOfPCRHospitalized":0.20101368605833353,
		"fractionOfPCRHospitalizedOrICU":0.2800844240898258,
		"fractionHospitalizedInICU":0.28231037226880457,
		"fractionOfDeathInICU":0.7415642038134866,
		"fractionDeathOfHospitalizedOrICU":0.17057759306720113,
		"fractionOfInfectionsPCRConfirmed":0.15729652799462465,
		"fractionOfDeathsReported":0.7698062356333724,
		"fractionOfHospitalizationsReported":0.7697120456987795,
		"dateContained":"",
		"dateICUOverCapacity":"Sat 23 May 2020 07:04:53",
		"dateHospitalsOverCapacity":"Thu 4 Jun 2020 14:13:33"
	},
	"summaryAug1":{
		"totalProjectedDeaths":2.4965673768082976e4,
		"totalProjectedPCRConfirmed":4.361791192374384e5,
		"totalProjectedInfected":2.797520341565224e6,
		"totalInfectedFraction":0.7180031115975906,
		"fatalityRate":8.92421527634526e-3,
		"fatalityRateSymptomatic":1.2748878966207515e-2,
		"fatalityRatePCR":5.723720523744894e-2,
		"fractionOfSymptomaticHospitalized":5.737802294722729e-2,
		"fractionOfSymptomaticHospitalizedOrICU":7.994824047912497e-2,
		"fractionOfPCRHospitalized":0.19827955939681352,
		"fractionOfPCRHospitalizedOrICU":0.27627480143976296,
		"fractionHospitalizedInICU":0.2823103722688044,
		"fractionOfDeathInICU":0.7372818955507501,
		"fractionDeathOfHospitalizedOrICU":0.1705775930672011,
		"fractionOfInfectionsPCRConfirmed":0.155916335176099,
		"fractionOfDeathsReported":0.769802192414732,
		"fractionOfHospitalizationsReported":0.7697078989363604,
		"dateContained":"",
		"dateICUOverCapacity":"Sat 23 May 2020 07:04:53",
		"dateHospitalsOverCapacity":"Thu 4 Jun 2020 14:13:33"
	}
}