{
	"distancingLevel":1,
	"id":"scenario4",
	"distancingDays":90,
	"maintain":false,
	"name":"Normal",
	"gradual":false,
	"events":{
		"herd":{
			"eventName":"herd",
			"day":1.727293599750125e2,
			"thresholdCrossed":0.7
		},
		"icu":{
			"eventName":"icu",
			"day":1.4447086417671852e2,
			"thresholdCrossed":1.5432783976186316e-4
		},
		"hospital":{
			"eventName":"hospital",
			"day":1.5693120116837918e2,
			"thresholdCrossed":1.8295628880088185e-3
		}
	},
	"summary":{
		"totalProjectedDeaths":2.364070888863452e4,
		"totalProjectedPCRConfirmed":3.872981056315405e5,
		"totalProjectedInfected":2.4694964611719092e6,
		"totalInfectedFraction":0.6338134943492884,
		"fatalityRate":9.573088789694288e-3,
		"fatalityRateSymptomatic":1.3675841128134697e-2,
		"fatalityRatePCR":6.104008396861439e-2,
		"fractionOfSymptomaticHospitalized":5.868382871914441e-2,
		"fractionOfSymptomaticHospitalizedOrICU":8.176769797364815e-2,
		"fractionOfPCRHospitalized":0.2016026943251503,
		"fractionOfPCRHospitalizedOrICU":0.28090512463231354,
		"fractionHospitalizedInICU":0.282310372268804,
		"fractionOfDeathInICU":0.7415650463684713,
		"fractionDeathOfHospitalizedOrICU":0.17057759306720102,
		"fractionOfInfectionsPCRConfirmed":0.15683282471591262,
		"fractionOfDeathsReported":0.7697990693450485,
		"fractionOfHospitalizationsReported":0.7696917218801831,
		"dateContained":"",
		"dateICUOverCapacity":"Sat 23 May 2020 11:18:02",
		"dateHospitalsOverCapacity":"Thu 4 Jun 2020 22:20:55"
	},
	"summaryAug1":{
		"totalProjectedDeaths":2.174256952408349e4,
		"totalProjectedPCRConfirmed":3.8008207449529646e5,
		"totalProjectedInfected":2.4492036987468572e6,
		"totalInfectedFraction":0.6286052153074474,
		"fatalityRate":8.877403514949837e-3,
		"fatalityRateSymptomatic":1.2682005021356909e-2,
		"fatalityRatePCR":5.72049327844651e-2,
		"fractionOfSymptomaticHospitalized":5.7191895195264984e-2,
		"fractionOfSymptomaticHospitalizedOrICU":7.968889751975865e-2,
		"fractionOfPCRHospitalized":0.19856085101175247,
		"fractionOfPCRHospitalizedOrICU":0.2766667419166349,
		"fractionHospitalizedInICU":0.28231037226880434,
		"fractionOfDeathInICU":0.737177141844095,
		"fractionDeathOfHospitalizedOrICU":0.1705775930672011,
		"fractionOfInfectionsPCRConfirmed":0.155185979300034,
		"fractionOfDeathsReported":0.7697939598686644,
		"fractionOfHospitalizationsReported":0.7696859845937971,
		"dateContained":"",
		"dateICUOverCapacity":"Sat 23 May 2020 11:18:02",
		"dateHospitalsOverCapacity":"Thu 4 Jun 2020 22:20:55"
	}
}