{
	"distancingLevel":0.6104761904761904,
	"id":"scenario1",
	"distancingDays":90,
	"maintain":true,
	"name":"Current",
	"events":{
		"herd":{
			"eventName":"herd",
			"day":2.3120988702955185e2,
			"thresholdCrossed":0.7000000000000002
		}
	},
	"summary":{
		"totalProjectedDeaths":4.3310123516422085e4,
		"totalProjectedPCRConfirmed":1.1425607347844716e6,
		"totalProjectedInfected":3.565500437174011e6,
		"totalInfectedFraction":0.7286280250012079,
		"fatalityRate":1.2146997112907204e-2,
		"fatalityRateSymptomatic":1.7352853018438866e-2,
		"fatalityRatePCR":3.79061893148218e-2,
		"fractionOfSymptomaticHospitalized":7.652695722130345e-2,
		"fractionOfPCRHospitalized":0.23818459662608754,
		"fractionHospitalizedInICU":0.29013893576056343,
		"fractionDeathOfHospitalized":0.11297173817886512,
		"fractionOfInfectionsPCRConfirmed":0.32044891170734413,
		"dateContained":"Sat 12 Dec 2020 00:00:00",
		"dateICUOverCapacity":"",
		"dateHospitalsOverCapacity":""
	},
	"summaryAug1":{
		"totalProjectedDeaths":1.0024084733871563e4,
		"totalProjectedPCRConfirmed":3.425425898199238e5,
		"totalProjectedInfected":1.3184003318390294e6,
		"totalInfectedFraction":0.2694217675402088,
		"fatalityRate":7.60321769631916e-3,
		"fatalityRateSymptomatic":1.0861739566170231e-2,
		"fatalityRatePCR":2.9263761738770263e-2,
		"fractionOfSymptomaticHospitalized":5.90166694084809e-2,
		"fractionOfPCRHospitalized":0.21589265787779724,
		"fractionHospitalizedInICU":0.2901389357605635,
		"fractionDeathOfHospitalized":9.622006257985447e-2,
		"fractionOfInfectionsPCRConfirmed":0.25981682615485463,
		"dateContained":"Sat 12 Dec 2020 00:00:00",
		"dateICUOverCapacity":"",
		"dateHospitalsOverCapacity":""
	}
}