{
	"distancingLevel":0.710997907142857,
	"id":"scenario1",
	"distancingDays":90,
	"maintain":true,
	"name":"Current",
	"events":{
		"herd":{
			"eventName":"herd",
			"day":1.8253918505398573e2,
			"thresholdCrossed":0.6999999999999998
		},
		"icu":{
			"eventName":"icu",
			"day":1.2315052520514584e2,
			"thresholdCrossed":1.9924617508650355e-4
		},
		"hospital":{
			"eventName":"hospital",
			"day":1.336857661625586e2,
			"thresholdCrossed":1.1685688563269027e-3
		}
	},
	"summary":{
		"totalProjectedDeaths":3.5800857382070004e4,
		"totalProjectedPCRConfirmed":8.867115369759271e5,
		"totalProjectedInfected":2.947337977775759e6,
		"totalInfectedFraction":0.6023034038553949,
		"fatalityRate":1.214684493330063e-2,
		"fatalityRateSymptomatic":1.73526356190009e-2,
		"fatalityRatePCR":4.03748636272023e-2,
		"fractionOfSymptomaticHospitalized":7.652695712174791e-2,
		"fractionOfPCRHospitalized":0.24144878478489465,
		"fractionHospitalizedInICU":0.2901389357605633,
		"fractionDeathOfHospitalized":0.11870237279703617,
		"fractionOfInfectionsPCRConfirmed":0.30085166467576063,
		"dateContained":"Sat 20 Feb 2021 00:00:00",
		"dateICUOverCapacity":"Sat 2 May 2020 03:36:45",
		"dateHospitalsOverCapacity":"Tue 12 May 2020 16:27:30"
	},
	"summaryAug1":{
		"totalProjectedDeaths":2.6283782659356893e4,
		"totalProjectedPCRConfirmed":7.026448703557963e5,
		"totalProjectedInfected":2.4513777837017723e6,
		"totalInfectedFraction":0.5009514329175468,
		"fatalityRate":1.0722044898223041e-2,
		"fatalityRateSymptomatic":1.5317206997461488e-2,
		"fatalityRatePCR":3.740692313892172e-2,
		"fractionOfSymptomaticHospitalized":7.291532286871105e-2,
		"fractionOfPCRHospitalized":0.23701100976727918,
		"fractionHospitalizedInICU":0.29013893576056365,
		"fractionDeathOfHospitalized":0.11203580076465998,
		"fractionOfInfectionsPCRConfirmed":0.28663263370803155,
		"dateContained":"Sat 20 Feb 2021 00:00:00",
		"dateICUOverCapacity":"Sat 2 May 2020 03:36:45",
		"dateHospitalsOverCapacity":"Tue 12 May 2020 16:27:30"
	}
}