{
	"distancingLevel":0.810997907142857,
	"id":"scenario1",
	"distancingDays":90,
	"maintain":true,
	"name":"Current",
	"events":{
		"herd":{
			"eventName":"herd",
			"day":2.294854135841523e2,
			"thresholdCrossed":0.6999999999999997
		},
		"icu":{
			"eventName":"icu",
			"day":1.4046038465103516e2,
			"thresholdCrossed":1.9924617508650355e-4
		},
		"hospital":{
			"eventName":"hospital",
			"day":1.6405064194523334e2,
			"thresholdCrossed":1.1685688563268992e-3
		}
	},
	"summary":{
		"totalProjectedDeaths":4.230369122900954e4,
		"totalProjectedPCRConfirmed":1.1112722088159106e6,
		"totalProjectedInfected":3.482647209604858e6,
		"totalInfectedFraction":0.7116965494250793,
		"fatalityRate":1.214699298635228e-2,
		"fatalityRateSymptomatic":1.73528471233604e-2,
		"fatalityRatePCR":3.80678027340261e-2,
		"fractionOfSymptomaticHospitalized":7.652695722153846e-2,
		"fractionOfPCRHospitalized":0.23836075432776446,
		"fractionHospitalizedInICU":0.2901389357605634,
		"fractionDeathOfHospitalized":0.11336954792849074,
		"fractionOfInfectionsPCRConfirmed":0.3190883663872448,
		"dateContained":"Tue 15 Dec 2020 00:00:00",
		"dateICUOverCapacity":"Tue 19 May 2020 11:02:57",
		"dateHospitalsOverCapacity":"Fri 12 Jun 2020 01:12:55"
	},
	"summaryAug1":{
		"totalProjectedDeaths":1.1190655142109685e4,
		"totalProjectedPCRConfirmed":3.7861896491982584e5,
		"totalProjectedInfected":1.4548583404664434e6,
		"totalInfectedFraction":0.2973076509032173,
		"fatalityRate":7.6919208082636e-3,
		"fatalityRateSymptomatic":1.0988458297519429e-2,
		"fatalityRatePCR":2.9556509786770328e-2,
		"fractionOfSymptomaticHospitalized":5.938108495837716e-2,
		"fractionOfPCRHospitalized":0.2162074271749973,
		"fractionHospitalizedInICU":0.2901389357605635,
		"fractionDeathOfHospitalized":9.704114130851837e-2,
		"fractionOfInfectionsPCRConfirmed":0.2602445574174847,
		"dateContained":"Tue 15 Dec 2020 00:00:00",
		"dateICUOverCapacity":"Tue 19 May 2020 11:02:57",
		"dateHospitalsOverCapacity":"Fri 12 Jun 2020 01:12:55"
	}
}