{
	"distancingLevel":0.7,
	"id":"scenario8",
	"distancingDays":590,
	"maintain":false,
	"name":"relaxed restrictions",
	"gradual":false,
	"events":{
		"icu":{
			"eventName":"icu",
			"day":1.5835946736067564e2,
			"thresholdCrossed":1.9531171400784727e-4
		}
	},
	"summary":{
		"totalProjectedDeaths":2.090273117080579e3,
		"totalProjectedPCRConfirmed":3.4861469097301575e4,
		"totalProjectedInfected":2.1322170329204225e5,
		"totalInfectedFraction":0.2860212660277571,
		"fatalityRate":9.803284960244435e-3,
		"fatalityRateSymptomatic":1.4004692800349194e-2,
		"fatalityRatePCR":5.9959409950465205e-2,
		"fractionOfSymptomaticHospitalized":5.8440450745998705e-2,
		"fractionOfSymptomaticHospitalizedOrICU":8.127069314059558e-2,
		"fractionOfPCRHospitalized":0.19070737110234204,
		"fractionOfPCRHospitalizedOrICU":0.26520877301017853,
		"fractionHospitalizedInICU":0.28091605365173067,
		"fractionOfDeathInICU":0.7644633477756598,
		"fractionDeathOfHospitalizedOrICU":0.1702290134129327,
		"fractionOfInfectionsPCRConfirmed":0.1634986896692831,
		"fractionOfDeathsReported":0.7622362602824839,
		"fractionOfHospitalizationsReported":0.7622021314611802,
		"dateContained":"",
		"dateICUOverCapacity":"Sat 6 Jun 2020 08:37:37",
		"dateHospitalsOverCapacity":""
	},
	"summaryAug1":{
		"totalProjectedDeaths":1.251136343377356e3,
		"totalProjectedPCRConfirmed":2.5780380915747224e4,
		"totalProjectedInfected":1.6738409176533355e5,
		"totalInfectedFraction":0.22453347431548146,
		"fatalityRate":7.47464308096497e-3,
		"fatalityRateSymptomatic":1.0678061544235673e-2,
		"fatalityRatePCR":4.853056079606389e-2,
		"fractionOfSymptomaticHospitalized":5.096188580009175e-2,
		"fractionOfSymptomaticHospitalizedOrICU":7.087056533370266e-2,
		"fractionOfPCRHospitalized":0.17653339449171052,
		"fractionOfPCRHospitalizedOrICU":0.24549761594345376,
		"fractionHospitalizedInICU":0.2809160536517308,
		"fractionOfDeathInICU":0.7542007464437367,
		"fractionDeathOfHospitalizedOrICU":0.1702290134129327,
		"fractionOfInfectionsPCRConfirmed":0.15401930161852173,
		"fractionOfDeathsReported":0.7622293459357117,
		"fractionOfHospitalizationsReported":0.7621816552588994,
		"dateContained":"",
		"dateICUOverCapacity":"Sat 6 Jun 2020 08:37:37",
		"dateHospitalsOverCapacity":""
	}
}