{
	"distancingLevel":0.6650359351999999,
	"id":"scenario6",
	"distancingDays":2,
	"maintain":true,
	"postDistancingLevel":1,
	"name":"Open May 1",
	"gradual":false,
	"events":{
		"herd":{
			"eventName":"herd",
			"day":1.6215067021448587e2,
			"thresholdCrossed":0.7000000000000011
		},
		"icu":{
			"eventName":"icu",
			"day":1.401732740516551e2,
			"thresholdCrossed":1.2982481799415164e-4
		},
		"hospital":{
			"eventName":"hospital",
			"day":1.4683200295819222e2,
			"thresholdCrossed":1.0967057000421498e-3
		}
	},
	"summary":{
		"totalProjectedDeaths":5.392424917220396e4,
		"totalProjectedPCRConfirmed":1.381191410234029e6,
		"totalProjectedInfected":5.098759194184247e6,
		"totalInfectedFraction":0.7487224119228327,
		"fatalityRate":1.0575955270394238e-2,
		"fatalityRateSymptomatic":1.5108507529134625e-2,
		"fatalityRatePCR":3.904183647005671e-2,
		"fractionOfSymptomaticHospitalized":6.0562996085333935e-2,
		"fractionOfSymptomaticHospitalizedOrICU":8.543278686537648e-2,
		"fractionOfPCRHospitalized":0.12244120005488024,
		"fractionOfPCRHospitalizedOrICU":0.17272086296871036,
		"fractionHospitalizedInICU":0.2911035878910509,
		"fractionOfDeathInICU":0.7657622950652909,
		"fractionDeathOfHospitalizedOrICU":0.17277589697276272,
		"fractionOfInfectionsPCRConfirmed":0.2708877508491566,
		"fractionOfDeathsReported":0.7824059173057399,
		"fractionOfHospitalizationsReported":0.7823688541102912,
		"dateContained":"",
		"dateICUOverCapacity":"Tue 19 May 2020 04:09:30",
		"dateHospitalsOverCapacity":"Mon 25 May 2020 19:58:05"
	},
	"summaryAug1":{
		"totalProjectedDeaths":5.210773783146028e4,
		"totalProjectedPCRConfirmed":1.3759062445185622e6,
		"totalProjectedInfected":5.09153864981713e6,
		"totalInfectedFraction":0.747662117998752,
		"fatalityRate":1.023418290919422e-2,
		"fatalityRateSymptomatic":1.4620261298848889e-2,
		"fatalityRatePCR":3.787157594425562e-2,
		"fractionOfSymptomaticHospitalized":6.003442833444942e-2,
		"fractionOfSymptomaticHospitalizedOrICU":8.468716628971008e-2,
		"fractionOfPCRHospitalized":0.1216661828974956,
		"fractionOfPCRHospitalizedOrICU":0.17162759017998377,
		"fractionHospitalizedInICU":0.2911035878910509,
		"fractionOfDeathInICU":0.7635447981778153,
		"fractionDeathOfHospitalizedOrICU":0.17277589697276272,
		"fractionOfInfectionsPCRConfirmed":0.270233880001673,
		"fractionOfDeathsReported":0.7824054130765722,
		"fractionOfHospitalizationsReported":0.7823683267260196,
		"dateContained":"",
		"dateICUOverCapacity":"Tue 19 May 2020 04:09:30",
		"dateHospitalsOverCapacity":"Mon 25 May 2020 19:58:05"
	}
}