{
	"distancingLevel":0.6476190476190474,
	"id":"scenario6",
	"distancingDays":14,
	"maintain":true,
	"name":"Open May 28",
	"gradual":false,
	"events":{},
	"summary":{
		"totalProjectedDeaths":5.293762247085284e4,
		"totalProjectedPCRConfirmed":8.344192922507025e5,
		"totalProjectedInfected":5.005469588178596e6,
		"totalInfectedFraction":0.7350233890516308,
		"fatalityRate":1.0575955270185934e-2,
		"fatalityRateSymptomatic":1.5108507528837046e-2,
		"fatalityRatePCR":6.344247186335147e-2,
		"fractionOfSymptomaticHospitalized":6.056299608508543e-2,
		"fractionOfSymptomaticHospitalizedOrICU":8.543278686502595e-2,
		"fractionOfPCRHospitalized":0.1989597454571979,
		"fractionOfPCRHospitalizedOrICU":0.2806612391580564,
		"fractionHospitalizedInICU":0.29110358789105106,
		"fractionOfDeathInICU":0.7657631874904858,
		"fractionDeathOfHospitalizedOrICU":0.17277589697276274,
		"fractionOfInfectionsPCRConfirmed":0.1667015007385817,
		"fractionOfDeathsReported":0.7823998672923682,
		"fractionOfHospitalizationsReported":0.78234684303372,
		"dateContained":"",
		"dateICUOverCapacity":"",
		"dateHospitalsOverCapacity":""
	},
	"summaryAug1":{
		"totalProjectedDeaths":2.885085812975854e4,
		"totalProjectedPCRConfirmed":7.040620255049724e5,
		"totalProjectedInfected":4.634730515158715e6,
		"totalInfectedFraction":0.6805825648483431,
		"fatalityRate":6.22492678601197e-3,
		"fatalityRateSymptomatic":8.892752551445672e-3,
		"fatalityRatePCR":4.0977722252618184e-2,
		"fractionOfSymptomaticHospitalized":4.832768738724776e-2,
		"fractionOfSymptomaticHospitalizedOrICU":6.81731301805776e-2,
		"fractionOfPCRHospitalized":0.174217800663819,
		"fractionOfPCRHospitalizedOrICU":0.2457591796035833,
		"fractionHospitalizedInICU":0.29110358789105106,
		"fractionOfDeathInICU":0.7418690762266197,
		"fractionDeathOfHospitalizedOrICU":0.17277589697276274,
		"fractionOfInfectionsPCRConfirmed":0.15191002436974746,
		"fractionOfDeathsReported":0.7823827406218739,
		"fractionOfHospitalizationsReported":0.7823208533035302,
		"dateContained":"",
		"dateICUOverCapacity":"",
		"dateHospitalsOverCapacity":""
	}
}