{
	"distancingLevel":0.6411111111111111,
	"id":"scenario6",
	"distancingDays":14,
	"maintain":true,
	"name":"Open May 10",
	"gradual":false,
	"events":{
		"herd":{
			"eventName":"herd",
			"day":1.7479839761560476e2,
			"thresholdCrossed":0.7000000000000005
		},
		"icu":{
			"eventName":"icu",
			"day":1.528991976745923e2,
			"thresholdCrossed":1.2982481799408063e-4
		},
		"hospital":{
			"eventName":"hospital",
			"day":1.6139653112949958e2,
			"thresholdCrossed":1.0967057000274567e-3
		}
	},
	"summary":{
		"totalProjectedDeaths":5.927915773883738e4,
		"totalProjectedPCRConfirmed":9.264834351851814e5,
		"totalProjectedInfected":5.605087788600495e6,
		"totalInfectedFraction":0.8230737495716552,
		"fatalityRate":1.0575955270388097e-2,
		"fatalityRateSymptomatic":1.5108507529125853e-2,
		"fatalityRatePCR":6.398296557454254e-2,
		"fractionOfSymptomaticHospitalized":6.056299608532703e-2,
		"fractionOfSymptomaticHospitalizedOrICU":8.543278686536673e-2,
		"fractionOfPCRHospitalized":0.20065109606123166,
		"fractionOfPCRHospitalizedOrICU":0.2830471316172976,
		"fractionHospitalizedInICU":0.29110358789105084,
		"fractionOfDeathInICU":0.7657637660837125,
		"fractionDeathOfHospitalizedOrICU":0.17277589697276272,
		"fractionOfInfectionsPCRConfirmed":0.16529329604247112,
		"fractionOfDeathsReported":0.7823942335765065,
		"fractionOfHospitalizationsReported":0.782332521890986,
		"dateContained":"",
		"dateICUOverCapacity":"Sun 31 May 2020 21:34:50",
		"dateHospitalsOverCapacity":"Tue 9 Jun 2020 09:31:00"
	},
	"summaryAug1":{
		"totalProjectedDeaths":5.3942620509072e4,
		"totalProjectedPCRConfirmed":9.148627193703981e5,
		"totalProjectedInfected":5.586036919078776e6,
		"totalInfectedFraction":0.820276242877517,
		"fatalityRate":9.65668886376927e-3,
		"fatalityRateSymptomatic":1.3795269805384671e-2,
		"fatalityRatePCR":5.8962529969736804e-2,
		"fractionOfSymptomaticHospitalized":5.9012883206526145e-2,
		"fractionOfSymptomaticHospitalizedOrICU":8.324613046208587e-2,
		"fractionOfPCRHospitalized":0.19732525713331114,
		"fractionOfPCRHospitalizedOrICU":0.2783555590954022,
		"fractionHospitalizedInICU":0.29110358789105106,
		"fractionOfDeathInICU":0.7600807000440316,
		"fractionDeathOfHospitalizedOrICU":0.17277589697276274,
		"fractionOfInfectionsPCRConfirmed":0.16377670477718095,
		"fractionOfDeathsReported":0.7823916467726155,
		"fractionOfHospitalizationsReported":0.7823299065417273,
		"dateContained":"",
		"dateICUOverCapacity":"Sun 31 May 2020 21:34:50",
		"dateHospitalsOverCapacity":"Tue 9 Jun 2020 09:31:00"
	}
}