{
	"distancingLevel":0.6411111111111111,
	"id":"scenario6",
	"distancingDays":14,
	"maintain":true,
	"name":"Open May 10",
	"gradual":false,
	"events":{
		"herd":{
			"eventName":"herd",
			"day":1.6950783364529428e2,
			"thresholdCrossed":0.7000000000000004
		},
		"icu":{
			"eventName":"icu",
			"day":1.450530071128135e2,
			"thresholdCrossed":1.2982481799415148e-4
		},
		"hospital":{
			"eventName":"hospital",
			"day":1.567859117584278e2,
			"thresholdCrossed":1.0967057000421507e-3
		}
	},
	"summary":{
		"totalProjectedDeaths":6.080964834590799e4,
		"totalProjectedPCRConfirmed":9.452616577978393e5,
		"totalProjectedInfected":5.7498019603137495e6,
		"totalInfectedFraction":0.8443241635563262,
		"fatalityRate":1.057595527039505e-2,
		"fatalityRateSymptomatic":1.5108507529135787e-2,
		"fatalityRatePCR":6.433102183323001e-2,
		"fractionOfSymptomaticHospitalized":6.0562996085324804e-2,
		"fractionOfSymptomaticHospitalizedOrICU":8.543278686536362e-2,
		"fractionOfPCRHospitalized":0.20174750040130107,
		"fractionOfPCRHospitalizedOrICU":0.2845937670937102,
		"fractionHospitalizedInICU":0.29110358789105123,
		"fractionOfDeathInICU":0.7657630156718659,
		"fractionDeathOfHospitalizedOrICU":0.1727758969727628,
		"fractionOfInfectionsPCRConfirmed":0.1643989939692217,
		"fractionOfDeathsReported":0.7824001426568432,
		"fractionOfHospitalizationsReported":0.7823515122537215,
		"dateContained":"",
		"dateICUOverCapacity":"Sun 24 May 2020 01:16:19",
		"dateHospitalsOverCapacity":"Thu 4 Jun 2020 18:51:42"
	},
	"summaryAug1":{
		"totalProjectedDeaths":5.736659924239238e4,
		"totalProjectedPCRConfirmed":9.39119328318036e5,
		"totalProjectedInfected":5.741264332365884e6,
		"totalInfectedFraction":0.8430704637549086,
		"fatalityRate":9.991980149562719e-3,
		"fatalityRateSymptomatic":1.4274257356518173e-2,
		"fatalityRatePCR":6.108552716632511e-2,
		"fractionOfSymptomaticHospitalized":5.968817453115416e-2,
		"fractionOfSymptomaticHospitalizedOrICU":8.419872566935886e-2,
		"fractionOfPCRHospitalized":0.19983631324477993,
		"fractionOfPCRHospitalizedOrICU":0.281897763666587,
		"fractionHospitalizedInICU":0.291103587891051,
		"fractionOfDeathInICU":0.7619233853776377,
		"fractionDeathOfHospitalizedOrICU":0.17277589697276274,
		"fractionOfInfectionsPCRConfirmed":0.16357360921771735,
		"fractionOfDeathsReported":0.7823989279590516,
		"fractionOfHospitalizationsReported":0.7823503989566779,
		"dateContained":"",
		"dateICUOverCapacity":"Sun 24 May 2020 01:16:19",
		"dateHospitalsOverCapacity":"Thu 4 Jun 2020 18:51:42"
	}
}