{
	"distancingLevel":0.2,
	"id":"scenario2",
	"distancingDays":90,
	"maintain":false,
	"name":"Italy",
	"gradual":false,
	"events":{
		"herd":{
			"eventName":"herd",
			"day":3.1578040905004013e2,
			"thresholdCrossed":0.7000000000000004
		},
		"icu":{
			"eventName":"icu",
			"day":2.912655073653209e2,
			"thresholdCrossed":2.1867109588601216e-4
		},
		"hospital":{
			"eventName":"hospital",
			"day":3.000025910523401e2,
			"thresholdCrossed":1.997587983402419e-3
		}
	},
	"summary":{
		"totalProjectedDeaths":2.327544351244379e4,
		"totalProjectedPCRConfirmed":6.603936280837894e5,
		"totalProjectedInfected":2.0898581919114143e6,
		"totalInfectedFraction":0.6998339679968034,
		"fatalityRate":1.1137331519683514e-2,
		"fatalityRateSymptomatic":1.5910473599547878e-2,
		"fatalityRatePCR":3.5244803284944254e-2,
		"fractionOfSymptomaticHospitalized":7.257444636565726e-2,
		"fractionOfSymptomaticHospitalizedOrICU":0.10107685814032256,
		"fractionOfPCRHospitalized":0.2078261006762394,
		"fractionOfPCRHospitalizedOrICU":0.289446359536392,
		"fractionHospitalizedInICU":0.28198751226612234,
		"fractionOfDeathInICU":0.6807035531533835,
		"fractionDeathOfHospitalizedOrICU":0.16305587904782037,
		"fractionOfInfectionsPCRConfirmed":0.3159992532698039,
		"dateContained":"Tue 16 Jun 2020 00:00:00",
		"dateICUOverCapacity":"Sat 17 Oct 2020 06:22:19",
		"dateHospitalsOverCapacity":"Mon 26 Oct 2020 00:03:43"
	},
	"summaryAug1":{
		"totalProjectedDeaths":1.0363303345246393e3,
		"totalProjectedPCRConfirmed":1.5730980115283164e4,
		"totalProjectedInfected":9.30684924977341e4,
		"totalInfectedFraction":3.1165986597683392e-2,
		"fatalityRate":1.1135136142340227e-2,
		"fatalityRateSymptomatic":1.5907337346200326e-2,
		"fatalityRatePCR":6.587830681432305e-2,
		"fractionOfSymptomaticHospitalized":7.257269660259985e-2,
		"fractionOfSymptomaticHospitalizedOrICU":0.1010744211868053,
		"fractionOfPCRHospitalized":0.2266693080094942,
		"fractionOfPCRHospitalizedOrICU":0.31568992445366234,
		"fractionHospitalizedInICU":0.28198751226612195,
		"fractionOfDeathInICU":0.6807595479566835,
		"fractionDeathOfHospitalizedOrICU":0.16305587904782023,
		"fractionOfInfectionsPCRConfirmed":0.16902583992822445,
		"dateContained":"Tue 16 Jun 2020 00:00:00",
		"dateICUOverCapacity":"Sat 17 Oct 2020 06:22:19",
		"dateHospitalsOverCapacity":"Mon 26 Oct 2020 00:03:43"
	}
}