{
	"distancingLevel":0.2,
	"id":"scenario2",
	"distancingDays":90,
	"maintain":false,
	"name":"Italy",
	"gradual":false,
	"events":{
		"herd":{
			"eventName":"herd",
			"day":4.4191510379846244e2,
			"thresholdCrossed":0.7000000000000045
		},
		"icu":{
			"eventName":"icu",
			"day":3.9851905905694474e2,
			"thresholdCrossed":1.530697671303521e-4
		},
		"hospital":{
			"eventName":"hospital",
			"day":4.241049130432621e2,
			"thresholdCrossed":1.997587983412363e-3
		}
	},
	"summary":{
		"totalProjectedDeaths":1.2242838854082736e3,
		"totalProjectedPCRConfirmed":1.718086923440472e4,
		"totalProjectedInfected":1.404384484797186e5,
		"totalInfectedFraction":4.7028835276610094e-2,
		"fatalityRate":8.71758338732344e-3,
		"fatalityRateSymptomatic":1.24536905533192e-2,
		"fatalityRatePCR":7.12585532608934e-2,
		"fractionOfSymptomaticHospitalized":5.764990738269946e-2,
		"fractionOfSymptomaticHospitalizedOrICU":8.020084004680082e-2,
		"fractionOfPCRHospitalized":0.25372026915415324,
		"fractionOfPCRHospitalizedOrICU":0.35296810778867,
		"fractionHospitalizedInICU":0.28118075385422237,
		"fractionOfDeathInICU":0.7239380678821699,
		"fractionDeathOfHospitalizedOrICU":0.17029518846355557,
		"fractionOfInfectionsPCRConfirmed":0.12233736145900168,
		"fractionOfDeathsReported":0.7727981728646218,
		"fractionOfHospitalizationsReported":0.7691616439935433,
		"dateContained":"Mon 15 Jun 2020 08:24:00",
		"dateICUOverCapacity":"Mon 1 Feb 2021 12:27:26",
		"dateHospitalsOverCapacity":"Sat 27 Feb 2021 02:31:04"
	},
	"summaryAug1":{
		"totalProjectedDeaths":1.2242838854082736e3,
		"totalProjectedPCRConfirmed":1.718086923440472e4,
		"totalProjectedInfected":1.404384484797186e5,
		"totalInfectedFraction":4.7028835276610094e-2,
		"fatalityRate":8.71758338732344e-3,
		"fatalityRateSymptomatic":1.24536905533192e-2,
		"fatalityRatePCR":7.12585532608934e-2,
		"fractionOfSymptomaticHospitalized":5.764990738269946e-2,
		"fractionOfSymptomaticHospitalizedOrICU":8.020084004680082e-2,
		"fractionOfPCRHospitalized":0.25372026915415324,
		"fractionOfPCRHospitalizedOrICU":0.35296810778867,
		"fractionHospitalizedInICU":0.28118075385422237,
		"fractionOfDeathInICU":0.7239380678821699,
		"fractionDeathOfHospitalizedOrICU":0.17029518846355557,
		"fractionOfInfectionsPCRConfirmed":0.12233736145900168,
		"fractionOfDeathsReported":0.7727981728646218,
		"fractionOfHospitalizationsReported":0.7691616439935433,
		"dateContained":"Mon 15 Jun 2020 08:24:00",
		"dateICUOverCapacity":"Mon 1 Feb 2021 12:27:26",
		"dateHospitalsOverCapacity":"Sat 27 Feb 2021 02:31:04"
	}
}