{
	"distancingLevel":0.2,
	"id":"scenario2",
	"distancingDays":90,
	"maintain":false,
	"name":"Italy",
	"gradual":false,
	"events":{
		"herd":{
			"eventName":"herd",
			"day":3.416466616096098e2,
			"thresholdCrossed":0.6999999999999915
		},
		"icu":{
			"eventName":"icu",
			"day":1.3964149154435094e2,
			"thresholdCrossed":1.5306976713035214e-4
		},
		"hospital":{
			"eventName":"hospital",
			"day":3.289292673843955e2,
			"thresholdCrossed":1.9975879834025303e-3
		}
	},
	"summary":{
		"totalProjectedDeaths":1.3887252761954642e3,
		"totalProjectedPCRConfirmed":1.9344725052074504e4,
		"totalProjectedInfected":1.5995845414175632e5,
		"totalInfectedFraction":5.3565529043994184e-2,
		"fatalityRate":8.681787303125384e-3,
		"fatalityRateSymptomatic":1.2402553290179122e-2,
		"fatalityRatePCR":7.178831813102139e-2,
		"fractionOfSymptomaticHospitalized":5.770241287808702e-2,
		"fractionOfSymptomaticHospitalizedOrICU":8.027388413357107e-2,
		"fractionOfPCRHospitalized":0.2582163305288824,
		"fractionOfPCRHospitalizedOrICU":0.359222894925821,
		"fractionHospitalizedInICU":0.28118075385422286,
		"fractionOfDeathInICU":0.7231334644021556,
		"fractionDeathOfHospitalizedOrICU":0.1702951884635557,
		"fractionOfInfectionsPCRConfirmed":0.12093593399528024,
		"fractionOfDeathsReported":0.7744642065857467,
		"fractionOfHospitalizationsReported":0.7731202598140855,
		"dateContained":"Fri 12 Jun 2020 20:04:10",
		"dateICUOverCapacity":"Mon 18 May 2020 15:23:44",
		"dateHospitalsOverCapacity":"Mon 23 Nov 2020 22:18:08"
	},
	"summaryAug1":{
		"totalProjectedDeaths":1.3887252761954642e3,
		"totalProjectedPCRConfirmed":1.9344725052074504e4,
		"totalProjectedInfected":1.5995845414175632e5,
		"totalInfectedFraction":5.3565529043994184e-2,
		"fatalityRate":8.681787303125384e-3,
		"fatalityRateSymptomatic":1.2402553290179122e-2,
		"fatalityRatePCR":7.178831813102139e-2,
		"fractionOfSymptomaticHospitalized":5.770241287808702e-2,
		"fractionOfSymptomaticHospitalizedOrICU":8.027388413357107e-2,
		"fractionOfPCRHospitalized":0.2582163305288824,
		"fractionOfPCRHospitalizedOrICU":0.359222894925821,
		"fractionHospitalizedInICU":0.28118075385422286,
		"fractionOfDeathInICU":0.7231334644021556,
		"fractionDeathOfHospitalizedOrICU":0.1702951884635557,
		"fractionOfInfectionsPCRConfirmed":0.12093593399528024,
		"fractionOfDeathsReported":0.7744642065857467,
		"fractionOfHospitalizationsReported":0.7731202598140855,
		"dateContained":"Fri 12 Jun 2020 20:04:10",
		"dateICUOverCapacity":"Mon 18 May 2020 15:23:44",
		"dateHospitalsOverCapacity":"Mon 23 Nov 2020 22:18:08"
	}
}