{
	"distancingLevel":0.2,
	"id":"scenario2",
	"distancingDays":90,
	"maintain":false,
	"name":"Italy",
	"gradual":false,
	"events":{
		"herd":{
			"eventName":"herd",
			"day":3.1830588640656504e2,
			"thresholdCrossed":0.6999999999999994
		},
		"icu":{
			"eventName":"icu",
			"day":1.3643468733466497e2,
			"thresholdCrossed":1.5306976713041015e-4
		},
		"hospital":{
			"eventName":"hospital",
			"day":3.087266504683157e2,
			"thresholdCrossed":1.9975879833245133e-3
		}
	},
	"summary":{
		"totalProjectedDeaths":1.297041453549946e3,
		"totalProjectedPCRConfirmed":1.8326017197576843e4,
		"totalProjectedInfected":1.532928029156438e5,
		"totalInfectedFraction":5.133339235409441e-2,
		"fatalityRate":8.461202541020148e-3,
		"fatalityRateSymptomatic":1.2087432201457355e-2,
		"fatalityRatePCR":7.077595964067127e-2,
		"fractionOfSymptomaticHospitalized":5.7267616590390466e-2,
		"fractionOfSymptomaticHospitalizedOrICU":7.966900844329444e-2,
		"fractionOfPCRHospitalized":0.25948960967452783,
		"fractionOfPCRHospitalizedOrICU":0.36099424308110845,
		"fractionHospitalizedInICU":0.2811807538542228,
		"fractionOfDeathInICU":0.7215827545580374,
		"fractionDeathOfHospitalizedOrICU":0.1702951884635557,
		"fractionOfInfectionsPCRConfirmed":0.11954910373490626,
		"fractionOfDeathsReported":0.7747693717391327,
		"fractionOfHospitalizationsReported":0.7738542082167137,
		"dateContained":"Sat 6 Jun 2020 16:25:10",
		"dateICUOverCapacity":"Fri 15 May 2020 10:25:56",
		"dateHospitalsOverCapacity":"Tue 3 Nov 2020 17:26:22"
	},
	"summaryAug1":{
		"totalProjectedDeaths":1.297041453549946e3,
		"totalProjectedPCRConfirmed":1.8326017197576843e4,
		"totalProjectedInfected":1.532928029156438e5,
		"totalInfectedFraction":5.133339235409441e-2,
		"fatalityRate":8.461202541020148e-3,
		"fatalityRateSymptomatic":1.2087432201457355e-2,
		"fatalityRatePCR":7.077595964067127e-2,
		"fractionOfSymptomaticHospitalized":5.7267616590390466e-2,
		"fractionOfSymptomaticHospitalizedOrICU":7.966900844329444e-2,
		"fractionOfPCRHospitalized":0.25948960967452783,
		"fractionOfPCRHospitalizedOrICU":0.36099424308110845,
		"fractionHospitalizedInICU":0.2811807538542228,
		"fractionOfDeathInICU":0.7215827545580374,
		"fractionDeathOfHospitalizedOrICU":0.1702951884635557,
		"fractionOfInfectionsPCRConfirmed":0.11954910373490626,
		"fractionOfDeathsReported":0.7747693717391327,
		"fractionOfHospitalizationsReported":0.7738542082167137,
		"dateContained":"Sat 6 Jun 2020 16:25:10",
		"dateICUOverCapacity":"Fri 15 May 2020 10:25:56",
		"dateHospitalsOverCapacity":"Tue 3 Nov 2020 17:26:22"
	}
}