{
	"distancingLevel":0.2,
	"id":"scenario2",
	"distancingDays":90,
	"maintain":false,
	"name":"Italy",
	"gradual":false,
	"events":{
		"herd":{
			"eventName":"herd",
			"day":3.4154394508162517e2,
			"thresholdCrossed":0.6999999999999978
		},
		"icu":{
			"eventName":"icu",
			"day":1.3689395060936636e2,
			"thresholdCrossed":1.5306976713035212e-4
		},
		"hospital":{
			"eventName":"hospital",
			"day":3.311958828213935e2,
			"thresholdCrossed":1.997587983386865e-3
		}
	},
	"summary":{
		"totalProjectedDeaths":1.8974927013549832e3,
		"totalProjectedPCRConfirmed":2.7720897899493142e4,
		"totalProjectedInfected":2.177437178433026e5,
		"totalInfectedFraction":7.291616754401974e-2,
		"fatalityRate":8.714339592201218e-3,
		"fatalityRateSymptomatic":1.2449056560287457e-2,
		"fatalityRatePCR":6.844990044098381e-2,
		"fractionOfSymptomaticHospitalized":5.778839226391512e-2,
		"fractionOfSymptomaticHospitalizedOrICU":8.039349610318526e-2,
		"fractionOfPCRHospitalized":0.24582944865818251,
		"fractionOfPCRHospitalizedOrICU":0.341990632521723,
		"fractionHospitalizedInICU":0.2811807538542227,
		"fractionOfDeathInICU":0.723253180011469,
		"fractionDeathOfHospitalizedOrICU":0.17029518846355568,
		"fractionOfInfectionsPCRConfirmed":0.12730974824009503,
		"fractionOfDeathsReported":0.774658687186762,
		"fractionOfHospitalizationsReported":0.7736720619241801,
		"dateContained":"Thu 18 Jun 2020 07:37:58",
		"dateICUOverCapacity":"Fri 15 May 2020 21:27:17",
		"dateHospitalsOverCapacity":"Thu 26 Nov 2020 04:42:04"
	},
	"summaryAug1":{
		"totalProjectedDeaths":1.8974927013549832e3,
		"totalProjectedPCRConfirmed":2.7720897899493142e4,
		"totalProjectedInfected":2.177437178433026e5,
		"totalInfectedFraction":7.291616754401974e-2,
		"fatalityRate":8.714339592201218e-3,
		"fatalityRateSymptomatic":1.2449056560287457e-2,
		"fatalityRatePCR":6.844990044098381e-2,
		"fractionOfSymptomaticHospitalized":5.778839226391512e-2,
		"fractionOfSymptomaticHospitalizedOrICU":8.039349610318526e-2,
		"fractionOfPCRHospitalized":0.24582944865818251,
		"fractionOfPCRHospitalizedOrICU":0.341990632521723,
		"fractionHospitalizedInICU":0.2811807538542227,
		"fractionOfDeathInICU":0.723253180011469,
		"fractionDeathOfHospitalizedOrICU":0.17029518846355568,
		"fractionOfInfectionsPCRConfirmed":0.12730974824009503,
		"fractionOfDeathsReported":0.774658687186762,
		"fractionOfHospitalizationsReported":0.7736720619241801,
		"dateContained":"Thu 18 Jun 2020 07:37:58",
		"dateICUOverCapacity":"Fri 15 May 2020 21:27:17",
		"dateHospitalsOverCapacity":"Thu 26 Nov 2020 04:42:04"
	}
}