{
	"distancingLevel":0.4,
	"id":"scenario2",
	"distancingDays":90,
	"maintain":false,
	"name":"Italy",
	"gradual":false,
	"events":{},
	"summary":{
		"totalProjectedDeaths":2.3173814495984447e4,
		"totalProjectedPCRConfirmed":6.603338572287477e5,
		"totalProjectedInfected":2.1802895838565324e6,
		"totalInfectedFraction":0.7301168647509334,
		"fatalityRate":1.0628778244674371e-2,
		"fatalityRateSymptomatic":1.5183968920963386e-2,
		"fatalityRatePCR":3.509408800154367e-2,
		"fractionOfSymptomaticHospitalized":7.257444636610326e-2,
		"fractionOfPCRHospitalized":0.2295804627901319,
		"fractionHospitalizedInICU":0.28198751226612195,
		"fractionDeathOfHospitalized":0.10975669760616542,
		"fractionOfInfectionsPCRConfirmed":0.3028652075018119,
		"dateContained":"Wed 13 Jan 2021 00:00:00",
		"dateICUOverCapacity":"",
		"dateHospitalsOverCapacity":""
	},
	"summaryAug1":{
		"totalProjectedDeaths":1.1648031479833935e3,
		"totalProjectedPCRConfirmed":1.9954981930561255e4,
		"totalProjectedInfected":1.1121099026076535e5,
		"totalInfectedFraction":3.7241392215163434e-2,
		"fatalityRate":1.0473813291763574e-2,
		"fatalityRateSymptomatic":1.4962590416805106e-2,
		"fatalityRatePCR":5.837154611498224e-2,
		"fractionOfSymptomaticHospitalized":7.207815133809134e-2,
		"fractionOfPCRHospitalized":0.24439685905463338,
		"fractionHospitalizedInICU":0.2819875122661219,
		"fractionDeathOfHospitalized":0.17148951586780473,
		"fractionOfInfectionsPCRConfirmed":0.17943354234838843,
		"dateContained":"Wed 13 Jan 2021 00:00:00",
		"dateICUOverCapacity":"",
		"dateHospitalsOverCapacity":""
	}
}