{
	"distancingLevel":0.2,
	"id":"scenario2",
	"distancingDays":90,
	"maintain":false,
	"name":"Italy",
	"gradual":false,
	"events":{
		"herd":{
			"eventName":"herd",
			"day":3.360223054707705e2,
			"thresholdCrossed":0.700000000000009
		},
		"icu":{
			"eventName":"icu",
			"day":1.3815205870354086e2,
			"thresholdCrossed":1.5306976713035212e-4
		},
		"hospital":{
			"eventName":"hospital",
			"day":3.252146750337088e2,
			"thresholdCrossed":1.997587983402417e-3
		}
	},
	"summary":{
		"totalProjectedDeaths":1.4484569256893235e3,
		"totalProjectedPCRConfirmed":2.0234682662467796e4,
		"totalProjectedInfected":1.666439766160834e5,
		"totalInfectedFraction":5.580432004878522e-2,
		"fatalityRate":8.691924875426476e-3,
		"fatalityRateSymptomatic":1.241703553632354e-2,
		"fatalityRatePCR":7.158288320359907e-2,
		"fractionOfSymptomaticHospitalized":5.772649261425734e-2,
		"fractionOfSymptomaticHospitalizedOrICU":8.030738314782178e-2,
		"fractionOfPCRHospitalized":0.25731262743748173,
		"fractionOfPCRHospitalizedOrICU":0.3579656900078304,
		"fractionHospitalizedInICU":0.28118075385422286,
		"fractionOfDeathInICU":0.7231824041824979,
		"fractionDeathOfHospitalizedOrICU":0.1702951884635557,
		"fractionOfInfectionsPCRConfirmed":0.12142462676034625,
		"fractionOfDeathsReported":0.7744945250466176,
		"fractionOfHospitalizationsReported":0.7732050208385495,
		"dateContained":"Sat 13 Jun 2020 06:44:12",
		"dateICUOverCapacity":"Sun 17 May 2020 03:38:57",
		"dateHospitalsOverCapacity":"Fri 20 Nov 2020 05:09:07"
	},
	"summaryAug1":{
		"totalProjectedDeaths":1.4484569256893235e3,
		"totalProjectedPCRConfirmed":2.0234682662467796e4,
		"totalProjectedInfected":1.666439766160834e5,
		"totalInfectedFraction":5.580432004878522e-2,
		"fatalityRate":8.691924875426476e-3,
		"fatalityRateSymptomatic":1.241703553632354e-2,
		"fatalityRatePCR":7.158288320359907e-2,
		"fractionOfSymptomaticHospitalized":5.772649261425734e-2,
		"fractionOfSymptomaticHospitalizedOrICU":8.030738314782178e-2,
		"fractionOfPCRHospitalized":0.25731262743748173,
		"fractionOfPCRHospitalizedOrICU":0.3579656900078304,
		"fractionHospitalizedInICU":0.28118075385422286,
		"fractionOfDeathInICU":0.7231824041824979,
		"fractionDeathOfHospitalizedOrICU":0.1702951884635557,
		"fractionOfInfectionsPCRConfirmed":0.12142462676034625,
		"fractionOfDeathsReported":0.7744945250466176,
		"fractionOfHospitalizationsReported":0.7732050208385495,
		"dateContained":"Sat 13 Jun 2020 06:44:12",
		"dateICUOverCapacity":"Sun 17 May 2020 03:38:57",
		"dateHospitalsOverCapacity":"Fri 20 Nov 2020 05:09:07"
	}
}