{
	"distancingLevel":0.2,
	"id":"scenario2",
	"distancingDays":90,
	"maintain":false,
	"name":"Italy",
	"gradual":false,
	"events":{
		"herd":{
			"eventName":"herd",
			"day":3.0184424336986905e2,
			"thresholdCrossed":0.7000000000000043
		},
		"icu":{
			"eventName":"icu",
			"day":1.3223810465261118e2,
			"thresholdCrossed":1.0927626646674526e-4
		},
		"hospital":{
			"eventName":"hospital",
			"day":2.8647993403443945e2,
			"thresholdCrossed":9.776012434777883e-4
		}
	},
	"summary":{
		"totalProjectedDeaths":3.802533577688523e3,
		"totalProjectedPCRConfirmed":5.28424063602919e4,
		"totalProjectedInfected":4.1362902850490954e5,
		"totalInfectedFraction":4.944195573975437e-2,
		"fatalityRate":9.193101343571174e-3,
		"fatalityRateSymptomatic":1.3133001919387391e-2,
		"fatalityRatePCR":7.195988675765368e-2,
		"fractionOfSymptomaticHospitalized":5.926997858789568e-2,
		"fractionOfSymptomaticHospitalizedOrICU":8.173461448427687e-2,
		"fractionOfPCRHospitalized":0.25777747992316147,
		"fractionOfPCRHospitalizedOrICU":0.35548085972399673,
		"fractionHospitalizedInICU":0.2748484964188908,
		"fractionOfDeathInICU":0.6943932714937759,
		"fractionDeathOfHospitalizedOrICU":0.1687121241047227,
		"fractionOfInfectionsPCRConfirmed":0.12775313800217164,
		"fractionOfDeathsReported":0.7946845962887862,
		"fractionOfHospitalizationsReported":0.7937500027375011,
		"dateContained":"Fri 10 Jul 2020 09:08:39",
		"dateICUOverCapacity":"Mon 11 May 2020 05:42:52",
		"dateHospitalsOverCapacity":"Mon 12 Oct 2020 11:31:06"
	},
	"summaryAug1":{
		"totalProjectedDeaths":3.802533577688523e3,
		"totalProjectedPCRConfirmed":5.28424063602919e4,
		"totalProjectedInfected":4.1362902850490954e5,
		"totalInfectedFraction":4.944195573975437e-2,
		"fatalityRate":9.193101343571174e-3,
		"fatalityRateSymptomatic":1.3133001919387391e-2,
		"fatalityRatePCR":7.195988675765368e-2,
		"fractionOfSymptomaticHospitalized":5.926997858789568e-2,
		"fractionOfSymptomaticHospitalizedOrICU":8.173461448427687e-2,
		"fractionOfPCRHospitalized":0.25777747992316147,
		"fractionOfPCRHospitalizedOrICU":0.35548085972399673,
		"fractionHospitalizedInICU":0.2748484964188908,
		"fractionOfDeathInICU":0.6943932714937759,
		"fractionDeathOfHospitalizedOrICU":0.1687121241047227,
		"fractionOfInfectionsPCRConfirmed":0.12775313800217164,
		"fractionOfDeathsReported":0.7946845962887862,
		"fractionOfHospitalizationsReported":0.7937500027375011,
		"dateContained":"Fri 10 Jul 2020 09:08:39",
		"dateICUOverCapacity":"Mon 11 May 2020 05:42:52",
		"dateHospitalsOverCapacity":"Mon 12 Oct 2020 11:31:06"
	}
}