{
	"distancingLevel":0.2,
	"id":"scenario2",
	"distancingDays":90,
	"maintain":false,
	"name":"Italy",
	"gradual":false,
	"events":{
		"herd":{
			"eventName":"herd",
			"day":2.8258483445979743e2,
			"thresholdCrossed":0.6999999999999987
		},
		"icu":{
			"eventName":"icu",
			"day":2.620093963197858e2,
			"thresholdCrossed":1.5610895209535057e-4
		},
		"hospital":{
			"eventName":"hospital",
			"day":2.655059811947379e2,
			"thresholdCrossed":9.77601243560009e-4
		}
	},
	"summary":{
		"totalProjectedDeaths":7.105711474513385e4,
		"totalProjectedPCRConfirmed":2.1317650999297802e6,
		"totalProjectedInfected":6.547506773765467e6,
		"totalInfectedFraction":0.7826373823045443,
		"fatalityRate":1.0852545434522545e-2,
		"fatalityRateSymptomatic":1.5503636335032206e-2,
		"fatalityRatePCR":3.333252558993223e-2,
		"fractionOfSymptomaticHospitalized":7.317960279877593e-2,
		"fractionOfSymptomaticHospitalizedOrICU":0.10102713057800401,
		"fractionOfPCRHospitalized":0.2095241534504173,
		"fractionOfPCRHospitalizedOrICU":0.28925579260229506,
		"fractionHospitalizedInICU":0.2756440534330206,
		"fractionOfDeathInICU":0.6695907934130735,
		"fractionDeathOfHospitalizedOrICU":0.1609625376328968,
		"fractionOfInfectionsPCRConfirmed":0.3255842526916248,
		"dateContained":"Sun 28 Jun 2020 00:00:00",
		"dateICUOverCapacity":"Fri 18 Sep 2020 00:13:31",
		"dateHospitalsOverCapacity":"Mon 21 Sep 2020 12:08:36"
	},
	"summaryAug1":{
		"totalProjectedDeaths":2.579689766448417e3,
		"totalProjectedPCRConfirmed":4.252438760855291e4,
		"totalProjectedInfected":2.378871294961682e5,
		"totalInfectedFraction":2.8435153524209583e-2,
		"fatalityRate":1.0844175436948007e-2,
		"fatalityRateSymptomatic":1.549167919564001e-2,
		"fatalityRatePCR":6.066377228509612e-2,
		"fractionOfSymptomaticHospitalized":7.316532869860261e-2,
		"fractionOfSymptomaticHospitalizedOrICU":0.10100742465822668,
		"fractionOfPCRHospitalized":0.2293730981269012,
		"fractionOfPCRHospitalizedOrICU":0.3166579900586097,
		"fractionHospitalizedInICU":0.2756440534330209,
		"fractionOfDeathInICU":0.6695939461157076,
		"fractionDeathOfHospitalizedOrICU":0.1609625376328969,
		"fractionOfInfectionsPCRConfirmed":0.17875867306742158,
		"dateContained":"Sun 28 Jun 2020 00:00:00",
		"dateICUOverCapacity":"Fri 18 Sep 2020 00:13:31",
		"dateHospitalsOverCapacity":"Mon 21 Sep 2020 12:08:36"
	}
}