{
	"distancingLevel":0.2,
	"id":"scenario2",
	"distancingDays":90,
	"maintain":false,
	"name":"Italy",
	"gradual":false,
	"events":{
		"herd":{
			"eventName":"herd",
			"day":3.053836078281044e2,
			"thresholdCrossed":0.7000000000000577
		},
		"icu":{
			"eventName":"icu",
			"day":1.3323592990350218e2,
			"thresholdCrossed":1.3269260928104777e-4
		},
		"hospital":{
			"eventName":"hospital",
			"day":2.873704612561539e2,
			"thresholdCrossed":9.776012435000446e-4
		}
	},
	"summary":{
		"totalProjectedDeaths":3.598683522913783e3,
		"totalProjectedPCRConfirmed":6.305133729100732e4,
		"totalProjectedInfected":3.948617823677499e5,
		"totalInfectedFraction":4.719866697391401e-2,
		"fatalityRate":9.11378027352921e-3,
		"fatalityRateSymptomatic":1.3019686105041731e-2,
		"fatalityRatePCR":5.707545117250105e-2,
		"fractionOfSymptomaticHospitalized":5.9157305862104825e-2,
		"fractionOfSymptomaticHospitalizedOrICU":8.15792362974643e-2,
		"fractionOfPCRHospitalized":0.20584451520730387,
		"fractionOfPCRHospitalizedOrICU":0.28386415003038035,
		"fractionHospitalizedInICU":0.2748484964188909,
		"fractionOfDeathInICU":0.6937365440265401,
		"fractionDeathOfHospitalizedOrICU":0.16871212410472272,
		"fractionOfInfectionsPCRConfirmed":0.15967951345639525,
		"fractionOfDeathsReported":0.7946670213512125,
		"fractionOfHospitalizationsReported":0.7937469564521884,
		"dateContained":"Mon 29 Jun 2020 11:34:29",
		"dateICUOverCapacity":"Tue 12 May 2020 05:39:44",
		"dateHospitalsOverCapacity":"Tue 13 Oct 2020 08:53:27"
	},
	"summaryAug1":{
		"totalProjectedDeaths":3.598683522913783e3,
		"totalProjectedPCRConfirmed":6.305133729100732e4,
		"totalProjectedInfected":3.948617823677499e5,
		"totalInfectedFraction":4.719866697391401e-2,
		"fatalityRate":9.11378027352921e-3,
		"fatalityRateSymptomatic":1.3019686105041731e-2,
		"fatalityRatePCR":5.707545117250105e-2,
		"fractionOfSymptomaticHospitalized":5.9157305862104825e-2,
		"fractionOfSymptomaticHospitalizedOrICU":8.15792362974643e-2,
		"fractionOfPCRHospitalized":0.20584451520730387,
		"fractionOfPCRHospitalizedOrICU":0.28386415003038035,
		"fractionHospitalizedInICU":0.2748484964188909,
		"fractionOfDeathInICU":0.6937365440265401,
		"fractionDeathOfHospitalizedOrICU":0.16871212410472272,
		"fractionOfInfectionsPCRConfirmed":0.15967951345639525,
		"fractionOfDeathsReported":0.7946670213512125,
		"fractionOfHospitalizationsReported":0.7937469564521884,
		"dateContained":"Mon 29 Jun 2020 11:34:29",
		"dateICUOverCapacity":"Tue 12 May 2020 05:39:44",
		"dateHospitalsOverCapacity":"Tue 13 Oct 2020 08:53:27"
	}
}