{
	"distancingLevel":0.2,
	"id":"scenario2",
	"distancingDays":90,
	"maintain":false,
	"name":"Italy",
	"gradual":false,
	"events":{
		"herd":{
			"eventName":"herd",
			"day":3.040149806574059e2,
			"thresholdCrossed":0.7000000000001028
		},
		"icu":{
			"eventName":"icu",
			"day":1.3475387906538745e2,
			"thresholdCrossed":1.3269260928104774e-4
		},
		"hospital":{
			"eventName":"hospital",
			"day":2.86005311700686e2,
			"thresholdCrossed":9.776012435604449e-4
		}
	},
	"summary":{
		"totalProjectedDeaths":3.4087355204719415e3,
		"totalProjectedPCRConfirmed":5.8546102113802546e4,
		"totalProjectedInfected":3.7366170934503025e5,
		"totalInfectedFraction":4.4664577246562046e-2,
		"fatalityRate":9.122517601407205e-3,
		"fatalityRateSymptomatic":1.3032168002010295e-2,
		"fatalityRatePCR":5.822309935930498e-2,
		"fractionOfSymptomaticHospitalized":5.917095591154613e-2,
		"fractionOfSymptomaticHospitalizedOrICU":8.159806001826457e-2,
		"fractionOfPCRHospitalized":0.2098100994646387,
		"fractionOfPCRHospitalizedOrICU":0.28933277863799006,
		"fractionHospitalizedInICU":0.2748484964188909,
		"fractionOfDeathInICU":0.6938090470479186,
		"fractionDeathOfHospitalizedOrICU":0.16871212410472272,
		"fractionOfInfectionsPCRConfirmed":0.15668210215176875,
		"fractionOfDeathsReported":0.7946409196990512,
		"fractionOfHospitalizationsReported":0.7936685183843385,
		"dateContained":"Mon 29 Jun 2020 03:11:02",
		"dateICUOverCapacity":"Wed 13 May 2020 18:05:35",
		"dateHospitalsOverCapacity":"Mon 12 Oct 2020 00:07:38"
	},
	"summaryAug1":{
		"totalProjectedDeaths":3.4087355204719415e3,
		"totalProjectedPCRConfirmed":5.8546102113802546e4,
		"totalProjectedInfected":3.7366170934503025e5,
		"totalInfectedFraction":4.4664577246562046e-2,
		"fatalityRate":9.122517601407205e-3,
		"fatalityRateSymptomatic":1.3032168002010295e-2,
		"fatalityRatePCR":5.822309935930498e-2,
		"fractionOfSymptomaticHospitalized":5.917095591154613e-2,
		"fractionOfSymptomaticHospitalizedOrICU":8.159806001826457e-2,
		"fractionOfPCRHospitalized":0.2098100994646387,
		"fractionOfPCRHospitalizedOrICU":0.28933277863799006,
		"fractionHospitalizedInICU":0.2748484964188909,
		"fractionOfDeathInICU":0.6938090470479186,
		"fractionDeathOfHospitalizedOrICU":0.16871212410472272,
		"fractionOfInfectionsPCRConfirmed":0.15668210215176875,
		"fractionOfDeathsReported":0.7946409196990512,
		"fractionOfHospitalizationsReported":0.7936685183843385,
		"dateContained":"Mon 29 Jun 2020 03:11:02",
		"dateICUOverCapacity":"Wed 13 May 2020 18:05:35",
		"dateHospitalsOverCapacity":"Mon 12 Oct 2020 00:07:38"
	}
}