{
	"distancingLevel":0.2,
	"id":"scenario2",
	"distancingDays":90,
	"maintain":false,
	"name":"Italy",
	"gradual":false,
	"events":{
		"herd":{
			"eventName":"herd",
			"day":3.146556161352097e2,
			"thresholdCrossed":0.6999999999999995
		}
	},
	"summary":{
		"totalProjectedDeaths":1.0711444123859828e3,
		"totalProjectedPCRConfirmed":1.9212244045026426e4,
		"totalProjectedInfected":1.2354182849901944e5,
		"totalInfectedFraction":1.4767216988457434e-2,
		"fatalityRate":8.670297545373344e-3,
		"fatalityRateSymptomatic":1.238613935053335e-2,
		"fatalityRatePCR":5.5753217056561166e-2,
		"fractionOfSymptomaticHospitalized":5.8352279903243306e-2,
		"fractionOfSymptomaticHospitalizedOrICU":8.046908765282113e-2,
		"fractionOfPCRHospitalized":0.2067808419980068,
		"fractionOfPCRHospitalizedOrICU":0.28515536543306386,
		"fractionHospitalizedInICU":0.27484849641889086,
		"fractionOfDeathInICU":0.6908968407934493,
		"fractionDeathOfHospitalizedOrICU":0.16871212410472272,
		"fractionOfInfectionsPCRConfirmed":0.15551205837283616,
		"fractionOfDeathsReported":0.7922738447087941,
		"fractionOfHospitalizationsReported":0.7872605693874505,
		"dateContained":"Sun 31 May 2020 09:03:46",
		"dateICUOverCapacity":"",
		"dateHospitalsOverCapacity":""
	},
	"summaryAug1":{
		"totalProjectedDeaths":1.0711444123859828e3,
		"totalProjectedPCRConfirmed":1.9212244045026426e4,
		"totalProjectedInfected":1.2354182849901944e5,
		"totalInfectedFraction":1.4767216988457434e-2,
		"fatalityRate":8.670297545373344e-3,
		"fatalityRateSymptomatic":1.238613935053335e-2,
		"fatalityRatePCR":5.5753217056561166e-2,
		"fractionOfSymptomaticHospitalized":5.8352279903243306e-2,
		"fractionOfSymptomaticHospitalizedOrICU":8.046908765282113e-2,
		"fractionOfPCRHospitalized":0.2067808419980068,
		"fractionOfPCRHospitalizedOrICU":0.28515536543306386,
		"fractionHospitalizedInICU":0.27484849641889086,
		"fractionOfDeathInICU":0.6908968407934493,
		"fractionDeathOfHospitalizedOrICU":0.16871212410472272,
		"fractionOfInfectionsPCRConfirmed":0.15551205837283616,
		"fractionOfDeathsReported":0.7922738447087941,
		"fractionOfHospitalizationsReported":0.7872605693874505,
		"dateContained":"Sun 31 May 2020 09:03:46",
		"dateICUOverCapacity":"",
		"dateHospitalsOverCapacity":""
	}
}