{
	"distancingLevel":0.2,
	"id":"scenario2",
	"distancingDays":90,
	"maintain":false,
	"name":"Italy",
	"gradual":false,
	"events":{
		"herd":{
			"eventName":"herd",
			"day":3.190678646196705e2,
			"thresholdCrossed":0.7000000000000008
		},
		"icu":{
			"eventName":"icu",
			"day":2.9746155905845325e2,
			"thresholdCrossed":1.7187213596780673e-4
		},
		"hospital":{
			"eventName":"hospital",
			"day":3.023588877866001e2,
			"thresholdCrossed":1.1191896431429283e-3
		}
	},
	"summary":{
		"totalProjectedDeaths":3.9642663152935643e3,
		"totalProjectedPCRConfirmed":5.4179142274785496e4,
		"totalProjectedInfected":2.9805926425191783e5,
		"totalInfectedFraction":1.46983279465098e-2,
		"fatalityRate":1.3300262030919434e-2,
		"fatalityRateSymptomatic":1.9000374329884905e-2,
		"fatalityRatePCR":7.316960270776564e-2,
		"fractionOfSymptomaticHospitalized":6.685363869528481e-2,
		"fractionOfSymptomaticHospitalizedOrICU":9.574340045767822e-2,
		"fractionOfPCRHospitalized":0.21623312437056158,
		"fractionOfPCRHospitalizedOrICU":0.30967491108731215,
		"fractionHospitalizedInICU":0.3017415469295311,
		"fractionOfDeathInICU":0.7763147809511084,
		"fractionDeathOfHospitalizedOrICU":0.17543538673238276,
		"fractionOfInfectionsPCRConfirmed":0.18177305245239292,
		"fractionOfDeathsReported":0.8442333014466039,
		"fractionOfHospitalizationsReported":0.8399020355775467,
		"dateContained":"Mon 15 Jun 2020 03:56:10",
		"dateICUOverCapacity":"Fri 23 Oct 2020 11:04:38",
		"dateHospitalsOverCapacity":"Wed 28 Oct 2020 08:36:47"
	},
	"summaryAug1":{
		"totalProjectedDeaths":3.9642663152935643e3,
		"totalProjectedPCRConfirmed":5.4179142274785496e4,
		"totalProjectedInfected":2.9805926425191783e5,
		"totalInfectedFraction":1.46983279465098e-2,
		"fatalityRate":1.3300262030919434e-2,
		"fatalityRateSymptomatic":1.9000374329884905e-2,
		"fatalityRatePCR":7.316960270776564e-2,
		"fractionOfSymptomaticHospitalized":6.685363869528481e-2,
		"fractionOfSymptomaticHospitalizedOrICU":9.574340045767822e-2,
		"fractionOfPCRHospitalized":0.21623312437056158,
		"fractionOfPCRHospitalizedOrICU":0.30967491108731215,
		"fractionHospitalizedInICU":0.3017415469295311,
		"fractionOfDeathInICU":0.7763147809511084,
		"fractionDeathOfHospitalizedOrICU":0.17543538673238276,
		"fractionOfInfectionsPCRConfirmed":0.18177305245239292,
		"fractionOfDeathsReported":0.8442333014466039,
		"fractionOfHospitalizationsReported":0.8399020355775467,
		"dateContained":"Mon 15 Jun 2020 03:56:10",
		"dateICUOverCapacity":"Fri 23 Oct 2020 11:04:38",
		"dateHospitalsOverCapacity":"Wed 28 Oct 2020 08:36:47"
	}
}