{
	"distancingLevel":0.4,
	"id":"scenario2",
	"distancingDays":90,
	"maintain":false,
	"name":"Italy",
	"events":{
		"herd":{
			"eventName":"herd",
			"day":2.629225546276595e2,
			"thresholdCrossed":0.700000000000001
		},
		"icu":{
			"eventName":"icu",
			"day":2.4242305090353761e2,
			"thresholdCrossed":2.455316228111548e-4
		},
		"hospital":{
			"eventName":"hospital",
			"day":2.4458527768672226e2,
			"thresholdCrossed":1.1191896431429187e-3
		}
	},
	"summary":{
		"totalProjectedDeaths":2.698862123993078e5,
		"totalProjectedPCRConfirmed":5.787723989663014e6,
		"totalProjectedInfected":1.6447051965105977e7,
		"totalInfectedFraction":0.8110607269435365,
		"fatalityRate":1.640939743924308e-2,
		"fatalityRateSymptomatic":2.3441996341775826e-2,
		"fatalityRatePCR":4.6630802173933956e-2,
		"fractionOfSymptomaticHospitalized":8.32148015269295e-2,
		"fractionOfPCRHospitalized":0.25075012379089223,
		"fractionHospitalizedInICU":0.3025824653940579,
		"fractionDeathOfHospitalized":0.12969540591717812,
		"fractionOfInfectionsPCRConfirmed":0.35190038931853773,
		"dateContained":"Sun 20 Dec 2020 00:00:00",
		"dateICUOverCapacity":"Sat 29 Aug 2020 10:09:11",
		"dateHospitalsOverCapacity":"Mon 31 Aug 2020 14:02:47"
	},
	"summaryAug1":{
		"totalProjectedDeaths":6.969085427304996e3,
		"totalProjectedPCRConfirmed":1.1474671802124451e5,
		"totalProjectedInfected":4.3398639194008696e5,
		"totalInfectedFraction":2.1401362340029637e-2,
		"fatalityRate":1.6058304031493914e-2,
		"fatalityRateSymptomatic":2.2940434330705594e-2,
		"fatalityRatePCR":6.073450768338945e-2,
		"fractionOfSymptomaticHospitalized":8.210366447604772e-2,
		"fractionOfPCRHospitalized":0.257249483329421,
		"fractionHospitalizedInICU":0.30258246539405775,
		"fractionDeathOfHospitalized":0.1646545993634298,
		"fractionOfInfectionsPCRConfirmed":0.26440164980353953,
		"dateContained":"Sun 20 Dec 2020 00:00:00",
		"dateICUOverCapacity":"Sat 29 Aug 2020 10:09:11",
		"dateHospitalsOverCapacity":"Mon 31 Aug 2020 14:02:47"
	}
}