{
	"distancingLevel":0.5304761904761904,
	"id":"scenario5",
	"distancingDays":612,
	"maintain":true,
	"name":"Current Indefinite",
	"gradual":false,
	"events":{},
	"summary":{
		"totalProjectedDeaths":3.532691849032591e3,
		"totalProjectedPCRConfirmed":7.435012920037791e4,
		"totalProjectedInfected":4.422538950646158e5,
		"totalInfectedFraction":4.335127605179129e-2,
		"fatalityRate":7.987927044749814e-3,
		"fatalityRateSymptomatic":1.1411324349642591e-2,
		"fatalityRatePCR":4.7514266444807135e-2,
		"fractionOfSymptomaticHospitalized":5.602854141184934e-2,
		"fractionOfSymptomaticHospitalizedOrICU":7.638379595299022e-2,
		"fractionOfPCRHospitalized":0.17706712113239398,
		"fractionOfPCRHospitalizedOrICU":0.24139587627565487,
		"fractionHospitalizedInICU":0.26648655368827634,
		"fractionOfDeathInICU":0.6655609907261799,
		"fractionDeathOfHospitalizedOrICU":0.1666216384220691,
		"fractionOfInfectionsPCRConfirmed":0.1681163920320361,
		"fractionOfDeathsReported":0.7631600840047459,
		"fractionOfHospitalizationsReported":0.758997998473227,
		"dateContained":"Tue 15 Dec 2020 00:47:02",
		"dateICUOverCapacity":"",
		"dateHospitalsOverCapacity":""
	},
	"summaryAug1":{
		"totalProjectedDeaths":3.254228290412015e3,
		"totalProjectedPCRConfirmed":6.794458520473591e4,
		"totalProjectedInfected":4.222691662202415e5,
		"totalInfectedFraction":4.139230292205529e-2,
		"fatalityRate":7.706525957224919e-3,
		"fatalityRateSymptomatic":1.10093227960356e-2,
		"fatalityRatePCR":4.7895329415966276e-2,
		"fractionOfSymptomaticHospitalized":5.5019031943864954e-2,
		"fractionOfSymptomaticHospitalizedOrICU":7.50075301557367e-2,
		"fractionOfPCRHospitalized":0.18156686170996084,
		"fractionOfPCRHospitalizedOrICU":0.24753037946737222,
		"fractionHospitalizedInICU":0.26648655368827656,
		"fractionOfDeathInICU":0.6641767772350992,
		"fractionDeathOfHospitalizedOrICU":0.16662163842206915,
		"fractionOfInfectionsPCRConfirmed":0.1609034962531417,
		"fractionOfDeathsReported":0.7629555750542901,
		"fractionOfHospitalizationsReported":0.7585620004222416,
		"dateContained":"Tue 15 Dec 2020 00:47:02",
		"dateICUOverCapacity":"",
		"dateHospitalsOverCapacity":""
	}
}