{
	"distancingLevel":0.6342857142857143,
	"id":"scenario5",
	"distancingDays":598,
	"maintain":true,
	"name":"Current Indefinite",
	"gradual":false,
	"events":{},
	"summary":{
		"totalProjectedDeaths":1.9970416099419544e4,
		"totalProjectedPCRConfirmed":3.796537410365605e5,
		"totalProjectedInfected":2.4965589753942476e6,
		"totalInfectedFraction":0.24472145645224982,
		"fatalityRate":7.999176585149922e-3,
		"fatalityRateSymptomatic":1.1427395121642744e-2,
		"fatalityRatePCR":5.260165761805676e-2,
		"fractionOfSymptomaticHospitalized":5.606869240894442e-2,
		"fractionOfSymptomaticHospitalizedOrICU":7.643853386856216e-2,
		"fractionOfPCRHospitalized":0.19729657692278146,
		"fractionOfPCRHospitalizedOrICU":0.2689747242055815,
		"fractionHospitalizedInICU":0.2664865536882765,
		"fractionOfDeathInICU":0.665383393260206,
		"fractionDeathOfHospitalizedOrICU":0.16662163842206915,
		"fractionOfInfectionsPCRConfirmed":0.15207080817171842,
		"fractionOfDeathsReported":0.7651442194032351,
		"fractionOfHospitalizationsReported":0.7644462180001268,
		"dateContained":"",
		"dateICUOverCapacity":"",
		"dateHospitalsOverCapacity":""
	},
	"summaryAug1":{
		"totalProjectedDeaths":1.0979663221010944e4,
		"totalProjectedPCRConfirmed":2.437033909705007e5,
		"totalProjectedInfected":1.7536732171486886e6,
		"totalInfectedFraction":0.17190119202938436,
		"fatalityRate":6.2609516491692035e-3,
		"fatalityRateSymptomatic":8.944216641670291e-3,
		"fatalityRatePCR":4.505338714117436e-2,
		"fractionOfSymptomaticHospitalized":4.916929172650378e-2,
		"fractionOfSymptomaticHospitalizedOrICU":6.703257039627349e-2,
		"fractionOfPCRHospitalized":0.18916244810621186,
		"fractionOfPCRHospitalizedOrICU":0.2578854539850151,
		"fractionHospitalizedInICU":0.2664865536882765,
		"fractionOfDeathInICU":0.6566459767082078,
		"fractionDeathOfHospitalizedOrICU":0.16662163842206915,
		"fractionOfInfectionsPCRConfirmed":0.1389673906104012,
		"fractionOfDeathsReported":0.7648119018559055,
		"fractionOfHospitalizationsReported":0.7637581126568406,
		"dateContained":"",
		"dateICUOverCapacity":"",
		"dateHospitalsOverCapacity":""
	}
}