{
	"distancingLevel":0.499047619047619,
	"id":"scenario7",
	"distancingDays":60,
	"maintain":true,
	"postDistancingLevel":1,
	"name":"Open Gradual May 1",
	"gradual":true,
	"events":{
		"herd":{
			"eventName":"herd",
			"day":2.1929735802341875e2,
			"thresholdCrossed":0.7000000000000002
		},
		"icu":{
			"eventName":"icu",
			"day":1.8382438134553936e2,
			"thresholdCrossed":1.874485614787347e-4
		},
		"hospital":{
			"eventName":"hospital",
			"day":1.87015342912125e2,
			"thresholdCrossed":8.298988186727957e-4
		}
	},
	"summary":{
		"totalProjectedDeaths":5.667201900208391e4,
		"totalProjectedPCRConfirmed":1.4403868988222508e6,
		"totalProjectedInfected":4.330151338801332e6,
		"totalInfectedFraction":0.6039290472050055,
		"fatalityRate":1.3087768663940461e-2,
		"fatalityRateSymptomatic":1.8696812377057802e-2,
		"fatalityRatePCR":3.9344997547827214e-2,
		"fractionOfSymptomaticHospitalized":7.328665882670608e-2,
		"fractionOfSymptomaticHospitalizedOrICU":0.10154756058286511,
		"fractionOfPCRHospitalized":0.1902630699076695,
		"fractionOfPCRHospitalizedOrICU":0.2636325755253338,
		"fractionHospitalizedInICU":0.27830212359554896,
		"fractionOfDeathInICU":0.5688285088521504,
		"fractionDeathOfHospitalizedOrICU":0.14924179028113446,
		"fractionOfInfectionsPCRConfirmed":0.3326412372508388,
		"dateContained":"Tue 1 Dec 2020 00:00:00",
		"dateICUOverCapacity":"Wed 1 Jul 2020 19:47:06",
		"dateHospitalsOverCapacity":"Sun 5 Jul 2020 00:22:05"
	},
	"summaryAug1":{
		"totalProjectedDeaths":1.4502788326558468e4,
		"totalProjectedPCRConfirmed":8.124216012992252e5,
		"totalProjectedInfected":3.035604672240116e6,
		"totalInfectedFraction":0.4233777745755477,
		"fatalityRate":4.777561603848823e-3,
		"fatalityRateSymptomatic":6.825088005498319e-3,
		"fatalityRatePCR":1.7851308118057914e-2,
		"fractionOfSymptomaticHospitalized":4.514550028777683e-2,
		"fractionOfSymptomaticHospitalizedOrICU":6.255456994372055e-2,
		"fractionOfPCRHospitalized":0.1432167917915216,
		"fractionOfPCRHospitalizedOrICU":0.19844424720360485,
		"fractionHospitalizedInICU":0.27830212359554884,
		"fractionOfDeathInICU":0.5659039263365828,
		"fractionDeathOfHospitalizedOrICU":8.995628933371082e-2,
		"fractionOfInfectionsPCRConfirmed":0.2676308969770102,
		"dateContained":"Tue 1 Dec 2020 00:00:00",
		"dateICUOverCapacity":"Wed 1 Jul 2020 19:47:06",
		"dateHospitalsOverCapacity":"Sun 5 Jul 2020 00:22:05"
	}
}