{
	"distancingLevel":0.6042857142857143,
	"id":"scenario7",
	"distancingDays":60,
	"maintain":true,
	"name":"Open Gradual May 30",
	"gradual":true,
	"events":{
		"herd":{
			"eventName":"herd",
			"day":3.5141200016979155e2,
			"thresholdCrossed":0.7000000000001707
		},
		"icu":{
			"eventName":"icu",
			"day":2.5455256039540888e2,
			"thresholdCrossed":1.3121399303500875e-4
		},
		"hospital":{
			"eventName":"hospital",
			"day":2.7405012329078494e2,
			"thresholdCrossed":8.29898818672798e-4
		}
	},
	"summary":{
		"totalProjectedDeaths":2.6824477881454586e4,
		"totalProjectedPCRConfirmed":4.71583924519386e5,
		"totalProjectedInfected":2.842094127882406e6,
		"totalInfectedFraction":0.3963887320377355,
		"fatalityRate":9.438279196418108e-3,
		"fatalityRateSymptomatic":1.3483255994883014e-2,
		"fatalityRatePCR":5.6881663022743424e-2,
		"fractionOfSymptomaticHospitalized":5.951764941254467e-2,
		"fractionOfSymptomaticHospitalizedOrICU":8.237757853114648e-2,
		"fractionOfPCRHospitalized":0.1982645806541989,
		"fractionOfPCRHospitalizedOrICU":0.2744153410625732,
		"fractionHospitalizedInICU":0.277501833948161,
		"fractionOfDeathInICU":0.7041876774038384,
		"fractionDeathOfHospitalizedOrICU":0.16937545848704028,
		"fractionOfInfectionsPCRConfirmed":0.16592832724747045,
		"fractionOfDeathsReported":0.7915552739058379,
		"fractionOfHospitalizationsReported":0.789626763659465,
		"dateContained":"",
		"dateICUOverCapacity":"Thu 10 Sep 2020 13:15:41",
		"dateHospitalsOverCapacity":"Wed 30 Sep 2020 01:12:10"
	},
	"summaryAug1":{
		"totalProjectedDeaths":1.69559138277422e3,
		"totalProjectedPCRConfirmed":2.3817122302838514e4,
		"totalProjectedInfected":2.039592184761928e5,
		"totalInfectedFraction":2.8446325970006944e-2,
		"fatalityRate":8.313384388517543e-3,
		"fatalityRateSymptomatic":1.1876263412167921e-2,
		"fatalityRatePCR":7.119211805752622e-2,
		"fractionOfSymptomaticHospitalized":5.456624739807739e-2,
		"fractionOfSymptomaticHospitalizedOrICU":7.552440955837979e-2,
		"fractionOfPCRHospitalized":0.24087186394416127,
		"fractionOfPCRHospitalizedOrICU":0.33338750914819465,
		"fractionHospitalizedInICU":0.27750183394816075,
		"fractionOfDeathInICU":0.703672628948928,
		"fractionDeathOfHospitalizedOrICU":0.16937545848704016,
		"fractionOfInfectionsPCRConfirmed":0.1167739437362993,
		"fractionOfDeathsReported":0.7645742619764447,
		"fractionOfHospitalizationsReported":0.7363934098222696,
		"dateContained":"",
		"dateICUOverCapacity":"Thu 10 Sep 2020 13:15:41",
		"dateHospitalsOverCapacity":"Wed 30 Sep 2020 01:12:10"
	}
}