{
	"distancingLevel":0.499047619047619,
	"id":"scenario7",
	"distancingDays":60,
	"maintain":true,
	"postDistancingLevel":1,
	"name":"Open Gradual May 1",
	"gradual":true,
	"events":{
		"herd":{
			"eventName":"herd",
			"day":2.269252116069064e2,
			"thresholdCrossed":0.7000000000009012
		},
		"icu":{
			"eventName":"icu",
			"day":1.9275294054402949e2,
			"thresholdCrossed":1.8744856147873473e-4
		},
		"hospital":{
			"eventName":"hospital",
			"day":1.956737263930147e2,
			"thresholdCrossed":8.298988186727908e-4
		}
	},
	"summary":{
		"totalProjectedDeaths":4.8418389349149234e4,
		"totalProjectedPCRConfirmed":1.4614336354598552e6,
		"totalProjectedInfected":4.387586788431507e6,
		"totalInfectedFraction":0.6119396070346637,
		"fatalityRate":1.1035312048256496e-2,
		"fatalityRateSymptomatic":1.576473149750928e-2,
		"fatalityRatePCR":3.3130747900101454e-2,
		"fractionOfSymptomaticHospitalized":7.328665882476404e-2,
		"fractionOfSymptomaticHospitalizedOrICU":0.10154756058017413,
		"fractionOfPCRHospitalized":0.19017885082274316,
		"fractionOfPCRHospitalizedOrICU":0.2635158797615248,
		"fractionHospitalizedInICU":0.2783021235955486,
		"fractionOfDeathInICU":0.674585886950011,
		"fractionDeathOfHospitalizedOrICU":0.16183970078653104,
		"fractionOfInfectionsPCRConfirmed":0.3330836986092519,
		"dateContained":"Tue 8 Dec 2020 00:00:00",
		"dateICUOverCapacity":"Fri 10 Jul 2020 18:04:14",
		"dateHospitalsOverCapacity":"Mon 13 Jul 2020 16:10:09"
	},
	"summaryAug1":{
		"totalProjectedDeaths":7.06842215908802e3,
		"totalProjectedPCRConfirmed":5.65413515811725e5,
		"totalProjectedInfected":2.3340754377353694e6,
		"totalInfectedFraction":0.3255350321326959,
		"fatalityRate":3.0283606282863495e-3,
		"fatalityRateSymptomatic":4.326229468980499e-3,
		"fatalityRatePCR":1.2501332142618444e-2,
		"fractionOfSymptomaticHospitalized":3.750908754392445e-2,
		"fractionOfSymptomaticHospitalizedOrICU":5.197339325812808e-2,
		"fractionOfPCRHospitalized":0.12956843552553868,
		"fractionOfPCRHospitalizedOrICU":0.1795327931004281,
		"fractionHospitalizedInICU":0.27830212359554873,
		"fractionOfDeathInICU":0.6685330930405664,
		"fractionDeathOfHospitalizedOrICU":0.1618397007865311,
		"fractionOfInfectionsPCRConfirmed":0.24224303408133033,
		"dateContained":"Tue 8 Dec 2020 00:00:00",
		"dateICUOverCapacity":"Fri 10 Jul 2020 18:04:14",
		"dateHospitalsOverCapacity":"Mon 13 Jul 2020 16:10:09"
	}
}