{
	"distancingLevel":0.2,
	"id":"scenario2",
	"distancingDays":90,
	"maintain":false,
	"name":"Italy",
	"gradual":false,
	"events":{
		"herd":{
			"eventName":"herd",
			"day":2.9578894494537616e2,
			"thresholdCrossed":0.6999999999999889
		},
		"icu":{
			"eventName":"icu",
			"day":8.640106602170144e1,
			"thresholdCrossed":1.363200951411475e-4
		},
		"hospital":{
			"eventName":"hospital",
			"day":2.8128786693890567e2,
			"thresholdCrossed":8.138149729558126e-4
		}
	},
	"summary":{
		"totalProjectedDeaths":1.4004271646273797e4,
		"totalProjectedPCRConfirmed":1.5785211433558253e5,
		"totalProjectedInfected":1.3567335321043425e6,
		"totalInfectedFraction":0.1514184323366893,
		"fatalityRate":1.0322050214645074e-2,
		"fatalityRateSymptomatic":1.4745786020921536e-2,
		"fatalityRatePCR":8.871766909945657e-2,
		"fractionOfSymptomaticHospitalized":6.169715269223162e-2,
		"fractionOfSymptomaticHospitalizedOrICU":8.549937058507608e-2,
		"fractionOfPCRHospitalized":0.2992618048434555,
		"fractionOfPCRHospitalizedOrICU":0.4147143723455971,
		"fractionHospitalizedInICU":0.27839056276046015,
		"fractionOfDeathInICU":0.7171036829451378,
		"fractionDeathOfHospitalizedOrICU":0.16959764069011504,
		"fractionOfInfectionsPCRConfirmed":0.11634717547722746,
		"fractionOfDeathsReported":0.8115661503229196,
		"fractionOfHospitalizationsReported":0.8062021897611431,
		"dateContained":"Tue 23 Jun 2020 02:16:55",
		"dateICUOverCapacity":"Thu 26 Mar 2020 09:37:32",
		"dateHospitalsOverCapacity":"Wed 7 Oct 2020 06:54:31"
	},
	"summaryAug1":{
		"totalProjectedDeaths":1.4004271646273797e4,
		"totalProjectedPCRConfirmed":1.5785211433558253e5,
		"totalProjectedInfected":1.3567335321043425e6,
		"totalInfectedFraction":0.1514184323366893,
		"fatalityRate":1.0322050214645074e-2,
		"fatalityRateSymptomatic":1.4745786020921536e-2,
		"fatalityRatePCR":8.871766909945657e-2,
		"fractionOfSymptomaticHospitalized":6.169715269223162e-2,
		"fractionOfSymptomaticHospitalizedOrICU":8.549937058507608e-2,
		"fractionOfPCRHospitalized":0.2992618048434555,
		"fractionOfPCRHospitalizedOrICU":0.4147143723455971,
		"fractionHospitalizedInICU":0.27839056276046015,
		"fractionOfDeathInICU":0.7171036829451378,
		"fractionDeathOfHospitalizedOrICU":0.16959764069011504,
		"fractionOfInfectionsPCRConfirmed":0.11634717547722746,
		"fractionOfDeathsReported":0.8115661503229196,
		"fractionOfHospitalizationsReported":0.8062021897611431,
		"dateContained":"Tue 23 Jun 2020 02:16:55",
		"dateICUOverCapacity":"Thu 26 Mar 2020 09:37:32",
		"dateHospitalsOverCapacity":"Wed 7 Oct 2020 06:54:31"
	}
}