{
	"distancingLevel":0.2,
	"id":"scenario2",
	"distancingDays":90,
	"maintain":false,
	"name":"Italy",
	"gradual":false,
	"events":{
		"herd":{
			"eventName":"herd",
			"day":3.2014617860467257e2,
			"thresholdCrossed":0.7000000000000498
		},
		"icu":{
			"eventName":"icu",
			"day":8.583162695532644e1,
			"thresholdCrossed":1.3632009514114764e-4
		},
		"hospital":{
			"eventName":"hospital",
			"day":3.0552307230976095e2,
			"thresholdCrossed":8.138149729558147e-4
		}
	},
	"summary":{
		"totalProjectedDeaths":1.5604219039394971e4,
		"totalProjectedPCRConfirmed":1.9489624134659828e5,
		"totalProjectedInfected":1.5205714162879125e6,
		"totalInfectedFraction":0.16970358192089546,
		"fatalityRate":1.0262075738269955e-2,
		"fatalityRateSymptomatic":1.4660108197528507e-2,
		"fatalityRatePCR":8.00642379328642e-2,
		"fractionOfSymptomaticHospitalized":6.1631034577760535e-2,
		"fractionOfSymptomaticHospitalizedOrICU":8.54077446846111e-2,
		"fractionOfPCRHospitalized":0.27102972969125744,
		"fractionOfPCRHospitalizedOrICU":0.3755906113535048,
		"fractionHospitalizedInICU":0.2783905627604599,
		"fractionOfDeathInICU":0.716697080382688,
		"fractionDeathOfHospitalizedOrICU":0.169597640690115,
		"fractionOfInfectionsPCRConfirmed":0.12817302709950168,
		"fractionOfDeathsReported":0.8111053726210617,
		"fractionOfHospitalizationsReported":0.8052228215051059,
		"dateContained":"Sat 20 Jun 2020 01:46:04",
		"dateICUOverCapacity":"Wed 25 Mar 2020 19:57:32",
		"dateHospitalsOverCapacity":"Sat 31 Oct 2020 12:33:13"
	},
	"summaryAug1":{
		"totalProjectedDeaths":1.5604219039394971e4,
		"totalProjectedPCRConfirmed":1.9489624134659828e5,
		"totalProjectedInfected":1.5205714162879125e6,
		"totalInfectedFraction":0.16970358192089546,
		"fatalityRate":1.0262075738269955e-2,
		"fatalityRateSymptomatic":1.4660108197528507e-2,
		"fatalityRatePCR":8.00642379328642e-2,
		"fractionOfSymptomaticHospitalized":6.1631034577760535e-2,
		"fractionOfSymptomaticHospitalizedOrICU":8.54077446846111e-2,
		"fractionOfPCRHospitalized":0.27102972969125744,
		"fractionOfPCRHospitalizedOrICU":0.3755906113535048,
		"fractionHospitalizedInICU":0.2783905627604599,
		"fractionOfDeathInICU":0.716697080382688,
		"fractionDeathOfHospitalizedOrICU":0.169597640690115,
		"fractionOfInfectionsPCRConfirmed":0.12817302709950168,
		"fractionOfDeathsReported":0.8111053726210617,
		"fractionOfHospitalizationsReported":0.8052228215051059,
		"dateContained":"Sat 20 Jun 2020 01:46:04",
		"dateICUOverCapacity":"Wed 25 Mar 2020 19:57:32",
		"dateHospitalsOverCapacity":"Sat 31 Oct 2020 12:33:13"
	}
}