{
	"distancingLevel":0.2,
	"id":"scenario2",
	"distancingDays":90,
	"maintain":false,
	"name":"Italy",
	"gradual":false,
	"events":{
		"herd":{
			"eventName":"herd",
			"day":3.048823165994952e2,
			"thresholdCrossed":0.6999999999995866
		},
		"icu":{
			"eventName":"icu",
			"day":8.551841401376535e1,
			"thresholdCrossed":1.1226360776329814e-4
		},
		"hospital":{
			"eventName":"hospital",
			"day":2.9316235942800796e2,
			"thresholdCrossed":8.13814972955815e-4
		}
	},
	"summary":{
		"totalProjectedDeaths":1.6764606748812348e4,
		"totalProjectedPCRConfirmed":1.7618874514823445e5,
		"totalProjectedInfected":1.6207657731113855e6,
		"totalInfectedFraction":0.1808857868861269,
		"fatalityRate":1.0343633254686345e-2,
		"fatalityRateSymptomatic":1.4776618935266205e-2,
		"fatalityRatePCR":9.515140558330007e-2,
		"fractionOfSymptomaticHospitalized":6.172312817666695e-2,
		"fractionOfSymptomaticHospitalizedOrICU":8.553536718253554e-2,
		"fractionOfPCRHospitalized":0.3209972727137632,
		"fractionOfPCRHospitalizedOrICU":0.44483519220828505,
		"fractionHospitalizedInICU":0.2783905627604594,
		"fractionOfDeathInICU":0.7172162300535846,
		"fractionDeathOfHospitalizedOrICU":0.16959764069011485,
		"fractionOfInfectionsPCRConfirmed":0.10870709887339536,
		"fractionOfDeathsReported":0.8119614667725827,
		"fractionOfHospitalizationsReported":0.8076315566394693,
		"dateContained":"Tue 7 Jul 2020 04:01:36",
		"dateICUOverCapacity":"Wed 25 Mar 2020 12:26:30",
		"dateHospitalsOverCapacity":"Mon 19 Oct 2020 03:53:47"
	},
	"summaryAug1":{
		"totalProjectedDeaths":1.6764606748812348e4,
		"totalProjectedPCRConfirmed":1.7618874514823445e5,
		"totalProjectedInfected":1.6207657731113855e6,
		"totalInfectedFraction":0.1808857868861269,
		"fatalityRate":1.0343633254686345e-2,
		"fatalityRateSymptomatic":1.4776618935266205e-2,
		"fatalityRatePCR":9.515140558330007e-2,
		"fractionOfSymptomaticHospitalized":6.172312817666695e-2,
		"fractionOfSymptomaticHospitalizedOrICU":8.553536718253554e-2,
		"fractionOfPCRHospitalized":0.3209972727137632,
		"fractionOfPCRHospitalizedOrICU":0.44483519220828505,
		"fractionHospitalizedInICU":0.2783905627604594,
		"fractionOfDeathInICU":0.7172162300535846,
		"fractionDeathOfHospitalizedOrICU":0.16959764069011485,
		"fractionOfInfectionsPCRConfirmed":0.10870709887339536,
		"fractionOfDeathsReported":0.8119614667725827,
		"fractionOfHospitalizationsReported":0.8076315566394693,
		"dateContained":"Tue 7 Jul 2020 04:01:36",
		"dateICUOverCapacity":"Wed 25 Mar 2020 12:26:30",
		"dateHospitalsOverCapacity":"Mon 19 Oct 2020 03:53:47"
	}
}