{
	"distancingLevel":0.2,
	"id":"scenario2",
	"distancingDays":90,
	"maintain":false,
	"name":"Italy",
	"gradual":false,
	"events":{
		"herd":{
			"eventName":"herd",
			"day":3.1369247627607757e2,
			"thresholdCrossed":0.6999999999999994
		},
		"icu":{
			"eventName":"icu",
			"day":8.560004650319537e1,
			"thresholdCrossed":1.3632009514114753e-4
		},
		"hospital":{
			"eventName":"hospital",
			"day":2.9918970197186576e2,
			"thresholdCrossed":8.138149729558133e-4
		}
	},
	"summary":{
		"totalProjectedDeaths":1.4416305071714469e4,
		"totalProjectedPCRConfirmed":1.42364732629495e5,
		"totalProjectedInfected":1.3962952809155425e6,
		"totalInfectedFraction":0.15583372675061782,
		"fatalityRate":1.0324682227860702e-2,
		"fatalityRateSymptomatic":1.4749546039801003e-2,
		"fatalityRatePCR":0.10126317666913325,
		"fractionOfSymptomaticHospitalized":6.170010537476577e-2,
		"fractionOfSymptomaticHospitalizedOrICU":8.550346238651564e-2,
		"fractionOfPCRHospitalized":0.34100214182968225,
		"fractionOfPCRHospitalizedOrICU":0.4725577635655085,
		"fractionHospitalizedInICU":0.27839056276045954,
		"fractionOfDeathInICU":0.7171775704410545,
		"fractionDeathOfHospitalizedOrICU":0.1695976406901149,
		"fractionOfInfectionsPCRConfirmed":0.1019589012262129,
		"fractionOfDeathsReported":0.8111578241355771,
		"fractionOfHospitalizationsReported":0.8050044991370048,
		"dateContained":"Thu 25 Jun 2020 15:33:36",
		"dateICUOverCapacity":"Wed 25 Mar 2020 14:24:04",
		"dateHospitalsOverCapacity":"Sun 25 Oct 2020 04:33:10"
	},
	"summaryAug1":{
		"totalProjectedDeaths":1.4416305071714469e4,
		"totalProjectedPCRConfirmed":1.42364732629495e5,
		"totalProjectedInfected":1.3962952809155425e6,
		"totalInfectedFraction":0.15583372675061782,
		"fatalityRate":1.0324682227860702e-2,
		"fatalityRateSymptomatic":1.4749546039801003e-2,
		"fatalityRatePCR":0.10126317666913325,
		"fractionOfSymptomaticHospitalized":6.170010537476577e-2,
		"fractionOfSymptomaticHospitalizedOrICU":8.550346238651564e-2,
		"fractionOfPCRHospitalized":0.34100214182968225,
		"fractionOfPCRHospitalizedOrICU":0.4725577635655085,
		"fractionHospitalizedInICU":0.27839056276045954,
		"fractionOfDeathInICU":0.7171775704410545,
		"fractionDeathOfHospitalizedOrICU":0.1695976406901149,
		"fractionOfInfectionsPCRConfirmed":0.1019589012262129,
		"fractionOfDeathsReported":0.8111578241355771,
		"fractionOfHospitalizationsReported":0.8050044991370048,
		"dateContained":"Thu 25 Jun 2020 15:33:36",
		"dateICUOverCapacity":"Wed 25 Mar 2020 14:24:04",
		"dateHospitalsOverCapacity":"Sun 25 Oct 2020 04:33:10"
	}
}