{
	"distancingLevel":0.7,
	"id":"scenario8",
	"distancingDays":604,
	"maintain":false,
	"name":"relaxed restrictions",
	"gradual":false,
	"events":{
		"herd":{
			"eventName":"herd",
			"day":2.1418717999394025e2,
			"thresholdCrossed":0.7000000000006585
		},
		"icu":{
			"eventName":"icu",
			"day":1.4375900397194434e2,
			"thresholdCrossed":1.4609264828556638e-4
		}
	},
	"summary":{
		"totalProjectedDeaths":5.6585582954524e4,
		"totalProjectedPCRConfirmed":8.631853117063744e5,
		"totalProjectedInfected":5.173189259366484e6,
		"totalInfectedFraction":0.4455898349083723,
		"fatalityRate":1.0938239472308334e-2,
		"fatalityRateSymptomatic":1.562605638901191e-2,
		"fatalityRatePCR":6.5554385816255e-2,
		"fractionOfSymptomaticHospitalized":6.249717806391779e-2,
		"fractionOfSymptomaticHospitalizedOrICU":8.75405858782383e-2,
		"fractionOfPCRHospitalized":0.21193527300255488,
		"fractionOfPCRHospitalizedOrICU":0.29686041100821176,
		"fractionHospitalizedInICU":0.2860776811472775,
		"fractionOfDeathInICU":0.7422371181798607,
		"fractionDeathOfHospitalizedOrICU":0.17151942028681938,
		"fractionOfInfectionsPCRConfirmed":0.16685747774325219,
		"fractionOfDeathsReported":0.8084479885618564,
		"fractionOfHospitalizationsReported":0.8083332992792334,
		"dateContained":"Tue 22 Dec 2020 17:09:40",
		"dateICUOverCapacity":"Fri 22 May 2020 18:12:57",
		"dateHospitalsOverCapacity":""
	},
	"summaryAug1":{
		"totalProjectedDeaths":3.959200247093861e4,
		"totalProjectedPCRConfirmed":7.26288575848217e5,
		"totalProjectedInfected":4.622411081177347e6,
		"totalInfectedFraction":0.3981488569766107,
		"fatalityRate":8.565227491808098e-3,
		"fatalityRateSymptomatic":1.223603927401157e-2,
		"fatalityRatePCR":5.451277052609557e-2,
		"fractionOfSymptomaticHospitalized":5.573494309306921e-2,
		"fractionOfSymptomaticHospitalizedOrICU":7.806863803142558e-2,
		"fractionOfPCRHospitalized":0.20070279750766076,
		"fractionOfPCRHospitalizedOrICU":0.281126940855682,
		"fractionHospitalizedInICU":0.28607768114727733,
		"fractionOfDeathInICU":0.732786973107828,
		"fractionDeathOfHospitalizedOrICU":0.17151942028681932,
		"fractionOfInfectionsPCRConfirmed":0.15712332007979443,
		"fractionOfDeathsReported":0.8084282814267146,
		"fractionOfHospitalizationsReported":0.8082923551990243,
		"dateContained":"Tue 22 Dec 2020 17:09:40",
		"dateICUOverCapacity":"Fri 22 May 2020 18:12:57",
		"dateHospitalsOverCapacity":""
	}
}