{
	"distancingLevel":0.7,
	"id":"scenario8",
	"distancingDays":603,
	"maintain":false,
	"name":"relaxed restrictions",
	"gradual":false,
	"events":{
		"herd":{
			"eventName":"herd",
			"day":2.0332516002309393e2,
			"thresholdCrossed":0.7
		},
		"icu":{
			"eventName":"icu",
			"day":1.3648876628191329e2,
			"thresholdCrossed":1.4609264828642816e-4
		},
		"hospital":{
			"eventName":"hospital",
			"day":1.792576298402855e2,
			"thresholdCrossed":2.119131781913544e-3
		}
	},
	"summary":{
		"totalProjectedDeaths":5.815817780087993e4,
		"totalProjectedPCRConfirmed":8.786039442650924e5,
		"totalProjectedInfected":5.31719744116217e6,
		"totalInfectedFraction":0.4579939010916482,
		"fatalityRate":1.0937750279998708e-2,
		"fatalityRateSymptomatic":1.5625357542855295e-2,
		"fatalityRatePCR":6.619385011926654e-2,
		"fractionOfSymptomaticHospitalized":6.2496166768292914e-2,
		"fractionOfSymptomaticHospitalizedOrICU":8.75391693436964e-2,
		"fractionOfPCRHospitalized":0.21400675980503786,
		"fractionOfPCRHospitalizedOrICU":0.2997619687096322,
		"fractionHospitalizedInICU":0.2860776811472773,
		"fractionOfDeathInICU":0.7422350042075637,
		"fractionDeathOfHospitalizedOrICU":0.17151942028681932,
		"fractionOfInfectionsPCRConfirmed":0.16523816427494886,
		"fractionOfDeathsReported":0.8084461849624445,
		"fractionOfHospitalizationsReported":0.8083257847459152,
		"dateContained":"Mon 7 Dec 2020 23:59:39",
		"dateICUOverCapacity":"Fri 15 May 2020 11:43:49",
		"dateHospitalsOverCapacity":"Sat 27 Jun 2020 06:10:59"
	},
	"summaryAug1":{
		"totalProjectedDeaths":4.515958016042405e4,
		"totalProjectedPCRConfirmed":7.83015881593334e5,
		"totalProjectedInfected":4.946236362696223e6,
		"totalInfectedFraction":0.42604137095527445,
		"fatalityRate":9.130089395042028e-3,
		"fatalityRateSymptomatic":1.304298485006004e-2,
		"fatalityRatePCR":5.767390064749422e-2,
		"fractionOfSymptomaticHospitalized":5.760320561815507e-2,
		"fractionOfSymptomaticHospitalizedOrICU":8.068553692329407e-2,
		"fractionOfPCRHospitalized":0.2058829572724173,
		"fractionOfPCRHospitalizedOrICU":0.2883828559993367,
		"fractionHospitalizedInICU":0.2860776811472774,
		"fractionOfDeathInICU":0.7349324104295875,
		"fractionDeathOfHospitalizedOrICU":0.17151942028681932,
		"fractionOfInfectionsPCRConfirmed":0.15830539104413266,
		"fractionOfDeathsReported":0.8084324500436357,
		"fractionOfHospitalizationsReported":0.8082978247620348,
		"dateContained":"Mon 7 Dec 2020 23:59:39",
		"dateICUOverCapacity":"Fri 15 May 2020 11:43:49",
		"dateHospitalsOverCapacity":"Sat 27 Jun 2020 06:10:59"
	}
}