{
	"distancingLevel":1,
	"id":"scenario4",
	"distancingDays":90,
	"maintain":false,
	"name":"Normal",
	"gradual":false,
	"events":{
		"herd":{
			"eventName":"herd",
			"day":1.4970538753674404e2,
			"thresholdCrossed":0.7000000000000006
		},
		"icu":{
			"eventName":"icu",
			"day":1.3423371093985014e2,
			"thresholdCrossed":2.0507219431093097e-4
		},
		"hospital":{
			"eventName":"hospital",
			"day":1.3718311076394482e2,
			"thresholdCrossed":1.3567733664935357e-3
		}
	},
	"summary":{
		"totalProjectedDeaths":1.9097391171151015e5,
		"totalProjectedPCRConfirmed":6.093835133383599e6,
		"totalProjectedInfected":2.3127434940353353e7,
		"totalInfectedFraction":0.8434632459552438,
		"fatalityRate":8.257461850137728e-3,
		"fatalityRateSymptomatic":1.1796374071625326e-2,
		"fatalityRatePCR":3.133887076552266e-2,
		"fractionOfSymptomaticHospitalized":6.554907883809963e-2,
		"fractionOfSymptomaticHospitalizedOrICU":8.881626938432297e-2,
		"fractionOfPCRHospitalized":0.19946002990395778,
		"fractionOfPCRHospitalizedOrICU":0.27026002594346477,
		"fractionHospitalizedInICU":0.26196991505624134,
		"fractionOfDeathInICU":0.6110307420265613,
		"fractionDeathOfHospitalizedOrICU":0.15645007196855965,
		"fractionOfInfectionsPCRConfirmed":0.2634894509097036,
		"dateContained":"Wed 19 Aug 2020 00:00:00",
		"dateICUOverCapacity":"Wed 13 May 2020 05:36:32",
		"dateHospitalsOverCapacity":"Sat 16 May 2020 04:23:40"
	},
	"summaryAug1":{
		"totalProjectedDeaths":1.896911202324629e5,
		"totalProjectedPCRConfirmed":6.0904963009251915e6,
		"totalProjectedInfected":2.3124166676616974e7,
		"totalInfectedFraction":0.8433440515721731,
		"fatalityRate":8.203154858950117e-3,
		"fatalityRateSymptomatic":1.1718792655643025e-2,
		"fatalityRatePCR":3.11454290192488e-2,
		"fractionOfSymptomaticHospitalized":6.548417393274063e-2,
		"fractionOfSymptomaticHospitalizedOrICU":8.872832594315015e-2,
		"fractionOfPCRHospitalized":0.1993234452069026,
		"fractionOfPCRHospitalizedOrICU":0.2700749593725464,
		"fractionHospitalizedInICU":0.26196991505624123,
		"fractionOfDeathInICU":0.6105614004314747,
		"fractionDeathOfHospitalizedOrICU":0.15645007196855965,
		"fractionOfInfectionsPCRConfirmed":0.2633823041538559,
		"dateContained":"Wed 19 Aug 2020 00:00:00",
		"dateICUOverCapacity":"Wed 13 May 2020 05:36:32",
		"dateHospitalsOverCapacity":"Sat 16 May 2020 04:23:40"
	}
}