{
	"distancingLevel":1,
	"id":"scenario4",
	"distancingDays":90,
	"maintain":false,
	"name":"Normal",
	"gradual":false,
	"events":{
		"herd":{
			"eventName":"herd",
			"day":1.7119896995490257e2,
			"thresholdCrossed":0.6999999999999998
		},
		"icu":{
			"eventName":"icu",
			"day":1.5386725941486444e2,
			"thresholdCrossed":1.4355053601776603e-4
		},
		"hospital":{
			"eventName":"hospital",
			"day":1.5936128106255765e2,
			"thresholdCrossed":1.3567733664935151e-3
		}
	},
	"summary":{
		"totalProjectedDeaths":1.630162472715e5,
		"totalProjectedPCRConfirmed":3.373379836205133e6,
		"totalProjectedInfected":2.233864628156922e7,
		"totalInfectedFraction":0.8146959293796433,
		"fatalityRate":7.297498927049962e-3,
		"fatalityRateSymptomatic":1.0424998467214232e-2,
		"fatalityRatePCR":4.832430831592459e-2,
		"fractionOfSymptomaticHospitalized":5.323379735934394e-2,
		"fractionOfSymptomaticHospitalizedOrICU":7.205436926781547e-2,
		"fractionOfPCRHospitalized":0.18109495650408203,
		"fractionOfPCRHospitalizedOrICU":0.24512027162747038,
		"fractionHospitalizedInICU":0.26119959274805715,
		"fractionOfDeathInICU":0.6667604189475489,
		"fractionDeathOfHospitalizedOrICU":0.16529989818701427,
		"fractionOfInfectionsPCRConfirmed":0.1510109338625583,
		"fractionOfDeathsReported":0.7339274887694498,
		"fractionOfHospitalizationsReported":0.7338871129685386,
		"dateContained":"",
		"dateICUOverCapacity":"Mon 1 Jun 2020 20:48:51",
		"dateHospitalsOverCapacity":"Sun 7 Jun 2020 08:40:14"
	},
	"summaryAug1":{
		"totalProjectedDeaths":1.5210179563399343e5,
		"totalProjectedPCRConfirmed":3.345233477502663e6,
		"totalProjectedInfected":2.228455524411828e7,
		"totalInfectedFraction":0.8127232159272816,
		"fatalityRate":6.825435552461328e-3,
		"fatalityRateSymptomatic":9.750622217801897e-3,
		"fatalityRatePCR":4.5468215195413775e-2,
		"fractionOfSymptomaticHospitalized":5.2243377808168553e-2,
		"fractionOfSymptomaticHospitalizedOrICU":7.071379129648031e-2,
		"fractionOfPCRHospitalized":0.17878675506344274,
		"fractionOfPCRHospitalizedOrICU":0.24199601585015576,
		"fractionHospitalizedInICU":0.261199592748057,
		"fractionOfDeathInICU":0.6618593725241668,
		"fractionDeathOfHospitalizedOrICU":0.1652998981870142,
		"fractionOfInfectionsPCRConfirmed":0.15011443759397416,
		"fractionOfDeathsReported":0.7339261732638238,
		"fractionOfHospitalizationsReported":0.7338858547816607,
		"dateContained":"",
		"dateICUOverCapacity":"Mon 1 Jun 2020 20:48:51",
		"dateHospitalsOverCapacity":"Sun 7 Jun 2020 08:40:14"
	}
}