{
	"distancingLevel":1,
	"id":"scenario4",
	"distancingDays":90,
	"maintain":false,
	"name":"Normal",
	"events":{
		"herd":{
			"eventName":"herd",
			"day":1.4595368253970187e2,
			"thresholdCrossed":0.7000000000000001
		},
		"icu":{
			"eventName":"icu",
			"day":1.2937154367428911e2,
			"thresholdCrossed":2.0507219431113786e-4
		},
		"hospital":{
			"eventName":"hospital",
			"day":1.3217120559258865e2,
			"thresholdCrossed":1.3567733664935102e-3
		}
	},
	"summary":{
		"totalProjectedDeaths":1.8300698582999944e5,
		"totalProjectedPCRConfirmed":5.840430943612096e6,
		"totalProjectedInfected":2.3466742808037166e7,
		"totalInfectedFraction":0.8558378874229572,
		"fatalityRate":7.798567842458352e-3,
		"fatalityRateSymptomatic":1.1140811203511932e-2,
		"fatalityRatePCR":3.133450041561766e-2,
		"fractionOfSymptomaticHospitalized":6.554907883814759e-2,
		"fractionOfPCRHospitalized":0.22137018875067757,
		"fractionHospitalizedInICU":0.2619699150562411,
		"fractionDeathOfHospitalized":0.10446665892061202,
		"fractionOfInfectionsPCRConfirmed":0.2488811929029962,
		"dateContained":"Sun 16 Aug 2020 00:00:00",
		"dateICUOverCapacity":"Fri 8 May 2020 08:55:01",
		"dateHospitalsOverCapacity":"Mon 11 May 2020 04:06:32"
	},
	"summaryAug1":{
		"totalProjectedDeaths":1.811847787323134e5,
		"totalProjectedPCRConfirmed":5.838104958078044e6,
		"totalProjectedInfected":2.3464487836749885e7,
		"totalInfectedFraction":0.8557556480649648,
		"fatalityRate":7.721659215103059e-3,
		"fatalityRateSymptomatic":1.1030941735861513e-2,
		"fatalityRatePCR":3.1034861489020068e-2,
		"fractionOfSymptomaticHospitalized":6.55044597082419e-2,
		"fractionOfPCRHospitalized":0.2212691442424091,
		"fractionHospitalizedInICU":0.2619699150562411,
		"fractionDeathOfHospitalized":0.10351493670471426,
		"fractionOfInfectionsPCRConfirmed":0.24880598284077832,
		"dateContained":"Sun 16 Aug 2020 00:00:00",
		"dateICUOverCapacity":"Fri 8 May 2020 08:55:01",
		"dateHospitalsOverCapacity":"Mon 11 May 2020 04:06:32"
	}
}