{
	"distancingLevel":1,
	"id":"scenario4",
	"distancingDays":90,
	"maintain":false,
	"name":"Normal",
	"gradual":false,
	"events":{
		"herd":{
			"eventName":"herd",
			"day":1.4512918071198914e2,
			"thresholdCrossed":0.6999999999999986
		},
		"icu":{
			"eventName":"icu",
			"day":1.3004196432591363e2,
			"thresholdCrossed":2.0507219430956528e-4
		},
		"hospital":{
			"eventName":"hospital",
			"day":1.328966140808954e2,
			"thresholdCrossed":1.356773366493512e-3
		}
	},
	"summary":{
		"totalProjectedDeaths":1.9281790630139576e5,
		"totalProjectedPCRConfirmed":5.941744646384659e6,
		"totalProjectedInfected":2.3350830679465774e7,
		"totalInfectedFraction":0.8516105435578656,
		"fatalityRate":8.257432420635714e-3,
		"fatalityRateSymptomatic":1.1796332029479594e-2,
		"fatalityRatePCR":3.245139563826908e-2,
		"fractionOfSymptomaticHospitalized":6.554907883814926e-2,
		"fractionOfSymptomaticHospitalizedOrICU":8.881626938439019e-2,
		"fractionOfPCRHospitalized":0.18562282792634505,
		"fractionOfPCRHospitalizedOrICU":0.25151119407346456,
		"fractionHospitalizedInICU":0.2619699150562411,
		"fractionOfDeathInICU":0.61102862252404,
		"fractionDeathOfHospitalizedOrICU":0.15645007196855956,
		"fractionOfInfectionsPCRConfirmed":0.2544553865319105,
		"dateContained":"Sun 23 Aug 2020 00:00:00",
		"dateICUOverCapacity":"Sat 9 May 2020 01:00:25",
		"dateHospitalsOverCapacity":"Mon 11 May 2020 21:31:07"
	},
	"summaryAug1":{
		"totalProjectedDeaths":1.8992943759469697e5,
		"totalProjectedPCRConfirmed":5.937233755625674e6,
		"totalProjectedInfected":2.334822037762357e7,
		"totalInfectedFraction":0.8515153452070572,
		"fatalityRate":8.13464300588499e-3,
		"fatalityRateSymptomatic":1.1620918579835703e-2,
		"fatalityRatePCR":3.198955025389293e-2,
		"fractionOfSymptomaticHospitalized":6.542096224401237e-2,
		"fractionOfSymptomaticHospitalizedOrICU":8.864267673992958e-2,
		"fractionOfPCRHospitalized":0.18533289801825167,
		"fractionOfPCRHospitalizedOrICU":0.2511183511338497,
		"fractionHospitalizedInICU":0.2619699150562413,
		"fractionOfDeathInICU":0.6122132050587878,
		"fractionDeathOfHospitalizedOrICU":0.15645007196855965,
		"fractionOfInfectionsPCRConfirmed":0.25429063370139293,
		"dateContained":"Sun 23 Aug 2020 00:00:00",
		"dateICUOverCapacity":"Sat 9 May 2020 01:00:25",
		"dateHospitalsOverCapacity":"Mon 11 May 2020 21:31:07"
	}
}