{
	"distancingLevel":0.6136310207714286,
	"id":"scenario6",
	"distancingDays":3,
	"maintain":true,
	"postDistancingLevel":1,
	"name":"Open May 1",
	"gradual":false,
	"events":{
		"herd":{
			"eventName":"herd",
			"day":1.5533946342720782e2,
			"thresholdCrossed":0.7000000000000002
		},
		"icu":{
			"eventName":"icu",
			"day":1.2035058052149616e2,
			"thresholdCrossed":1.711965108631777e-4
		},
		"hospital":{
			"eventName":"hospital",
			"day":1.3996138823278878e2,
			"thresholdCrossed":1.3066558979518488e-3
		}
	},
	"summary":{
		"totalProjectedDeaths":9.147322642691717e4,
		"totalProjectedPCRConfirmed":2.388631790532154e6,
		"totalProjectedInfected":9.499291781372093e6,
		"totalInfectedFraction":0.7389842131380101,
		"fatalityRate":9.629478547684386e-3,
		"fatalityRateSymptomatic":1.375639792526341e-2,
		"fatalityRatePCR":3.8295239471186224e-2,
		"fractionOfSymptomaticHospitalized":5.956683178792968e-2,
		"fractionOfSymptomaticHospitalizedOrICU":8.237449317606363e-2,
		"fractionOfPCRHospitalized":0.1309557490882003,
		"fractionOfPCRHospitalizedOrICU":0.18109765343971446,
		"fractionHospitalizedInICU":0.2768777143112232,
		"fractionOfDeathInICU":0.7177405560236327,
		"fractionDeathOfHospitalizedOrICU":0.16921942857780578,
		"fractionOfInfectionsPCRConfirmed":0.2514536710216871,
		"fractionOfDeathsReported":0.7899012521979955,
		"fractionOfHospitalizationsReported":0.7897324942477597,
		"dateContained":"",
		"dateICUOverCapacity":"Wed 29 Apr 2020 08:24:50",
		"dateHospitalsOverCapacity":"Mon 18 May 2020 23:04:23"
	},
	"summaryAug1":{
		"totalProjectedDeaths":8.9434357877e4,
		"totalProjectedPCRConfirmed":2.3814820313020526e6,
		"totalProjectedInfected":9.488655401929228e6,
		"totalInfectedFraction":0.7381567707692394,
		"fatalityRate":9.425398445686654e-3,
		"fatalityRateSymptomatic":1.3464854922409505e-2,
		"fatalityRatePCR":3.755407628589271e-2,
		"fractionOfSymptomaticHospitalized":5.921877577944107e-2,
		"fractionOfSymptomaticHospitalizedOrICU":8.189316931787677e-2,
		"fractionOfPCRHospitalized":0.1304349305212839,
		"fractionOfPCRHospitalizedOrICU":0.18037741762728846,
		"fractionHospitalizedInICU":0.2768777143112231,
		"fractionOfDeathInICU":0.7162662709516804,
		"fractionDeathOfHospitalizedOrICU":0.16921942857780578,
		"fractionOfInfectionsPCRConfirmed":0.25098203385253626,
		"fractionOfDeathsReported":0.7898996113372205,
		"fractionOfHospitalizationsReported":0.7897308079058675,
		"dateContained":"",
		"dateICUOverCapacity":"Wed 29 Apr 2020 08:24:50",
		"dateHospitalsOverCapacity":"Mon 18 May 2020 23:04:23"
	}
}