{
	"distancingLevel":0.5466666666666665,
	"id":"scenario6",
	"distancingDays":8,
	"maintain":true,
	"postDistancingLevel":1,
	"name":"Open May 1",
	"gradual":false,
	"events":{
		"herd":{
			"eventName":"herd",
			"day":1.6386569891623563e2,
			"thresholdCrossed":0.6999999999999996
		},
		"icu":{
			"eventName":"icu",
			"day":1.2146201997105665e2,
			"thresholdCrossed":1.7119651086317767e-4
		},
		"hospital":{
			"eventName":"hospital",
			"day":1.4737904607832368e2,
			"thresholdCrossed":1.306655897951845e-3
		}
	},
	"summary":{
		"totalProjectedDeaths":9.022727501691805e4,
		"totalProjectedPCRConfirmed":2.4467876206238596e6,
		"totalProjectedInfected":9.369902489519404e6,
		"totalInfectedFraction":0.7289185528520775,
		"fatalityRate":9.62947854770535e-3,
		"fatalityRateSymptomatic":1.3756397925293358e-2,
		"fatalityRatePCR":3.687580983996998e-2,
		"fractionOfSymptomaticHospitalized":5.956683178795764e-2,
		"fractionOfSymptomaticHospitalizedOrICU":8.237449317610226e-2,
		"fractionOfPCRHospitalized":0.1261019916923758,
		"fractionOfPCRHospitalizedOrICU":0.17438543132751483,
		"fractionHospitalizedInICU":0.27687771431122293,
		"fractionOfDeathInICU":0.7177405149521706,
		"fractionDeathOfHospitalizedOrICU":0.16921942857780575,
		"fractionOfInfectionsPCRConfirmed":0.26113266636026206,
		"fractionOfDeathsReported":0.7899034653871951,
		"fractionOfHospitalizationsReported":0.7897335848434575,
		"dateContained":"",
		"dateICUOverCapacity":"Thu 30 Apr 2020 11:05:18",
		"dateHospitalsOverCapacity":"Tue 26 May 2020 09:05:49"
	},
	"summaryAug1":{
		"totalProjectedDeaths":8.598029193766962e4,
		"totalProjectedPCRConfirmed":2.42824298361543e6,
		"totalProjectedInfected":9.340098113109406e6,
		"totalInfectedFraction":0.7265999627764888,
		"fatalityRate":9.205502008270229e-3,
		"fatalityRateSymptomatic":1.3150717154671757e-2,
		"fatalityRatePCR":3.540843833085142e-2,
		"fractionOfSymptomaticHospitalized":5.875113742385419e-2,
		"fractionOfSymptomaticHospitalizedOrICU":8.124647599249894e-2,
		"fractionOfPCRHospitalized":0.12492575023712178,
		"fractionOfPCRHospitalizedOrICU":0.17275881646785296,
		"fractionHospitalizedInICU":0.2768777143112228,
		"fractionOfDeathInICU":0.7149383632541358,
		"fractionDeathOfHospitalizedOrICU":0.16921942857780567,
		"fractionOfInfectionsPCRConfirmed":0.25998045782915713,
		"fractionOfDeathsReported":0.7899000194706705,
		"fractionOfHospitalizationsReported":0.7897294823414408,
		"dateContained":"",
		"dateICUOverCapacity":"Thu 30 Apr 2020 11:05:18",
		"dateHospitalsOverCapacity":"Tue 26 May 2020 09:05:49"
	}
}