{
	"distancingLevel":0.5466666666666665,
	"id":"scenario6",
	"distancingDays":8,
	"maintain":true,
	"postDistancingLevel":1,
	"name":"Open May 1",
	"gradual":false,
	"events":{
		"herd":{
			"eventName":"herd",
			"day":1.6386566856497967e2,
			"thresholdCrossed":0.6999999999999998
		},
		"icu":{
			"eventName":"icu",
			"day":1.2146200038992177e2,
			"thresholdCrossed":1.7119651086317767e-4
		},
		"hospital":{
			"eventName":"hospital",
			"day":1.473789704251874e2,
			"thresholdCrossed":1.3066558979518482e-3
		}
	},
	"summary":{
		"totalProjectedDeaths":9.022724771108407e4,
		"totalProjectedPCRConfirmed":1.4735999207835565e6,
		"totalProjectedInfected":9.369899654035976e6,
		"totalInfectedFraction":0.7289183322695816,
		"fatalityRate":9.629478547533828e-3,
		"fatalityRateSymptomatic":1.3756397925048328e-2,
		"fatalityRatePCR":6.122913447437456e-2,
		"fractionOfSymptomaticHospitalized":5.956683178772858e-2,
		"fractionOfSymptomaticHospitalizedOrICU":8.237449317578546e-2,
		"fractionOfPCRHospitalized":0.20938159294467118,
		"fractionOfPCRHospitalizedOrICU":0.28955212290993687,
		"fractionHospitalizedInICU":0.2768777143112226,
		"fractionOfDeathInICU":0.7177405149566941,
		"fractionDeathOfHospitalizedOrICU":0.16921942857780567,
		"fractionOfInfectionsPCRConfirmed":0.15726955199022014,
		"fractionOfDeathsReported":0.7899034653466357,
		"fractionOfHospitalizationsReported":0.789733584689105,
		"dateContained":"",
		"dateICUOverCapacity":"Thu 30 Apr 2020 11:05:16",
		"dateHospitalsOverCapacity":"Tue 26 May 2020 09:05:43"
	},
	"summaryAug1":{
		"totalProjectedDeaths":8.59802706244302e4,
		"totalProjectedPCRConfirmed":1.46073560843094e6,
		"totalProjectedInfected":9.340095298272e6,
		"totalInfectedFraction":0.7265997438001215,
		"fatalityRate":9.205502500636937e-3,
		"fatalityRateSymptomatic":1.3150717858052769e-2,
		"fatalityRatePCR":5.8860939740345314e-2,
		"fractionOfSymptomaticHospitalized":5.8751138978451245e-2,
		"fractionOfSymptomaticHospitalizedOrICU":8.124647814233871e-2,
		"fractionOfPCRHospitalized":0.20766933542489255,
		"fractionOfPCRHospitalizedOrICU":0.28718425574048867,
		"fractionHospitalizedInICU":0.2768777143112228,
		"fractionOfDeathInICU":0.7149383538732453,
		"fractionDeathOfHospitalizedOrICU":0.16921942857780567,
		"fractionOfInfectionsPCRConfirmed":0.15639407969436764,
		"fractionOfDeathsReported":0.7899000194321291,
		"fractionOfHospitalizationsReported":0.7897294821912034,
		"dateContained":"",
		"dateICUOverCapacity":"Thu 30 Apr 2020 11:05:16",
		"dateHospitalsOverCapacity":"Tue 26 May 2020 09:05:43"
	}
}