{
	"distancingLevel":0.5133333333333333,
	"id":"scenario6",
	"distancingDays":9,
	"maintain":true,
	"postDistancingLevel":1,
	"name":"Open May 1",
	"gradual":false,
	"events":{
		"herd":{
			"eventName":"herd",
			"day":1.5017080998144215e2,
			"thresholdCrossed":0.6999999999999993
		},
		"icu":{
			"eventName":"icu",
			"day":1.213924099737024e2,
			"thresholdCrossed":2.014076598389553e-4
		},
		"hospital":{
			"eventName":"hospital",
			"day":1.3513160078214585e2,
			"thresholdCrossed":1.3066558979518488e-3
		}
	},
	"summary":{
		"totalProjectedDeaths":1.446951748403799e5,
		"totalProjectedPCRConfirmed":3.183309647266228e6,
		"totalProjectedInfected":1.0829302799559668e7,
		"totalInfectedFraction":0.8424505734057924,
		"fatalityRate":1.3361448794862712e-2,
		"fatalityRateSymptomatic":1.9087783992661016e-2,
		"fatalityRatePCR":4.545431983490568e-2,
		"fractionOfSymptomaticHospitalized":7.334721824632617e-2,
		"fractionOfSymptomaticHospitalizedOrICU":0.10154350292945677,
		"fractionOfPCRHospitalized":0.1981928909023452,
		"fractionOfPCRHospitalizedOrICU":0.2743825993557408,
		"fractionHospitalizedInICU":0.27767689581005317,
		"fractionOfDeathInICU":0.5773111215949457,
		"fractionDeathOfHospitalizedOrICU":0.1656603587167477,
		"fractionOfInfectionsPCRConfirmed":0.29395333256316974,
		"dateContained":"Tue 1 Sep 2020 00:00:00",
		"dateICUOverCapacity":"Thu 30 Apr 2020 09:25:04",
		"dateHospitalsOverCapacity":"Thu 14 May 2020 03:09:30"
	},
	"summaryAug1":{
		"totalProjectedDeaths":1.4129556550222452e5,
		"totalProjectedPCRConfirmed":3.178467387463774e6,
		"totalProjectedInfected":1.08264291803409e7,
		"totalInfectedFraction":0.8422270241890598,
		"fatalityRate":1.305098506151919e-2,
		"fatalityRateSymptomatic":1.8644264373598844e-2,
		"fatalityRatePCR":4.445399253096313e-2,
		"fractionOfSymptomaticHospitalized":7.308774887639165e-2,
		"fractionOfSymptomaticHospitalizedOrICU":0.10118428782415359,
		"fractionOfPCRHospitalized":0.19766740231214844,
		"fractionOfPCRHospitalizedOrICU":0.2736551013882127,
		"fractionHospitalizedInICU":0.2776768958100533,
		"fractionOfDeathInICU":0.5788837686710216,
		"fractionDeathOfHospitalizedOrICU":0.1624453273681158,
		"fractionOfInfectionsPCRConfirmed":0.29358409264204804,
		"dateContained":"Tue 1 Sep 2020 00:00:00",
		"dateICUOverCapacity":"Thu 30 Apr 2020 09:25:04",
		"dateHospitalsOverCapacity":"Thu 14 May 2020 03:09:30"
	}
}