{
	"distancingLevel":0.6044444444444443,
	"id":"scenario6",
	"distancingDays":14,
	"maintain":true,
	"name":"Open May 10",
	"gradual":false,
	"events":{},
	"summary":{
		"totalProjectedDeaths":6.053648347966873e4,
		"totalProjectedPCRConfirmed":1.0719276809889027e6,
		"totalProjectedInfected":6.506927396727232e6,
		"totalInfectedFraction":0.7777868432340076,
		"fatalityRate":9.303390031694002e-3,
		"fatalityRateSymptomatic":1.3290557188134289e-2,
		"fatalityRatePCR":5.647441012421755e-2,
		"fractionOfSymptomaticHospitalized":5.943070766109951e-2,
		"fractionOfSymptomaticHospitalizedOrICU":8.195626343957811e-2,
		"fractionOfPCRHospitalized":0.20077232795618616,
		"fractionOfPCRHospitalizedOrICU":0.2768694913610276,
		"fractionHospitalizedInICU":0.2748484964188914,
		"fractionOfDeathInICU":0.6952757466910382,
		"fractionDeathOfHospitalizedOrICU":0.16871212410472283,
		"fractionOfInfectionsPCRConfirmed":0.16473638257098838,
		"fractionOfDeathsReported":0.7951014779492199,
		"fractionOfHospitalizationsReported":0.7950316867084911,
		"dateContained":"",
		"dateICUOverCapacity":"",
		"dateHospitalsOverCapacity":""
	},
	"summaryAug1":{
		"totalProjectedDeaths":5.553118150320593e4,
		"totalProjectedPCRConfirmed":1.0570636092603866e6,
		"totalProjectedInfected":6.476423902935281e6,
		"totalInfectedFraction":0.7741406958748127,
		"fatalityRate":8.57435867933811e-3,
		"fatalityRateSymptomatic":1.2249083827625875e-2,
		"fatalityRatePCR":5.253343414410072e-2,
		"fractionOfSymptomaticHospitalized":5.795778748686012e-2,
		"fractionOfSymptomaticHospitalizedOrICU":7.992507386475753e-2,
		"fractionOfPCRHospitalized":0.19761809452642567,
		"fractionOfPCRHospitalizedOrICU":0.2725197335322381,
		"fractionHospitalizedInICU":0.274848496418891,
		"fractionOfDeathInICU":0.6902716977297519,
		"fractionDeathOfHospitalizedOrICU":0.16871212410472275,
		"fractionOfInfectionsPCRConfirmed":0.1632171743392674,
		"fractionOfDeathsReported":0.7950984175196286,
		"fractionOfHospitalizationsReported":0.7950285491149437,
		"dateContained":"",
		"dateICUOverCapacity":"",
		"dateHospitalsOverCapacity":""
	}
}