{
	"distancingLevel":0.5866666666666667,
	"id":"scenario6",
	"distancingDays":8,
	"maintain":true,
	"postDistancingLevel":1,
	"name":"Open May 1",
	"gradual":false,
	"events":{
		"herd":{
			"eventName":"herd",
			"day":1.7991197166778008e2,
			"thresholdCrossed":0.7000000000002181
		},
		"icu":{
			"eventName":"icu",
			"day":1.5390100259912342e2,
			"thresholdCrossed":1.6227790937433073e-4
		},
		"hospital":{
			"eventName":"hospital",
			"day":1.6044063939260667e2,
			"thresholdCrossed":1.0340795313410363e-3
		}
	},
	"summary":{
		"totalProjectedDeaths":5.2915050786992455e4,
		"totalProjectedPCRConfirmed":1.761936307631664e6,
		"totalProjectedInfected":6.615061271202003e6,
		"totalInfectedFraction":0.6484314789935145,
		"fatalityRate":7.999177727552239e-3,
		"fatalityRateSymptomatic":1.1427396753646055e-2,
		"fatalityRatePCR":3.003232895411475e-2,
		"fractionOfSymptomaticHospitalized":5.6068696358136945e-2,
		"fractionOfSymptomaticHospitalizedOrICU":7.643853925250234e-2,
		"fractionOfPCRHospitalized":0.11275059961680094,
		"fractionOfPCRHospitalizedOrICU":0.15371306440766322,
		"fractionHospitalizedInICU":0.2664865536882765,
		"fractionOfDeathInICU":0.6653529021103824,
		"fractionDeathOfHospitalizedOrICU":0.16662163842206915,
		"fractionOfInfectionsPCRConfirmed":0.26635222795321256,
		"fractionOfDeathsReported":0.7654132972684169,
		"fractionOfHospitalizationsReported":0.7651678173801847,
		"dateContained":"",
		"dateICUOverCapacity":"Mon 1 Jun 2020 21:37:26",
		"dateHospitalsOverCapacity":"Mon 8 Jun 2020 10:34:31"
	},
	"summaryAug1":{
		"totalProjectedDeaths":4.593142146246898e4,
		"totalProjectedPCRConfirmed":1.7102820628937131e6,
		"totalProjectedInfected":6.514535507247827e6,
		"totalInfectedFraction":0.6385775914593913,
		"fatalityRate":7.050605743320825e-3,
		"fatalityRateSymptomatic":1.0072293919029751e-2,
		"fatalityRatePCR":2.6856050507104816e-2,
		"fractionOfSymptomaticHospitalized":5.354127510737003e-2,
		"fractionOfSymptomaticHospitalizedOrICU":7.299290200689303e-2,
		"fractionOfPCRHospitalized":0.10923087507663033,
		"fractionOfPCRHospitalizedOrICU":0.14891461857429963,
		"fractionHospitalizedInICU":0.26648655368827645,
		"fractionOfDeathInICU":0.6581999091001328,
		"fractionDeathOfHospitalizedOrICU":0.16662163842206912,
		"fractionOfInfectionsPCRConfirmed":0.26253323218377084,
		"fractionOfDeathsReported":0.7653925045345841,
		"fractionOfHospitalizationsReported":0.7651435973093927,
		"dateContained":"",
		"dateICUOverCapacity":"Mon 1 Jun 2020 21:37:26",
		"dateHospitalsOverCapacity":"Mon 8 Jun 2020 10:34:31"
	}
}