{
	"distancingLevel":0.11,
	"id":"scenario3",
	"distancingDays":60,
	"maintain":false,
	"name":"Wuhan",
	"gradual":false,
	"events":{
		"herd":{
			"eventName":"herd",
			"day":2.5346715596173237e2,
			"thresholdCrossed":0.6999999999999879
		},
		"icu":{
			"eventName":"icu",
			"day":2.369593106332851e2,
			"thresholdCrossed":2.0507219431113716e-4
		},
		"hospital":{
			"eventName":"hospital",
			"day":2.3967454423035147e2,
			"thresholdCrossed":1.3567733664935125e-3
		}
	},
	"summary":{
		"totalProjectedDeaths":1.975152379420838e3,
		"totalProjectedPCRConfirmed":4.196675611040016e4,
		"totalProjectedInfected":3.074448525242255e5,
		"totalInfectedFraction":1.1212589460573893e-2,
		"fatalityRate":6.424411933405858e-3,
		"fatalityRateSymptomatic":9.17773133343694e-3,
		"fatalityRatePCR":4.7064690304508855e-2,
		"fractionOfSymptomaticHospitalized":6.11389944099504e-2,
		"fractionOfSymptomaticHospitalizedOrICU":8.284078882043062e-2,
		"fractionOfPCRHospitalized":0.22916341240574858,
		"fractionOfPCRHospitalizedOrICU":0.3105068710352261,
		"fractionHospitalizedInICU":0.2619699150562412,
		"fractionOfDeathInICU":0.8172778041786306,
		"fractionDeathOfHospitalizedOrICU":0.1564500719685596,
		"fractionOfInfectionsPCRConfirmed":0.13650173605392643,
		"fractionOfDeathsReported":0.7329504234223498,
		"fractionOfHospitalizationsReported":0.7309154197466662,
		"dateContained":"Thu 14 May 2020 17:50:13",
		"dateICUOverCapacity":"Sun 23 Aug 2020 23:01:24",
		"dateHospitalsOverCapacity":"Wed 26 Aug 2020 16:11:20"
	},
	"summaryAug1":{
		"totalProjectedDeaths":1.975152379420838e3,
		"totalProjectedPCRConfirmed":4.196675611040016e4,
		"totalProjectedInfected":3.074448525242255e5,
		"totalInfectedFraction":1.1212589460573893e-2,
		"fatalityRate":6.424411933405858e-3,
		"fatalityRateSymptomatic":9.17773133343694e-3,
		"fatalityRatePCR":4.7064690304508855e-2,
		"fractionOfSymptomaticHospitalized":6.11389944099504e-2,
		"fractionOfSymptomaticHospitalizedOrICU":8.284078882043062e-2,
		"fractionOfPCRHospitalized":0.22916341240574858,
		"fractionOfPCRHospitalizedOrICU":0.3105068710352261,
		"fractionHospitalizedInICU":0.2619699150562412,
		"fractionOfDeathInICU":0.8172778041786306,
		"fractionDeathOfHospitalizedOrICU":0.1564500719685596,
		"fractionOfInfectionsPCRConfirmed":0.13650173605392643,
		"fractionOfDeathsReported":0.7329504234223498,
		"fractionOfHospitalizationsReported":0.7309154197466662,
		"dateContained":"Thu 14 May 2020 17:50:13",
		"dateICUOverCapacity":"Sun 23 Aug 2020 23:01:24",
		"dateHospitalsOverCapacity":"Wed 26 Aug 2020 16:11:20"
	}
}