{
	"distancingLevel":0.11,
	"id":"scenario3",
	"distancingDays":60,
	"maintain":false,
	"name":"Wuhan",
	"gradual":false,
	"events":{
		"herd":{
			"eventName":"herd",
			"day":2.5430935685321634e2,
			"thresholdCrossed":0.7000000000000073
		},
		"icu":{
			"eventName":"icu",
			"day":2.3793525823548657e2,
			"thresholdCrossed":1.4355053601779595e-4
		},
		"hospital":{
			"eventName":"hospital",
			"day":2.424153940930241e2,
			"thresholdCrossed":1.356773366406892e-3
		}
	},
	"summary":{
		"totalProjectedDeaths":1.3679186446007423e3,
		"totalProjectedPCRConfirmed":3.4554326618054714e4,
		"totalProjectedInfected":2.5839247303467427e5,
		"totalInfectedFraction":9.423637104517536e-3,
		"fatalityRate":5.293957012506236e-3,
		"fatalityRateSymptomatic":7.562795732151767e-3,
		"fatalityRatePCR":3.9587477994318714e-2,
		"fractionOfSymptomaticHospitalized":4.704203706808048e-2,
		"fractionOfSymptomaticHospitalizedOrICU":6.367353970886264e-2,
		"fractionOfPCRHospitalized":0.17971844301224474,
		"fractionOfPCRHospitalizedOrICU":0.24325709792273814,
		"fractionHospitalizedInICU":0.26119959274805704,
		"fractionOfDeathInICU":0.6496075061593899,
		"fractionDeathOfHospitalizedOrICU":0.16529989818701427,
		"fractionOfInfectionsPCRConfirmed":0.13372806959983616,
		"fractionOfDeathsReported":0.732510816742644,
		"fractionOfHospitalizationsReported":0.7298457159173821,
		"dateContained":"Mon 11 May 2020 00:42:32",
		"dateICUOverCapacity":"Mon 24 Aug 2020 22:26:46",
		"dateHospitalsOverCapacity":"Sat 29 Aug 2020 09:58:10"
	},
	"summaryAug1":{
		"totalProjectedDeaths":1.3679186446007423e3,
		"totalProjectedPCRConfirmed":3.4554326618054714e4,
		"totalProjectedInfected":2.5839247303467427e5,
		"totalInfectedFraction":9.423637104517536e-3,
		"fatalityRate":5.293957012506236e-3,
		"fatalityRateSymptomatic":7.562795732151767e-3,
		"fatalityRatePCR":3.9587477994318714e-2,
		"fractionOfSymptomaticHospitalized":4.704203706808048e-2,
		"fractionOfSymptomaticHospitalizedOrICU":6.367353970886264e-2,
		"fractionOfPCRHospitalized":0.17971844301224474,
		"fractionOfPCRHospitalizedOrICU":0.24325709792273814,
		"fractionHospitalizedInICU":0.26119959274805704,
		"fractionOfDeathInICU":0.6496075061593899,
		"fractionDeathOfHospitalizedOrICU":0.16529989818701427,
		"fractionOfInfectionsPCRConfirmed":0.13372806959983616,
		"fractionOfDeathsReported":0.732510816742644,
		"fractionOfHospitalizationsReported":0.7298457159173821,
		"dateContained":"Mon 11 May 2020 00:42:32",
		"dateICUOverCapacity":"Mon 24 Aug 2020 22:26:46",
		"dateHospitalsOverCapacity":"Sat 29 Aug 2020 09:58:10"
	}
}