{
	"distancingLevel":0.11,
	"id":"scenario3",
	"distancingDays":60,
	"maintain":false,
	"name":"Wuhan",
	"gradual":false,
	"events":{
		"herd":{
			"eventName":"herd",
			"day":2.812983964756464e2,
			"thresholdCrossed":0.7000000000000105
		},
		"icu":{
			"eventName":"icu",
			"day":2.6349076122777967e2,
			"thresholdCrossed":1.4355053601779563e-4
		},
		"hospital":{
			"eventName":"hospital",
			"day":2.6894499874242103e2,
			"thresholdCrossed":1.3567733663552778e-3
		}
	},
	"summary":{
		"totalProjectedDeaths":2.1516154367666295e3,
		"totalProjectedPCRConfirmed":4.68710563950145e4,
		"totalProjectedInfected":3.5831521685173514e5,
		"totalInfectedFraction":1.306784417123536e-2,
		"fatalityRate":6.0048117846385855e-3,
		"fatalityRateSymptomatic":8.578302549483694e-3,
		"fatalityRatePCR":4.5904991315610474e-2,
		"fractionOfSymptomaticHospitalized":4.97909665439347e-2,
		"fractionOfSymptomaticHospitalizedOrICU":6.73943409548706e-2,
		"fractionOfPCRHospitalized":0.19423596345901384,
		"fractionOfPCRHospitalizedOrICU":0.26290722305026587,
		"fractionHospitalizedInICU":0.2611995927480569,
		"fractionOfDeathInICU":0.6555950034481277,
		"fractionDeathOfHospitalizedOrICU":0.1652998981870142,
		"fractionOfInfectionsPCRConfirmed":0.13080956149961379,
		"fractionOfDeathsReported":0.7320903772254377,
		"fractionOfHospitalizationsReported":0.7289882646572357,
		"dateContained":"Sat 30 May 2020 14:45:43",
		"dateICUOverCapacity":"Sat 19 Sep 2020 11:46:41",
		"dateHospitalsOverCapacity":"Thu 24 Sep 2020 22:40:47"
	},
	"summaryAug1":{
		"totalProjectedDeaths":2.1516154367666295e3,
		"totalProjectedPCRConfirmed":4.68710563950145e4,
		"totalProjectedInfected":3.5831521685173514e5,
		"totalInfectedFraction":1.306784417123536e-2,
		"fatalityRate":6.0048117846385855e-3,
		"fatalityRateSymptomatic":8.578302549483694e-3,
		"fatalityRatePCR":4.5904991315610474e-2,
		"fractionOfSymptomaticHospitalized":4.97909665439347e-2,
		"fractionOfSymptomaticHospitalizedOrICU":6.73943409548706e-2,
		"fractionOfPCRHospitalized":0.19423596345901384,
		"fractionOfPCRHospitalizedOrICU":0.26290722305026587,
		"fractionHospitalizedInICU":0.2611995927480569,
		"fractionOfDeathInICU":0.6555950034481277,
		"fractionDeathOfHospitalizedOrICU":0.1652998981870142,
		"fractionOfInfectionsPCRConfirmed":0.13080956149961379,
		"fractionOfDeathsReported":0.7320903772254377,
		"fractionOfHospitalizationsReported":0.7289882646572357,
		"dateContained":"Sat 30 May 2020 14:45:43",
		"dateICUOverCapacity":"Sat 19 Sep 2020 11:46:41",
		"dateHospitalsOverCapacity":"Thu 24 Sep 2020 22:40:47"
	}
}