{
	"distancingLevel":0.11,
	"id":"scenario3",
	"distancingDays":60,
	"maintain":false,
	"name":"Wuhan",
	"events":{
		"herd":{
			"eventName":"herd",
			"day":2.445970481422187e2,
			"thresholdCrossed":0.6999999999999974
		},
		"icu":{
			"eventName":"icu",
			"day":2.2607798639931372e2,
			"thresholdCrossed":2.0507219431113765e-4
		},
		"hospital":{
			"eventName":"hospital",
			"day":2.292862219109776e2,
			"thresholdCrossed":1.3567733664935117e-3
		}
	},
	"summary":{
		"totalProjectedDeaths":1.7393539595585503e5,
		"totalProjectedPCRConfirmed":6.239580576253718e6,
		"totalProjectedInfected":2.2303604924719486e7,
		"totalInfectedFraction":0.8134179624685968,
		"fatalityRate":7.798532862419891e-3,
		"fatalityRateSymptomatic":1.1140761232028416e-2,
		"fatalityRatePCR":2.7876135876473754e-2,
		"fractionOfSymptomaticHospitalized":6.554907883815192e-2,
		"fractionOfPCRHospitalized":0.2141025880190747,
		"fractionHospitalizedInICU":0.26196991505624123,
		"fractionDeathOfHospitalized":9.609144438265622e-2,
		"fractionOfInfectionsPCRConfirmed":0.2797565952819707,
		"dateContained":"Wed 3 Jun 2020 00:00:00",
		"dateICUOverCapacity":"Thu 13 Aug 2020 01:52:18",
		"dateHospitalsOverCapacity":"Sun 16 Aug 2020 06:52:09"
	},
	"summaryAug1":{
		"totalProjectedDeaths":4.560116118637888e3,
		"totalProjectedPCRConfirmed":1.1634709836332846e5,
		"totalProjectedInfected":8.541384552223332e5,
		"totalInfectedFraction":3.1150639739990965e-2,
		"fatalityRate":5.338848860810141e-3,
		"fatalityRateSymptomatic":7.626926944014489e-3,
		"fatalityRatePCR":3.9194068290363086e-2,
		"fractionOfSymptomaticHospitalized":4.877047031409854e-2,
		"fractionOfPCRHospitalized":0.19294823272179198,
		"fractionHospitalizedInICU":0.2619699150562412,
		"fractionDeathOfHospitalized":0.1499179398618101,
		"fractionOfInfectionsPCRConfirmed":0.1362157360460292,
		"dateContained":"Wed 3 Jun 2020 00:00:00",
		"dateICUOverCapacity":"Thu 13 Aug 2020 01:52:18",
		"dateHospitalsOverCapacity":"Sun 16 Aug 2020 06:52:09"
	}
}