{
	"distancingLevel":0.11,
	"id":"scenario3",
	"distancingDays":60,
	"maintain":false,
	"name":"Wuhan",
	"gradual":false,
	"events":{
		"herd":{
			"eventName":"herd",
			"day":2.4552838194770982e2,
			"thresholdCrossed":0.7000000000000006
		},
		"icu":{
			"eventName":"icu",
			"day":2.3056704907724236e2,
			"thresholdCrossed":2.0507219431113713e-4
		},
		"hospital":{
			"eventName":"hospital",
			"day":2.332058743178425e2,
			"thresholdCrossed":1.3567733664935134e-3
		}
	},
	"summary":{
		"totalProjectedDeaths":1.906936669626194e5,
		"totalProjectedPCRConfirmed":6.798211058341497e6,
		"totalProjectedInfected":2.3093496575841893e7,
		"totalInfectedFraction":0.8422255054463168,
		"fatalityRate":8.257461850194832e-3,
		"fatalityRateSymptomatic":1.1796374071706903e-2,
		"fatalityRatePCR":2.805056585123754e-2,
		"fractionOfSymptomaticHospitalized":6.554907883814177e-2,
		"fractionOfSymptomaticHospitalizedOrICU":8.881626938438006e-2,
		"fractionOfPCRHospitalized":0.19296129915501184,
		"fractionOfPCRHospitalizedOrICU":0.26145451668100544,
		"fractionHospitalizedInICU":0.2619699150562412,
		"fractionOfDeathInICU":0.6110307431048402,
		"fractionDeathOfHospitalizedOrICU":0.1564500719685596,
		"fractionOfInfectionsPCRConfirmed":0.29437772820652486,
		"dateContained":"Tue 2 Jun 2020 00:00:00",
		"dateICUOverCapacity":"Mon 17 Aug 2020 13:36:33",
		"dateHospitalsOverCapacity":"Thu 20 Aug 2020 04:56:27"
	},
	"summaryAug1":{
		"totalProjectedDeaths":3.4195670381111468e3,
		"totalProjectedPCRConfirmed":7.010363589377205e4,
		"totalProjectedInfected":4.7493752620735375e5,
		"totalInfectedFraction":1.7321088504365187e-2,
		"fatalityRate":7.200035477125454e-3,
		"fatalityRateSymptomatic":1.0285764967322078e-2,
		"fatalityRatePCR":4.8778740139709904e-2,
		"fractionOfSymptomaticHospitalized":5.8316781906355364e-2,
		"fractionOfSymptomaticHospitalizedOrICU":7.9016808523191e-2,
		"fractionOfPCRHospitalized":0.19804788338357848,
		"fractionOfPCRHospitalizedOrICU":0.26834662627428074,
		"fractionHospitalizedInICU":0.2619699150562414,
		"fractionOfDeathInICU":0.6103977812408737,
		"fractionDeathOfHospitalizedOrICU":0.15645007196855967,
		"fractionOfInfectionsPCRConfirmed":0.14760601558185865,
		"dateContained":"Tue 2 Jun 2020 00:00:00",
		"dateICUOverCapacity":"Mon 17 Aug 2020 13:36:33",
		"dateHospitalsOverCapacity":"Thu 20 Aug 2020 04:56:27"
	}
}