{
	"distancingLevel":0.11,
	"id":"scenario3",
	"distancingDays":60,
	"maintain":false,
	"name":"Wuhan",
	"gradual":false,
	"events":{
		"herd":{
			"eventName":"herd",
			"day":3.211367299194838e2,
			"thresholdCrossed":0.7000000000001215
		},
		"icu":{
			"eventName":"icu",
			"day":2.9445007948331346e2,
			"thresholdCrossed":1.435505360177494e-4
		},
		"hospital":{
			"eventName":"hospital",
			"day":3.036668356049066e2,
			"thresholdCrossed":1.3567733664935175e-3
		}
	},
	"summary":{
		"totalProjectedDeaths":3.1701911549790416e3,
		"totalProjectedPCRConfirmed":7.289310098939453e4,
		"totalProjectedInfected":5.0018081566171587e5,
		"totalInfectedFraction":1.8241717485342823e-2,
		"fatalityRate":6.338090257990057e-3,
		"fatalityRateSymptomatic":9.05441465427151e-3,
		"fatalityRatePCR":4.349096295738994e-2,
		"fractionOfSymptomaticHospitalized":5.1020097547737134e-2,
		"fractionOfSymptomaticHospitalizedOrICU":6.90580257494883e-2,
		"fractionOfPCRHospitalized":0.17813976071694634,
		"fractionOfPCRHospitalizedOrICU":0.24112027953471035,
		"fractionHospitalizedInICU":0.26119959274805693,
		"fractionOfDeathInICU":0.6579444658160765,
		"fractionDeathOfHospitalizedOrICU":0.16529989818701424,
		"fractionOfInfectionsPCRConfirmed":0.14573350018025055,
		"fractionOfDeathsReported":0.7311502596927897,
		"fractionOfHospitalizationsReported":0.7269104892933183,
		"dateContained":"Fri 12 Jun 2020 21:15:16",
		"dateICUOverCapacity":"Tue 20 Oct 2020 10:48:06",
		"dateHospitalsOverCapacity":"Thu 29 Oct 2020 16:00:14"
	},
	"summaryAug1":{
		"totalProjectedDeaths":3.1701911549790416e3,
		"totalProjectedPCRConfirmed":7.289310098939453e4,
		"totalProjectedInfected":5.0018081566171587e5,
		"totalInfectedFraction":1.8241717485342823e-2,
		"fatalityRate":6.338090257990057e-3,
		"fatalityRateSymptomatic":9.05441465427151e-3,
		"fatalityRatePCR":4.349096295738994e-2,
		"fractionOfSymptomaticHospitalized":5.1020097547737134e-2,
		"fractionOfSymptomaticHospitalizedOrICU":6.90580257494883e-2,
		"fractionOfPCRHospitalized":0.17813976071694634,
		"fractionOfPCRHospitalizedOrICU":0.24112027953471035,
		"fractionHospitalizedInICU":0.26119959274805693,
		"fractionOfDeathInICU":0.6579444658160765,
		"fractionDeathOfHospitalizedOrICU":0.16529989818701424,
		"fractionOfInfectionsPCRConfirmed":0.14573350018025055,
		"fractionOfDeathsReported":0.7311502596927897,
		"fractionOfHospitalizationsReported":0.7269104892933183,
		"dateContained":"Fri 12 Jun 2020 21:15:16",
		"dateICUOverCapacity":"Tue 20 Oct 2020 10:48:06",
		"dateHospitalsOverCapacity":"Thu 29 Oct 2020 16:00:14"
	}
}