{
	"distancingLevel":0.11,
	"id":"scenario3",
	"distancingDays":60,
	"maintain":false,
	"name":"Wuhan",
	"gradual":false,
	"events":{
		"herd":{
			"eventName":"herd",
			"day":3.060122183964531e2,
			"thresholdCrossed":0.6999999999999994
		},
		"icu":{
			"eventName":"icu",
			"day":2.8346587796863315e2,
			"thresholdCrossed":1.4355053601779297e-4
		},
		"hospital":{
			"eventName":"hospital",
			"day":2.909004435731384e2,
			"thresholdCrossed":1.3567733664935151e-3
		}
	},
	"summary":{
		"totalProjectedDeaths":2.701496598883507e3,
		"totalProjectedPCRConfirmed":6.269582358805343e4,
		"totalProjectedInfected":4.405235049758601e5,
		"totalInfectedFraction":1.6066000677757954e-2,
		"fatalityRate":6.132468684120598e-3,
		"fatalityRateSymptomatic":8.760669548743712e-3,
		"fatalityRatePCR":4.308894028785471e-2,
		"fractionOfSymptomaticHospitalized":5.0308757433110946e-2,
		"fractionOfSymptomaticHospitalizedOrICU":6.809519450624073e-2,
		"fractionOfPCRHospitalized":0.17963076501283787,
		"fractionOfPCRHospitalizedOrICU":0.2431384217572323,
		"fractionHospitalizedInICU":0.26119959274805676,
		"fractionOfDeathInICU":0.6564951123763644,
		"fractionDeathOfHospitalizedOrICU":0.16529989818701418,
		"fractionOfInfectionsPCRConfirmed":0.1423211766906491,
		"fractionOfDeathsReported":0.7308283173428686,
		"fractionOfHospitalizationsReported":0.7259531839237048,
		"dateContained":"Sun 7 Jun 2020 00:23:29",
		"dateICUOverCapacity":"Fri 9 Oct 2020 11:10:51",
		"dateHospitalsOverCapacity":"Fri 16 Oct 2020 21:36:38"
	},
	"summaryAug1":{
		"totalProjectedDeaths":2.701496598883507e3,
		"totalProjectedPCRConfirmed":6.269582358805343e4,
		"totalProjectedInfected":4.405235049758601e5,
		"totalInfectedFraction":1.6066000677757954e-2,
		"fatalityRate":6.132468684120598e-3,
		"fatalityRateSymptomatic":8.760669548743712e-3,
		"fatalityRatePCR":4.308894028785471e-2,
		"fractionOfSymptomaticHospitalized":5.0308757433110946e-2,
		"fractionOfSymptomaticHospitalizedOrICU":6.809519450624073e-2,
		"fractionOfPCRHospitalized":0.17963076501283787,
		"fractionOfPCRHospitalizedOrICU":0.2431384217572323,
		"fractionHospitalizedInICU":0.26119959274805676,
		"fractionOfDeathInICU":0.6564951123763644,
		"fractionDeathOfHospitalizedOrICU":0.16529989818701418,
		"fractionOfInfectionsPCRConfirmed":0.1423211766906491,
		"fractionOfDeathsReported":0.7308283173428686,
		"fractionOfHospitalizationsReported":0.7259531839237048,
		"dateContained":"Sun 7 Jun 2020 00:23:29",
		"dateICUOverCapacity":"Fri 9 Oct 2020 11:10:51",
		"dateHospitalsOverCapacity":"Fri 16 Oct 2020 21:36:38"
	}
}