{
	"distancingLevel":0.11,
	"id":"scenario3",
	"distancingDays":60,
	"maintain":false,
	"name":"Wuhan",
	"gradual":false,
	"events":{
		"herd":{
			"eventName":"herd",
			"day":2.7173951183196914e2,
			"thresholdCrossed":0.6999999999999953
		},
		"icu":{
			"eventName":"icu",
			"day":2.5480375515267383e2,
			"thresholdCrossed":1.4355053601777684e-4
		},
		"hospital":{
			"eventName":"hospital",
			"day":2.598810872888635e2,
			"thresholdCrossed":1.3567733664034633e-3
		}
	},
	"summary":{
		"totalProjectedDeaths":1.5412067010299008e3,
		"totalProjectedPCRConfirmed":3.917828565999362e4,
		"totalProjectedInfected":2.9930686259448016e5,
		"totalInfectedFraction":1.0915794964366387e-2,
		"fatalityRate":5.149252802526032e-3,
		"fatalityRateSymptomatic":7.356075432180047e-3,
		"fatalityRatePCR":3.9338288418364446e-2,
		"fractionOfSymptomaticHospitalized":4.484506025055806e-2,
		"fractionOfSymptomaticHospitalizedOrICU":6.069983152468019e-2,
		"fractionOfPCRHospitalized":0.17367697888928507,
		"fractionOfPCRHospitalizedOrICU":0.23507970107284795,
		"fractionHospitalizedInICU":0.2611995927480569,
		"fractionOfDeathInICU":0.6529370255371819,
		"fractionDeathOfHospitalizedOrICU":0.1652998981870142,
		"fractionOfInfectionsPCRConfirmed":0.13089671690246152,
		"fractionOfDeathsReported":0.7300947010965188,
		"fractionOfHospitalizationsReported":0.7241997290584732,
		"dateContained":"Sun 17 May 2020 21:13:50",
		"dateICUOverCapacity":"Thu 10 Sep 2020 19:17:24",
		"dateHospitalsOverCapacity":"Tue 15 Sep 2020 21:08:45"
	},
	"summaryAug1":{
		"totalProjectedDeaths":1.5412067010299008e3,
		"totalProjectedPCRConfirmed":3.917828565999362e4,
		"totalProjectedInfected":2.9930686259448016e5,
		"totalInfectedFraction":1.0915794964366387e-2,
		"fatalityRate":5.149252802526032e-3,
		"fatalityRateSymptomatic":7.356075432180047e-3,
		"fatalityRatePCR":3.9338288418364446e-2,
		"fractionOfSymptomaticHospitalized":4.484506025055806e-2,
		"fractionOfSymptomaticHospitalizedOrICU":6.069983152468019e-2,
		"fractionOfPCRHospitalized":0.17367697888928507,
		"fractionOfPCRHospitalizedOrICU":0.23507970107284795,
		"fractionHospitalizedInICU":0.2611995927480569,
		"fractionOfDeathInICU":0.6529370255371819,
		"fractionDeathOfHospitalizedOrICU":0.1652998981870142,
		"fractionOfInfectionsPCRConfirmed":0.13089671690246152,
		"fractionOfDeathsReported":0.7300947010965188,
		"fractionOfHospitalizationsReported":0.7241997290584732,
		"dateContained":"Sun 17 May 2020 21:13:50",
		"dateICUOverCapacity":"Thu 10 Sep 2020 19:17:24",
		"dateHospitalsOverCapacity":"Tue 15 Sep 2020 21:08:45"
	}
}