{
	"distancingLevel":0.5352380952380952,
	"id":"scenario5",
	"distancingDays":598,
	"maintain":true,
	"name":"Current Indefinite",
	"gradual":false,
	"events":{},
	"summary":{
		"totalProjectedDeaths":1.191746260017076e2,
		"totalProjectedPCRConfirmed":1.4748537807096327e3,
		"totalProjectedInfected":9.539594855718005e3,
		"totalInfectedFraction":1.5272246325408726e-2,
		"fatalityRate":1.249262969802902e-2,
		"fatalityRateSymptomatic":1.7846613854327172e-2,
		"fatalityRatePCR":8.080436688738472e-2,
		"fractionOfSymptomaticHospitalized":6.693368949343641e-2,
		"fractionOfSymptomaticHospitalizedOrICU":9.473285736278218e-2,
		"fractionOfPCRHospitalized":0.2523787816140064,
		"fractionOfPCRHospitalizedOrICU":0.3571977475166234,
		"fractionHospitalizedInICU":0.29344800360964585,
		"fractionOfDeathInICU":0.7342991621006238,
		"fractionDeathOfHospitalizedOrICU":0.17336200090241147,
		"fractionOfInfectionsPCRConfirmed":0.15460339804951043,
		"fractionOfDeathsReported":0.8449072226956604,
		"fractionOfHospitalizationsReported":0.8327776667244231,
		"dateContained":"",
		"dateICUOverCapacity":"",
		"dateHospitalsOverCapacity":""
	},
	"summaryAug1":{
		"totalProjectedDeaths":1.0817246101508111e2,
		"totalProjectedPCRConfirmed":1.3512472863213384e3,
		"totalProjectedInfected":8.959694378645976e3,
		"totalInfectedFraction":1.4343864872735443e-2,
		"fatalityRate":1.2073231121911165e-2,
		"fatalityRateSymptomatic":1.7247473031301665e-2,
		"fatalityRatePCR":8.005378594289125e-2,
		"fractionOfSymptomaticHospitalized":6.576047497741028e-2,
		"fractionOfSymptomaticHospitalizedOrICU":9.307237869734826e-2,
		"fractionOfPCRHospitalized":0.2536990586837863,
		"fractionOfPCRHospitalizedOrICU":0.3590663673443561,
		"fractionHospitalizedInICU":0.2934480036096481,
		"fractionOfDeathInICU":0.7333043201068156,
		"fractionDeathOfHospitalizedOrICU":0.17336200090241202,
		"fractionOfInfectionsPCRConfirmed":0.15081399311362942,
		"fractionOfDeathsReported":0.844205561991308,
		"fractionOfHospitalizationsReported":0.8311846483645855,
		"dateContained":"",
		"dateICUOverCapacity":"",
		"dateHospitalsOverCapacity":""
	}
}