{
	"distancingLevel":0.5738095238095237,
	"id":"scenario5",
	"distancingDays":595,
	"maintain":true,
	"name":"Current Indefinite",
	"gradual":false,
	"events":{},
	"summary":{
		"totalProjectedDeaths":1.0225470311864055e2,
		"totalProjectedPCRConfirmed":1.2245246636647885e3,
		"totalProjectedInfected":8.185175368688606e3,
		"totalInfectedFraction":1.3103912308430199e-2,
		"fatalityRate":1.249267101958542e-2,
		"fatalityRateSymptomatic":1.784667288512203e-2,
		"fatalityRatePCR":8.350562969684096e-2,
		"fractionOfSymptomaticHospitalized":6.693380442327242e-2,
		"fractionOfSymptomaticHospitalizedOrICU":9.473302002573805e-2,
		"fractionOfPCRHospitalized":0.26097402085115223,
		"fractionOfPCRHospitalizedOrICU":0.3693627959221962,
		"fractionHospitalizedInICU":0.293448003609648,
		"fractionOfDeathInICU":0.734292903586692,
		"fractionDeathOfHospitalizedOrICU":0.173362000902412,
		"fractionOfInfectionsPCRConfirmed":0.14960274013786667,
		"fractionOfDeathsReported":0.8456134347741983,
		"fractionOfHospitalizationsReported":0.8332844444604381,
		"dateContained":"",
		"dateICUOverCapacity":"",
		"dateHospitalsOverCapacity":""
	},
	"summaryAug1":{
		"totalProjectedDeaths":9.889355242254229e1,
		"totalProjectedPCRConfirmed":1.1925608830160627e3,
		"totalProjectedInfected":8.045930869626472e3,
		"totalInfectedFraction":1.2880991280724249e-2,
		"fatalityRate":1.2291126287931102e-2,
		"fatalityRateSymptomatic":1.7558751839901576e-2,
		"fatalityRatePCR":8.292536995883529e-2,
		"fractionOfSymptomaticHospitalized":6.640341970019888e-2,
		"fractionOfSymptomaticHospitalizedOrICU":9.398235379624155e-2,
		"fractionOfPCRHospitalized":0.2611751981384155,
		"fractionOfPCRHospitalizedOrICU":0.36964752696576186,
		"fractionHospitalizedInICU":0.29344800360964785,
		"fractionOfDeathInICU":0.7337628530908168,
		"fractionDeathOfHospitalizedOrICU":0.17336200090241194,
		"fractionOfInfectionsPCRConfirmed":0.14821913117822086,
		"fractionOfDeathsReported":0.8454029680453836,
		"fractionOfHospitalizationsReported":0.8328134116360382,
		"dateContained":"",
		"dateICUOverCapacity":"",
		"dateHospitalsOverCapacity":""
	}
}