{
	"distancingLevel":0.4561904761904762,
	"id":"scenario5",
	"distancingDays":618,
	"maintain":true,
	"name":"Current Indefinite",
	"gradual":false,
	"events":{},
	"summary":{
		"totalProjectedDeaths":6.248672883347909e2,
		"totalProjectedPCRConfirmed":1.1316447329053592e4,
		"totalProjectedInfected":3.599209401510001e4,
		"totalInfectedFraction":5.762090884146929e-2,
		"fatalityRate":1.7361237389317666e-2,
		"fatalityRateSymptomatic":2.480176769902524e-2,
		"fatalityRatePCR":5.5217619997269006e-2,
		"fractionOfSymptomaticHospitalized":8.239305522158875e-2,
		"fractionOfSymptomaticHospitalizedOrICU":0.1167496112636911,
		"fractionOfPCRHospitalized":0.21213690266137933,
		"fractionOfPCRHospitalizedOrICU":0.3005945204215471,
		"fractionHospitalizedInICU":0.2942755497875235,
		"fractionOfDeathInICU":0.6346912101791059,
		"fractionDeathOfHospitalizedOrICU":0.1836946991576328,
		"fractionOfInfectionsPCRConfirmed":0.31441480799383115,
		"dateContained":"Sun 15 Aug 2021 00:00:00",
		"dateICUOverCapacity":"",
		"dateHospitalsOverCapacity":""
	},
	"summaryAug1":{
		"totalProjectedDeaths":3.424662096243999e2,
		"totalProjectedPCRConfirmed":6.124291882712671e3,
		"totalProjectedInfected":2.2902445511559665e4,
		"totalInfectedFraction":3.666526666980396e-2,
		"fatalityRate":1.4953259443474943e-2,
		"fatalityRateSymptomatic":2.1361799204964206e-2,
		"fatalityRatePCR":5.591931543809913e-2,
		"fractionOfSymptomaticHospitalized":7.650837828998704e-2,
		"fractionOfSymptomaticHospitalizedOrICU":0.10841112032741988,
		"fractionOfPCRHospitalized":0.20594207368575734,
		"fractionOfPCRHospitalizedOrICU":0.2918165491131181,
		"fractionHospitalizedInICU":0.2942755497875235,
		"fractionOfDeathInICU":0.6355586564582019,
		"fractionDeathOfHospitalizedOrICU":0.19162489450323425,
		"fractionOfInfectionsPCRConfirmed":0.26740777004017,
		"dateContained":"Sun 15 Aug 2021 00:00:00",
		"dateICUOverCapacity":"",
		"dateHospitalsOverCapacity":""
	}
}