{
	"distancingLevel":0.4561904761904762,
	"id":"scenario5",
	"distancingDays":619,
	"maintain":true,
	"name":"Current Indefinite",
	"gradual":false,
	"events":{},
	"summary":{
		"totalProjectedDeaths":3.465769831502742e2,
		"totalProjectedPCRConfirmed":6.105283981904214e3,
		"totalProjectedInfected":2.3964184431863712e4,
		"totalInfectedFraction":3.836503888963126e-2,
		"fatalityRate":1.4462289928358752e-2,
		"fatalityRateSymptomatic":2.0660414183369648e-2,
		"fatalityRatePCR":5.676672603232097e-2,
		"fractionOfSymptomaticHospitalized":8.241582588256156e-2,
		"fractionOfPCRHospitalized":0.25728265374119774,
		"fractionHospitalizedInICU":0.29427554978752374,
		"fractionDeathOfHospitalized":0.15571071713144055,
		"fractionOfInfectionsPCRConfirmed":0.2547670253191004,
		"dateContained":"Wed 10 Mar 2021 00:00:00",
		"dateICUOverCapacity":"",
		"dateHospitalsOverCapacity":""
	},
	"summaryAug1":{
		"totalProjectedDeaths":2.611593623956639e2,
		"totalProjectedPCRConfirmed":4.421566906624986e3,
		"totalProjectedInfected":1.9602408964615268e4,
		"totalInfectedFraction":3.13821312966516e-2,
		"fatalityRate":1.3322819805825309e-2,
		"fatalityRateSymptomatic":1.9032599722607586e-2,
		"fatalityRatePCR":5.90648898706836e-2,
		"fractionOfSymptomaticHospitalized":7.95469973551952e-2,
		"fractionOfPCRHospitalized":0.2543476582813363,
		"fractionHospitalizedInICU":0.2942755497875235,
		"fractionDeathOfHospitalized":0.16388409947435847,
		"fractionOfInfectionsPCRConfirmed":0.22556242524102274,
		"dateContained":"Wed 10 Mar 2021 00:00:00",
		"dateICUOverCapacity":"",
		"dateHospitalsOverCapacity":""
	}
}