{
	"distancingLevel":0.4561904761904762,
	"id":"scenario5",
	"distancingDays":613,
	"maintain":true,
	"name":"Current Indefinite",
	"gradual":false,
	"events":{},
	"summary":{
		"totalProjectedDeaths":1.2688231486676351e2,
		"totalProjectedPCRConfirmed":1.5175787659041005e3,
		"totalProjectedInfected":8.459597838703985e3,
		"totalInfectedFraction":1.3543244127306118e-2,
		"fatalityRate":1.499862254518259e-2,
		"fatalityRateSymptomatic":2.1426603635975133e-2,
		"fatalityRatePCR":8.360838838646581e-2,
		"fractionOfSymptomaticHospitalized":8.224834042927032e-2,
		"fractionOfSymptomaticHospitalizedOrICU":0.11654455277057119,
		"fractionOfPCRHospitalized":0.2675422878911455,
		"fractionOfPCRHospitalizedOrICU":0.37910304483654333,
		"fractionHospitalizedInICU":0.2942755497875234,
		"fractionOfDeathInICU":0.8597131573792776,
		"fractionDeathOfHospitalizedOrICU":0.16711093142988276,
		"fractionOfInfectionsPCRConfirmed":0.17939136053973392,
		"fractionOfDeathsReported":0.8456865125830504,
		"fractionOfHospitalizationsReported":0.8336212495719248,
		"dateContained":"Tue 1 Sep 2020 01:34:40",
		"dateICUOverCapacity":"",
		"dateHospitalsOverCapacity":""
	},
	"summaryAug1":{
		"totalProjectedDeaths":1.249823969332383e2,
		"totalProjectedPCRConfirmed":1.493843234510864e3,
		"totalProjectedInfected":8.397772959656586e3,
		"totalInfectedFraction":1.3444266676362851e-2,
		"fatalityRate":1.4882802563686988e-2,
		"fatalityRateSymptomatic":2.1261146519552843e-2,
		"fatalityRatePCR":8.366500181939229e-2,
		"fractionOfSymptomaticHospitalized":8.196910647942951e-2,
		"fractionOfSymptomaticHospitalizedOrICU":0.11614888283203254,
		"fractionOfPCRHospitalized":0.26882759910058385,
		"fractionOfPCRHospitalizedOrICU":0.3809243097920815,
		"fractionHospitalizedInICU":0.2942755497875234,
		"fractionOfDeathInICU":0.8594813520337976,
		"fractionDeathOfHospitalizedOrICU":0.16711093142988276,
		"fractionOfInfectionsPCRConfirmed":0.17788564202525814,
		"fractionOfDeathsReported":0.8455934888404518,
		"fractionOfHospitalizationsReported":0.8334249697234903,
		"dateContained":"Tue 1 Sep 2020 01:34:40",
		"dateICUOverCapacity":"",
		"dateHospitalsOverCapacity":""
	}
}