{
	"distancingLevel":0.5388888888888889,
	"id":"scenario5",
	"distancingDays":597,
	"maintain":true,
	"name":"Current Indefinite",
	"gradual":false,
	"events":{},
	"summary":{
		"totalProjectedDeaths":1.0037688798595607e2,
		"totalProjectedPCRConfirmed":1.183637370114682e3,
		"totalProjectedInfected":8.0714543557102725e3,
		"totalInfectedFraction":1.2921852656123362e-2,
		"fatalityRate":1.2436034890656717e-2,
		"fatalityRateSymptomatic":1.7765764129509597e-2,
		"fatalityRatePCR":8.480375030422586e-2,
		"fractionOfSymptomaticHospitalized":6.677731191612482e-2,
		"fractionOfSymptomaticHospitalizedOrICU":9.451153242405107e-2,
		"fractionOfPCRHospitalized":0.26070177087627294,
		"fractionOfPCRHospitalizedOrICU":0.3689774739978824,
		"fractionHospitalizedInICU":0.2934480036096474,
		"fractionOfDeathInICU":0.7346640817687787,
		"fractionDeathOfHospitalizedOrICU":0.17336200090241183,
		"fractionOfInfectionsPCRConfirmed":0.1466448694314055,
		"fractionOfDeathsReported":0.8396097356288421,
		"fractionOfHospitalizationsReported":0.8178692530161507,
		"dateContained":"Sun 18 Oct 2020 21:37:56",
		"dateICUOverCapacity":"",
		"dateHospitalsOverCapacity":""
	},
	"summaryAug1":{
		"totalProjectedDeaths":9.57684059731341e1,
		"totalProjectedPCRConfirmed":1.1334739306055897e3,
		"totalProjectedInfected":7.839362312895265e3,
		"totalInfectedFraction":1.2550288988939583e-2,
		"fatalityRate":1.2216351553952417e-2,
		"fatalityRateSymptomatic":1.74519307913606e-2,
		"fatalityRatePCR":8.449105302489594e-2,
		"fractionOfSymptomaticHospitalized":6.61698662936265e-2,
		"fractionOfSymptomaticHospitalizedOrICU":9.365180005389057e-2,
		"fractionOfPCRHospitalized":0.2615814616725779,
		"fractionOfPCRHospitalizedOrICU":0.37022252149728657,
		"fractionHospitalizedInICU":0.29344800360964757,
		"fractionOfDeathInICU":0.7341540307138437,
		"fractionDeathOfHospitalizedOrICU":0.1733620009024119,
		"fractionOfInfectionsPCRConfirmed":0.1445875168623212,
		"fractionOfDeathsReported":0.83902284275024,
		"fractionOfHospitalizationsReported":0.8165437601076874,
		"dateContained":"Sun 18 Oct 2020 21:37:56",
		"dateICUOverCapacity":"",
		"dateHospitalsOverCapacity":""
	}
}