{
	"distancingLevel":0.5076190476190475,
	"id":"scenario5",
	"distancingDays":604,
	"maintain":true,
	"name":"Current Indefinite",
	"gradual":false,
	"events":{},
	"summary":{
		"totalProjectedDeaths":1.2094107751588129e2,
		"totalProjectedPCRConfirmed":1.414297782778536e3,
		"totalProjectedInfected":9.719461638126011e3,
		"totalInfectedFraction":1.556020088199529e-2,
		"fatalityRate":1.2443186877910215e-2,
		"fatalityRateSymptomatic":1.7775981254157452e-2,
		"fatalityRatePCR":8.551316348547185e-2,
		"fractionOfSymptomaticHospitalized":6.679861925784734e-2,
		"fractionOfSymptomaticHospitalizedOrICU":9.454168921623539e-2,
		"fractionOfPCRHospitalized":0.27036551194935216,
		"fractionOfPCRHospitalizedOrICU":0.38265479869931907,
		"fractionHospitalizedInICU":0.29344800360964773,
		"fractionOfDeathInICU":0.7339025087024785,
		"fractionDeathOfHospitalizedOrICU":0.17336200090241194,
		"fractionOfInfectionsPCRConfirmed":0.14551194659082206,
		"fractionOfDeathsReported":0.8487272193817085,
		"fractionOfHospitalizationsReported":0.8413649514630535,
		"dateContained":"Sun 25 Oct 2020 10:00:05",
		"dateICUOverCapacity":"",
		"dateHospitalsOverCapacity":""
	},
	"summaryAug1":{
		"totalProjectedDeaths":1.1458810421087159e2,
		"totalProjectedPCRConfirmed":1.3472723026517192e3,
		"totalProjectedInfected":9.413635681615939e3,
		"totalInfectedFraction":1.5070594204650291e-2,
		"fatalityRate":1.217256627369304e-2,
		"fatalityRateSymptomatic":1.7389380390990063e-2,
		"fatalityRatePCR":8.505192601773061e-2,
		"fractionOfSymptomaticHospitalized":6.605854826038256e-2,
		"fractionOfSymptomaticHospitalizedOrICU":9.349424896945147e-2,
		"fractionOfPCRHospitalized":0.27169146374098285,
		"fractionOfPCRHospitalizedOrICU":0.3845314500970997,
		"fractionHospitalizedInICU":0.2934480036096479,
		"fractionOfDeathInICU":0.7332195131549898,
		"fractionDeathOfHospitalizedOrICU":0.17336200090241197,
		"fractionOfInfectionsPCRConfirmed":0.14311923131705975,
		"fractionOfDeathsReported":0.8485565318224149,
		"fractionOfHospitalizationsReported":0.8409049779111185,
		"dateContained":"Sun 25 Oct 2020 10:00:05",
		"dateICUOverCapacity":"",
		"dateHospitalsOverCapacity":""
	}
}