{
	"distancingLevel":0.5261904761904761,
	"id":"scenario5",
	"distancingDays":602,
	"maintain":true,
	"name":"Current Indefinite",
	"gradual":false,
	"events":{},
	"summary":{
		"totalProjectedDeaths":1.3102374420376498e2,
		"totalProjectedPCRConfirmed":1.5861210324312467e3,
		"totalProjectedInfected":1.0522870288368205e4,
		"totalInfectedFraction":1.6846403806966306e-2,
		"fatalityRate":1.2451331301555272e-2,
		"fatalityRateSymptomatic":1.7787616145078962e-2,
		"fatalityRatePCR":8.260639732071924e-2,
		"fractionOfSymptomaticHospitalized":6.68168857172817e-2,
		"fractionOfSymptomaticHospitalizedOrICU":9.456754217472638e-2,
		"fractionOfPCRHospitalized":0.2612147941438337,
		"fractionOfPCRHospitalizedOrICU":0.3697035681426609,
		"fractionHospitalizedInICU":0.29344800360964834,
		"fractionOfDeathInICU":0.7339136485165274,
		"fractionDeathOfHospitalizedOrICU":0.1733620009024121,
		"fractionOfInfectionsPCRConfirmed":0.15073083569076365,
		"fractionOfDeathsReported":0.8488184410540147,
		"fractionOfHospitalizationsReported":0.8418129594769974,
		"dateContained":"Wed 30 Dec 2020 02:14:11",
		"dateICUOverCapacity":"",
		"dateHospitalsOverCapacity":""
	},
	"summaryAug1":{
		"totalProjectedDeaths":1.1689523612493421e2,
		"totalProjectedPCRConfirmed":1.4213726017046654e3,
		"totalProjectedInfected":9.737249854637761e3,
		"totalInfectedFraction":1.558867861384512e-2,
		"fatalityRate":1.200495395209132e-2,
		"fatalityRateSymptomatic":1.7149934217273313e-2,
		"fatalityRatePCR":8.224109285963488e-2,
		"fractionOfSymptomaticHospitalized":6.555111180478512e-2,
		"fractionOfSymptomaticHospitalizedOrICU":9.27760619737458e-2,
		"fractionOfPCRHospitalized":0.26430065500460254,
		"fractionOfPCRHospitalizedOrICU":0.3740710610894418,
		"fractionHospitalizedInICU":0.29344800360964796,
		"fractionOfDeathInICU":0.7328490334094099,
		"fractionDeathOfHospitalizedOrICU":0.17336200090241197,
		"fractionOfInfectionsPCRConfirmed":0.1459726948495297,
		"fractionOfDeathsReported":0.8484573629410399,
		"fractionOfHospitalizationsReported":0.8407981802137869,
		"dateContained":"Wed 30 Dec 2020 02:14:11",
		"dateICUOverCapacity":"",
		"dateHospitalsOverCapacity":""
	}
}