{
	"distancingLevel":0.5342239757142857,
	"id":"scenario5",
	"distancingDays":610,
	"maintain":true,
	"name":"Current Indefinite",
	"gradual":false,
	"events":{},
	"summary":{
		"totalProjectedDeaths":1.316996545188794e2,
		"totalProjectedPCRConfirmed":1.9992700793240977e3,
		"totalProjectedInfected":1.0578579133435178e4,
		"totalInfectedFraction":1.693558990105466e-2,
		"fatalityRate":1.2449654425009025e-2,
		"fatalityRateSymptomatic":1.778522060715575e-2,
		"fatalityRatePCR":6.587386860878933e-2,
		"fractionOfSymptomaticHospitalized":6.68138567589947e-2,
		"fractionOfSymptomaticHospitalizedOrICU":9.456325521735799e-2,
		"fractionOfPCRHospitalized":0.20584288302422757,
		"fractionOfPCRHospitalizedOrICU":0.2913343732320367,
		"fractionHospitalizedInICU":0.2934480036096475,
		"fractionOfDeathInICU":0.7342335878418098,
		"fractionDeathOfHospitalizedOrICU":0.17336200090241186,
		"fractionOfInfectionsPCRConfirmed":0.1889923073889107,
		"fractionOfDeathsReported":0.844735297697479,
		"fractionOfHospitalizationsReported":0.8317932688437245,
		"dateContained":"Tue 1 Dec 2020 18:43:28",
		"dateICUOverCapacity":"",
		"dateHospitalsOverCapacity":""
	},
	"summaryAug1":{
		"totalProjectedDeaths":1.2068956758848321e2,
		"totalProjectedPCRConfirmed":1.7945653997342108e3,
		"totalProjectedInfected":1.0002173700553032e4,
		"totalInfectedFraction":1.6012803777805045e-2,
		"fatalityRate":1.206633389918135e-2,
		"fatalityRateSymptomatic":1.7237619855973357e-2,
		"fatalityRatePCR":6.725281096267557e-2,
		"fractionOfSymptomaticHospitalized":6.574303329845536e-2,
		"fractionOfSymptomaticHospitalizedOrICU":9.304769307046722e-2,
		"fractionOfPCRHospitalized":0.21296852509921324,
		"fractionOfPCRHospitalizedOrICU":0.30141946549897436,
		"fractionHospitalizedInICU":0.2934480036096477,
		"fractionOfDeathInICU":0.7333195168104685,
		"fractionDeathOfHospitalizedOrICU":0.17336200090241194,
		"fractionOfInfectionsPCRConfirmed":0.17941753997283483,
		"fractionOfDeathsReported":0.8440902715627029,
		"fractionOfHospitalizationsReported":0.8302952299464738,
		"dateContained":"Tue 1 Dec 2020 18:43:28",
		"dateICUOverCapacity":"",
		"dateHospitalsOverCapacity":""
	}
}