{
	"distancingLevel":0.4561904761904762,
	"id":"scenario5",
	"distancingDays":612,
	"maintain":true,
	"name":"Current Indefinite",
	"gradual":false,
	"events":{},
	"summary":{
		"totalProjectedDeaths":1.1781115115622701e2,
		"totalProjectedPCRConfirmed":1.6507494710970584e3,
		"totalProjectedInfected":9.430423718810127e3,
		"totalInfectedFraction":1.509747071704181e-2,
		"fatalityRate":1.2492667844949358e-2,
		"fatalityRateSymptomatic":1.7846668349927652e-2,
		"fatalityRatePCR":7.136828041988215e-2,
		"fractionOfSymptomaticHospitalized":6.693379602034656e-2,
		"fractionOfSymptomaticHospitalizedOrICU":9.473300813287555e-2,
		"fractionOfPCRHospitalized":0.22356993561726696,
		"fractionOfPCRHospitalizedOrICU":0.31642389627295175,
		"fractionHospitalizedInICU":0.2934480036096492,
		"fractionOfDeathInICU":0.7342225450936045,
		"fractionDeathOfHospitalizedOrICU":0.1733620009024123,
		"fractionOfInfectionsPCRConfirmed":0.17504510086905617,
		"fractionOfDeathsReported":0.8460973970606894,
		"fractionOfHospitalizationsReported":0.8352565041500467,
		"dateContained":"",
		"dateICUOverCapacity":"",
		"dateHospitalsOverCapacity":""
	},
	"summaryAug1":{
		"totalProjectedDeaths":1.1523610506457648e2,
		"totalProjectedPCRConfirmed":1.61462735281028e3,
		"totalProjectedInfected":9.337949726540757e3,
		"totalInfectedFraction":1.4949426108230645e-2,
		"fatalityRate":1.2340621703825097e-2,
		"fatalityRateSymptomatic":1.7629459576892995e-2,
		"fatalityRatePCR":7.1370093454695e-2,
		"fractionOfSymptomaticHospitalized":6.654850670534265e-2,
		"fractionOfSymptomaticHospitalizedOrICU":9.418769891717393e-2,
		"fractionOfPCRHospitalized":0.22495720045388745,
		"fractionOfPCRHospitalizedOrICU":0.3183873254950146,
		"fractionHospitalizedInICU":0.2934480036096479,
		"fractionOfDeathInICU":0.7337964705902782,
		"fractionDeathOfHospitalizedOrICU":0.17336200090241197,
		"fractionOfInfectionsPCRConfirmed":0.17291026404020046,
		"fractionOfDeathsReported":0.8459698358822071,
		"fractionOfHospitalizationsReported":0.8349958517681023,
		"dateContained":"",
		"dateICUOverCapacity":"",
		"dateHospitalsOverCapacity":""
	}
}