{
	"distancingLevel":0.5342239757142857,
	"id":"scenario5",
	"distancingDays":609,
	"maintain":true,
	"name":"Current Indefinite",
	"gradual":false,
	"events":{},
	"summary":{
		"totalProjectedDeaths":1.3039884494539842e2,
		"totalProjectedPCRConfirmed":1.9801336837550166e3,
		"totalProjectedInfected":1.0473004008944137e4,
		"totalInfectedFraction":1.6766571265415597e-2,
		"fatalityRate":1.2450949587533377e-2,
		"fatalityRateSymptomatic":1.77870708393334e-2,
		"fatalityRatePCR":6.585355625995777e-2,
		"fractionOfSymptomaticHospitalized":6.681746924635394e-2,
		"fractionOfSymptomaticHospitalizedOrICU":9.456836805742883e-2,
		"fractionOfPCRHospitalized":0.20577436504186547,
		"fractionOfPCRHospitalizedOrICU":0.2912373980869491,
		"fractionHospitalizedInICU":0.2934480036096479,
		"fractionOfDeathInICU":0.7342358243623619,
		"fractionDeathOfHospitalizedOrICU":0.17336200090241197,
		"fractionOfInfectionsPCRConfirmed":0.18907026886115447,
		"fractionOfDeathsReported":0.8447461046567033,
		"fractionOfHospitalizationsReported":0.8318144290712427,
		"dateContained":"Thu 3 Dec 2020 18:21:58",
		"dateICUOverCapacity":"",
		"dateHospitalsOverCapacity":""
	},
	"summaryAug1":{
		"totalProjectedDeaths":1.1942708425055615e2,
		"totalProjectedPCRConfirmed":1.775992764812249e3,
		"totalProjectedInfected":9.898049214511619e3,
		"totalInfectedFraction":1.5846107516236045e-2,
		"fatalityRate":1.2065719381902347e-2,
		"fatalityRateSymptomatic":1.7236741974146215e-2,
		"fatalityRatePCR":6.724525381902752e-2,
		"fractionOfSymptomaticHospitalized":6.574097334785571e-2,
		"fractionOfSymptomaticHospitalizedOrICU":9.304477757293815e-2,
		"fractionOfPCRHospitalized":0.21295173398770675,
		"fractionOfPCRHospitalizedOrICU":0.30139570063581894,
		"fractionHospitalizedInICU":0.2934480036096479,
		"fractionOfDeathInICU":0.7333189901814778,
		"fractionDeathOfHospitalizedOrICU":0.17336200090241197,
		"fractionOfInfectionsPCRConfirmed":0.17942856479319685,
		"fractionOfDeathsReported":0.8440975217585448,
		"fractionOfHospitalizationsReported":0.830306798980773,
		"dateContained":"Thu 3 Dec 2020 18:21:58",
		"dateICUOverCapacity":"",
		"dateHospitalsOverCapacity":""
	}
}