{
	"distancingLevel":0.11,
	"id":"scenario3",
	"distancingDays":60,
	"maintain":false,
	"name":"Wuhan",
	"gradual":false,
	"events":{
		"herd":{
			"eventName":"herd",
			"day":2.4581086557982871e2,
			"thresholdCrossed":0.7000000000000016
		},
		"icu":{
			"eventName":"icu",
			"day":1.2136389012637417e2,
			"thresholdCrossed":2.3751144847519568e-4
		},
		"hospital":{
			"eventName":"hospital",
			"day":2.3188054488599568e2,
			"thresholdCrossed":1.408090843414655e-3
		}
	},
	"summary":{
		"totalProjectedDeaths":7.082650248207017e4,
		"totalProjectedPCRConfirmed":1.673030908000805e6,
		"totalProjectedInfected":5.245361702423175e6,
		"totalInfectedFraction":0.7930193861989331,
		"fatalityRate":1.3502691806620466e-2,
		"fatalityRateSymptomatic":1.928955972374352e-2,
		"fatalityRatePCR":4.2334246273253e-2,
		"fractionOfSymptomaticHospitalized":7.339390647225164e-2,
		"fractionOfSymptomaticHospitalizedOrICU":0.10204521252331356,
		"fractionOfPCRHospitalized":0.19115219130973915,
		"fractionOfPCRHospitalizedOrICU":0.26577364421764604,
		"fractionHospitalizedInICU":0.2807707029324493,
		"fractionOfDeathInICU":0.5814663565384404,
		"fractionDeathOfHospitalizedOrICU":0.15928684876889015,
		"fractionOfInfectionsPCRConfirmed":0.3189543453653393,
		"dateContained":"Thu 18 Jun 2020 00:00:00",
		"dateICUOverCapacity":"Thu 30 Apr 2020 08:44:00",
		"dateHospitalsOverCapacity":"Tue 18 Aug 2020 21:07:59"
	},
	"summaryAug1":{
		"totalProjectedDeaths":4.96777594934721e3,
		"totalProjectedPCRConfirmed":5.155819742746077e4,
		"totalProjectedInfected":4.100533162725566e5,
		"totalInfectedFraction":6.199386193502688e-2,
		"fatalityRate":1.2114951281226074e-2,
		"fatalityRateSymptomatic":1.730707325889439e-2,
		"fatalityRatePCR":9.635278572988451e-2,
		"fractionOfSymptomaticHospitalized":6.701743122428507e-2,
		"fractionOfSymptomaticHospitalizedOrICU":9.317950686593164e-2,
		"fractionOfPCRHospitalized":0.21307113821729262,
		"fractionOfPCRHospitalizedOrICU":0.2962492477517647,
		"fractionHospitalizedInICU":0.28077070293244905,
		"fractionOfDeathInICU":0.5812687450061813,
		"fractionDeathOfHospitalizedOrICU":0.32524229668465227,
		"fractionOfInfectionsPCRConfirmed":0.12573535045669712,
		"dateContained":"Thu 18 Jun 2020 00:00:00",
		"dateICUOverCapacity":"Thu 30 Apr 2020 08:44:00",
		"dateHospitalsOverCapacity":"Tue 18 Aug 2020 21:07:59"
	}
}