{
	"distancingLevel":0.11,
	"id":"scenario3",
	"distancingDays":60,
	"maintain":false,
	"name":"Wuhan",
	"gradual":false,
	"events":{},
	"summary":{
		"totalProjectedDeaths":5.8960706115886605e4,
		"totalProjectedPCRConfirmed":1.4066874974920086e6,
		"totalProjectedInfected":4.910210168382302e6,
		"totalInfectedFraction":0.7423495413175131,
		"fatalityRate":1.2007776468621415e-2,
		"fatalityRateSymptomatic":1.7153966383744883e-2,
		"fatalityRatePCR":4.191457322326955e-2,
		"fractionOfSymptomaticHospitalized":7.339390647227549e-2,
		"fractionOfSymptomaticHospitalizedOrICU":0.10204521252334663,
		"fractionOfPCRHospitalized":0.14049204472867322,
		"fractionOfPCRHospitalizedOrICU":0.19533693260478788,
		"fractionHospitalizedInICU":0.2807707029324486,
		"fractionOfDeathInICU":0.7302216375295982,
		"fractionDeathOfHospitalizedOrICU":0.17019267573311214,
		"fractionOfInfectionsPCRConfirmed":0.28648213604988115,
		"fractionOfDeathsReported":0.783500329230207,
		"fractionOfHospitalizationsReported":0.7834138322230491,
		"dateContained":"",
		"dateICUOverCapacity":"",
		"dateHospitalsOverCapacity":""
	},
	"summaryAug1":{
		"totalProjectedDeaths":3.346839935518009e3,
		"totalProjectedPCRConfirmed":3.634625277953556e4,
		"totalProjectedInfected":2.854211947600807e5,
		"totalInfectedFraction":4.315136944173784e-2,
		"fatalityRate":1.1725968487838806e-2,
		"fatalityRateSymptomatic":1.675138355405544e-2,
		"fatalityRatePCR":9.208211795088868e-2,
		"fractionOfSymptomaticHospitalized":7.191680743780822e-2,
		"fractionOfSymptomaticHospitalizedOrICU":9.999148773698197e-2,
		"fractionOfPCRHospitalized":0.30893701382071603,
		"fractionOfPCRHospitalizedOrICU":0.42953897328754137,
		"fractionHospitalizedInICU":0.2807707029324488,
		"fractionOfDeathInICU":0.730107421750545,
		"fractionDeathOfHospitalizedOrICU":0.17019267573311217,
		"fractionOfInfectionsPCRConfirmed":0.12734251501570332,
		"fractionOfDeathsReported":0.782991472540126,
		"fractionOfHospitalizationsReported":0.7814747091212102,
		"dateContained":"",
		"dateICUOverCapacity":"",
		"dateHospitalsOverCapacity":""
	}
}