{
	"distancingLevel":0.11,
	"id":"scenario3",
	"distancingDays":60,
	"maintain":false,
	"name":"Wuhan",
	"gradual":false,
	"events":{
		"herd":{
			"eventName":"herd",
			"day":3.089144724509877e2,
			"thresholdCrossed":0.6999999999999997
		},
		"icu":{
			"eventName":"icu",
			"day":2.741545133550716e2,
			"thresholdCrossed":1.874485614787343e-4
		},
		"hospital":{
			"eventName":"hospital",
			"day":2.770899542576887e2,
			"thresholdCrossed":8.298988186727974e-4
		}
	},
	"summary":{
		"totalProjectedDeaths":5.6862379225018914e4,
		"totalProjectedPCRConfirmed":1.4481598423862562e6,
		"totalProjectedInfected":4.344691750597345e6,
		"totalInfectedFraction":0.6059570079747012,
		"fatalityRate":1.3087782169402696e-2,
		"fatalityRateSymptomatic":1.8696831670575283e-2,
		"fatalityRatePCR":3.926526448304348e-2,
		"fractionOfSymptomaticHospitalized":7.328665883809592e-2,
		"fractionOfSymptomaticHospitalizedOrICU":0.10154756059864707,
		"fractionOfPCRHospitalized":0.19013013212784965,
		"fractionOfPCRHospitalizedOrICU":0.26344837409677735,
		"fractionHospitalizedInICU":0.27830212359554873,
		"fractionOfDeathInICU":0.5688289532664488,
		"fractionDeathOfHospitalizedOrICU":0.1490434876193977,
		"fractionOfInfectionsPCRConfirmed":0.3333170511319131,
		"dateContained":"Tue 26 May 2020 00:00:00",
		"dateICUOverCapacity":"Wed 30 Sep 2020 03:42:29",
		"dateHospitalsOverCapacity":"Sat 3 Oct 2020 02:09:32"
	},
	"summaryAug1":{
		"totalProjectedDeaths":1.3477639243990843e3,
		"totalProjectedPCRConfirmed":1.6879072888393828e4,
		"totalProjectedInfected":1.0474359138418022e5,
		"totalInfectedFraction":1.4608657387709069e-2,
		"fatalityRate":1.2867268599333528e-2,
		"fatalityRateSymptomatic":1.8381812284762187e-2,
		"fatalityRatePCR":7.984821994138175e-2,
		"fractionOfSymptomaticHospitalized":7.305067139692882e-2,
		"fractionOfSymptomaticHospitalizedOrICU":0.10122057135718938,
		"fractionOfPCRHospitalized":0.20861581320824352,
		"fractionOfPCRHospitalizedOrICU":0.28906252883489414,
		"fractionHospitalizedInICU":0.2783021235955486,
		"fractionOfDeathInICU":0.5634262655519527,
		"fractionDeathOfHospitalizedOrICU":0.27623165224223584,
		"fractionOfInfectionsPCRConfirmed":0.16114659298328327,
		"dateContained":"Tue 26 May 2020 00:00:00",
		"dateICUOverCapacity":"Wed 30 Sep 2020 03:42:29",
		"dateHospitalsOverCapacity":"Sat 3 Oct 2020 02:09:32"
	}
}