{
	"distancingLevel":0.11,
	"id":"scenario3",
	"distancingDays":60,
	"maintain":false,
	"name":"Wuhan",
	"gradual":false,
	"events":{},
	"summary":{
		"totalProjectedDeaths":3.307235892018291e4,
		"totalProjectedPCRConfirmed":1.0021612977815546e6,
		"totalProjectedInfected":3.5040664913024255e6,
		"totalInfectedFraction":0.48871445172654565,
		"fatalityRate":9.438279496771266e-3,
		"fatalityRateSymptomatic":1.3483256423958952e-2,
		"fatalityRatePCR":3.3001033858914626e-2,
		"fractionOfSymptomaticHospitalized":5.951765022130296e-2,
		"fractionOfSymptomaticHospitalizedOrICU":8.237757965053792e-2,
		"fractionOfPCRHospitalized":0.11522459444797542,
		"fractionOfPCRHospitalizedOrICU":0.15948081235642625,
		"fractionHospitalizedInICU":0.2775018339481607,
		"fractionOfDeathInICU":0.7041394929310683,
		"fractionDeathOfHospitalizedOrICU":0.16937545848704016,
		"fractionOfInfectionsPCRConfirmed":0.2859995095039026,
		"fractionOfDeathsReported":0.7922110389837762,
		"fractionOfHospitalizationsReported":0.7909821077654969,
		"dateContained":"",
		"dateICUOverCapacity":"",
		"dateHospitalsOverCapacity":""
	},
	"summaryAug1":{
		"totalProjectedDeaths":1.2427361821111626e3,
		"totalProjectedPCRConfirmed":1.5856784191040113e4,
		"totalProjectedInfected":1.3171096236455505e5,
		"totalInfectedFraction":1.836981430521996e-2,
		"fatalityRate":9.43532838725653e-3,
		"fatalityRateSymptomatic":1.3479040553223617e-2,
		"fatalityRatePCR":7.837252289864496e-2,
		"fractionOfSymptomaticHospitalized":5.9504665826999946e-2,
		"fractionOfSymptomaticHospitalizedOrICU":8.235960812491602e-2,
		"fractionOfPCRHospitalized":0.25245703844100437,
		"fractionOfPCRHospitalizedOrICU":0.34942239344437415,
		"fractionHospitalizedInICU":0.27750183394816136,
		"fractionOfDeathInICU":0.7063558166244726,
		"fractionDeathOfHospitalizedOrICU":0.16937545848704033,
		"fractionOfInfectionsPCRConfirmed":0.12039077011031969,
		"fractionOfDeathsReported":0.7623775612783398,
		"fractionOfHospitalizationsReported":0.7296786095983802,
		"dateContained":"",
		"dateICUOverCapacity":"",
		"dateHospitalsOverCapacity":""
	}
}