{
	"distancingLevel":0.11,
	"id":"scenario3",
	"distancingDays":60,
	"maintain":false,
	"name":"Wuhan",
	"gradual":false,
	"events":{
		"herd":{
			"eventName":"herd",
			"day":3.4184356704484446e2,
			"thresholdCrossed":0.7000000000001236
		},
		"icu":{
			"eventName":"icu",
			"day":3.0447653723741007e2,
			"thresholdCrossed":1.312139930351147e-4
		},
		"hospital":{
			"eventName":"hospital",
			"day":3.1254200610917684e2,
			"thresholdCrossed":8.29898818672802e-4
		}
	},
	"summary":{
		"totalProjectedDeaths":1.401962773078682e3,
		"totalProjectedPCRConfirmed":1.854283464532006e4,
		"totalProjectedInfected":1.5733952807942213e5,
		"totalInfectedFraction":2.1944247174278786e-2,
		"fatalityRate":8.910429503582827e-3,
		"fatalityRateSymptomatic":1.2729185005118328e-2,
		"fatalityRatePCR":7.560671277584395e-2,
		"fractionOfSymptomaticHospitalized":5.84793897626826e-2,
		"fractionOfSymptomaticHospitalizedOrICU":8.094053730578847e-2,
		"fractionOfPCRHospitalized":0.2571313289305839,
		"fractionOfPCRHospitalizedOrICU":0.3558920160804046,
		"fractionHospitalizedInICU":0.2775018339481614,
		"fractionOfDeathInICU":0.7025759923120048,
		"fractionDeathOfHospitalizedOrICU":0.16937545848704036,
		"fractionOfInfectionsPCRConfirmed":0.11785235961785757,
		"fractionOfDeathsReported":0.7668172122746797,
		"fractionOfHospitalizationsReported":0.74027384370852,
		"dateContained":"Fri 29 May 2020 03:09:57",
		"dateICUOverCapacity":"Fri 30 Oct 2020 11:26:12",
		"dateHospitalsOverCapacity":"Sat 7 Nov 2020 13:00:29"
	},
	"summaryAug1":{
		"totalProjectedDeaths":1.401962773078682e3,
		"totalProjectedPCRConfirmed":1.854283464532006e4,
		"totalProjectedInfected":1.5733952807942213e5,
		"totalInfectedFraction":2.1944247174278786e-2,
		"fatalityRate":8.910429503582827e-3,
		"fatalityRateSymptomatic":1.2729185005118328e-2,
		"fatalityRatePCR":7.560671277584395e-2,
		"fractionOfSymptomaticHospitalized":5.84793897626826e-2,
		"fractionOfSymptomaticHospitalizedOrICU":8.094053730578847e-2,
		"fractionOfPCRHospitalized":0.2571313289305839,
		"fractionOfPCRHospitalizedOrICU":0.3558920160804046,
		"fractionHospitalizedInICU":0.2775018339481614,
		"fractionOfDeathInICU":0.7025759923120048,
		"fractionDeathOfHospitalizedOrICU":0.16937545848704036,
		"fractionOfInfectionsPCRConfirmed":0.11785235961785757,
		"fractionOfDeathsReported":0.7668172122746797,
		"fractionOfHospitalizationsReported":0.74027384370852,
		"dateContained":"Fri 29 May 2020 03:09:57",
		"dateICUOverCapacity":"Fri 30 Oct 2020 11:26:12",
		"dateHospitalsOverCapacity":"Sat 7 Nov 2020 13:00:29"
	}
}