{
	"distancingLevel":0.11,
	"id":"scenario3",
	"distancingDays":60,
	"maintain":false,
	"name":"Wuhan",
	"gradual":false,
	"events":{
		"herd":{
			"eventName":"herd",
			"day":3.509669598687285e2,
			"thresholdCrossed":0.6999999999999997
		},
		"icu":{
			"eventName":"icu",
			"day":3.0150370084223255e2,
			"thresholdCrossed":1.8744856147873465e-4
		},
		"hospital":{
			"eventName":"hospital",
			"day":3.065918369154912e2,
			"thresholdCrossed":8.298988186727951e-4
		}
	},
	"summary":{
		"totalProjectedDeaths":1.2501037089396834e3,
		"totalProjectedPCRConfirmed":1.7022871773540963e4,
		"totalProjectedInfected":1.2171029996117653e5,
		"totalInfectedFraction":1.6975015360764775e-2,
		"fatalityRate":1.0271141467389734e-2,
		"fatalityRateSymptomatic":1.4673059239128192e-2,
		"fatalityRatePCR":7.343671065435316e-2,
		"fractionOfSymptomaticHospitalized":7.203421440263888e-2,
		"fractionOfSymptomaticHospitalizedOrICU":9.981214682453873e-2,
		"fractionOfPCRHospitalized":0.2628587438095883,
		"fractionOfPCRHospitalizedOrICU":0.36422269263028556,
		"fractionHospitalizedInICU":0.2783021235955488,
		"fractionOfDeathInICU":0.8483287778612609,
		"fractionDeathOfHospitalizedOrICU":0.16183970078653112,
		"fractionOfInfectionsPCRConfirmed":0.13986385522811925,
		"fractionOfDeathsReported":0.7602606366900913,
		"fractionOfHospitalizationsReported":0.729106649319504,
		"dateContained":"Sun 17 May 2020 18:36:53",
		"dateICUOverCapacity":"Tue 27 Oct 2020 12:05:19",
		"dateHospitalsOverCapacity":"Sun 1 Nov 2020 14:12:14"
	},
	"summaryAug1":{
		"totalProjectedDeaths":1.2501037089396834e3,
		"totalProjectedPCRConfirmed":1.7022871773540963e4,
		"totalProjectedInfected":1.2171029996117653e5,
		"totalInfectedFraction":1.6975015360764775e-2,
		"fatalityRate":1.0271141467389734e-2,
		"fatalityRateSymptomatic":1.4673059239128192e-2,
		"fatalityRatePCR":7.343671065435316e-2,
		"fractionOfSymptomaticHospitalized":7.203421440263888e-2,
		"fractionOfSymptomaticHospitalizedOrICU":9.981214682453873e-2,
		"fractionOfPCRHospitalized":0.2628587438095883,
		"fractionOfPCRHospitalizedOrICU":0.36422269263028556,
		"fractionHospitalizedInICU":0.2783021235955488,
		"fractionOfDeathInICU":0.8483287778612609,
		"fractionDeathOfHospitalizedOrICU":0.16183970078653112,
		"fractionOfInfectionsPCRConfirmed":0.13986385522811925,
		"fractionOfDeathsReported":0.7602606366900913,
		"fractionOfHospitalizationsReported":0.729106649319504,
		"dateContained":"Sun 17 May 2020 18:36:53",
		"dateICUOverCapacity":"Tue 27 Oct 2020 12:05:19",
		"dateHospitalsOverCapacity":"Sun 1 Nov 2020 14:12:14"
	}
}