{
	"distancingLevel":0.11,
	"id":"scenario3",
	"distancingDays":60,
	"maintain":false,
	"name":"Wuhan",
	"events":{
		"herd":{
			"eventName":"herd",
			"day":3.293303371561844e2,
			"thresholdCrossed":0.7000000000000092
		},
		"icu":{
			"eventName":"icu",
			"day":2.951690418439573e2,
			"thresholdCrossed":1.8744856147873487e-4
		},
		"hospital":{
			"eventName":"hospital",
			"day":2.9803087379140084e2,
			"thresholdCrossed":8.298988186727944e-4
		}
	},
	"summary":{
		"totalProjectedDeaths":4.9292465978891516e4,
		"totalProjectedPCRConfirmed":1.4639269544118883e6,
		"totalProjectedInfected":4.684597028192021e6,
		"totalInfectedFraction":0.6533638199718382,
		"fatalityRate":1.0522242507145917e-2,
		"fatalityRateSymptomatic":1.5031775010208451e-2,
		"fatalityRatePCR":3.3671397217147396e-2,
		"fractionOfSymptomaticHospitalized":7.328665845146382e-2,
		"fractionOfPCRHospitalized":0.23122275824114552,
		"fractionHospitalizedInICU":0.2783021235955484,
		"fractionDeathOfHospitalized":0.10509595185194788,
		"fractionOfInfectionsPCRConfirmed":0.3124979471237205,
		"dateContained":"Thu 14 May 2020 00:00:00",
		"dateICUOverCapacity":"Wed 21 Oct 2020 04:03:25",
		"dateHospitalsOverCapacity":"Sat 24 Oct 2020 00:44:27"
	},
	"summaryAug1":{
		"totalProjectedDeaths":1.1819676350166765e3,
		"totalProjectedPCRConfirmed":1.4787756398779093e4,
		"totalProjectedInfected":1.1433513004569069e5,
		"totalInfectedFraction":1.594639557555714e-2,
		"fatalityRate":1.0337746889729672e-2,
		"fatalityRateSymptomatic":1.476820984247096e-2,
		"fatalityRatePCR":7.99288007688754e-2,
		"fractionOfSymptomaticHospitalized":7.327168180410079e-2,
		"fractionOfPCRHospitalized":0.24806574669863937,
		"fractionHospitalizedInICU":0.2783021235955485,
		"fractionDeathOfHospitalized":0.23253692436839862,
		"fractionOfInfectionsPCRConfirmed":0.12933694475940682,
		"dateContained":"Thu 14 May 2020 00:00:00",
		"dateICUOverCapacity":"Wed 21 Oct 2020 04:03:25",
		"dateHospitalsOverCapacity":"Sat 24 Oct 2020 00:44:27"
	}
}