{
	"distancingLevel":0.549047619047619,
	"id":"scenario7",
	"distancingDays":60,
	"maintain":true,
	"name":"Open Gradual May 10",
	"gradual":true,
	"events":{
		"herd":{
			"eventName":"herd",
			"day":2.0720969181692735e2,
			"thresholdCrossed":0.7000000000000111
		},
		"icu":{
			"eventName":"icu",
			"day":1.842069009214275e2,
			"thresholdCrossed":1.7187213596780862e-4
		},
		"hospital":{
			"eventName":"hospital",
			"day":1.907466510386909e2,
			"thresholdCrossed":1.119189643140346e-3
		}
	},
	"summary":{
		"totalProjectedDeaths":2.2147281398321674e5,
		"totalProjectedPCRConfirmed":2.994475025225388e6,
		"totalProjectedInfected":1.5966219706917323e7,
		"totalInfectedFraction":0.7873492337414854,
		"fatalityRate":1.3871336988258043e-2,
		"fatalityRateSymptomatic":1.981619569751149e-2,
		"fatalityRatePCR":7.396048125882998e-2,
		"fractionOfSymptomaticHospitalized":6.75805054824457e-2,
		"fractionOfSymptomaticHospitalizedOrICU":9.678437143907431e-2,
		"fractionOfPCRHospitalized":0.21347426266988642,
		"fractionOfPCRHospitalizedOrICU":0.305723850146276,
		"fractionHospitalizedInICU":0.3017415469295312,
		"fractionOfDeathInICU":0.7784696515619849,
		"fractionDeathOfHospitalizedOrICU":0.1754353867323828,
		"fractionOfInfectionsPCRConfirmed":0.18755065884055447,
		"fractionOfDeathsReported":0.8464435731006879,
		"fractionOfHospitalizationsReported":0.8463395582460139,
		"dateContained":"",
		"dateICUOverCapacity":"Thu 2 Jul 2020 04:57:56",
		"dateHospitalsOverCapacity":"Wed 8 Jul 2020 17:55:10"
	},
	"summaryAug1":{
		"totalProjectedDeaths":7.881550608736409e4,
		"totalProjectedPCRConfirmed":2.1876036905341516e6,
		"totalProjectedInfected":1.3933339391580416e7,
		"totalInfectedFraction":0.6871009102215971,
		"fatalityRate":5.656612809919093e-3,
		"fatalityRateSymptomatic":8.080875442741562e-3,
		"fatalityRatePCR":3.602823785149107e-2,
		"fractionOfSymptomaticHospitalized":4.486289281952196e-2,
		"fractionOfSymptomaticHospitalizedOrICU":6.424969525573988e-2,
		"fractionOfPCRHospitalized":0.1692622793576005,
		"fractionOfPCRHospitalizedOrICU":0.242406344833062,
		"fractionHospitalizedInICU":0.30174154692953137,
		"fractionOfDeathInICU":0.7455473012435808,
		"fractionDeathOfHospitalizedOrICU":0.17543538673238282,
		"fractionOfInfectionsPCRConfirmed":0.15700498129372117,
		"fractionOfDeathsReported":0.8463581988434637,
		"fractionOfHospitalizationsReported":0.8462297755322072,
		"dateContained":"",
		"dateICUOverCapacity":"Thu 2 Jul 2020 04:57:56",
		"dateHospitalsOverCapacity":"Wed 8 Jul 2020 17:55:10"
	}
}