{
	"distancingLevel":0.47714285714285715,
	"id":"scenario7",
	"distancingDays":60,
	"maintain":true,
	"postDistancingLevel":1,
	"name":"Open Gradual May 1",
	"gradual":true,
	"events":{
		"herd":{
			"eventName":"herd",
			"day":1.8371148318866648e2,
			"thresholdCrossed":0.7000000000000063
		},
		"icu":{
			"eventName":"icu",
			"day":1.6016701336261093e2,
			"thresholdCrossed":2.4553162281110337e-4
		},
		"hospital":{
			"eventName":"hospital",
			"day":1.6404300779350507e2,
			"thresholdCrossed":1.1191896431428838e-3
		}
	},
	"summary":{
		"totalProjectedDeaths":3.142833743043547e5,
		"totalProjectedPCRConfirmed":6.000856444662549e6,
		"totalProjectedInfected":1.6265585433426121e7,
		"totalInfectedFraction":0.8021119878374375,
		"fatalityRate":1.932198355790476e-2,
		"fatalityRateSymptomatic":2.7602833654149662e-2,
		"fatalityRatePCR":5.237308660897788e-2,
		"fractionOfSymptomaticHospitalized":8.321480152686496e-2,
		"fractionOfSymptomaticHospitalizedOrICU":0.11931848196774016,
		"fractionOfPCRHospitalized":0.20871111280042212,
		"fractionOfPCRHospitalizedOrICU":0.2992627836900444,
		"fractionHospitalizedInICU":0.30258246539405736,
		"fractionOfDeathInICU":0.6683808523924947,
		"fractionDeathOfHospitalizedOrICU":0.17500701545041528,
		"fractionOfInfectionsPCRConfirmed":0.3689296317813844,
		"dateContained":"Sun 11 Oct 2020 00:00:00",
		"dateICUOverCapacity":"Mon 8 Jun 2020 04:00:29",
		"dateHospitalsOverCapacity":"Fri 12 Jun 2020 01:01:55"
	},
	"summaryAug1":{
		"totalProjectedDeaths":2.3999212984462903e5,
		"totalProjectedPCRConfirmed":5.765971889494486e6,
		"totalProjectedInfected":1.606963106445412e7,
		"totalInfectedFraction":0.7924488036216047,
		"fatalityRate":1.493451398367754e-2,
		"fatalityRateSymptomatic":2.13350199766822e-2,
		"fatalityRatePCR":4.162214704547746e-2,
		"fractionOfSymptomaticHospitalized":7.724101984203406e-2,
		"fractionOfSymptomaticHospitalizedOrICU":0.11075290770496198,
		"fractionOfPCRHospitalized":0.19903732436107327,
		"fractionOfPCRHospitalizedOrICU":0.28539191300020045,
		"fractionHospitalizedInICU":0.3025824653940576,
		"fractionOfDeathInICU":0.6722736786880327,
		"fractionDeathOfHospitalizedOrICU":0.1458420689217225,
		"fractionOfInfectionsPCRConfirmed":0.35881171548790347,
		"dateContained":"Sun 11 Oct 2020 00:00:00",
		"dateICUOverCapacity":"Mon 8 Jun 2020 04:00:29",
		"dateHospitalsOverCapacity":"Fri 12 Jun 2020 01:01:55"
	}
}