{
	"distancingLevel":0.5622222222222222,
	"id":"scenario7",
	"distancingDays":60,
	"maintain":true,
	"name":"Open Gradual May 10",
	"gradual":true,
	"events":{},
	"summary":{
		"totalProjectedDeaths":2.1486777698943947e5,
		"totalProjectedPCRConfirmed":2.9043330487715458e6,
		"totalProjectedInfected":1.5490055296802795e7,
		"totalInfectedFraction":0.7638679281901023,
		"fatalityRate":1.3871336988305585e-2,
		"fatalityRateSymptomatic":1.981619569757941e-2,
		"fatalityRatePCR":7.398179664013488e-2,
		"fractionOfSymptomaticHospitalized":6.75805054824911e-2,
		"fractionOfSymptomaticHospitalizedOrICU":9.678437143913945e-2,
		"fractionOfPCRHospitalized":0.21350387605636545,
		"fractionOfPCRHospitalizedOrICU":0.3057662604978428,
		"fractionHospitalizedInICU":0.301741546929532,
		"fractionOfDeathInICU":0.7784735981002296,
		"fractionDeathOfHospitalizedOrICU":0.175435386732383,
		"fractionOfInfectionsPCRConfirmed":0.18749662238914094,
		"fractionOfDeathsReported":0.8463961828727141,
		"fractionOfHospitalizationsReported":0.8462130851357019,
		"dateContained":"",
		"dateICUOverCapacity":"",
		"dateHospitalsOverCapacity":""
	},
	"summaryAug1":{
		"totalProjectedDeaths":3.95144970165304e4,
		"totalProjectedPCRConfirmed":1.497444702903384e6,
		"totalProjectedInfected":1.0972403253227135e7,
		"totalInfectedFraction":0.5410869606152352,
		"fatalityRate":3.6012618297553587e-3,
		"fatalityRateSymptomatic":5.1446597567933695e-3,
		"fatalityRatePCR":2.638795071358297e-2,
		"fractionOfSymptomaticHospitalized":3.3939591213089e-2,
		"fractionOfSymptomaticHospitalizedOrICU":4.860605849287698e-2,
		"fractionOfPCRHospitalized":0.14722352210047623,
		"fractionOfPCRHospitalizedOrICU":0.21084388087689696,
		"fractionHospitalizedInICU":0.3017415469295313,
		"fractionOfDeathInICU":0.7340786333520397,
		"fractionDeathOfHospitalizedOrICU":0.17543538673238282,
		"fractionOfInfectionsPCRConfirmed":0.13647372123905172,
		"fractionOfDeathsReported":0.8459765636991061,
		"fractionOfHospitalizationsReported":0.8457102414203973,
		"dateContained":"",
		"dateICUOverCapacity":"",
		"dateHospitalsOverCapacity":""
	}
}