{
	"distancingLevel":0.11,
	"id":"scenario3",
	"distancingDays":60,
	"maintain":false,
	"name":"Wuhan",
	"events":{
		"herd":{
			"eventName":"herd",
			"day":2.2613418303842488e2,
			"thresholdCrossed":0.7
		},
		"icu":{
			"eventName":"icu",
			"day":2.0922879933594416e2,
			"thresholdCrossed":2.687236492394539e-4
		},
		"hospital":{
			"eventName":"hospital",
			"day":2.1052623899956487e2,
			"thresholdCrossed":1.205346086515062e-3
		}
	},
	"summary":{
		"totalProjectedDeaths":2.4541851981589403e4,
		"totalProjectedPCRConfirmed":7.467140054851318e5,
		"totalProjectedInfected":2.4072286250070166e6,
		"totalInfectedFraction":0.8336072946721093,
		"fatalityRate":1.0195064866976593e-2,
		"fatalityRateSymptomatic":1.456437838139513e-2,
		"fatalityRatePCR":3.286646802030295e-2,
		"fractionOfSymptomaticHospitalized":7.272951013742149e-2,
		"fractionOfPCRHospitalized":0.23001068854536255,
		"fractionHospitalizedInICU":0.27919722140504244,
		"fractionDeathOfHospitalized":0.10299626344088136,
		"fractionOfInfectionsPCRConfirmed":0.31019654623912396,
		"dateContained":"Mon 9 Nov 2020 00:00:00",
		"dateICUOverCapacity":"Mon 27 Jul 2020 05:29:28",
		"dateHospitalsOverCapacity":"Tue 28 Jul 2020 12:37:47"
	},
	"summaryAug1":{
		"totalProjectedDeaths":1.3312185613395152e3,
		"totalProjectedPCRConfirmed":1.167353699844989e5,
		"totalProjectedInfected":7.282617525305116e5,
		"totalInfectedFraction":0.2521922110071117,
		"fatalityRate":1.8279396888740793e-3,
		"fatalityRateSymptomatic":2.6113424126772565e-3,
		"fatalityRatePCR":1.1403729319710775e-2,
		"fractionOfSymptomaticHospitalized":2.6057507393122833e-2,
		"fractionOfPCRHospitalized":0.1391021892749134,
		"fractionHospitalizedInICU":0.2791972214050425,
		"fractionDeathOfHospitalized":5.909209497592523e-2,
		"fractionOfInfectionsPCRConfirmed":0.16029314951509566,
		"dateContained":"Mon 9 Nov 2020 00:00:00",
		"dateICUOverCapacity":"Mon 27 Jul 2020 05:29:28",
		"dateHospitalsOverCapacity":"Tue 28 Jul 2020 12:37:47"
	}
}