{
	"distancingLevel":0.11,
	"id":"scenario3",
	"distancingDays":60,
	"maintain":false,
	"name":"Wuhan",
	"gradual":false,
	"events":{
		"herd":{
			"eventName":"herd",
			"day":2.6479852423494634e2,
			"thresholdCrossed":0.700000000000001
		},
		"icu":{
			"eventName":"icu",
			"day":2.4731930358323135e2,
			"thresholdCrossed":1.88106554467617e-4
		},
		"hospital":{
			"eventName":"hospital",
			"day":2.511600048721598e2,
			"thresholdCrossed":1.2053460865150665e-3
		}
	},
	"summary":{
		"totalProjectedDeaths":6.522431492993989e2,
		"totalProjectedPCRConfirmed":9.017000376718055e3,
		"totalProjectedInfected":7.736752543243702e4,
		"totalInfectedFraction":2.679186052426634e-2,
		"fatalityRate":8.430451221669038e-3,
		"fatalityRateSymptomatic":1.2043501745241483e-2,
		"fatalityRatePCR":7.233482555723235e-2,
		"fractionOfSymptomaticHospitalized":5.777847626780384e-2,
		"fractionOfSymptomaticHospitalizedOrICU":8.006943459187013e-2,
		"fractionOfPCRHospitalized":0.2711487993309728,
		"fractionOfPCRHospitalizedOrICU":0.37575811020120997,
		"fractionHospitalizedInICU":0.2783953507063931,
		"fractionOfDeathInICU":0.690319333340835,
		"fractionDeathOfHospitalizedOrICU":0.16959883767659828,
		"fractionOfInfectionsPCRConfirmed":0.11654761253275911,
		"fractionOfDeathsReported":0.78731641564983,
		"fractionOfHospitalizationsReported":0.781352385981309,
		"dateContained":"Sat 6 Jun 2020 07:55:50",
		"dateICUOverCapacity":"Thu 3 Sep 2020 07:39:47",
		"dateHospitalsOverCapacity":"Mon 7 Sep 2020 03:50:24"
	},
	"summaryAug1":{
		"totalProjectedDeaths":6.522431492993989e2,
		"totalProjectedPCRConfirmed":9.017000376718055e3,
		"totalProjectedInfected":7.736752543243702e4,
		"totalInfectedFraction":2.679186052426634e-2,
		"fatalityRate":8.430451221669038e-3,
		"fatalityRateSymptomatic":1.2043501745241483e-2,
		"fatalityRatePCR":7.233482555723235e-2,
		"fractionOfSymptomaticHospitalized":5.777847626780384e-2,
		"fractionOfSymptomaticHospitalizedOrICU":8.006943459187013e-2,
		"fractionOfPCRHospitalized":0.2711487993309728,
		"fractionOfPCRHospitalizedOrICU":0.37575811020120997,
		"fractionHospitalizedInICU":0.2783953507063931,
		"fractionOfDeathInICU":0.690319333340835,
		"fractionDeathOfHospitalizedOrICU":0.16959883767659828,
		"fractionOfInfectionsPCRConfirmed":0.11654761253275911,
		"fractionOfDeathsReported":0.78731641564983,
		"fractionOfHospitalizationsReported":0.781352385981309,
		"dateContained":"Sat 6 Jun 2020 07:55:50",
		"dateICUOverCapacity":"Thu 3 Sep 2020 07:39:47",
		"dateHospitalsOverCapacity":"Mon 7 Sep 2020 03:50:24"
	}
}