{
	"distancingLevel":0.11,
	"id":"scenario3",
	"distancingDays":60,
	"maintain":false,
	"name":"Wuhan",
	"gradual":false,
	"events":{
		"herd":{
			"eventName":"herd",
			"day":3.289086409279562e2,
			"thresholdCrossed":0.7000000000001911
		},
		"icu":{
			"eventName":"icu",
			"day":3.009356926110562e2,
			"thresholdCrossed":1.8810655446761774e-4
		},
		"hospital":{
			"eventName":"hospital",
			"day":3.0811013640495173e2,
			"thresholdCrossed":1.2053460865138464e-3
		}
	},
	"summary":{
		"totalProjectedDeaths":6.61465888349212e2,
		"totalProjectedPCRConfirmed":8.969468198351395e3,
		"totalProjectedInfected":7.674208031038116e4,
		"totalInfectedFraction":2.6575273029939193e-2,
		"fatalityRate":8.619337470054656e-3,
		"fatalityRateSymptomatic":1.2313339242935225e-2,
		"fatalityRatePCR":7.374638871798339e-2,
		"fractionOfSymptomaticHospitalized":5.7990224023127424e-2,
		"fractionOfSymptomaticHospitalizedOrICU":8.036287471248305e-2,
		"fractionOfPCRHospitalized":0.2647403349320674,
		"fractionOfPCRHospitalizedOrICU":0.36687725777713176,
		"fractionHospitalizedInICU":0.2783953507063929,
		"fractionOfDeathInICU":0.6928374590281143,
		"fractionDeathOfHospitalizedOrICU":0.16959883767659822,
		"fractionOfInfectionsPCRConfirmed":0.11687809559077153,
		"fractionOfDeathsReported":0.7791602122029208,
		"fractionOfHospitalizationsReported":0.7622552321573262,
		"dateContained":"Sat 13 Jun 2020 07:03:42",
		"dateICUOverCapacity":"Mon 26 Oct 2020 22:27:23",
		"dateHospitalsOverCapacity":"Tue 3 Nov 2020 02:38:35"
	},
	"summaryAug1":{
		"totalProjectedDeaths":6.61465888349212e2,
		"totalProjectedPCRConfirmed":8.969468198351395e3,
		"totalProjectedInfected":7.674208031038116e4,
		"totalInfectedFraction":2.6575273029939193e-2,
		"fatalityRate":8.619337470054656e-3,
		"fatalityRateSymptomatic":1.2313339242935225e-2,
		"fatalityRatePCR":7.374638871798339e-2,
		"fractionOfSymptomaticHospitalized":5.7990224023127424e-2,
		"fractionOfSymptomaticHospitalizedOrICU":8.036287471248305e-2,
		"fractionOfPCRHospitalized":0.2647403349320674,
		"fractionOfPCRHospitalizedOrICU":0.36687725777713176,
		"fractionHospitalizedInICU":0.2783953507063929,
		"fractionOfDeathInICU":0.6928374590281143,
		"fractionDeathOfHospitalizedOrICU":0.16959883767659822,
		"fractionOfInfectionsPCRConfirmed":0.11687809559077153,
		"fractionOfDeathsReported":0.7791602122029208,
		"fractionOfHospitalizationsReported":0.7622552321573262,
		"dateContained":"Sat 13 Jun 2020 07:03:42",
		"dateICUOverCapacity":"Mon 26 Oct 2020 22:27:23",
		"dateHospitalsOverCapacity":"Tue 3 Nov 2020 02:38:35"
	}
}