{
	"distancingLevel":0.11,
	"id":"scenario3",
	"distancingDays":60,
	"maintain":false,
	"name":"Wuhan",
	"gradual":false,
	"events":{
		"herd":{
			"eventName":"herd",
			"day":2.52004959440213e2,
			"thresholdCrossed":0.7000000000000005
		},
		"icu":{
			"eventName":"icu",
			"day":2.3527066369112535e2,
			"thresholdCrossed":2.687236492394537e-4
		},
		"hospital":{
			"eventName":"hospital",
			"day":2.369189121850749e2,
			"thresholdCrossed":1.2053460865150975e-3
		}
	},
	"summary":{
		"totalProjectedDeaths":2.482512925646209e4,
		"totalProjectedPCRConfirmed":7.544001709820026e5,
		"totalProjectedInfected":2.3191403646475174e6,
		"totalInfectedFraction":0.8031029148023159,
		"fatalityRate":1.0704453096022594e-2,
		"fatalityRateSymptomatic":1.529207585146085e-2,
		"fatalityRatePCR":3.290710979578282e-2,
		"fractionOfSymptomaticHospitalized":7.272951013766613e-2,
		"fractionOfSymptomaticHospitalizedOrICU":0.1009007072356684,
		"fractionOfPCRHospitalized":0.20810283484986464,
		"fractionOfPCRHospitalizedOrICU":0.28870981221175945,
		"fractionHospitalizedInICU":0.2791972214050425,
		"fractionOfDeathInICU":0.6670815083756697,
		"fractionDeathOfHospitalizedOrICU":0.16213508306366403,
		"fractionOfInfectionsPCRConfirmed":0.3252930191211874,
		"dateContained":"Thu 4 Jun 2020 00:00:00",
		"dateICUOverCapacity":"Sat 22 Aug 2020 06:29:45",
		"dateHospitalsOverCapacity":"Sun 23 Aug 2020 22:03:14"
	},
	"summaryAug1":{
		"totalProjectedDeaths":5.96784143700024e2,
		"totalProjectedPCRConfirmed":9.850933523390646e3,
		"totalProjectedInfected":5.952867899606373e4,
		"totalInfectedFraction":2.0614386410085356e-2,
		"fatalityRate":1.0025153485087172e-2,
		"fatalityRateSymptomatic":1.4321647835838818e-2,
		"fatalityRatePCR":6.058148116449917e-2,
		"fractionOfSymptomaticHospitalized":6.885027271156328e-2,
		"fractionOfSymptomaticHospitalizedOrICU":9.551887805672916e-2,
		"fractionOfPCRHospitalized":0.2174037112500693,
		"fractionOfPCRHospitalizedOrICU":0.30161330908552936,
		"fractionHospitalizedInICU":0.2791972214050428,
		"fractionOfDeathInICU":0.6668677934885373,
		"fractionDeathOfHospitalizedOrICU":0.16213508306366411,
		"fractionOfInfectionsPCRConfirmed":0.16548214557292676,
		"dateContained":"Thu 4 Jun 2020 00:00:00",
		"dateICUOverCapacity":"Sat 22 Aug 2020 06:29:45",
		"dateHospitalsOverCapacity":"Sun 23 Aug 2020 22:03:14"
	}
}