{
	"distancingLevel":0.11,
	"id":"scenario3",
	"distancingDays":60,
	"maintain":false,
	"name":"Wuhan",
	"gradual":false,
	"events":{
		"herd":{
			"eventName":"herd",
			"day":2.748443452302993e2,
			"thresholdCrossed":0.7000000000000793
		},
		"icu":{
			"eventName":"icu",
			"day":2.5362848607379607e2,
			"thresholdCrossed":1.8810655446761684e-4
		},
		"hospital":{
			"eventName":"hospital",
			"day":2.581292865799337e2,
			"thresholdCrossed":1.2053460865151025e-3
		}
	},
	"summary":{
		"totalProjectedDeaths":5.20411125259569e2,
		"totalProjectedPCRConfirmed":8.470080145671593e3,
		"totalProjectedInfected":6.215426533685004e4,
		"totalInfectedFraction":2.1523609532365456e-2,
		"fatalityRate":8.372894803585225e-3,
		"fatalityRateSymptomatic":1.1961278290836038e-2,
		"fatalityRatePCR":6.144110991978171e-2,
		"fractionOfSymptomaticHospitalized":5.754543788817394e-2,
		"fractionOfSymptomaticHospitalizedOrICU":7.974648991592044e-2,
		"fractionOfPCRHospitalized":0.23075525874787436,
		"fractionOfPCRHospitalizedOrICU":0.31978072615491765,
		"fractionHospitalizedInICU":0.27839535070639293,
		"fractionOfDeathInICU":0.6902326418260379,
		"fractionDeathOfHospitalizedOrICU":0.16959883767659822,
		"fractionOfInfectionsPCRConfirmed":0.13627512286996415,
		"fractionOfDeathsReported":0.787040113887507,
		"fractionOfHospitalizationsReported":0.7806551878898417,
		"dateContained":"Sat 30 May 2020 04:05:39",
		"dateICUOverCapacity":"Wed 9 Sep 2020 15:05:01",
		"dateHospitalsOverCapacity":"Mon 14 Sep 2020 03:06:10"
	},
	"summaryAug1":{
		"totalProjectedDeaths":5.20411125259569e2,
		"totalProjectedPCRConfirmed":8.470080145671593e3,
		"totalProjectedInfected":6.215426533685004e4,
		"totalInfectedFraction":2.1523609532365456e-2,
		"fatalityRate":8.372894803585225e-3,
		"fatalityRateSymptomatic":1.1961278290836038e-2,
		"fatalityRatePCR":6.144110991978171e-2,
		"fractionOfSymptomaticHospitalized":5.754543788817394e-2,
		"fractionOfSymptomaticHospitalizedOrICU":7.974648991592044e-2,
		"fractionOfPCRHospitalized":0.23075525874787436,
		"fractionOfPCRHospitalizedOrICU":0.31978072615491765,
		"fractionHospitalizedInICU":0.27839535070639293,
		"fractionOfDeathInICU":0.6902326418260379,
		"fractionDeathOfHospitalizedOrICU":0.16959883767659822,
		"fractionOfInfectionsPCRConfirmed":0.13627512286996415,
		"fractionOfDeathsReported":0.787040113887507,
		"fractionOfHospitalizationsReported":0.7806551878898417,
		"dateContained":"Sat 30 May 2020 04:05:39",
		"dateICUOverCapacity":"Wed 9 Sep 2020 15:05:01",
		"dateHospitalsOverCapacity":"Mon 14 Sep 2020 03:06:10"
	}
}