{
	"distancingLevel":0.11,
	"id":"scenario3",
	"distancingDays":60,
	"maintain":false,
	"name":"Wuhan",
	"gradual":false,
	"events":{
		"herd":{
			"eventName":"herd",
			"day":2.7535475753262875e2,
			"thresholdCrossed":0.7000000000000005
		},
		"icu":{
			"eventName":"icu",
			"day":2.5599619343210793e2,
			"thresholdCrossed":1.8810655446755545e-4
		},
		"hospital":{
			"eventName":"hospital",
			"day":2.6052029396024324e2,
			"thresholdCrossed":1.2053460865150988e-3
		}
	},
	"summary":{
		"totalProjectedDeaths":8.644266582769425e2,
		"totalProjectedPCRConfirmed":1.2484006931433589e4,
		"totalProjectedInfected":9.920104834396135e4,
		"totalInfectedFraction":3.4352664586815344e-2,
		"fatalityRate":8.713886321843117e-3,
		"fatalityRateSymptomatic":1.2448409031204455e-2,
		"fatalityRatePCR":6.924272495398853e-2,
		"fractionOfSymptomaticHospitalized":5.8314444077263314e-2,
		"fractionOfSymptomaticHospitalizedOrICU":8.081217898796586e-2,
		"fractionOfPCRHospitalized":0.255149802491599,
		"fractionOfPCRHospitalizedOrICU":0.3535866942395259,
		"fractionHospitalizedInICU":0.2783953507063928,
		"fractionOfDeathInICU":0.6920678955022178,
		"fractionDeathOfHospitalizedOrICU":0.1695988376765982,
		"fractionOfInfectionsPCRConfirmed":0.1258455141335563,
		"fractionOfDeathsReported":0.7892743742003404,
		"fractionOfHospitalizationsReported":0.7866087916911637,
		"dateContained":"Thu 18 Jun 2020 19:17:28",
		"dateICUOverCapacity":"Fri 11 Sep 2020 23:54:31",
		"dateHospitalsOverCapacity":"Wed 16 Sep 2020 12:29:13"
	},
	"summaryAug1":{
		"totalProjectedDeaths":8.644266582769425e2,
		"totalProjectedPCRConfirmed":1.2484006931433589e4,
		"totalProjectedInfected":9.920104834396135e4,
		"totalInfectedFraction":3.4352664586815344e-2,
		"fatalityRate":8.713886321843117e-3,
		"fatalityRateSymptomatic":1.2448409031204455e-2,
		"fatalityRatePCR":6.924272495398853e-2,
		"fractionOfSymptomaticHospitalized":5.8314444077263314e-2,
		"fractionOfSymptomaticHospitalizedOrICU":8.081217898796586e-2,
		"fractionOfPCRHospitalized":0.255149802491599,
		"fractionOfPCRHospitalizedOrICU":0.3535866942395259,
		"fractionHospitalizedInICU":0.2783953507063928,
		"fractionOfDeathInICU":0.6920678955022178,
		"fractionDeathOfHospitalizedOrICU":0.1695988376765982,
		"fractionOfInfectionsPCRConfirmed":0.1258455141335563,
		"fractionOfDeathsReported":0.7892743742003404,
		"fractionOfHospitalizationsReported":0.7866087916911637,
		"dateContained":"Thu 18 Jun 2020 19:17:28",
		"dateICUOverCapacity":"Fri 11 Sep 2020 23:54:31",
		"dateHospitalsOverCapacity":"Wed 16 Sep 2020 12:29:13"
	}
}