{
	"distancingLevel":1,
	"id":"scenario4",
	"distancingDays":90,
	"maintain":false,
	"name":"Normal",
	"events":{
		"herd":{
			"eventName":"herd",
			"day":1.4270426461305314e2,
			"thresholdCrossed":0.7000000000000006
		},
		"icu":{
			"eventName":"icu",
			"day":1.2048687158652764e2,
			"thresholdCrossed":2.3182558482047244e-4
		},
		"hospital":{
			"eventName":"hospital",
			"day":1.2331136814672738e2,
			"thresholdCrossed":1.0340795313414604e-3
		}
	},
	"summary":{
		"totalProjectedDeaths":7.141366161812238e4,
		"totalProjectedPCRConfirmed":1.9079385440796546e6,
		"totalProjectedInfected":8.250481109608001e6,
		"totalInfectedFraction":0.8087410605856807,
		"fatalityRate":8.655696639915755e-3,
		"fatalityRateSymptomatic":1.2365280914165363e-2,
		"fatalityRatePCR":3.7429749422338274e-2,
		"fractionOfSymptomaticHospitalized":6.903981267981009e-2,
		"fractionOfPCRHospitalized":0.23601864361310476,
		"fractionHospitalizedInICU":0.26726682756597897,
		"fractionDeathOfHospitalized":0.1162027652467942,
		"fractionOfInfectionsPCRConfirmed":0.23125179231763673,
		"dateContained":"Thu 20 Aug 2020 00:00:00",
		"dateICUOverCapacity":"Wed 29 Apr 2020 11:41:05",
		"dateHospitalsOverCapacity":"Sat 2 May 2020 07:28:22"
	},
	"summaryAug1":{
		"totalProjectedDeaths":7.075871313141756e4,
		"totalProjectedPCRConfirmed":1.9066703558953868e6,
		"totalProjectedInfected":8.249020712270906e6,
		"totalInfectedFraction":0.8085979073227876,
		"fatalityRate":8.577831914782296e-3,
		"fatalityRateSymptomatic":1.2254045592546139e-2,
		"fatalityRatePCR":3.711114137408862e-2,
		"fractionOfSymptomaticHospitalized":6.898265765645424e-2,
		"fractionOfPCRHospitalized":0.23588612798951844,
		"fractionHospitalizedInICU":0.2672668275659791,
		"fractionDeathOfHospitalized":0.11527835309116485,
		"fractionOfInfectionsPCRConfirmed":0.2311389948456672,
		"dateContained":"Thu 20 Aug 2020 00:00:00",
		"dateICUOverCapacity":"Wed 29 Apr 2020 11:41:05",
		"dateHospitalsOverCapacity":"Sat 2 May 2020 07:28:22"
	}
}