{
	"distancingLevel":1,
	"id":"scenario4",
	"distancingDays":90,
	"maintain":false,
	"name":"Normal",
	"gradual":false,
	"events":{
		"herd":{
			"eventName":"herd",
			"day":1.7296077106731525e2,
			"thresholdCrossed":0.6999999999999997
		},
		"icu":{
			"eventName":"icu",
			"day":1.4939651359565315e2,
			"thresholdCrossed":1.6227790937431544e-4
		},
		"hospital":{
			"eventName":"hospital",
			"day":1.554249719364869e2,
			"thresholdCrossed":1.03407953134145e-3
		}
	},
	"summary":{
		"totalProjectedDeaths":5.928973579750755e4,
		"totalProjectedPCRConfirmed":1.1567565968131996e6,
		"totalProjectedInfected":7.411978807919143e6,
		"totalInfectedFraction":0.7265481276206356,
		"fatalityRate":7.999177727567287e-3,
		"fatalityRateSymptomatic":1.1427396753667557e-2,
		"fatalityRatePCR":5.125515251942154e-2,
		"fractionOfSymptomaticHospitalized":5.6068696358162216e-2,
		"fractionOfSymptomaticHospitalizedOrICU":7.643853925253681e-2,
		"fractionOfPCRHospitalized":0.192430232541018,
		"fractionOfPCRHospitalizedOrICU":0.26234042948851444,
		"fractionHospitalizedInICU":0.2664865536882767,
		"fractionOfDeathInICU":0.665352363667951,
		"fractionDeathOfHospitalizedOrICU":0.16662163842206917,
		"fractionOfInfectionsPCRConfirmed":0.15606582625105347,
		"fractionOfDeathsReported":0.7654133614871887,
		"fractionOfHospitalizationsReported":0.7651782593205148,
		"dateContained":"",
		"dateICUOverCapacity":"Thu 28 May 2020 09:30:58",
		"dateHospitalsOverCapacity":"Wed 3 Jun 2020 10:11:57"
	},
	"summaryAug1":{
		"totalProjectedDeaths":5.4012365340292745e4,
		"totalProjectedPCRConfirmed":1.1362136401646202e6,
		"totalProjectedInfected":7.358621344010965e6,
		"totalInfectedFraction":0.721317842092073,
		"fatalityRate":7.340011506945161e-3,
		"fatalityRateSymptomatic":1.0485730724207372e-2,
		"fatalityRatePCR":4.753715624507655e-2,
		"fractionOfSymptomaticHospitalized":5.448631762067459e-2,
		"fractionOfSymptomaticHospitalizedOrICU":7.428127990651637e-2,
		"fractionOfPCRHospitalized":0.18900655834729332,
		"fractionOfPCRHospitalizedOrICU":0.25767292923894214,
		"fractionHospitalizedInICU":0.26648655368827673,
		"fractionOfDeathInICU":0.660052524038753,
		"fractionDeathOfHospitalizedOrICU":0.16662163842206917,
		"fractionOfInfectionsPCRConfirmed":0.15440577617020096,
		"fractionOfDeathsReported":0.765400005970467,
		"fractionOfHospitalizationsReported":0.7651646876624982,
		"dateContained":"",
		"dateICUOverCapacity":"Thu 28 May 2020 09:30:58",
		"dateHospitalsOverCapacity":"Wed 3 Jun 2020 10:11:57"
	}
}