{
	"distancingLevel":1,
	"id":"scenario4",
	"distancingDays":90,
	"maintain":false,
	"name":"Normal",
	"gradual":false,
	"events":{
		"herd":{
			"eventName":"herd",
			"day":1.6228114856264176e2,
			"thresholdCrossed":0.6999999999999991
		},
		"icu":{
			"eventName":"icu",
			"day":1.4213470639993167e2,
			"thresholdCrossed":2.3182558482047236e-4
		},
		"hospital":{
			"eventName":"hospital",
			"day":1.4393107500205207e2,
			"thresholdCrossed":1.0340795313414496e-3
		}
	},
	"summary":{
		"totalProjectedDeaths":7.026951201375254e4,
		"totalProjectedPCRConfirmed":2.267410607466118e6,
		"totalProjectedInfected":7.688537470061161e6,
		"totalInfectedFraction":0.753657376495156,
		"fatalityRate":9.139516102689106e-3,
		"fatalityRateSymptomatic":1.3056451575270153e-2,
		"fatalityRatePCR":3.0991083742119518e-2,
		"fractionOfSymptomaticHospitalized":6.903981267980613e-2,
		"fractionOfSymptomaticHospitalizedOrICU":9.422231076350347e-2,
		"fractionOfPCRHospitalized":0.20388400184196537,
		"fractionOfPCRHospitalizedOrICU":0.2782513601297669,
		"fractionHospitalizedInICU":0.26726682756597875,
		"fractionOfDeathInICU":0.6298582302137243,
		"fractionDeathOfHospitalizedOrICU":0.158198053096773,
		"fractionOfInfectionsPCRConfirmed":0.2949079218635948,
		"dateContained":"Sat 12 Sep 2020 00:00:00",
		"dateICUOverCapacity":"Thu 21 May 2020 03:13:58",
		"dateHospitalsOverCapacity":"Fri 22 May 2020 22:20:44"
	},
	"summaryAug1":{
		"totalProjectedDeaths":6.824071426344749e4,
		"totalProjectedPCRConfirmed":2.2572142584827216e6,
		"totalProjectedInfected":7.675331270550961e6,
		"totalInfectedFraction":0.7523628585565902,
		"fatalityRate":8.890914523165453e-3,
		"fatalityRateSymptomatic":1.2701306461664934e-2,
		"fatalityRatePCR":3.023227148552493e-2,
		"fractionOfSymptomaticHospitalized":6.860181725657229e-2,
		"fractionOfSymptomaticHospitalizedOrICU":9.36245550732856e-2,
		"fractionOfPCRHospitalized":0.20308035888806147,
		"fractionOfPCRHospitalizedOrICU":0.27715458577296476,
		"fractionHospitalizedInICU":0.2672668275659788,
		"fractionOfDeathInICU":0.6283619170805911,
		"fractionDeathOfHospitalizedOrICU":0.158198053096773,
		"fractionOfInfectionsPCRConfirmed":0.29408688419004114,
		"dateContained":"Sat 12 Sep 2020 00:00:00",
		"dateICUOverCapacity":"Thu 21 May 2020 03:13:58",
		"dateHospitalsOverCapacity":"Fri 22 May 2020 22:20:44"
	}
}