{
	"distancingLevel":1,
	"id":"scenario4",
	"distancingDays":90,
	"maintain":false,
	"name":"Normal",
	"gradual":false,
	"events":{
		"herd":{
			"eventName":"herd",
			"day":1.7499109852979313e2,
			"thresholdCrossed":0.6999999999999946
		},
		"icu":{
			"eventName":"icu",
			"day":1.492464839602088e2,
			"thresholdCrossed":1.6227790937433075e-4
		},
		"hospital":{
			"eventName":"hospital",
			"day":1.5700322929150613e2,
			"thresholdCrossed":1.03407953134146e-3
		}
	},
	"summary":{
		"totalProjectedDeaths":5.912563762042241e4,
		"totalProjectedPCRConfirmed":1.1531555820149034e6,
		"totalProjectedInfected":7.391464427242193e6,
		"totalInfectedFraction":0.7245372361628497,
		"fatalityRate":7.999177727556567e-3,
		"fatalityRateSymptomatic":1.1427396753652239e-2,
		"fatalityRatePCR":5.1272905878938256e-2,
		"fractionOfSymptomaticHospitalized":5.606869635814516e-2,
		"fractionOfSymptomaticHospitalizedOrICU":7.643853925251352e-2,
		"fractionOfPCRHospitalized":0.19237037396384696,
		"fractionOfPCRHospitalizedOrICU":0.26225882419897,
		"fractionHospitalizedInICU":0.26648655368827634,
		"fractionOfDeathInICU":0.6653733436728434,
		"fractionDeathOfHospitalizedOrICU":0.1666216384220691,
		"fractionOfInfectionsPCRConfirmed":0.156011788105859,
		"fractionOfDeathsReported":0.7652023448855165,
		"fractionOfHospitalizationsReported":0.764675375797351,
		"dateContained":"",
		"dateICUOverCapacity":"Thu 28 May 2020 05:54:56",
		"dateHospitalsOverCapacity":"Fri 5 Jun 2020 00:04:39"
	},
	"summaryAug1":{
		"totalProjectedDeaths":5.296952186064202e4,
		"totalProjectedPCRConfirmed":1.127790354567768e6,
		"totalProjectedInfected":7.323806066429346e6,
		"totalInfectedFraction":0.7179051266222861,
		"fatalityRate":7.232512901105097e-3,
		"fatalityRateSymptomatic":1.0332161287292996e-2,
		"fatalityRatePCR":4.69675251664507e-2,
		"fractionOfSymptomaticHospitalized":5.4166051133464496e-2,
		"fractionOfSymptomaticHospitalizedOrICU":7.384466011608108e-2,
		"fractionOfPCRHospitalized":0.18827323276664512,
		"fractionOfPCRHospitalizedOrICU":0.2566731853564877,
		"fractionHospitalizedInICU":0.2664865536882765,
		"fractionOfDeathInICU":0.6593320592580546,
		"fractionDeathOfHospitalizedOrICU":0.16662163842206915,
		"fractionOfInfectionsPCRConfirmed":0.1539896529670961,
		"fractionOfDeathsReported":0.7651619344536955,
		"fractionOfHospitalizationsReported":0.7646362875967863,
		"dateContained":"",
		"dateICUOverCapacity":"Thu 28 May 2020 05:54:56",
		"dateHospitalsOverCapacity":"Fri 5 Jun 2020 00:04:39"
	}
}