{
	"distancingLevel":1,
	"id":"scenario4",
	"distancingDays":90,
	"maintain":false,
	"name":"Normal",
	"gradual":false,
	"events":{
		"herd":{
			"eventName":"herd",
			"day":2.0520036035100986e2,
			"thresholdCrossed":0.6999999999999998
		},
		"icu":{
			"eventName":"icu",
			"day":1.6876004931120772e2,
			"thresholdCrossed":1.6227790937433007e-4
		},
		"hospital":{
			"eventName":"hospital",
			"day":1.7850813892418745e2,
			"thresholdCrossed":1.0340795313414602e-3
		}
	},
	"summary":{
		"totalProjectedDeaths":4.697265664672004e4,
		"totalProjectedPCRConfirmed":9.25773969063252e5,
		"totalProjectedInfected":5.872185648080228e6,
		"totalInfectedFraction":0.5756122080509867,
		"fatalityRate":7.999177727304423e-3,
		"fatalityRateSymptomatic":1.1427396753292032e-2,
		"fatalityRatePCR":5.0738796095389796e-2,
		"fractionOfSymptomaticHospitalized":5.6068696357546965e-2,
		"fractionOfSymptomaticHospitalizedOrICU":7.643853925169806e-2,
		"fractionOfPCRHospitalized":0.19003917972214776,
		"fractionOfPCRHospitalizedOrICU":0.25908070353407836,
		"fractionHospitalizedInICU":0.2664865536882769,
		"fractionOfDeathInICU":0.6654270984027381,
		"fractionDeathOfHospitalizedOrICU":0.1666216384220692,
		"fractionOfInfectionsPCRConfirmed":0.15765407031467268,
		"fractionOfDeathsReported":0.7646217352126371,
		"fractionOfHospitalizationsReported":0.7633607686084145,
		"dateContained":"",
		"dateICUOverCapacity":"Tue 16 Jun 2020 18:14:28",
		"dateHospitalsOverCapacity":"Fri 26 Jun 2020 12:11:43"
	},
	"summaryAug1":{
		"totalProjectedDeaths":2.696318272625155e4,
		"totalProjectedPCRConfirmed":7.406986928195658e5,
		"totalProjectedInfected":5.127371340893178e6,
		"totalInfectedFraction":0.5026029005049856,
		"fatalityRate":5.258675631937868e-3,
		"fatalityRateSymptomatic":7.512393759911242e-3,
		"fatalityRatePCR":3.640236304942391e-2,
		"fractionOfSymptomaticHospitalized":4.6005677211602335e-2,
		"fractionOfSymptomaticHospitalizedOrICU":6.27196099034443e-2,
		"fractionOfPCRHospitalized":0.16998056613376766,
		"fractionOfPCRHospitalizedOrICU":0.23173476503869092,
		"fractionHospitalizedInICU":0.26648655368827656,
		"fractionOfDeathInICU":0.6473221686471888,
		"fractionDeathOfHospitalizedOrICU":0.16662163842206915,
		"fractionOfInfectionsPCRConfirmed":0.14445973259477973,
		"fractionOfDeathsReported":0.7639328285005381,
		"fractionOfHospitalizationsReported":0.7624943149345754,
		"dateContained":"",
		"dateICUOverCapacity":"Tue 16 Jun 2020 18:14:28",
		"dateHospitalsOverCapacity":"Fri 26 Jun 2020 12:11:43"
	}
}