{
	"distancingLevel":0.7604761904761904,
	"id":"scenario5",
	"distancingDays":595,
	"maintain":true,
	"name":"Current Indefinite",
	"gradual":false,
	"events":{
		"icu":{
			"eventName":"icu",
			"day":1.3810686558223446e2,
			"thresholdCrossed":1.6625801393259387e-4
		}
	},
	"summary":{
		"totalProjectedDeaths":2.0524479169283815e4,
		"totalProjectedPCRConfirmed":3.126393401219478e5,
		"totalProjectedInfected":2.109496471783742e6,
		"totalInfectedFraction":0.3189239736260608,
		"fatalityRate":9.729563165340963e-3,
		"fatalityRateSymptomatic":1.389937595048709e-2,
		"fatalityRatePCR":6.564906118749501e-2,
		"fractionOfSymptomaticHospitalized":5.9604748008729745e-2,
		"fractionOfSymptomaticHospitalizedOrICU":8.27804710175633e-2,
		"fractionOfPCRHospitalized":0.21944283453824123,
		"fractionOfPCRHospitalizedOrICU":0.3047673517862083,
		"fractionHospitalizedInICU":0.279966068372774,
		"fractionOfDeathInICU":0.7291321447374463,
		"fractionDeathOfHospitalizedOrICU":0.16999151709319346,
		"fractionOfInfectionsPCRConfirmed":0.14820567102327845,
		"fractionOfDeathsReported":0.7820420461220975,
		"fractionOfHospitalizationsReported":0.7794842244836654,
		"dateContained":"",
		"dateICUOverCapacity":"Sun 17 May 2020 02:33:53",
		"dateHospitalsOverCapacity":""
	},
	"summaryAug1":{
		"totalProjectedDeaths":1.445197996240349e4,
		"totalProjectedPCRConfirmed":2.4678994893622978e5,
		"totalProjectedInfected":1.7924614134277746e6,
		"totalInfectedFraction":0.2709930659700936,
		"fatalityRate":8.06264494964305e-3,
		"fatalityRateSymptomatic":1.1518064213775787e-2,
		"fatalityRatePCR":5.8559840158392606e-2,
		"fractionOfSymptomaticHospitalized":5.422196418643186e-2,
		"fractionOfSymptomaticHospitalizedOrICU":7.530473468645298e-2,
		"fractionOfPCRHospitalized":0.21455579919080622,
		"fractionOfPCRHospitalizedOrICU":0.29798012255606526,
		"fractionHospitalizedInICU":0.27996606837277416,
		"fractionOfDeathInICU":0.7222184521348318,
		"fractionDeathOfHospitalizedOrICU":0.16999151709319354,
		"fractionOfInfectionsPCRConfirmed":0.13768215432001205,
		"fractionOfDeathsReported":0.7814164307381198,
		"fractionOfHospitalizationsReported":0.778295688253162,
		"dateContained":"",
		"dateICUOverCapacity":"Sun 17 May 2020 02:33:53",
		"dateHospitalsOverCapacity":""
	}
}