{
	"distancingLevel":0.5924834170285714,
	"id":"scenario5",
	"distancingDays":610,
	"maintain":true,
	"name":"Current Indefinite",
	"gradual":false,
	"events":{},
	"summary":{
		"totalProjectedDeaths":6.224278501016316e3,
		"totalProjectedPCRConfirmed":1.2801859676220248e5,
		"totalProjectedInfected":6.400901855912466e5,
		"totalInfectedFraction":9.677195871069028e-2,
		"fatalityRate":9.724064891366825e-3,
		"fatalityRateSymptomatic":1.3891521273381181e-2,
		"fatalityRatePCR":4.862011190903817e-2,
		"fractionOfSymptomaticHospitalized":5.9587170248281265e-2,
		"fractionOfSymptomaticHospitalizedOrICU":8.27560586118747e-2,
		"fractionOfPCRHospitalized":0.16315753318859313,
		"fractionOfPCRHospitalizedOrICU":0.2265970060881279,
		"fractionHospitalizedInICU":0.2799660683727743,
		"fractionOfDeathInICU":0.7289990425915274,
		"fractionDeathOfHospitalizedOrICU":0.16999151709319357,
		"fractionOfInfectionsPCRConfirmed":0.20000087432047198,
		"fractionOfDeathsReported":0.7831746549412275,
		"fractionOfHospitalizationsReported":0.7823268272041997,
		"dateContained":"Sat 24 Apr 2021 02:02:35",
		"dateICUOverCapacity":"",
		"dateHospitalsOverCapacity":""
	},
	"summaryAug1":{
		"totalProjectedDeaths":4.826639255618692e3,
		"totalProjectedPCRConfirmed":9.69824438797069e4,
		"totalProjectedInfected":5.427109955368593e5,
		"totalInfectedFraction":8.204969742415119e-2,
		"fatalityRate":8.893571892428852e-3,
		"fatalityRateSymptomatic":1.2705102703469789e-2,
		"fatalityRatePCR":4.976817517204928e-2,
		"fractionOfSymptomaticHospitalized":5.685408920349338e-2,
		"fractionOfSymptomaticHospitalizedOrICU":7.896029160043491e-2,
		"fractionOfPCRHospitalized":0.17416689053194728,
		"fractionOfPCRHospitalizedOrICU":0.24188705959779214,
		"fractionHospitalizedInICU":0.2799660683727741,
		"fractionOfDeathInICU":0.7259204713472809,
		"fractionDeathOfHospitalizedOrICU":0.16999151709319354,
		"fractionOfInfectionsPCRConfirmed":0.17869997968950335,
		"fractionOfDeathsReported":0.7830714827319045,
		"fractionOfHospitalizationsReported":0.7820424990325323,
		"dateContained":"Sat 24 Apr 2021 02:02:35",
		"dateICUOverCapacity":"",
		"dateHospitalsOverCapacity":""
	}
}