{
	"distancingLevel":0.7238095238095238,
	"id":"scenario5",
	"distancingDays":601,
	"maintain":true,
	"name":"Current Indefinite",
	"gradual":false,
	"events":{
		"herd":{
			"eventName":"herd",
			"day":1.7584219594020243e2,
			"thresholdCrossed":0.7000000000023994
		},
		"icu":{
			"eventName":"icu",
			"day":1.2433928846908417e2,
			"thresholdCrossed":1.6625801393259165e-4
		},
		"hospital":{
			"eventName":"hospital",
			"day":1.4383964916813514e2,
			"thresholdCrossed":1.4080908434146674e-3
		}
	},
	"summary":{
		"totalProjectedDeaths":3.1627884632964386e4,
		"totalProjectedPCRConfirmed":4.7752023965927993e5,
		"totalProjectedInfected":3.251649926399399e6,
		"totalInfectedFraction":0.4916003080542232,
		"fatalityRate":9.726718850078187e-3,
		"fatalityRateSymptomatic":1.389531264296884e-2,
		"fatalityRatePCR":6.623360018317026e-2,
		"fractionOfSymptomaticHospitalized":5.959826367012676e-2,
		"fractionOfSymptomaticHospitalizedOrICU":8.277146541613517e-2,
		"fractionOfPCRHospitalized":0.22251162985735834,
		"fractionOfPCRHospitalizedOrICU":0.30902936665012143,
		"fractionHospitalizedInICU":0.2799660683727742,
		"fractionOfDeathInICU":0.7289632954093506,
		"fractionDeathOfHospitalizedOrICU":0.16999151709319354,
		"fractionOfInfectionsPCRConfirmed":0.14685475080893634,
		"fractionOfDeathsReported":0.7834550365896839,
		"fractionOfHospitalizationsReported":0.78326562703853,
		"dateContained":"Wed 4 Nov 2020 17:06:14",
		"dateICUOverCapacity":"Sun 3 May 2020 08:08:34",
		"dateHospitalsOverCapacity":"Fri 22 May 2020 20:09:05"
	},
	"summaryAug1":{
		"totalProjectedDeaths":2.9130657806202842e4,
		"totalProjectedPCRConfirmed":4.621232734995545e5,
		"totalProjectedInfected":3.194381323884472e6,
		"totalInfectedFraction":0.48294216118250644,
		"fatalityRate":9.11934263714609e-3,
		"fatalityRateSymptomatic":1.3027632338780131e-2,
		"fatalityRatePCR":6.303655209918989e-2,
		"fractionOfSymptomaticHospitalized":5.805685249017423e-2,
		"fractionOfSymptomaticHospitalizedOrICU":8.06307174426764e-2,
		"fractionOfPCRHospitalized":0.22003050681892272,
		"fractionOfPCRHospitalizedOrICU":0.3055835248231558,
		"fractionHospitalizedInICU":0.2799660683727742,
		"fractionOfDeathInICU":0.7258178438166579,
		"fractionDeathOfHospitalizedOrICU":0.16999151709319354,
		"fractionOfInfectionsPCRConfirmed":0.14466753547682198,
		"fractionOfDeathsReported":0.7834485287206708,
		"fractionOfHospitalizationsReported":0.7832536996287238,
		"dateContained":"Wed 4 Nov 2020 17:06:14",
		"dateICUOverCapacity":"Sun 3 May 2020 08:08:34",
		"dateHospitalsOverCapacity":"Fri 22 May 2020 20:09:05"
	}
}