{
	"distancingLevel":0.6257142857142856,
	"id":"scenario5",
	"distancingDays":619,
	"maintain":true,
	"name":"Current Indefinite",
	"gradual":false,
	"events":{
		"herd":{
			"eventName":"herd",
			"day":1.920994891052141e2,
			"thresholdCrossed":0.7
		},
		"icu":{
			"eventName":"icu",
			"day":1.1701568718104511e2,
			"thresholdCrossed":2.3751144847512863e-4
		},
		"hospital":{
			"eventName":"hospital",
			"day":1.305313751468347e2,
			"thresholdCrossed":1.4080908434123411e-3
		}
	},
	"summary":{
		"totalProjectedDeaths":3.1982294504161673e4,
		"totalProjectedPCRConfirmed":7.565374479631869e5,
		"totalProjectedInfected":2.9251631063516857e6,
		"totalInfectedFraction":0.44224043692909726,
		"fatalityRate":1.0933508095570968e-2,
		"fatalityRateSymptomatic":1.56192972793871e-2,
		"fatalityRatePCR":4.2274568946014605e-2,
		"fractionOfSymptomaticHospitalized":7.339390647617836e-2,
		"fractionOfPCRHospitalized":0.23911936838109354,
		"fractionHospitalizedInICU":0.2807707029324486,
		"fractionDeathOfHospitalized":0.1271545199902755,
		"fractionOfInfectionsPCRConfirmed":0.258630859359755,
		"dateContained":"Tue 17 Nov 2020 00:00:00",
		"dateICUOverCapacity":"Sun 26 Apr 2020 00:22:35",
		"dateHospitalsOverCapacity":"Sat 9 May 2020 12:45:10"
	},
	"summaryAug1":{
		"totalProjectedDeaths":2.8124749450740528e4,
		"totalProjectedPCRConfirmed":7.098495858802577e5,
		"totalProjectedInfected":2.819929413494092e6,
		"totalInfectedFraction":0.4263306935688207,
		"fatalityRate":9.97356505313797e-3,
		"fatalityRateSymptomatic":1.4247950075911389e-2,
		"fatalityRatePCR":3.9620716853506495e-2,
		"fractionOfSymptomaticHospitalized":7.118839698094492e-2,
		"fractionOfPCRHospitalized":0.23545630339675983,
		"fractionHospitalizedInICU":0.2807707029324485,
		"fractionDeathOfHospitalized":0.12102619433314397,
		"fractionOfInfectionsPCRConfirmed":0.25172601217727075,
		"dateContained":"Tue 17 Nov 2020 00:00:00",
		"dateICUOverCapacity":"Sun 26 Apr 2020 00:22:35",
		"dateHospitalsOverCapacity":"Sat 9 May 2020 12:45:10"
	}
}