{
	"distancingLevel":0.6257142857142856,
	"id":"scenario5",
	"distancingDays":616,
	"maintain":true,
	"name":"Current Indefinite",
	"gradual":false,
	"events":{
		"herd":{
			"eventName":"herd",
			"day":2.1310287901526692e2,
			"thresholdCrossed":0.6999999999999998
		},
		"icu":{
			"eventName":"icu",
			"day":1.2108837777021778e2,
			"thresholdCrossed":2.375114484751342e-4
		},
		"hospital":{
			"eventName":"hospital",
			"day":1.3555409204016735e2,
			"thresholdCrossed":1.4080908434146644e-3
		}
	},
	"summary":{
		"totalProjectedDeaths":3.0422529654616043e4,
		"totalProjectedPCRConfirmed":7.357179778430191e5,
		"totalProjectedInfected":2.6576004771331316e6,
		"totalInfectedFraction":0.4017890125984072,
		"fatalityRate":1.1447367622177034e-2,
		"fatalityRateSymptomatic":1.6353382317395766e-2,
		"fatalityRatePCR":4.135080366502521e-2,
		"fractionOfSymptomaticHospitalized":7.339390647168675e-2,
		"fractionOfSymptomaticHospitalizedOrICU":0.10204521252252798,
		"fractionOfPCRHospitalized":0.19882029292493214,
		"fractionOfPCRHospitalizedOrICU":0.2764351976978192,
		"fractionHospitalizedInICU":0.280770702932448,
		"fractionOfDeathInICU":0.6858403140577152,
		"fractionDeathOfHospitalizedOrICU":0.16265433196770784,
		"fractionOfInfectionsPCRConfirmed":0.276835432629313,
		"dateContained":"Tue 24 Nov 2020 00:00:00",
		"dateICUOverCapacity":"Thu 30 Apr 2020 02:07:15",
		"dateHospitalsOverCapacity":"Thu 14 May 2020 13:17:53"
	},
	"summaryAug1":{
		"totalProjectedDeaths":2.590879535687155e4,
		"totalProjectedPCRConfirmed":6.829273150271187e5,
		"totalProjectedInfected":2.547414023633316e6,
		"totalInfectedFraction":0.38513048670847777,
		"fatalityRate":1.0170626021724749e-2,
		"fatalityRateSymptomatic":1.452946574532107e-2,
		"fatalityRatePCR":3.793785193061538e-2,
		"fractionOfSymptomaticHospitalized":7.008851170404178e-2,
		"fractionOfSymptomaticHospitalizedOrICU":9.744946707511404e-2,
		"fractionOfPCRHospitalized":0.19331034976633535,
		"fractionOfPCRHospitalizedOrICU":0.26877429848102985,
		"fractionHospitalizedInICU":0.2807707029324485,
		"fractionOfDeathInICU":0.6874853866781986,
		"fractionDeathOfHospitalizedOrICU":0.162654331967708,
		"fractionOfInfectionsPCRConfirmed":0.2680865021120813,
		"dateContained":"Tue 24 Nov 2020 00:00:00",
		"dateICUOverCapacity":"Thu 30 Apr 2020 02:07:15",
		"dateHospitalsOverCapacity":"Thu 14 May 2020 13:17:53"
	}
}