{
	"distancingLevel":0.6533511396571428,
	"id":"scenario7",
	"distancingDays":60,
	"maintain":true,
	"postDistancingLevel":1,
	"name":"Open Gradual May 1",
	"gradual":true,
	"events":{
		"herd":{
			"eventName":"herd",
			"day":2.1105361394470594e2,
			"thresholdCrossed":0.7000000000000002
		},
		"icu":{
			"eventName":"icu",
			"day":1.8393337152478682e2,
			"thresholdCrossed":1.5432783976186346e-4
		},
		"hospital":{
			"eventName":"hospital",
			"day":1.9550850595664699e2,
			"thresholdCrossed":1.8295628880016339e-3
		}
	},
	"summary":{
		"totalProjectedDeaths":2.3633274333786467e4,
		"totalProjectedPCRConfirmed":6.888678560395131e5,
		"totalProjectedInfected":2.4687198513183477e6,
		"totalInfectedFraction":0.6336141720126213,
		"fatalityRate":9.573088789789498e-3,
		"fatalityRateSymptomatic":1.3675841128270711e-2,
		"fatalityRatePCR":3.430741342709838e-2,
		"fractionOfSymptomaticHospitalized":5.8683828719296026e-2,
		"fractionOfSymptomaticHospitalizedOrICU":8.176769797385947e-2,
		"fractionOfPCRHospitalized":0.11329982301752829,
		"fractionOfPCRHospitalizedOrICU":0.15786743829041905,
		"fractionHospitalizedInICU":0.2823103722688046,
		"fractionOfDeathInICU":0.7415679304789914,
		"fractionDeathOfHospitalizedOrICU":0.17057759306720113,
		"fractionOfInfectionsPCRConfirmed":0.2790384885800806,
		"fractionOfDeathsReported":0.7697716516023456,
		"fractionOfHospitalizationsReported":0.7696209150717697,
		"dateContained":"",
		"dateICUOverCapacity":"Wed 1 Jul 2020 22:24:03",
		"dateHospitalsOverCapacity":"Mon 13 Jul 2020 12:12:14"
	},
	"summaryAug1":{
		"totalProjectedDeaths":8.95818890107908e3,
		"totalProjectedPCRConfirmed":4.9941918055863585e5,
		"totalProjectedInfected":2.042753687897072e6,
		"totalInfectedFraction":0.5242869845646679,
		"fatalityRate":4.385349518228581e-3,
		"fatalityRateSymptomatic":6.264785026040829e-3,
		"fatalityRatePCR":1.7937214367815646e-2,
		"fractionOfSymptomaticHospitalized":4.056596694728032e-2,
		"fractionOfSymptomaticHospitalizedOrICU":5.652299459241166e-2,
		"fractionOfPCRHospitalized":8.936913777466231e-2,
		"fractionOfPCRHospitalizedOrICU":0.12452337935714843,
		"fractionHospitalizedInICU":0.2823103722688043,
		"fractionOfDeathInICU":0.7083829152125116,
		"fractionDeathOfHospitalizedOrICU":0.17057759306720105,
		"fractionOfInfectionsPCRConfirmed":0.24448330874035365,
		"fractionOfDeathsReported":0.7696308583907799,
		"fractionOfHospitalizationsReported":0.7694438095579461,
		"dateContained":"",
		"dateICUOverCapacity":"Wed 1 Jul 2020 22:24:03",
		"dateHospitalsOverCapacity":"Mon 13 Jul 2020 12:12:14"
	}
}