{
	"distancingLevel":0.8447619047619046,
	"id":"scenario7",
	"distancingDays":60,
	"maintain":true,
	"name":"Open Gradual May 28",
	"gradual":true,
	"events":{
		"herd":{
			"eventName":"herd",
			"day":2.3023542071243816e2,
			"thresholdCrossed":0.7000000000006888
		},
		"icu":{
			"eventName":"icu",
			"day":1.8449713482970955e2,
			"thresholdCrossed":1.5432783976186346e-4
		},
		"hospital":{
			"eventName":"hospital",
			"day":2.101781588787984e2,
			"thresholdCrossed":1.8295628880128502e-3
		}
	},
	"summary":{
		"totalProjectedDeaths":2.0696333724048407e4,
		"totalProjectedPCRConfirmed":3.495996802374858e5,
		"totalProjectedInfected":2.161928524367647e6,
		"totalInfectedFraction":0.5548740377269449,
		"fatalityRate":9.573088791222633e-3,
		"fatalityRateSymptomatic":1.3675841130318049e-2,
		"fatalityRatePCR":5.920009340394484e-2,
		"fractionOfSymptomaticHospitalized":5.8683828722474275e-2,
		"fractionOfSymptomaticHospitalizedOrICU":8.176769797828791e-2,
		"fractionOfPCRHospitalized":0.1954815183588041,
		"fractionOfPCRHospitalizedOrICU":0.27237612305582853,
		"fractionHospitalizedInICU":0.28231037226880445,
		"fractionOfDeathInICU":0.7415721288409377,
		"fractionDeathOfHospitalizedOrICU":0.1705775930672011,
		"fractionOfInfectionsPCRConfirmed":0.1617073257959543,
		"fractionOfDeathsReported":0.7697318608241523,
		"fractionOfHospitalizationsReported":0.7695182390225844,
		"dateContained":"",
		"dateICUOverCapacity":"Thu 2 Jul 2020 11:55:52",
		"dateHospitalsOverCapacity":"Tue 28 Jul 2020 04:16:32"
	},
	"summaryAug1":{
		"totalProjectedDeaths":4.799795785486275e3,
		"totalProjectedPCRConfirmed":1.4961947466354302e5,
		"totalProjectedInfected":1.180016287862053e6,
		"totalInfectedFraction":0.3028594122560515,
		"fatalityRate":4.067567401279282e-3,
		"fatalityRateSymptomatic":5.8108105732561175e-3,
		"fatalityRatePCR":3.2080020306713565e-2,
		"fractionOfSymptomaticHospitalized":3.640065258962259e-2,
		"fractionOfSymptomaticHospitalizedOrICU":5.071921229333432e-2,
		"fractionOfPCRHospitalized":0.15450824775832261,
		"fractionOfPCRHospitalizedOrICU":0.21528560785637038,
		"fractionHospitalizedInICU":0.28231037226880423,
		"fractionOfDeathInICU":0.7133484594316442,
		"fractionDeathOfHospitalizedOrICU":0.17057759306720102,
		"fractionOfInfectionsPCRConfirmed":0.12679441479119136,
		"fractionOfDeathsReported":0.7693154335865795,
		"fractionOfHospitalizationsReported":0.7688552445863892,
		"dateContained":"",
		"dateICUOverCapacity":"Thu 2 Jul 2020 11:55:52",
		"dateHospitalsOverCapacity":"Tue 28 Jul 2020 04:16:32"
	}
}