{
	"distancingLevel":0.8366666666666666,
	"id":"scenario7",
	"distancingDays":60,
	"maintain":true,
	"name":"Open Gradual May 10",
	"gradual":true,
	"events":{
		"herd":{
			"eventName":"herd",
			"day":1.9143184704339916e2,
			"thresholdCrossed":0.7000000000000284
		},
		"icu":{
			"eventName":"icu",
			"day":1.4846897848766307e2,
			"thresholdCrossed":1.5432783976186332e-4
		},
		"hospital":{
			"eventName":"hospital",
			"day":1.738391048291741e2,
			"thresholdCrossed":1.82956288801285e-3
		}
	},
	"summary":{
		"totalProjectedDeaths":2.5001175301267158e4,
		"totalProjectedPCRConfirmed":4.160673046154288e5,
		"totalProjectedInfected":2.6116100927166594e6,
		"totalInfectedFraction":0.6702879492919371,
		"fatalityRate":9.57308878955217e-3,
		"fatalityRateSymptomatic":1.3675841127931675e-2,
		"fatalityRatePCR":6.008925725220286e-2,
		"fractionOfSymptomaticHospitalized":5.868382871890516e-2,
		"fractionOfSymptomaticHospitalizedOrICU":8.176769797331479e-2,
		"fractionOfPCRHospitalized":0.1984042138473179,
		"fractionOfPCRHospitalizedOrICU":0.27644848996149696,
		"fractionHospitalizedInICU":0.28231037226880407,
		"fractionOfDeathInICU":0.7415742174692616,
		"fractionDeathOfHospitalizedOrICU":0.17057759306720102,
		"fractionOfInfectionsPCRConfirmed":0.159314480280104,
		"fractionOfDeathsReported":0.7697122566910488,
		"fractionOfHospitalizationsReported":0.769466402889121,
		"dateContained":"",
		"dateICUOverCapacity":"Wed 27 May 2020 11:15:19",
		"dateHospitalsOverCapacity":"Sun 21 Jun 2020 20:08:18"
	},
	"summaryAug1":{
		"totalProjectedDeaths":1.763042186416857e4,
		"totalProjectedPCRConfirmed":3.680991131953684e5,
		"totalProjectedInfected":2.442318324848609e6,
		"totalInfectedFraction":0.626838036063028,
		"fatalityRate":7.218723982370898e-3,
		"fatalityRateSymptomatic":1.0312462831958424e-2,
		"fatalityRatePCR":4.789585530680492e-2,
		"fractionOfSymptomaticHospitalized":5.181646138911543e-2,
		"fractionOfSymptomaticHospitalizedOrICU":7.219898321913999e-2,
		"fractionOfPCRHospitalized":0.18515965047941987,
		"fractionOfPCRHospitalizedOrICU":0.2579940455106728,
		"fractionHospitalizedInICU":0.28231037226880423,
		"fractionOfDeathInICU":0.7289691660709675,
		"fractionDeathOfHospitalizedOrICU":0.17057759306720102,
		"fractionOfInfectionsPCRConfirmed":0.1507170909910712,
		"fractionOfDeathsReported":0.7696514943538073,
		"fractionOfHospitalizationsReported":0.7693838472244859,
		"dateContained":"",
		"dateICUOverCapacity":"Wed 27 May 2020 11:15:19",
		"dateHospitalsOverCapacity":"Sun 21 Jun 2020 20:08:18"
	}
}