{
	"distancingLevel":0.8509523809523809,
	"id":"scenario7",
	"distancingDays":60,
	"maintain":true,
	"name":"Open Gradual June 02",
	"gradual":true,
	"events":{
		"herd":{
			"eventName":"herd",
			"day":2.3058966801214888e2,
			"thresholdCrossed":0.7000000000000002
		},
		"icu":{
			"eventName":"icu",
			"day":1.8348600916093258e2,
			"thresholdCrossed":1.543278397618633e-4
		},
		"hospital":{
			"eventName":"hospital",
			"day":2.1138218100701343e2,
			"thresholdCrossed":1.829562888012862e-3
		}
	},
	"summary":{
		"totalProjectedDeaths":2.1078058869077293e4,
		"totalProjectedPCRConfirmed":3.560961315395539e5,
		"totalProjectedInfected":2.2018033399383416e6,
		"totalInfectedFraction":0.5651081873160486,
		"fatalityRate":9.573088788968571e-3,
		"fatalityRateSymptomatic":1.367584112709796e-2,
		"fatalityRatePCR":5.919204675981159e-2,
		"fractionOfSymptomaticHospitalized":5.868382871766197e-2,
		"fractionOfSymptomaticHospitalizedOrICU":8.17676979715826e-2,
		"fractionOfPCRHospitalized":0.1954316773287676,
		"fractionOfPCRHospitalizedOrICU":0.2723066765595849,
		"fractionHospitalizedInICU":0.2823103722688042,
		"fractionOfDeathInICU":0.7415759275086665,
		"fractionDeathOfHospitalizedOrICU":0.17057759306720105,
		"fractionOfInfectionsPCRConfirmed":0.1617293084629102,
		"fractionOfDeathsReported":0.7696970995144303,
		"fractionOfHospitalizationsReported":0.7694266209957836,
		"dateContained":"",
		"dateICUOverCapacity":"Wed 1 Jul 2020 11:39:51",
		"dateHospitalsOverCapacity":"Wed 29 Jul 2020 09:10:20"
	},
	"summaryAug1":{
		"totalProjectedDeaths":4.7099304571342755e3,
		"totalProjectedPCRConfirmed":1.4530622133056034e5,
		"totalProjectedInfected":1.1530291757025735e6,
		"totalInfectedFraction":0.2959329816540499,
		"fatalityRate":4.084831985508415e-3,
		"fatalityRateSymptomatic":5.835474265012022e-3,
		"fatalityRatePCR":3.241382518935339e-2,
		"fractionOfSymptomaticHospitalized":3.621462463440806e-2,
		"fractionOfSymptomaticHospitalizedOrICU":5.046000838676176e-2,
		"fractionOfPCRHospitalized":0.1545950372873771,
		"fractionOfPCRHospitalizedOrICU":0.21540653691219208,
		"fractionHospitalizedInICU":0.2823103722688044,
		"fractionOfDeathInICU":0.7143071151004302,
		"fractionDeathOfHospitalizedOrICU":0.1705775930672011,
		"fractionOfInfectionsPCRConfirmed":0.12602128757238176,
		"fractionOfDeathsReported":0.7691393334999763,
		"fractionOfHospitalizationsReported":0.768523996981565,
		"dateContained":"",
		"dateICUOverCapacity":"Wed 1 Jul 2020 11:39:51",
		"dateHospitalsOverCapacity":"Wed 29 Jul 2020 09:10:20"
	}
}