{
	"distancingLevel":0.5766666666666668,
	"id":"scenario7",
	"distancingDays":60,
	"maintain":true,
	"postDistancingLevel":1,
	"name":"Open Gradual May 1",
	"gradual":true,
	"events":{
		"herd":{
			"eventName":"herd",
			"day":2.0799725269471412e2,
			"thresholdCrossed":0.7000000000000002
		},
		"icu":{
			"eventName":"icu",
			"day":1.7825460572743324e2,
			"thresholdCrossed":1.8546402570593064e-4
		},
		"hospital":{
			"eventName":"hospital",
			"day":1.841212000455478e2,
			"thresholdCrossed":1.0967057000421593e-3
		}
	},
	"summary":{
		"totalProjectedDeaths":5.500762299865147e4,
		"totalProjectedPCRConfirmed":1.238659415306042e6,
		"totalProjectedInfected":4.2139132035135655e6,
		"totalInfectedFraction":0.6187880496429142,
		"fatalityRate":1.3053810162199368e-2,
		"fatalityRateSymptomatic":1.8648300231713384e-2,
		"fatalityRatePCR":4.4408997597665256e-2,
		"fractionOfSymptomaticHospitalized":7.457383846331639e-2,
		"fractionOfSymptomaticHospitalizedOrICU":0.10531945893316247,
		"fractionOfPCRHospitalized":0.1389198744526735,
		"fractionOfPCRHospitalizedOrICU":0.19619435332694518,
		"fractionHospitalizedInICU":0.29192725429170485,
		"fractionOfDeathInICU":0.7669931084041111,
		"fractionDeathOfHospitalizedOrICU":0.17298181357292622,
		"fractionOfInfectionsPCRConfirmed":0.2939451658076978,
		"fractionOfDeathsReported":0.7823618253817771,
		"fractionOfHospitalizationsReported":0.782251071486929,
		"dateContained":"",
		"dateICUOverCapacity":"Fri 26 Jun 2020 06:06:37",
		"dateHospitalsOverCapacity":"Thu 2 Jul 2020 02:54:31"
	},
	"summaryAug1":{
		"totalProjectedDeaths":2.4989939967412127e4,
		"totalProjectedPCRConfirmed":9.694279631805405e5,
		"totalProjectedInfected":3.6619688066326487e6,
		"totalInfectedFraction":0.5377383031572716,
		"fatalityRate":6.824181550140385e-3,
		"fatalityRateSymptomatic":9.748830785914838e-3,
		"fatalityRatePCR":2.5778026750357057e-2,
		"fractionOfSymptomaticHospitalized":5.622569326017162e-2,
		"fractionOfSymptomaticHospitalizedOrICU":7.940666209928508e-2,
		"fractionOfPCRHospitalized":0.11628632747693508,
		"fractionOfPCRHospitalizedOrICU":0.16422935098372157,
		"fractionHospitalizedInICU":0.29192725429170463,
		"fractionOfDeathInICU":0.7262003043755771,
		"fractionDeathOfHospitalizedOrICU":0.17298181357292614,
		"fractionOfInfectionsPCRConfirmed":0.26472862396443364,
		"fractionOfDeathsReported":0.7822914884052101,
		"fractionOfHospitalizationsReported":0.7821619739471648,
		"dateContained":"",
		"dateICUOverCapacity":"Fri 26 Jun 2020 06:06:37",
		"dateHospitalsOverCapacity":"Thu 2 Jul 2020 02:54:31"
	}
}