{
	"distancingLevel":0.631904761904762,
	"id":"scenario7",
	"distancingDays":60,
	"maintain":true,
	"name":"Open Gradual May 1",
	"gradual":true,
	"events":{
		"herd":{
			"eventName":"herd",
			"day":1.954001742462436e2,
			"thresholdCrossed":0.6999999999999998
		},
		"icu":{
			"eventName":"icu",
			"day":1.6265286767578175e2,
			"thresholdCrossed":1.2982481799415148e-4
		},
		"hospital":{
			"eventName":"hospital",
			"day":1.764683102196161e2,
			"thresholdCrossed":1.0967057000421541e-3
		}
	},
	"summary":{
		"totalProjectedDeaths":5.518222021076299e4,
		"totalProjectedPCRConfirmed":8.680183332378932e5,
		"totalProjectedInfected":5.217705521591495e6,
		"totalInfectedFraction":0.7661889714825191,
		"fatalityRate":1.057595527045601e-2,
		"fatalityRateSymptomatic":1.510850752922287e-2,
		"fatalityRatePCR":6.35726436847498e-2,
		"fractionOfSymptomaticHospitalized":6.056299608540373e-2,
		"fractionOfSymptomaticHospitalizedOrICU":8.543278686547494e-2,
		"fractionOfPCRHospitalized":0.19936276224179325,
		"fractionOfPCRHospitalizedOrICU":0.2812297520997378,
		"fractionHospitalizedInICU":0.2911035878910509,
		"fractionOfDeathInICU":0.7657639794358245,
		"fractionDeathOfHospitalizedOrICU":0.17277589697276272,
		"fractionOfInfectionsPCRConfirmed":0.16636016150124391,
		"fractionOfDeathsReported":0.7823907603475786,
		"fractionOfHospitalizationsReported":0.7823263960698118,
		"dateContained":"",
		"dateICUOverCapacity":"Wed 10 Jun 2020 15:40:07",
		"dateHospitalsOverCapacity":"Wed 24 Jun 2020 11:14:22"
	},
	"summaryAug1":{
		"totalProjectedDeaths":3.45595567803861e4,
		"totalProjectedPCRConfirmed":7.67433310469605e5,
		"totalProjectedInfected":4.947673631464545e6,
		"totalInfectedFraction":0.7265363971262834,
		"fatalityRate":6.985011412354665e-3,
		"fatalityRateSymptomatic":9.978587731935237e-3,
		"fatalityRatePCR":4.503265144855198e-2,
		"fractionOfSymptomaticHospitalized":5.100576278380645e-2,
		"fractionOfSymptomaticHospitalizedOrICU":7.1950939393339e-2,
		"fractionOfPCRHospitalized":0.18007462180071976,
		"fractionOfPCRHospitalizedOrICU":0.25402106531334007,
		"fractionHospitalizedInICU":0.2911035878910512,
		"fractionOfDeathInICU":0.7467266852939463,
		"fractionDeathOfHospitalizedOrICU":0.1727758969727628,
		"fractionOfInfectionsPCRConfirmed":0.15510992996569975,
		"fractionOfDeathsReported":0.78237308461271,
		"fractionOfHospitalizationsReported":0.782302694879503,
		"dateContained":"",
		"dateICUOverCapacity":"Wed 10 Jun 2020 15:40:07",
		"dateHospitalsOverCapacity":"Wed 24 Jun 2020 11:14:22"
	}
}