{
	"distancingLevel":0.6142857142857142,
	"id":"scenario5",
	"distancingDays":606,
	"maintain":true,
	"name":"Current Indefinite",
	"gradual":false,
	"events":{},
	"summary":{
		"totalProjectedDeaths":3.633692936558235e4,
		"totalProjectedPCRConfirmed":7.495678760986318e5,
		"totalProjectedInfected":4.981130583699896e6,
		"totalInfectedFraction":0.18166305867858,
		"fatalityRate":7.294916034622791e-3,
		"fatalityRateSymptomatic":1.0421308620889703e-2,
		"fatalityRatePCR":4.847717001255396e-2,
		"fractionOfSymptomaticHospitalized":5.322431481166494e-2,
		"fractionOfSymptomaticHospitalizedOrICU":7.204153420764771e-2,
		"fractionOfPCRHospitalized":0.18166081439044948,
		"fractionOfPCRHospitalizedOrICU":0.24588618604875798,
		"fractionHospitalizedInICU":0.26119959274805665,
		"fractionOfDeathInICU":0.6667532080965269,
		"fractionDeathOfHospitalizedOrICU":0.16529989818701418,
		"fractionOfInfectionsPCRConfirmed":0.15048147473818405,
		"fractionOfDeathsReported":0.7338807192403564,
		"fractionOfHospitalizationsReported":0.733729830820618,
		"dateContained":"Thu 27 May 2021 19:07:47",
		"dateICUOverCapacity":"",
		"dateHospitalsOverCapacity":""
	},
	"summaryAug1":{
		"totalProjectedDeaths":1.2011130237487849e4,
		"totalProjectedPCRConfirmed":3.183162827258625e5,
		"totalProjectedInfected":2.353137229468422e6,
		"totalInfectedFraction":8.581949407119335e-2,
		"fatalityRate":5.104305047352119e-3,
		"fatalityRateSymptomatic":7.291864353360171e-3,
		"fatalityRatePCR":3.7733320251895394e-2,
		"fractionOfSymptomaticHospitalized":4.361922871704203e-2,
		"fractionOfSymptomaticHospitalizedOrICU":5.904061271337004e-2,
		"fractionOfPCRHospitalized":0.16553818233749404,
		"fractionOfPCRHospitalizedOrICU":0.22406346925718845,
		"fractionHospitalizedInICU":0.2611995927480571,
		"fractionOfDeathInICU":0.6541730981809347,
		"fractionDeathOfHospitalizedOrICU":0.1652998981870143,
		"fractionOfInfectionsPCRConfirmed":0.13527314885828853,
		"fractionOfDeathsReported":0.7337488696653136,
		"fractionOfHospitalizationsReported":0.7333879326586812,
		"dateContained":"Thu 27 May 2021 19:07:47",
		"dateICUOverCapacity":"",
		"dateHospitalsOverCapacity":""
	}
}