{
	"distancingLevel":0.5528571428571428,
	"id":"scenario5",
	"distancingDays":620,
	"maintain":true,
	"name":"Current Indefinite",
	"events":{},
	"summary":{
		"totalProjectedDeaths":5.181969053119028e4,
		"totalProjectedPCRConfirmed":1.8318094673627764e6,
		"totalProjectedInfected":6.644951959125079e6,
		"totalInfectedFraction":0.24234303385201364,
		"fatalityRate":7.7983544275334726e-3,
		"fatalityRateSymptomatic":1.1140506325047816e-2,
		"fatalityRatePCR":2.8288799383592102e-2,
		"fractionOfSymptomaticHospitalized":6.554897977859413e-2,
		"fractionOfPCRHospitalized":0.21473329823366236,
		"fractionHospitalizedInICU":0.261969915056241,
		"fractionDeathOfHospitalized":9.722751517238377e-2,
		"fractionOfInfectionsPCRConfirmed":0.2756693319426143,
		"dateContained":"Sun 23 May 2021 00:00:00",
		"dateICUOverCapacity":"",
		"dateHospitalsOverCapacity":""
	},
	"summaryAug1":{
		"totalProjectedDeaths":1.3756658878656077e4,
		"totalProjectedPCRConfirmed":6.20084013670103e5,
		"totalProjectedInfected":2.615260715702161e6,
		"totalInfectedFraction":9.537920214560881e-2,
		"fatalityRate":5.26014817416114e-3,
		"fatalityRateSymptomatic":7.514497391658772e-3,
		"fatalityRatePCR":2.2185153262110853e-2,
		"fractionOfSymptomaticHospitalized":5.451959158775334e-2,
		"fractionOfPCRHospitalized":0.19740575957239087,
		"fractionHospitalizedInICU":0.26196991505624134,
		"fractionDeathOfHospitalized":8.294241557081673e-2,
		"fractionOfInfectionsPCRConfirmed":0.23710217874152523,
		"dateContained":"Sun 23 May 2021 00:00:00",
		"dateICUOverCapacity":"",
		"dateHospitalsOverCapacity":""
	}
}