{
	"distancingLevel":1,
	"id":"scenario4",
	"distancingDays":90,
	"maintain":false,
	"name":"Normal",
	"gradual":false,
	"events":{
		"herd":{
			"eventName":"herd",
			"day":1.4225109931459536e2,
			"thresholdCrossed":0.7000000000000003
		},
		"icu":{
			"eventName":"icu",
			"day":1.2116641674599485e2,
			"thresholdCrossed":2.0140765983881026e-4
		},
		"hospital":{
			"eventName":"hospital",
			"day":1.281900088709657e2,
			"thresholdCrossed":1.3066558979297877e-3
		}
	},
	"summary":{
		"totalProjectedDeaths":1.4533835371466825e5,
		"totalProjectedPCRConfirmed":2.966253028054959e6,
		"totalProjectedInfected":1.0877438663837183e7,
		"totalInfectedFraction":0.8461952361243957,
		"fatalityRate":1.336145008087758e-2,
		"fatalityRateSymptomatic":1.9087785829825118e-2,
		"fatalityRatePCR":4.899728793870629e-2,
		"fractionOfSymptomaticHospitalized":7.334721824632609e-2,
		"fractionOfSymptomaticHospitalizedOrICU":0.10154350292945673,
		"fractionOfPCRHospitalized":0.20307561532237442,
		"fractionOfPCRHospitalizedOrICU":0.28114235048609554,
		"fractionHospitalizedInICU":0.2776768958100536,
		"fractionOfDeathInICU":0.5773111622779669,
		"fractionDeathOfHospitalizedOrICU":0.17427928540111406,
		"fractionOfInfectionsPCRConfirmed":0.2726977480384677,
		"dateContained":"Mon 24 Aug 2020 00:00:00",
		"dateICUOverCapacity":"Thu 30 Apr 2020 03:59:38",
		"dateHospitalsOverCapacity":"Thu 7 May 2020 04:33:36"
	},
	"summaryAug1":{
		"totalProjectedDeaths":1.4352429740143265e5,
		"totalProjectedPCRConfirmed":2.9641381759132366e6,
		"totalProjectedInfected":1.0876303611203715e7,
		"totalInfectedFraction":0.8461069362809422,
		"fatalityRate":1.3196054701303833e-2,
		"fatalityRateSymptomatic":1.8851506716148336e-2,
		"fatalityRatePCR":4.8420245239482976e-2,
		"fractionOfSymptomaticHospitalized":7.322978808739186e-2,
		"fractionOfSymptomaticHospitalizedOrICU":0.10138093003340358,
		"fractionOfPCRHospitalized":0.20282079856660282,
		"fractionOfPCRHospitalizedOrICU":0.2807895765622191,
		"fractionHospitalizedInICU":0.2776768958100535,
		"fractionOfDeathInICU":0.5783472416080976,
		"fractionDeathOfHospitalizedOrICU":0.17244317197349282,
		"fractionOfInfectionsPCRConfirmed":0.27253176096149695,
		"dateContained":"Mon 24 Aug 2020 00:00:00",
		"dateICUOverCapacity":"Thu 30 Apr 2020 03:59:38",
		"dateHospitalsOverCapacity":"Thu 7 May 2020 04:33:36"
	}
}