{
	"distancingLevel":1,
	"id":"scenario4",
	"distancingDays":90,
	"maintain":false,
	"name":"Normal",
	"gradual":false,
	"events":{},
	"summary":{
		"totalProjectedDeaths":1.2258165101818804e5,
		"totalProjectedPCRConfirmed":2.6338415726075284e6,
		"totalProjectedInfected":1.1356248354590697e7,
		"totalInfectedFraction":0.8834435711274533,
		"fatalityRate":1.0794203084563143e-2,
		"fatalityRateSymptomatic":1.5420290120804493e-2,
		"fatalityRatePCR":4.654101153731545e-2,
		"fractionOfSymptomaticHospitalized":7.334721824631912e-2,
		"fractionOfPCRHospitalized":0.24873975606419718,
		"fractionHospitalizedInICU":0.27767689581005317,
		"fractionDeathOfHospitalized":0.13515188909768586,
		"fractionOfInfectionsPCRConfirmed":0.23192884572155498,
		"dateContained":"Sat 8 Aug 2020 00:00:00",
		"dateICUOverCapacity":"",
		"dateHospitalsOverCapacity":""
	},
	"summaryAug1":{
		"totalProjectedDeaths":1.2199359314053449e5,
		"totalProjectedPCRConfirmed":2.6334198937729737e6,
		"totalProjectedInfected":1.1355951785402548e7,
		"totalInfectedFraction":0.8834204999392858,
		"fatalityRate":1.0742700871392438e-2,
		"fatalityRateSymptomatic":1.5346715530560629e-2,
		"fatalityRatePCR":4.632515818271232e-2,
		"fractionOfSymptomaticHospitalized":7.332991039539496e-2,
		"fractionOfPCRHospitalized":0.248697083043491,
		"fractionHospitalizedInICU":0.277676895810053,
		"fractionDeathOfHospitalized":0.13454814849909377,
		"fractionOfInfectionsPCRConfirmed":0.23189776986884447,
		"dateContained":"Sat 8 Aug 2020 00:00:00",
		"dateICUOverCapacity":"",
		"dateHospitalsOverCapacity":""
	}
}