{
	"distancingLevel":0.2,
	"id":"scenario2",
	"distancingDays":90,
	"maintain":false,
	"name":"Italy",
	"gradual":false,
	"events":{
		"herd":{
			"eventName":"herd",
			"day":3.11097895039136e2,
			"thresholdCrossed":0.6999999999999992
		},
		"icu":{
			"eventName":"icu",
			"day":2.8908716956754864e2,
			"thresholdCrossed":1.2386602530038075e-4
		},
		"hospital":{
			"eventName":"hospital",
			"day":2.9480230291470235e2,
			"thresholdCrossed":1.0472207769623534e-3
		}
	},
	"summary":{
		"totalProjectedDeaths":2.0241171430958727e3,
		"totalProjectedPCRConfirmed":3.1797140004805842e4,
		"totalProjectedInfected":2.487964189920038e5,
		"totalInfectedFraction":4.5763919705238555e-2,
		"fatalityRate":8.135636161069212e-3,
		"fatalityRateSymptomatic":1.1622337372956017e-2,
		"fatalityRatePCR":6.365720762275935e-2,
		"fractionOfSymptomaticHospitalized":5.677006998636694e-2,
		"fractionOfSymptomaticHospitalizedOrICU":7.764626954667385e-2,
		"fractionOfPCRHospitalized":0.2405088120472352,
		"fractionOfPCRHospitalizedOrICU":0.3289517179220418,
		"fractionHospitalizedInICU":0.2688628788245654,
		"fractionOfDeathInICU":0.6690662861004065,
		"fractionDeathOfHospitalizedOrICU":0.16721571970614135,
		"fractionOfInfectionsPCRConfirmed":0.12780384916162232,
		"fractionOfDeathsReported":0.7762885100509964,
		"fractionOfHospitalizationsReported":0.7734949053337284,
		"dateContained":"Tue 16 Jun 2020 16:34:44",
		"dateICUOverCapacity":"Thu 15 Oct 2020 02:05:31",
		"dateHospitalsOverCapacity":"Tue 20 Oct 2020 19:15:18"
	},
	"summaryAug1":{
		"totalProjectedDeaths":2.0241171430958727e3,
		"totalProjectedPCRConfirmed":3.1797140004805842e4,
		"totalProjectedInfected":2.487964189920038e5,
		"totalInfectedFraction":4.5763919705238555e-2,
		"fatalityRate":8.135636161069212e-3,
		"fatalityRateSymptomatic":1.1622337372956017e-2,
		"fatalityRatePCR":6.365720762275935e-2,
		"fractionOfSymptomaticHospitalized":5.677006998636694e-2,
		"fractionOfSymptomaticHospitalizedOrICU":7.764626954667385e-2,
		"fractionOfPCRHospitalized":0.2405088120472352,
		"fractionOfPCRHospitalizedOrICU":0.3289517179220418,
		"fractionHospitalizedInICU":0.2688628788245654,
		"fractionOfDeathInICU":0.6690662861004065,
		"fractionDeathOfHospitalizedOrICU":0.16721571970614135,
		"fractionOfInfectionsPCRConfirmed":0.12780384916162232,
		"fractionOfDeathsReported":0.7762885100509964,
		"fractionOfHospitalizationsReported":0.7734949053337284,
		"dateContained":"Tue 16 Jun 2020 16:34:44",
		"dateICUOverCapacity":"Thu 15 Oct 2020 02:05:31",
		"dateHospitalsOverCapacity":"Tue 20 Oct 2020 19:15:18"
	}
}