{
	"distancingLevel":0.2,
	"id":"scenario2",
	"distancingDays":90,
	"maintain":false,
	"name":"Italy",
	"gradual":false,
	"events":{
		"herd":{
			"eventName":"herd",
			"day":2.9546575856334135e2,
			"thresholdCrossed":0.7000000000000013
		},
		"icu":{
			"eventName":"icu",
			"day":2.7906879294885067e2,
			"thresholdCrossed":1.2386602530032573e-4
		},
		"hospital":{
			"eventName":"hospital",
			"day":2.832931920926697e2,
			"thresholdCrossed":1.047220776962352e-3
		}
	},
	"summary":{
		"totalProjectedDeaths":2.123811086619747e3,
		"totalProjectedPCRConfirmed":2.6907287593375695e4,
		"totalProjectedInfected":2.6347010020889126e5,
		"totalInfectedFraction":4.846301469909169e-2,
		"fatalityRate":8.0609188098987e-3,
		"fatalityRateSymptomatic":1.1515598299855287e-2,
		"fatalityRatePCR":7.893070155248975e-2,
		"fractionOfSymptomaticHospitalized":5.664904172949711e-2,
		"fractionOfSymptomaticHospitalizedOrICU":7.748073526676306e-2,
		"fractionOfPCRHospitalized":0.2986849278200563,
		"fractionOfPCRHospitalizedOrICU":0.40852108198235987,
		"fractionHospitalizedInICU":0.2688628788245654,
		"fractionOfDeathInICU":0.6685941409144533,
		"fractionDeathOfHospitalizedOrICU":0.16721571970614135,
		"fractionOfInfectionsPCRConfirmed":0.1021265318988468,
		"fractionOfDeathsReported":0.7748345231861353,
		"fractionOfHospitalizationsReported":0.7692389813652147,
		"dateContained":"Wed 17 Jun 2020 19:17:42",
		"dateICUOverCapacity":"Mon 5 Oct 2020 01:39:03",
		"dateHospitalsOverCapacity":"Fri 9 Oct 2020 07:02:11"
	},
	"summaryAug1":{
		"totalProjectedDeaths":2.123811086619747e3,
		"totalProjectedPCRConfirmed":2.6907287593375695e4,
		"totalProjectedInfected":2.6347010020889126e5,
		"totalInfectedFraction":4.846301469909169e-2,
		"fatalityRate":8.0609188098987e-3,
		"fatalityRateSymptomatic":1.1515598299855287e-2,
		"fatalityRatePCR":7.893070155248975e-2,
		"fractionOfSymptomaticHospitalized":5.664904172949711e-2,
		"fractionOfSymptomaticHospitalizedOrICU":7.748073526676306e-2,
		"fractionOfPCRHospitalized":0.2986849278200563,
		"fractionOfPCRHospitalizedOrICU":0.40852108198235987,
		"fractionHospitalizedInICU":0.2688628788245654,
		"fractionOfDeathInICU":0.6685941409144533,
		"fractionDeathOfHospitalizedOrICU":0.16721571970614135,
		"fractionOfInfectionsPCRConfirmed":0.1021265318988468,
		"fractionOfDeathsReported":0.7748345231861353,
		"fractionOfHospitalizationsReported":0.7692389813652147,
		"dateContained":"Wed 17 Jun 2020 19:17:42",
		"dateICUOverCapacity":"Mon 5 Oct 2020 01:39:03",
		"dateHospitalsOverCapacity":"Fri 9 Oct 2020 07:02:11"
	}
}