{
	"distancingLevel":0.2,
	"id":"scenario2",
	"distancingDays":90,
	"maintain":false,
	"name":"Italy",
	"gradual":false,
	"events":{
		"herd":{
			"eventName":"herd",
			"day":3.110984449202877e2,
			"thresholdCrossed":0.6999999999999993
		},
		"icu":{
			"eventName":"icu",
			"day":2.891075152202158e2,
			"thresholdCrossed":1.238660253003811e-4
		},
		"hospital":{
			"eventName":"hospital",
			"day":2.9485573420812875e2,
			"thresholdCrossed":1.0472207769623525e-3
		}
	},
	"summary":{
		"totalProjectedDeaths":2.141658047977794e3,
		"totalProjectedPCRConfirmed":3.426283164629767e4,
		"totalProjectedInfected":2.623925664548722e5,
		"totalInfectedFraction":4.826481181338136e-2,
		"fatalityRate":8.16203780813329e-3,
		"fatalityRateSymptomatic":1.1660054011618987e-2,
		"fatalityRatePCR":6.25067440451675e-2,
		"fractionOfSymptomaticHospitalized":5.6818385930969544e-2,
		"fractionOfSymptomaticHospitalizedOrICU":7.771235283420401e-2,
		"fractionOfPCRHospitalized":0.23560912069765172,
		"fractionOfPCRHospitalizedOrICU":0.32225025084059145,
		"fractionHospitalizedInICU":0.26886287882456544,
		"fractionOfDeathInICU":0.6692841673498908,
		"fractionDeathOfHospitalizedOrICU":0.16721571970614135,
		"fractionOfInfectionsPCRConfirmed":0.13057851489169528,
		"fractionOfDeathsReported":0.776304973720486,
		"fractionOfHospitalizationsReported":0.7735295179430003,
		"dateContained":"Thu 18 Jun 2020 01:09:10",
		"dateICUOverCapacity":"Thu 15 Oct 2020 02:34:49",
		"dateHospitalsOverCapacity":"Tue 20 Oct 2020 20:32:15"
	},
	"summaryAug1":{
		"totalProjectedDeaths":2.141658047977794e3,
		"totalProjectedPCRConfirmed":3.426283164629767e4,
		"totalProjectedInfected":2.623925664548722e5,
		"totalInfectedFraction":4.826481181338136e-2,
		"fatalityRate":8.16203780813329e-3,
		"fatalityRateSymptomatic":1.1660054011618987e-2,
		"fatalityRatePCR":6.25067440451675e-2,
		"fractionOfSymptomaticHospitalized":5.6818385930969544e-2,
		"fractionOfSymptomaticHospitalizedOrICU":7.771235283420401e-2,
		"fractionOfPCRHospitalized":0.23560912069765172,
		"fractionOfPCRHospitalizedOrICU":0.32225025084059145,
		"fractionHospitalizedInICU":0.26886287882456544,
		"fractionOfDeathInICU":0.6692841673498908,
		"fractionDeathOfHospitalizedOrICU":0.16721571970614135,
		"fractionOfInfectionsPCRConfirmed":0.13057851489169528,
		"fractionOfDeathsReported":0.776304973720486,
		"fractionOfHospitalizationsReported":0.7735295179430003,
		"dateContained":"Thu 18 Jun 2020 01:09:10",
		"dateICUOverCapacity":"Thu 15 Oct 2020 02:34:49",
		"dateHospitalsOverCapacity":"Tue 20 Oct 2020 20:32:15"
	}
}