{
	"scenario1":{
		"Deaths":[
			7.029812664773758e4
		],
		"PCR Confirmed":[
			2.151329126220271e6
		],
		"Population Infected":[
			0.16735966197588856
		],
		"Fatality Rate":[
			3.267660247376759e-2
		],
		"Date Contained":"Not Contained",
		"Date ICU Over Capacity":"Thu 20 Feb 2020 15:42:10"
	},
	"scenario2":{
		"Deaths":[
			8.945049323312283e4
		],
		"PCR Confirmed":[
			2.6471393099286933e6
		],
		"Population Infected":[
			0.20593052672099255
		],
		"Fatality Rate":[
			3.379138109491199e-2
		],
		"Date Contained":"Not Contained",
		"Date ICU Over Capacity":"Sun 19 Apr 2020 23:58:42"
	},
	"scenario3":{
		"Deaths":[
			3.7987994796480585e1
		],
		"PCR Confirmed":[
			2.190357379410305e3
		],
		"Population Infected":[
			1.7039581073703574e-4
		],
		"Fatality Rate":[
			1.7343286147536267e-2
		],
		"Date Contained":"Mon 17 Feb 2020 07:54:58",
		"Date ICU Over Capacity":"ICU Under capacity"
	},
	"scenario4":{
		"Deaths":[
			9.33165962882201e4
		],
		"PCR Confirmed":[
			2.670522252215418e6
		],
		"Population Infected":[
			0.20774957024595211
		],
		"Fatality Rate":[
			3.494320117003568e-2
		],
		"Date Contained":"Not Contained",
		"Date ICU Over Capacity":"Thu 30 Jan 2020 06:33:10"
	}
}