{
	"distancingLevel":0.5376190476190476,
	"id":"scenario5",
	"distancingDays":615,
	"maintain":true,
	"name":"Current Indefinite",
	"gradual":false,
	"events":{
		"herd":{
			"eventName":"herd",
			"day":2.2067850430049006e2,
			"thresholdCrossed":0.6999999999999994
		},
		"icu":{
			"eventName":"icu",
			"day":1.3013697991182107e2,
			"thresholdCrossed":1.561089520953503e-4
		},
		"hospital":{
			"eventName":"hospital",
			"day":1.468483799460463e2,
			"thresholdCrossed":9.776012435602608e-4
		}
	},
	"summary":{
		"totalProjectedDeaths":3.720297167153301e4,
		"totalProjectedPCRConfirmed":1.0527938202781696e6,
		"totalProjectedInfected":3.428041117151283e6,
		"totalInfectedFraction":0.40976103104001593,
		"fatalityRate":1.085254534591138e-2,
		"fatalityRateSymptomatic":1.550363620844483e-2,
		"fatalityRatePCR":3.533737656410561e-2,
		"fractionOfSymptomaticHospitalized":7.317960271676897e-2,
		"fractionOfSymptomaticHospitalizedOrICU":0.1010271304647905,
		"fractionOfPCRHospitalized":0.21237138563498442,
		"fractionOfPCRHospitalizedOrICU":0.29318650125190493,
		"fractionHospitalizedInICU":0.2756440534330213,
		"fractionOfDeathInICU":0.6695915390768585,
		"fractionDeathOfHospitalizedOrICU":0.16096253763289703,
		"fractionOfInfectionsPCRConfirmed":0.307112366596421,
		"dateContained":"Tue 1 Dec 2020 00:00:00",
		"dateICUOverCapacity":"Sat 9 May 2020 03:17:15",
		"dateHospitalsOverCapacity":"Mon 25 May 2020 20:21:40"
	},
	"summaryAug1":{
		"totalProjectedDeaths":2.9741966940801565e4,
		"totalProjectedPCRConfirmed":9.369227208787854e5,
		"totalProjectedInfected":3.1734261010086415e6,
		"totalInfectedFraction":0.3793263577186005,
		"fatalityRate":9.372194591627131e-3,
		"fatalityRateSymptomatic":1.3388849416610187e-2,
		"fatalityRatePCR":3.1744311753807326e-2,
		"fractionOfSymptomaticHospitalized":6.877716152620454e-2,
		"fractionOfSymptomaticHospitalizedOrICU":9.494939863773853e-2,
		"fractionOfPCRHospitalized":0.2057108498425249,
		"fractionOfPCRHospitalizedOrICU":0.2839913868554173,
		"fractionHospitalizedInICU":0.27564405343302084,
		"fractionOfDeathInICU":0.6650318997094792,
		"fractionDeathOfHospitalizedOrICU":0.1609625376328969,
		"fractionOfInfectionsPCRConfirmed":0.2952401256739503,
		"dateContained":"Tue 1 Dec 2020 00:00:00",
		"dateICUOverCapacity":"Sat 9 May 2020 03:17:15",
		"dateHospitalsOverCapacity":"Mon 25 May 2020 20:21:40"
	}
}