{
	"distancingLevel":0.5376190476190476,
	"id":"scenario5",
	"distancingDays":613,
	"maintain":true,
	"name":"Current Indefinite",
	"gradual":false,
	"events":{
		"icu":{
			"eventName":"icu",
			"day":1.3310398393941855e2,
			"thresholdCrossed":1.561089520953503e-4
		},
		"hospital":{
			"eventName":"hospital",
			"day":1.5891237480048315e2,
			"thresholdCrossed":9.776012435604427e-4
		}
	},
	"summary":{
		"totalProjectedDeaths":2.5386490472789625e4,
		"totalProjectedPCRConfirmed":6.164971483785873e5,
		"totalProjectedInfected":2.3398846631377977e6,
		"totalInfectedFraction":0.2796913803877667,
		"fatalityRate":1.0849462314414339e-2,
		"fatalityRateSymptomatic":1.5499231877734769e-2,
		"fatalityRatePCR":4.11786016197433e-2,
		"fractionOfSymptomaticHospitalized":7.31710525076092e-2,
		"fractionOfSymptomaticHospitalizedOrICU":0.10101532658687622,
		"fractionOfPCRHospitalized":0.1545365713713782,
		"fractionOfPCRHospitalizedOrICU":0.21334341507623503,
		"fractionHospitalizedInICU":0.27564405343302134,
		"fractionOfDeathInICU":0.8421024214351323,
		"fractionDeathOfHospitalizedOrICU":0.16096253763289706,
		"fractionOfInfectionsPCRConfirmed":0.2634733062235048,
		"fractionOfDeathsReported":0.7950735414745257,
		"fractionOfHospitalizationsReported":0.7949330467308087,
		"dateContained":"Mon 11 Jan 2021 00:46:17",
		"dateICUOverCapacity":"Tue 12 May 2020 02:29:44",
		"dateHospitalsOverCapacity":"Sat 6 Jun 2020 21:53:49"
	},
	"summaryAug1":{
		"totalProjectedDeaths":1.920727840795656e4,
		"totalProjectedPCRConfirmed":5.212948971928033e5,
		"totalProjectedInfected":2.0752078208262972e6,
		"totalInfectedFraction":0.24805399562731142,
		"fatalityRate":9.255592724351187e-3,
		"fatalityRateSymptomatic":1.3222275320501697e-2,
		"fatalityRatePCR":3.68453221226385e-2,
		"fractionOfSymptomaticHospitalized":6.814359046423227e-2,
		"fractionOfSymptomaticHospitalizedOrICU":9.407473050672503e-2,
		"fractionOfPCRHospitalized":0.15094141793019453,
		"fractionOfPCRHospitalizedOrICU":0.20838017365021713,
		"fractionHospitalizedInICU":0.27564405343302106,
		"fractionOfDeathInICU":0.8362851753840986,
		"fractionDeathOfHospitalizedOrICU":0.16096253763289697,
		"fractionOfInfectionsPCRConfirmed":0.25120129750919906,
		"fractionOfDeathsReported":0.7950536306141186,
		"fractionOfHospitalizationsReported":0.794890398215078,
		"dateContained":"Mon 11 Jan 2021 00:46:17",
		"dateICUOverCapacity":"Tue 12 May 2020 02:29:44",
		"dateHospitalsOverCapacity":"Sat 6 Jun 2020 21:53:49"
	}
}