{
	"distancingLevel":0.48418043645714287,
	"id":"scenario5",
	"distancingDays":621,
	"maintain":true,
	"name":"Current Indefinite",
	"events":{
		"herd":{
			"eventName":"herd",
			"day":2.2978713289071413e2,
			"thresholdCrossed":0.7
		},
		"icu":{
			"eventName":"icu",
			"day":1.2826900161192896e2,
			"thresholdCrossed":1.5610895209535038e-4
		},
		"hospital":{
			"eventName":"hospital",
			"day":1.431049411284956e2,
			"thresholdCrossed":9.77601243560443e-4
		}
	},
	"summary":{
		"totalProjectedDeaths":3.556470811990058e4,
		"totalProjectedPCRConfirmed":1.0188814820730041e6,
		"totalProjectedInfected":3.43952073672223e6,
		"totalInfectedFraction":0.4111332143337937,
		"fatalityRate":1.034001852065959e-2,
		"fatalityRateSymptomatic":1.47714550295137e-2,
		"fatalityRatePCR":3.490563794283614e-2,
		"fractionOfSymptomaticHospitalized":7.317960272036843e-2,
		"fractionOfPCRHospitalized":0.23403272373935433,
		"fractionHospitalizedInICU":0.27564405343302084,
		"fractionDeathOfHospitalized":0.1080366284193941,
		"fractionOfInfectionsPCRConfirmed":0.2962277480100238,
		"dateContained":"Sun 20 Dec 2020 00:00:00",
		"dateICUOverCapacity":"Thu 7 May 2020 06:27:21",
		"dateHospitalsOverCapacity":"Fri 22 May 2020 02:31:06"
	},
	"summaryAug1":{
		"totalProjectedDeaths":2.5444095436325842e4,
		"totalProjectedPCRConfirmed":8.545270229855246e5,
		"totalProjectedInfected":3.047419025512735e6,
		"totalInfectedFraction":0.3642644645239101,
		"fatalityRate":8.349391804445015e-3,
		"fatalityRateSymptomatic":1.1927702577778594e-2,
		"fatalityRatePCR":2.9775647524205747e-2,
		"fractionOfSymptomaticHospitalized":6.748858640049409e-2,
		"fractionOfPCRHospitalized":0.22507292866160966,
		"fractionHospitalizedInICU":0.27564405343302106,
		"fractionDeathOfHospitalized":9.582746123798776e-2,
		"fractionOfInfectionsPCRConfirmed":0.280410083362838,
		"dateContained":"Sun 20 Dec 2020 00:00:00",
		"dateICUOverCapacity":"Thu 7 May 2020 06:27:21",
		"dateHospitalsOverCapacity":"Fri 22 May 2020 02:31:06"
	}
}