{
	"distancingLevel":0.5376190476190476,
	"id":"scenario5",
	"distancingDays":617,
	"maintain":true,
	"name":"Current Indefinite",
	"gradual":false,
	"events":{
		"icu":{
			"eventName":"icu",
			"day":1.4897150646503061e2,
			"thresholdCrossed":1.5610895209535028e-4
		},
		"hospital":{
			"eventName":"hospital",
			"day":1.7352687337458755e2,
			"thresholdCrossed":9.776012435604427e-4
		}
	},
	"summary":{
		"totalProjectedDeaths":3.2509698730724092e4,
		"totalProjectedPCRConfirmed":8.158621351057332e5,
		"totalProjectedInfected":2.5199038606031816e6,
		"totalInfectedFraction":0.3012094571667614,
		"fatalityRate":1.2901166286138528e-2,
		"fatalityRateSymptomatic":1.843023755162647e-2,
		"fatalityRatePCR":3.984704931368207e-2,
		"fractionOfSymptomaticHospitalized":7.317960208191333e-2,
		"fractionOfSymptomaticHospitalizedOrICU":0.10102712958834888,
		"fractionOfPCRHospitalized":0.19169788744705848,
		"fractionOfPCRHospitalizedOrICU":0.2646459773756171,
		"fractionHospitalizedInICU":0.27564405343302073,
		"fractionOfDeathInICU":0.5632310168861908,
		"fractionDeathOfHospitalizedOrICU":0.15056737196169956,
		"fractionOfInfectionsPCRConfirmed":0.32376716741504685,
		"dateContained":"Mon 22 Feb 2021 00:00:00",
		"dateICUOverCapacity":"Wed 27 May 2020 23:18:58",
		"dateHospitalsOverCapacity":"Sun 21 Jun 2020 12:38:41"
	},
	"summaryAug1":{
		"totalProjectedDeaths":1.4978511077751029e4,
		"totalProjectedPCRConfirmed":4.963404875180068e5,
		"totalProjectedInfected":1.7125560772200283e6,
		"totalInfectedFraction":0.20470546295508607,
		"fatalityRate":8.746289407390072e-3,
		"fatalityRateSymptomatic":1.2494699153414392e-2,
		"fatalityRatePCR":3.017789492179523e-2,
		"fractionOfSymptomaticHospitalized":6.0657192345346674e-2,
		"fractionOfSymptomaticHospitalizedOrICU":8.373948282308728e-2,
		"fractionOfPCRHospitalized":0.17288204448858746,
		"fractionOfPCRHospitalizedOrICU":0.2386700148013509,
		"fractionHospitalizedInICU":0.27564405343302095,
		"fractionOfDeathInICU":0.5649465201671307,
		"fractionDeathOfHospitalizedOrICU":0.12644192001627355,
		"fractionOfInfectionsPCRConfirmed":0.28982437078715134,
		"dateContained":"Mon 22 Feb 2021 00:00:00",
		"dateICUOverCapacity":"Wed 27 May 2020 23:18:58",
		"dateHospitalsOverCapacity":"Sun 21 Jun 2020 12:38:41"
	}
}