{
	"distancingLevel":0.6790476190476191,
	"id":"scenario6",
	"distancingDays":4,
	"maintain":true,
	"postDistancingLevel":1,
	"name":"Open May 1",
	"gradual":false,
	"events":{},
	"summary":{
		"totalProjectedDeaths":2.3756029161473733e4,
		"totalProjectedPCRConfirmed":6.709610800959001e5,
		"totalProjectedInfected":2.481542758399863e6,
		"totalInfectedFraction":0.6369052605696766,
		"fatalityRate":9.573088789649544e-3,
		"fatalityRateSymptomatic":1.3675841128070777e-2,
		"fatalityRatePCR":3.5405971920276356e-2,
		"fractionOfSymptomaticHospitalized":5.86838287190707e-2,
		"fractionOfSymptomaticHospitalizedOrICU":8.176769797354551e-2,
		"fractionOfPCRHospitalized":0.11692686405803394,
		"fractionOfPCRHospitalizedOrICU":0.16292121209508112,
		"fractionHospitalizedInICU":0.2823103722688045,
		"fractionOfDeathInICU":0.7415681983795088,
		"fractionDeathOfHospitalizedOrICU":0.17057759306720113,
		"fractionOfInfectionsPCRConfirmed":0.27038062424060194,
		"fractionOfDeathsReported":0.7697709890941307,
		"fractionOfHospitalizationsReported":0.7696147591638273,
		"dateContained":"",
		"dateICUOverCapacity":"",
		"dateHospitalsOverCapacity":""
	},
	"summaryAug1":{
		"totalProjectedDeaths":2.1515904029862046e4,
		"totalProjectedPCRConfirmed":6.582381255946523e5,
		"totalProjectedInfected":2.4578745436863205e6,
		"totalInfectedFraction":0.630830648150317,
		"fatalityRate":8.753865849309171e-3,
		"fatalityRateSymptomatic":1.2505522641870246e-2,
		"fatalityRatePCR":3.268711305718517e-2,
		"fractionOfSymptomaticHospitalized":5.690905159182656e-2,
		"fractionOfSymptomaticHospitalizedOrICU":7.929479456423376e-2,
		"fractionOfPCRHospitalized":0.1144784708560154,
		"fractionOfPCRHospitalizedOrICU":0.15950971901030775,
		"fractionHospitalizedInICU":0.2823103722688044,
		"fractionOfDeathInICU":0.7364076639766641,
		"fractionDeathOfHospitalizedOrICU":0.1705775930672011,
		"fractionOfInfectionsPCRConfirmed":0.26780786158736425,
		"fractionOfDeathsReported":0.7697619719524025,
		"fractionOfHospitalizationsReported":0.7696047746407083,
		"dateContained":"",
		"dateICUOverCapacity":"",
		"dateHospitalsOverCapacity":""
	}
}