{
	"distancingLevel":0.8509523809523809,
	"id":"scenario6",
	"distancingDays":14,
	"maintain":true,
	"name":"Open June 02",
	"gradual":false,
	"events":{
		"herd":{
			"eventName":"herd",
			"day":2.1617172371201144e2,
			"thresholdCrossed":0.6999999999999998
		},
		"icu":{
			"eventName":"icu",
			"day":1.7685990464020978e2,
			"thresholdCrossed":1.543278397618635e-4
		},
		"hospital":{
			"eventName":"hospital",
			"day":1.9660145261513105e2,
			"thresholdCrossed":1.8295628880128504e-3
		}
	},
	"summary":{
		"totalProjectedDeaths":2.147736887166434e4,
		"totalProjectedPCRConfirmed":3.627678499917889e5,
		"totalProjectedInfected":2.243515060162263e6,
		"totalInfectedFraction":0.5758137912989341,
		"fatalityRate":9.573088789567108e-3,
		"fatalityRateSymptomatic":1.3675841127953016e-2,
		"fatalityRatePCR":5.920416837421085e-2,
		"fractionOfSymptomaticHospitalized":5.868382871892796e-2,
		"fractionOfSymptomaticHospitalizedOrICU":8.176769797334663e-2,
		"fractionOfPCRHospitalized":0.1954737343303358,
		"fractionOfPCRHospitalizedOrICU":0.2723652771021358,
		"fractionHospitalizedInICU":0.28231037226880445,
		"fractionOfDeathInICU":0.7415755973031504,
		"fractionDeathOfHospitalizedOrICU":0.1705775930672011,
		"fractionOfInfectionsPCRConfirmed":0.16169619559654375,
		"fractionOfDeathsReported":0.7697000834994082,
		"fractionOfHospitalizationsReported":0.7694346337521317,
		"dateContained":"",
		"dateICUOverCapacity":"Wed 24 Jun 2020 20:38:15",
		"dateHospitalsOverCapacity":"Tue 14 Jul 2020 14:26:05"
	},
	"summaryAug1":{
		"totalProjectedDeaths":8.277181544253446e3,
		"totalProjectedPCRConfirmed":2.3541953510666877e5,
		"totalProjectedInfected":1.7052886739564007e6,
		"totalInfectedFraction":0.43767423452862786,
		"fatalityRate":4.853830128977371e-3,
		"fatalityRateSymptomatic":6.934043041396245e-3,
		"fatalityRatePCR":3.515928081543042e-2,
		"fractionOfSymptomaticHospitalized":4.173903403897396e-2,
		"fractionOfSymptomaticHospitalizedOrICU":5.815749932310147e-2,
		"fractionOfPCRHospitalized":0.16276636656704854,
		"fractionOfPCRHospitalizedOrICU":0.22679214005306939,
		"fractionHospitalizedInICU":0.28231037226880434,
		"fractionOfDeathInICU":0.715181877305159,
		"fractionDeathOfHospitalizedOrICU":0.1705775930672011,
		"fractionOfInfectionsPCRConfirmed":0.13805259995099678,
		"fractionOfDeathsReported":0.7694488863710075,
		"fractionOfHospitalizationsReported":0.7690752315986009,
		"dateContained":"",
		"dateICUOverCapacity":"Wed 24 Jun 2020 20:38:15",
		"dateHospitalsOverCapacity":"Tue 14 Jul 2020 14:26:05"
	}
}